SalesDate,Category,SoldQty,SpecialEventName,TempLag1,HDD,DaylightHours,TempDeviation,TempRange,TemperatureMeanC,WindSpeedMaxKmh,IsSnowDay,FeelsLikeDiffC,SunshineHours,CloudCoverMeanPct,CDD,WeekendXBadWeather,PrecipitationMm,DaylightHours_x_TempLag1,day_of_week,day_of_month,day_of_year,is_month_start,is_month_end,week_of_year,month_of_year,year,is_weekend,week_of_month,day_of_week_sin,day_of_week_cos,week_of_month_sin,week_of_month_cos,lag_7,lag_14,lag_21,lag_28,lag_90,lag_365,rolling_mean_7,rolling_mean_14,rolling_mean_21,rolling_std_7,rolling_min_7,rolling_max_7,ewm_mean_7,same_dow_mean_4w,same_dow_std_4w,dow_momentum,is_special_event
2025-01-29,Bagels,47.0,Regular Day,2.6,12.6,10.116666666666667,5.833333333333334,12.7,5.4,31.6,0.0,-6.6,9.779722222222222,18.0,0.0,0.0,0.0,26.303333333333335,4,29,29,0,0,5,1,2025,0,5,-0.433883739117558,-0.9009688679024191,-2.4492935982947064e-16,1.0,71.0,41.0,57.0,53.0,,,52.0,52.36,51.48,10.97,39.0,71.0,51.45,55.5,12.36931687685298,1.0181818180892563,0
2025-01-29,Croissants,16.0,Regular Day,2.6,12.6,10.116666666666667,5.833333333333334,12.7,5.4,31.6,0.0,-6.6,9.779722222222222,18.0,0.0,0.0,0.0,26.303333333333335,4,29,29,0,0,5,1,2025,0,5,-0.433883739117558,-0.9009688679024191,-2.4492935982947064e-16,1.0,23.0,19.0,33.0,46.0,,,30.43,27.86,29.52,5.56,23.0,39.0,30.29,30.25,12.0381338531629,0.5316455695529563,0
2025-01-30,Bagels,40.0,Regular Day,5.4,16.2,10.15,4.366666666666666,10.2,1.8,24.1,0.0,-4.3,9.794166666666667,27.0,0.0,0.0,0.0,54.81,5,30,30,0,0,5,1,2025,0,5,-0.9749279121818236,-0.2225209339563146,-2.4492935982947064e-16,1.0,45.0,60.0,46.0,40.0,,,54.14,52.21,52.05,14.05,39.0,76.0,57.58,47.75,8.578072821638514,1.220930232416171,0
2025-01-30,Croissants,21.0,Regular Day,5.4,16.2,10.15,4.366666666666666,10.2,1.8,24.1,0.0,-4.3,9.794166666666667,27.0,0.0,0.0,0.0,54.81,5,30,30,0,0,5,1,2025,0,5,-0.9749279121818236,-0.2225209339563146,-2.4492935982947064e-16,1.0,26.0,27.0,41.0,30.0,,,32.14,29.0,30.1,8.59,23.0,48.0,34.72,31.0,6.879922480183431,0.7464788731342988,0
2025-01-31,Bagels,48.0,Regular Day,1.8,12.5,10.183333333333334,6.233333333333333,8.7,5.5,19.5,0.0,-2.799999999999999,0.0,100.0,0.0,0.0,5.5,18.330000000000002,6,31,31,0,1,5,1,2025,0,5,-0.7818314824680299,0.6234898018587334,-2.4492935982947064e-16,1.0,49.0,54.0,62.0,93.0,,,55.0,53.07,52.43,13.58,39.0,76.0,55.94,64.5,19.739976359323904,0.6645161289893861,0
2025-01-31,Croissants,32.0,Regular Day,1.8,12.5,10.183333333333334,6.233333333333333,8.7,5.5,19.5,0.0,-2.799999999999999,0.0,100.0,0.0,0.0,5.5,18.330000000000002,6,31,31,0,1,5,1,2025,0,5,-0.7818314824680299,0.6234898018587334,-2.4492935982947064e-16,1.0,39.0,29.0,33.0,47.0,,,32.0,28.79,30.14,8.68,23.0,48.0,32.79,37.0,7.831560082980487,0.8499999998937501,0
2025-02-01,Bagels,59.0,Regular Day,5.5,12.0,10.216666666666667,6.0,13.3,6.0,26.2,0.0,-2.4000000000000004,9.825,56.0,0.0,1.0,15.6,56.19166666666667,7,1,32,1,0,5,2,2025,1,1,-2.4492935982947064e-16,1.0,0.9510565162951535,0.30901699437494745,76.0,61.0,78.0,64.0,,,53.14,53.07,52.71,14.59,39.0,76.0,52.2,69.75,8.5,0.9647887323264233,0
2025-02-01,Croissants,40.0,Regular Day,5.5,12.0,10.216666666666667,6.0,13.3,6.0,26.2,0.0,-2.4000000000000004,9.825,56.0,0.0,1.0,15.6,56.19166666666667,7,1,32,1,0,5,2,2025,1,1,-2.4492935982947064e-16,1.0,0.9510565162951535,0.30901699437494745,48.0,36.0,32.0,36.0,,,31.43,29.43,30.14,8.89,23.0,48.0,31.34,38.0,6.928203230275509,1.235294117465398,0
2025-02-02,Bagels,56.0,Regular Day,6.0,19.8,10.25,-0.7000000000000002,11.100000000000001,-1.8,16.2,0.0,-5.1000000000000005,5.229722222222223,53.0,0.0,0.0,0.0,61.5,1,2,33,0,0,5,2,2025,1,1,0.7818314824680298,0.6234898018587336,0.9510565162951535,0.30901699437494745,51.0,45.0,39.0,43.0,,,53.57,52.07,52.76,14.14,41.0,76.0,49.65,44.5,5.0,1.170731707174301,0
2025-02-02,Croissants,40.0,Regular Day,6.0,19.8,10.25,-0.7000000000000002,11.100000000000001,-1.8,16.2,0.0,-5.1000000000000005,5.229722222222223,53.0,0.0,0.0,0.0,61.5,1,2,33,0,0,5,2,2025,1,1,0.7818314824680298,0.6234898018587336,0.9510565162951535,0.30901699437494745,27.0,28.0,30.0,26.0,,,29.86,29.21,29.43,10.07,19.0,48.0,28.26,27.75,1.707825127659933,0.9821428569674745,0
2025-02-03,Bagels,47.0,Regular Day,-1.8,14.1,10.3,2.8666666666666663,12.1,3.9,13.8,0.0,-3.1999999999999993,9.858055555555556,87.0,0.0,0.0,0.0,-18.540000000000003,2,3,34,0,0,6,2,2025,0,1,0.9749279121818236,-0.22252093395631434,0.9510565162951535,0.30901699437494745,41.0,54.0,41.0,35.0,,,50.14,52.5,52.29,11.95,41.0,76.0,48.99,42.75,8.0156097709407,1.2499999998355265,0
2025-02-03,Croissants,15.0,Regular Day,-1.8,14.1,10.3,2.8666666666666663,12.1,3.9,13.8,0.0,-3.1999999999999993,9.858055555555556,87.0,0.0,0.0,0.0,-18.540000000000003,2,3,34,0,0,6,2,2025,0,1,0.9749279121818236,-0.22252093395631434,0.9510565162951535,0.30901699437494745,27.0,31.0,18.0,27.0,,,28.86,29.0,28.62,11.16,16.0,48.0,25.19,25.75,5.5,1.2888888886024692,0
2025-02-04,Bagels,50.0,Regular Day,3.9,10.9,10.333333333333334,4.666666666666666,7.2,7.1,24.2,0.0,-4.4,8.495277777777778,54.0,0.0,0.0,0.0,40.300000000000004,3,4,35,0,0,6,2,2025,0,1,0.43388373911755823,-0.900968867902419,0.9510565162951535,0.30901699437494745,42.0,39.0,56.0,41.0,,,49.43,51.07,52.0,12.45,40.0,76.0,46.74,44.5,7.767453465154029,0.8350515463056648,0
2025-02-04,Croissants,16.0,Regular Day,3.9,10.9,10.333333333333334,4.666666666666666,7.2,7.1,24.2,0.0,-4.4,8.495277777777778,54.0,0.0,0.0,0.0,40.300000000000004,3,4,35,0,0,6,2,2025,0,1,0.43388373911755823,-0.900968867902419,0.9510565162951535,0.30901699437494745,19.0,30.0,22.0,34.0,,,28.14,28.57,27.67,11.52,16.0,48.0,24.14,26.25,6.946221994724902,0.87499999984375,0
2025-02-05,Croissants,49.0,Regular Day,7.1,18.3,10.366666666666667,1.0,4.4,-0.3,14.9,0.0,-3.9,1.023611111111111,79.0,0.0,0.0,0.0,73.60333333333334,4,5,36,0,0,6,2,2025,0,1,-0.433883739117558,-0.9009688679024191,0.9510565162951535,0.30901699437494745,16.0,23.0,19.0,33.0,,,27.14,28.79,27.62,10.7,16.0,48.0,26.11,22.75,7.41057802513857,0.7499999998557693,0
2025-02-05,Bagels,80.0,Regular Day,7.1,18.3,10.366666666666667,1.0,4.4,-0.3,14.9,0.0,-3.9,1.023611111111111,79.0,0.0,0.0,0.0,73.60333333333334,4,5,36,0,0,6,2,2025,0,1,-0.433883739117558,-0.9009688679024191,0.9510565162951535,0.30901699437494745,47.0,71.0,41.0,57.0,,,49.29,50.64,51.33,12.46,40.0,76.0,47.06,54.0,13.114877048604,1.2040816325301957,0
2025-02-06,Croissants,47.0,Regular Day,-0.3,15.1,10.4,3.6666666666666665,8.0,2.9,20.0,1.0,-3.4000000000000004,2.5316666666666667,92.0,0.0,0.0,11.5,-3.12,5,6,37,0,0,6,2,2025,0,1,-0.9749279121818236,-0.2225209339563146,0.9510565162951535,0.30901699437494745,21.0,26.0,27.0,41.0,,,26.0,29.07,28.0,8.25,16.0,40.0,29.58,28.75,8.578072821638514,0.6911764704865918,0
2025-02-06,Bagels,48.0,Regular Day,-0.3,15.1,10.4,3.6666666666666665,8.0,2.9,20.0,1.0,-3.4000000000000004,2.5316666666666667,92.0,0.0,0.0,11.5,-3.12,5,6,37,0,0,6,2,2025,0,1,-0.9749279121818236,-0.2225209339563146,0.9510565162951535,0.30901699437494745,40.0,45.0,60.0,46.0,,,46.86,50.5,50.43,6.72,40.0,59.0,50.04,47.75,8.578072821638514,0.8018867923771805,0
2025-02-07,Croissants,54.0,Regular Day,2.9,12.8,10.433333333333334,5.266666666666667,6.9,5.2,27.2,0.0,-5.1000000000000005,9.928888888888888,70.0,0.0,0.0,1.2,30.256666666666668,6,7,38,0,0,6,2,2025,0,1,-0.7818314824680299,0.6234898018587334,0.9510565162951535,0.30901699437494745,32.0,39.0,29.0,33.0,,,27.86,29.93,28.48,9.82,16.0,40.0,32.19,33.25,4.193248541803041,1.1451612901378772,0
2025-02-07,Bagels,62.0,Regular Day,2.9,12.8,10.433333333333334,5.266666666666667,6.9,5.2,27.2,0.0,-5.1000000000000005,9.928888888888888,70.0,0.0,0.0,1.2,30.256666666666668,6,7,38,0,0,6,2,2025,0,1,-0.7818314824680299,0.6234898018587334,0.9510565162951535,0.30901699437494745,48.0,49.0,54.0,62.0,,,47.57,51.29,51.24,7.46,40.0,59.0,51.53,53.25,6.3966136874651625,0.8362068964796374,0
2025-02-08,Croissants,34.0,Regular Day,5.2,19.1,10.483333333333333,2.4,6.0,-1.1,12.1,1.0,-4.1,2.4680555555555554,80.0,0.0,0.0,1.6,54.51333333333333,7,8,39,0,0,6,2,2025,1,2,-2.4492935982947064e-16,1.0,0.5877852522924732,-0.8090169943749473,40.0,48.0,36.0,32.0,,,26.14,28.79,28.33,10.98,15.0,40.0,27.89,39.0,6.831300510639732,1.2941176468685123,0
2025-02-08,Bagels,65.0,Regular Day,5.2,19.1,10.483333333333333,2.4,6.0,-1.1,12.1,1.0,-4.1,2.4680555555555554,80.0,0.0,0.0,1.6,54.51333333333333,7,8,39,0,0,6,2,2025,1,2,-2.4492935982947064e-16,1.0,0.5877852522924732,-0.8090169943749473,59.0,76.0,61.0,78.0,,,48.43,50.79,51.52,6.9,40.0,59.0,50.4,68.5,9.882644720249063,0.9712230215128616,0
2025-02-09,Bagels,67.0,Regular Day,-1.1,15.3,10.516666666666667,2.6000000000000005,7.1000000000000005,2.7,24.8,0.0,-6.0,6.468333333333334,85.0,0.0,1.0,3.9,-11.568333333333335,1,9,40,0,0,6,2,2025,1,2,0.7818314824680298,0.6234898018587336,0.5877852522924732,-0.8090169943749473,56.0,51.0,45.0,39.0,,,49.57,51.57,51.24,6.29,40.0,59.0,50.3,47.75,7.365459931328117,1.27380952365788,0
2025-02-09,Croissants,41.0,Regular Day,-1.1,15.3,10.516666666666667,2.6000000000000005,7.1000000000000005,2.7,24.8,0.0,-6.0,6.468333333333334,85.0,0.0,1.0,3.9,-11.568333333333335,1,9,40,0,0,6,2,2025,1,2,0.7818314824680298,0.6234898018587336,0.5877852522924732,-0.8090169943749473,40.0,27.0,28.0,30.0,,,25.71,27.79,28.05,11.35,15.0,40.0,24.92,31.25,5.9651767227244274,1.1551724135939359,0
2025-02-10,Bagels,41.0,Regular Day,2.7,16.6,10.55,-0.9000000000000004,8.1,1.4,14.0,0.0,-5.2,9.985,68.0,0.0,0.0,0.0,28.485000000000003,2,10,41,0,0,7,2,2025,0,2,0.9749279121818236,-0.22252093395631434,0.5877852522924732,-0.8090169943749473,47.0,41.0,54.0,41.0,,,54.29,52.21,53.1,12.92,40.0,80.0,57.72,45.75,6.18465843842649,0.9263157893761773,0
2025-02-10,Croissants,41.0,Regular Day,2.7,16.6,10.55,-0.9000000000000004,8.1,1.4,14.0,0.0,-5.2,9.985,68.0,0.0,0.0,0.0,28.485000000000003,2,10,41,0,0,7,2,2025,0,2,0.9749279121818236,-0.22252093395631434,0.5877852522924732,-0.8090169943749473,15.0,27.0,31.0,18.0,,,30.43,29.64,29.48,13.33,15.0,49.0,30.94,22.75,7.5,0.85714285696793,0
2025-02-11,Bagels,41.0,Regular Day,1.4,18.7,10.6,-4.800000000000001,8.2,-0.7,10.4,1.0,-4.4,2.9458333333333333,80.0,0.0,0.0,0.5,14.839999999999998,3,11,42,0,0,7,2,2025,0,2,0.43388373911755823,-0.900968867902419,0.5877852522924732,-0.8090169943749473,50.0,42.0,39.0,56.0,,,55.43,52.43,52.52,11.75,47.0,80.0,55.29,46.75,7.7190241179396075,0.96842105252964,0
2025-02-11,Croissants,43.0,Regular Day,1.4,18.7,10.6,-4.800000000000001,8.2,-0.7,10.4,1.0,-4.4,2.9458333333333333,80.0,0.0,0.0,0.5,14.839999999999998,3,11,42,0,0,7,2,2025,0,2,0.43388373911755823,-0.900968867902419,0.5877852522924732,-0.8090169943749473,16.0,19.0,30.0,22.0,,,34.14,31.14,30.43,13.87,15.0,49.0,34.95,21.75,6.020797289396148,0.6730769229474852,0
2025-02-12,Bagels,53.0,Regular Day,-0.7,16.9,10.633333333333333,-1.4333333333333331,4.4,1.1,16.2,1.0,-3.7,0.0,100.0,0.0,0.0,12.9,-7.4433333333333325,4,12,43,0,0,7,2,2025,0,2,-0.433883739117558,-0.9009688679024191,0.5877852522924732,-0.8090169943749473,80.0,47.0,71.0,41.0,,,57.43,53.36,52.9,11.46,47.0,80.0,56.97,59.75,18.714967272212903,1.133928571327328,0
2025-02-12,Croissants,38.0,Regular Day,-0.7,16.9,10.633333333333333,-1.4333333333333331,4.4,1.1,16.2,1.0,-3.7,0.0,100.0,0.0,0.0,12.9,-7.4433333333333325,4,12,43,0,0,7,2,2025,0,2,-0.433883739117558,-0.9009688679024191,0.5877852522924732,-0.8090169943749473,49.0,16.0,23.0,19.0,,,37.29,32.21,31.62,15.68,15.0,54.0,39.72,26.75,15.107944929738128,1.5476190472505669,0
2025-02-13,Croissants,40.0,Regular Day,1.1,12.1,10.683333333333334,3.466666666666667,8.399999999999999,5.9,27.1,0.0,-3.6999999999999993,2.465,100.0,0.0,0.0,9.0,11.751666666666669,5,13,44,0,0,7,2,2025,0,2,-0.9749279121818236,-0.2225209339563146,0.5877852522924732,-0.8090169943749473,47.0,21.0,26.0,27.0,,,36.43,31.21,31.52,15.67,15.0,54.0,38.29,30.25,11.470977871713176,1.2830188676824492,0
2025-02-13,Bagels,45.0,Regular Day,1.1,12.1,10.683333333333334,3.466666666666667,8.399999999999999,5.9,27.1,0.0,-3.6999999999999993,2.465,100.0,0.0,0.0,9.0,11.751666666666669,5,13,44,0,0,7,2,2025,0,2,-0.9749279121818236,-0.2225209339563146,0.5877852522924732,-0.8090169943749473,48.0,40.0,45.0,60.0,,,58.29,52.57,53.1,11.81,47.0,80.0,58.98,48.25,8.5,0.8380952380154195,0
2025-02-14,Bagels,65.0,Valentines Day,5.9,16.9,10.716666666666667,0.20000000000000007,8.3,1.1,25.9,0.0,-5.8999999999999995,10.359166666666667,13.0,0.0,0.0,0.0,63.22833333333334,6,14,45,0,0,7,2,2025,0,2,-0.7818314824680299,0.6234898018587334,0.5877852522924732,-0.8090169943749473,62.0,48.0,49.0,54.0,,,59.86,53.71,54.14,12.19,47.0,80.0,60.98,53.25,6.3966136874651625,1.0679611649448582,1
2025-02-14,Croissants,58.0,Valentines Day,5.9,16.9,10.716666666666667,0.20000000000000007,8.3,1.1,25.9,0.0,-5.8999999999999995,10.359166666666667,13.0,0.0,0.0,0.0,63.22833333333334,6,14,45,0,0,7,2,2025,0,2,-0.7818314824680299,0.6234898018587334,0.5877852522924732,-0.8090169943749473,54.0,32.0,39.0,29.0,,,36.57,32.21,32.14,15.71,15.0,54.0,38.96,38.5,11.150485789118488,1.2647058821669552,1
2025-02-15,Croissants,48.0,Regular Day,1.1,18.0,10.75,-0.6,9.0,-0.0,14.5,0.0,-4.7,4.013888888888889,98.0,0.0,0.0,4.4,11.825000000000001,7,15,46,0,0,7,2,2025,1,3,-2.4492935982947064e-16,1.0,-0.587785252292473,-0.8090169943749476,34.0,40.0,48.0,36.0,,,40.29,33.21,32.62,12.51,16.0,54.0,39.47,39.5,6.191391873668904,0.8809523808475057,0
2025-02-15,Bagels,58.0,Regular Day,1.1,18.0,10.75,-0.6,9.0,-0.0,14.5,0.0,-4.7,4.013888888888889,98.0,0.0,0.0,4.4,11.825000000000001,7,15,46,0,0,7,2,2025,1,3,-2.4492935982947064e-16,1.0,-0.587785252292473,-0.8090169943749476,65.0,59.0,76.0,61.0,,,59.0,53.71,53.52,13.39,41.0,80.0,55.99,65.25,7.58836829188814,0.9051094889850284,0
2025-02-16,Bagels,54.0,Regular Day,-0.0,8.4,10.8,4.366666666666666,13.2,9.6,39.7,0.0,-3.599999999999998,0.14666666666666667,96.0,0.0,1.0,18.7,-0.0,1,16,47,0,0,7,2,2025,1,3,0.7818314824680298,0.6234898018587336,-0.587785252292473,-0.8090169943749476,67.0,56.0,51.0,45.0,,,57.71,53.64,53.62,14.76,41.0,80.0,52.24,54.75,9.322910847297997,1.2812499998665365,0
2025-02-16,Croissants,45.0,Regular Day,-0.0,8.4,10.8,4.366666666666666,13.2,9.6,39.7,0.0,-3.599999999999998,0.14666666666666667,96.0,0.0,1.0,18.7,-0.0,1,16,47,0,0,7,2,2025,1,3,0.7818314824680298,0.6234898018587336,-0.587785252292473,-0.8090169943749476,41.0,40.0,27.0,28.0,,,44.14,34.93,33.24,6.49,34.0,54.0,40.36,34.0,7.52772652709081,1.4727272724595042,0
2025-02-17,Croissants,35.0,Presidents Day,9.6,16.4,10.833333333333334,-0.5333333333333332,10.4,1.6,35.5,0.0,-6.9,10.55638888888889,23.0,0.0,0.0,0.0,104.0,2,17,48,0,0,8,2,2025,0,3,0.9749279121818236,-0.22252093395631434,-0.587785252292473,-0.8090169943749476,41.0,15.0,27.0,31.0,,,42.57,36.5,33.95,6.45,34.0,54.0,39.77,28.5,10.754843869934453,0.9655172412128419,1
2025-02-17,Bagels,41.0,Presidents Day,9.6,16.4,10.833333333333334,-0.5333333333333332,10.4,1.6,35.5,0.0,-6.9,10.55638888888889,23.0,0.0,0.0,0.0,104.0,2,17,48,0,0,8,2,2025,0,3,0.9749279121818236,-0.22252093395631434,-0.587785252292473,-0.8090169943749476,41.0,47.0,41.0,54.0,,,53.86,54.07,52.76,11.02,41.0,67.0,52.43,45.75,6.18465843842649,0.9263157893761773,1
2025-02-18,Bagels,50.0,Regular Day,1.6,21.6,10.866666666666667,-3.566666666666667,8.1,-3.6,22.8,0.0,-5.9,10.315833333333334,51.0,0.0,0.0,0.0,17.386666666666667,3,18,49,0,0,8,2,2025,0,3,0.43388373911755823,-0.900968867902419,-0.587785252292473,-0.8090169943749476,41.0,50.0,42.0,39.0,,,53.43,54.43,52.76,11.34,41.0,67.0,50.57,43.0,4.83045891539648,1.1234567899847585,0
2025-02-18,Croissants,42.0,Regular Day,1.6,21.6,10.866666666666667,-3.566666666666667,8.1,-3.6,22.8,0.0,-5.9,10.315833333333334,51.0,0.0,0.0,0.0,17.386666666666667,3,18,49,0,0,8,2,2025,0,3,0.43388373911755823,-0.900968867902419,-0.587785252292473,-0.8090169943749476,43.0,16.0,19.0,30.0,,,41.57,37.86,34.62,6.19,34.0,54.0,39.82,27.0,12.24744871391589,1.2040816324073302,0
2025-02-19,Bagels,35.0,Regular Day,-3.6,23.0,10.9,-5.3,6.1,-5.0,17.0,0.0,-5.199999999999999,2.1980555555555554,70.0,0.0,0.0,0.0,-39.24,4,19,50,0,0,8,2,2025,0,3,-0.433883739117558,-0.9009688679024191,-0.587785252292473,-0.8090169943749476,53.0,80.0,47.0,71.0,,,53.86,55.64,53.52,11.77,41.0,67.0,54.18,62.75,15.370426148939398,1.1271186439722782,0
2025-02-19,Croissants,31.0,Regular Day,-3.6,23.0,10.9,-5.3,6.1,-5.0,17.0,0.0,-5.199999999999999,2.1980555555555554,70.0,0.0,0.0,0.0,-39.24,4,19,50,0,0,8,2,2025,0,3,-0.433883739117558,-0.9009688679024191,-0.587785252292473,-0.8090169943749476,38.0,49.0,16.0,23.0,,,42.14,39.71,35.52,7.56,34.0,58.0,44.37,31.5,14.843629385474879,2.2307692301972386,0
2025-02-20,Bagels,51.0,Regular Day,-5.0,21.9,10.95,-4.6,6.7,-3.9,22.9,1.0,-6.0,6.725555555555555,71.0,0.0,0.0,0.2,-54.75,5,20,51,0,0,8,2,2025,0,3,-0.9749279121818236,-0.2225209339563146,-0.587785252292473,-0.8090169943749476,45.0,48.0,40.0,45.0,,,52.86,55.57,52.67,10.93,41.0,67.0,55.13,44.5,3.3166247903554,1.094117646930104,0
2025-02-20,Croissants,46.0,Regular Day,-5.0,21.9,10.95,-4.6,6.7,-3.9,22.9,1.0,-6.0,6.725555555555555,71.0,0.0,0.0,0.2,-54.75,5,20,51,0,0,8,2,2025,0,3,-0.9749279121818236,-0.2225209339563146,-0.587785252292473,-0.8090169943749476,40.0,47.0,21.0,26.0,,,44.14,40.29,35.52,6.87,38.0,58.0,45.28,33.5,12.069244660154448,1.8510638293933905,0
2025-02-21,Croissants,52.0,Regular Day,-3.9,20.3,11.0,-3.5,9.0,-2.3,24.7,1.0,-6.699999999999999,10.632222222222222,27.0,0.0,0.0,0.2,-42.9,6,21,52,0,0,8,2,2025,0,3,-0.7818314824680299,0.6234898018587334,-0.587785252292473,-0.8090169943749476,58.0,54.0,32.0,39.0,,,44.71,40.64,36.38,6.73,38.0,58.0,45.21,45.75,12.284814474246922,1.5774647885102164,0
2025-02-21,Bagels,48.0,Regular Day,-3.9,20.3,11.0,-3.5,9.0,-2.3,24.7,1.0,-6.699999999999999,10.632222222222222,27.0,0.0,0.0,0.2,-42.9,6,21,52,0,0,8,2,2025,0,3,-0.7818314824680299,0.6234898018587334,-0.587785252292473,-0.8090169943749476,65.0,62.0,48.0,49.0,,,51.0,55.43,52.81,9.07,41.0,65.0,54.85,56.0,8.755950357709132,1.3092783503804868,0
2025-02-22,Croissants,55.0,Regular Day,-2.3,18.9,11.05,-1.9,10.9,-0.9,16.3,0.0,-3.9000000000000004,9.842777777777778,25.0,0.0,0.0,0.0,-25.415,7,22,53,0,0,8,2,2025,1,4,-2.4492935982947064e-16,1.0,-0.9510565162951536,0.30901699437494723,48.0,34.0,40.0,48.0,,,43.86,42.07,36.76,7.6,35.0,58.0,42.66,42.5,6.8068592855540455,0.9318181817122935,0
2025-02-22,Bagels,83.0,Regular Day,-2.3,18.9,11.05,-1.9,10.9,-0.9,16.3,0.0,-3.9000000000000004,9.842777777777778,25.0,0.0,0.0,0.0,-25.415,7,22,53,0,0,8,2,2025,1,4,-2.4492935982947064e-16,1.0,-0.9510565162951536,0.30901699437494723,58.0,65.0,59.0,76.0,,,51.0,55.0,52.81,9.07,41.0,65.0,51.39,64.5,8.266397845091497,0.9111111110436213,0
2025-02-23,Croissants,50.0,Regular Day,-0.9,15.8,11.083333333333334,-1.1333333333333333,10.2,2.2,13.2,0.0,-4.1000000000000005,9.78111111111111,50.0,0.0,0.0,0.0,-9.975000000000001,1,23,54,0,0,8,2,2025,1,4,0.7818314824680298,0.6234898018587336,-0.9510565162951536,0.30901699437494723,45.0,41.0,40.0,27.0,,,43.71,43.93,37.86,7.63,35.0,58.0,42.49,38.25,7.804912982645397,1.2835820893606595,0
2025-02-23,Bagels,42.0,Regular Day,-0.9,15.8,11.083333333333334,-1.1333333333333333,10.2,2.2,13.2,0.0,-4.1000000000000005,9.78111111111111,50.0,0.0,0.0,0.0,-9.975000000000001,1,23,54,0,0,8,2,2025,1,4,0.7818314824680298,0.6234898018587336,-0.9510565162951536,0.30901699437494723,54.0,67.0,56.0,51.0,,,52.29,55.0,53.19,7.99,41.0,65.0,51.04,57.0,6.97614984548545,1.130841121389641,0
2025-02-24,Bagels,43.0,Regular Day,2.2,13.7,11.116666666666667,2.133333333333333,12.6,4.3,16.0,0.0,-4.3,10.678888888888888,61.0,0.0,0.0,0.0,24.45666666666667,2,24,55,0,0,9,2,2025,0,4,0.9749279121818236,-0.22252093395631434,-0.9510565162951536,0.30901699437494723,41.0,41.0,47.0,41.0,,,49.71,51.79,52.62,10.29,35.0,65.0,47.03,42.5,3.0,0.9318181817122935,0
2025-02-24,Croissants,44.0,Regular Day,2.2,13.7,11.116666666666667,2.133333333333333,12.6,4.3,16.0,0.0,-4.3,10.678888888888888,61.0,0.0,0.0,0.0,24.45666666666667,2,24,55,0,0,9,2,2025,0,4,0.9749279121818236,-0.22252093395631434,-0.9510565162951536,0.30901699437494723,35.0,41.0,15.0,27.0,,,42.71,42.64,38.57,8.86,31.0,58.0,39.62,29.5,11.239810200058244,1.8095238090929704,0
2025-02-25,Croissants,37.0,Regular Day,4.3,9.0,11.166666666666666,6.166666666666666,12.8,9.0,16.3,0.0,-3.700000000000001,9.707222222222223,70.0,0.0,0.0,0.0,48.01666666666666,3,25,56,0,0,9,2,2025,0,4,0.43388373911755823,-0.900968867902419,-0.9510565162951536,0.30901699437494723,42.0,43.0,16.0,19.0,,,43.57,42.57,39.76,8.85,31.0,58.0,41.21,30.0,14.491376746189438,2.428571427877551,0
2025-02-25,Bagels,41.0,Regular Day,4.3,9.0,11.166666666666666,6.166666666666666,12.8,9.0,16.3,0.0,-3.700000000000001,9.707222222222223,70.0,0.0,0.0,0.0,48.01666666666666,3,25,56,0,0,9,2,2025,0,4,0.43388373911755823,-0.900968867902419,-0.9510565162951536,0.30901699437494723,50.0,41.0,50.0,42.0,,,50.57,52.0,53.14,10.08,35.0,65.0,48.02,45.75,4.924428900898052,0.9891304346750945,0
2025-02-26,Bagels,38.0,Regular Day,9.0,9.5,11.2,2.5,12.9,8.5,17.9,0.0,-4.6,10.726666666666667,9.0,0.0,0.0,0.0,100.8,4,26,57,0,0,9,2,2025,0,4,-0.433883739117558,-0.9009688679024191,-0.9510565162951536,0.30901699437494723,35.0,53.0,80.0,47.0,,,48.14,51.0,53.14,7.82,35.0,58.0,48.02,53.75,19.03286631067428,0.6929133857722116,0
2025-02-26,Croissants,38.0,Regular Day,9.0,9.5,11.2,2.5,12.9,8.5,17.9,0.0,-4.6,10.726666666666667,9.0,0.0,0.0,0.0,100.8,4,26,57,0,0,9,2,2025,0,4,-0.433883739117558,-0.9009688679024191,-0.9510565162951536,0.30901699437494723,31.0,38.0,49.0,16.0,,,42.71,42.43,40.71,7.39,31.0,52.0,43.91,33.5,13.820274961085254,1.061538461375148,0
2025-02-27,Croissants,48.0,Regular Day,8.5,7.199999999999999,11.25,3.333333333333333,9.2,10.8,18.0,0.0,-3.200000000000001,0.8777777777777778,96.0,0.0,0.0,0.9,95.625,5,27,58,0,0,9,2,2025,0,4,-0.9749279121818236,-0.2225209339563146,-0.9510565162951536,0.30901699437494723,46.0,40.0,47.0,21.0,,,43.71,43.93,41.43,8.6,31.0,55.0,46.68,38.5,12.069244660154448,1.2647058821669552,0
2025-02-27,Bagels,44.0,Regular Day,8.5,7.199999999999999,11.25,3.333333333333333,9.2,10.8,18.0,0.0,-3.200000000000001,0.8777777777777778,96.0,0.0,0.0,0.9,95.625,5,27,58,0,0,9,2,2025,0,4,-0.9749279121818236,-0.2225209339563146,-0.9510565162951536,0.30901699437494723,51.0,45.0,48.0,40.0,,,51.71,52.29,54.29,15.25,35.0,83.0,56.76,46.0,4.69041575982343,1.090909090785124,0
2025-02-28,Croissants,48.0,Regular Day,10.8,10.0,11.283333333333333,0.16666666666666696,8.600000000000001,8.0,20.8,0.0,-2.8000000000000007,10.035833333333333,48.0,0.0,0.0,0.1,121.86000000000001,6,28,59,0,1,9,2,2025,0,4,-0.7818314824680299,0.6234898018587334,-0.9510565162951536,0.30901699437494723,52.0,58.0,54.0,32.0,,,44.43,44.57,41.9,8.92,31.0,55.0,47.51,49.0,11.604596790352806,1.2790697672931315,0
2025-02-28,Bagels,55.0,Regular Day,10.8,10.0,11.283333333333333,0.16666666666666696,8.600000000000001,8.0,20.8,0.0,-2.8000000000000007,10.035833333333333,48.0,0.0,0.0,0.1,121.86000000000001,6,28,59,0,1,9,2,2025,0,4,-0.7818314824680299,0.6234898018587334,-0.9510565162951536,0.30901699437494723,48.0,65.0,62.0,48.0,,,50.0,50.5,53.62,15.62,35.0,83.0,53.07,55.75,9.03234926989282,1.027272727179339,0
2025-03-01,Bagels,78.0,Regular Day,8.0,8.9,11.333333333333334,3.5999999999999996,12.6,9.1,30.6,0.0,-4.800000000000001,9.893055555555556,39.0,0.0,0.0,0.0,90.66666666666667,7,1,60,1,0,9,3,2025,1,1,-2.4492935982947064e-16,1.0,0.9510565162951535,0.30901699437494745,83.0,58.0,65.0,59.0,,,50.29,50.64,53.43,15.45,35.0,83.0,50.55,66.25,11.586630226256467,1.1370967741018472,0
2025-03-01,Croissants,65.0,Regular Day,8.0,8.9,11.333333333333334,3.5999999999999996,12.6,9.1,30.6,0.0,-4.800000000000001,9.893055555555556,39.0,0.0,0.0,0.0,90.66666666666667,7,1,60,1,0,9,3,2025,1,1,-2.4492935982947064e-16,1.0,0.9510565162951535,0.30901699437494745,55.0,48.0,34.0,40.0,,,45.71,44.79,43.29,7.93,31.0,55.0,46.63,44.25,9.17877987534291,1.3918918917037986,0
2025-03-02,Bagels,60.0,Regular Day,9.1,19.4,11.383333333333333,-1.2333333333333334,11.2,-1.4,31.0,0.0,-6.6,11.001388888888888,13.0,0.0,0.0,0.0,103.58833333333332,1,2,61,0,0,9,3,2025,1,1,0.7818314824680298,0.6234898018587336,0.9510565162951535,0.30901699437494745,42.0,54.0,67.0,56.0,,,49.0,50.64,53.0,15.84,35.0,83.0,48.17,54.75,10.242883708539635,0.7804878048145946,0
2025-03-02,Croissants,42.0,Regular Day,9.1,19.4,11.383333333333333,-1.2333333333333334,11.2,-1.4,31.0,0.0,-6.6,11.001388888888888,13.0,0.0,0.0,0.0,103.58833333333332,1,2,61,0,0,9,3,2025,1,1,0.7818314824680298,0.6234898018587336,0.9510565162951535,0.30901699437494745,50.0,45.0,41.0,40.0,,,45.0,44.36,44.29,8.52,31.0,55.0,44.23,44.0,4.546060565661952,1.1728395060280445,0
2025-03-03,Bagels,38.0,Regular Day,-1.4,19.8,11.433333333333334,-4.333333333333333,9.399999999999999,-1.8,12.3,0.0,-3.9,10.9225,18.0,0.0,0.0,0.0,-16.006666666666668,2,3,62,0,0,10,3,2025,0,1,0.9749279121818236,-0.22252093395631434,0.9510565162951535,0.30901699437494745,43.0,41.0,41.0,47.0,,,49.43,49.57,51.0,15.44,38.0,83.0,45.62,43.0,2.8284271247461903,0.9545454544369836,0
2025-03-03,Croissants,35.0,Regular Day,-1.4,19.8,11.433333333333334,-4.333333333333333,9.399999999999999,-1.8,12.3,0.0,-3.9,10.9225,18.0,0.0,0.0,0.0,-16.006666666666668,2,3,62,0,0,10,3,2025,0,1,0.9749279121818236,-0.22252093395631434,0.9510565162951535,0.30901699437494745,44.0,35.0,41.0,15.0,,,46.0,44.36,43.76,6.86,37.0,55.0,42.67,33.75,13.047988350699889,1.4107142854623724,0
2025-03-04,Croissants,30.0,Regular Day,-1.8,13.8,11.466666666666667,-3.5666666666666664,16.6,4.2,19.7,0.0,-4.600000000000001,7.769166666666667,48.0,0.0,0.0,0.0,-20.64,3,4,63,0,0,10,3,2025,0,1,0.43388373911755823,-0.900968867902419,0.9510565162951535,0.30901699437494745,37.0,42.0,43.0,16.0,,,46.29,44.93,43.81,6.9,37.0,55.0,44.0,34.5,12.609520212918492,1.3389830506205114,0
2025-03-04,Bagels,43.0,Regular Day,-1.8,13.8,11.466666666666667,-3.5666666666666664,16.6,4.2,19.7,0.0,-4.600000000000001,7.769166666666667,48.0,0.0,0.0,0.0,-20.64,3,4,63,0,0,10,3,2025,0,1,0.43388373911755823,-0.900968867902419,0.9510565162951535,0.30901699437494745,41.0,50.0,41.0,50.0,,,48.43,49.5,50.81,15.54,38.0,83.0,45.22,45.5,5.196152422706632,0.99999999989011,0
2025-03-05,Bagels,54.0,Regular Day,4.2,6.9,11.516666666666667,1.5333333333333314,6.3999999999999995,11.1,31.4,0.0,-3.5,1.1866666666666668,75.0,0.0,0.0,7.7,48.370000000000005,4,5,64,0,0,10,3,2025,0,1,-0.433883739117558,-0.9009688679024191,0.9510565162951535,0.30901699437494745,38.0,35.0,53.0,80.0,,,49.43,48.79,50.48,15.74,38.0,83.0,47.66,51.5,20.566963801203133,0.5488721804098592,0
2025-03-05,Croissants,41.0,Regular Day,4.2,6.9,11.516666666666667,1.5333333333333314,6.3999999999999995,11.1,31.4,0.0,-3.5,1.1866666666666668,75.0,0.0,0.0,7.7,48.370000000000005,4,5,64,0,0,10,3,2025,0,1,-0.433883739117558,-0.9009688679024191,0.9510565162951535,0.30901699437494745,38.0,31.0,38.0,49.0,,,45.71,44.21,43.52,6.5,37.0,55.0,45.0,39.0,7.438637868140466,0.7931034481847008,0
2025-03-06,Croissants,38.0,Regular Day,11.1,8.2,11.55,1.7666666666666675,7.3999999999999995,9.8,29.8,0.0,-2.1999999999999993,10.188055555555556,66.0,0.0,0.0,27.0,128.205,5,6,65,0,0,10,3,2025,0,1,-0.9749279121818236,-0.2225209339563146,0.9510565162951535,0.30901699437494745,48.0,46.0,40.0,47.0,,,47.14,45.43,45.0,9.35,37.0,65.0,50.0,45.25,3.593976442141304,1.0804597699907519,0
2025-03-06,Bagels,61.0,Regular Day,11.1,8.2,11.55,1.7666666666666675,7.3999999999999995,9.8,29.8,0.0,-2.1999999999999993,10.188055555555556,66.0,0.0,0.0,27.0,128.205,5,6,65,0,0,10,3,2025,0,1,-0.9749279121818236,-0.2225209339563146,0.9510565162951535,0.30901699437494745,44.0,51.0,45.0,48.0,,,48.71,50.21,51.1,13.97,38.0,78.0,55.25,47.0,3.1622776601683795,1.0215053762342468,0
2025-03-07,Bagels,74.0,Regular Day,9.8,13.8,11.6,-2.1999999999999993,9.4,4.2,29.6,0.0,-6.199999999999999,11.359722222222222,13.0,0.0,0.0,0.0,113.68,6,7,66,0,0,10,3,2025,0,1,-0.7818314824680299,0.6234898018587334,0.9510565162951535,0.30901699437494745,55.0,48.0,65.0,62.0,,,51.29,50.64,50.76,14.19,38.0,78.0,56.44,57.5,7.593857166596345,0.811023621983384,0
2025-03-07,Croissants,58.0,Regular Day,9.8,13.8,11.6,-2.1999999999999993,9.4,4.2,29.6,0.0,-6.199999999999999,11.359722222222222,13.0,0.0,0.0,0.0,113.68,6,7,66,0,0,10,3,2025,0,1,-0.7818314824680299,0.6234898018587334,0.9510565162951535,0.30901699437494745,48.0,52.0,58.0,54.0,,,46.0,45.21,45.05,9.43,37.0,65.0,48.0,53.0,4.163331998932265,0.8928571427774236,0
2025-03-08,Bagels,64.0,Regular Day,4.2,11.8,11.633333333333333,-4.233333333333332,5.6000000000000005,6.2,24.5,0.0,-5.4,10.222777777777777,59.0,0.0,0.0,0.0,48.86,7,8,67,0,0,10,3,2025,1,2,-2.4492935982947064e-16,1.0,0.5877852522924732,-0.8090169943749473,78.0,83.0,58.0,65.0,,,50.57,50.43,50.62,14.79,38.0,78.0,51.83,71.0,11.51810169544733,1.3089430893244762,0
2025-03-08,Croissants,53.0,Regular Day,4.2,11.8,11.633333333333333,-4.233333333333332,5.6000000000000005,6.2,24.5,0.0,-5.4,10.222777777777777,59.0,0.0,0.0,0.0,48.86,7,8,67,0,0,10,3,2025,1,2,-2.4492935982947064e-16,1.0,0.5877852522924732,-0.8090169943749473,65.0,55.0,48.0,34.0,,,44.71,45.21,44.76,10.32,35.0,65.0,44.75,50.5,13.025615788386615,1.4634146339678764,0
2025-03-09,Bagels,38.0,Regular Day,6.2,13.6,11.683333333333334,-4.433333333333334,14.7,4.4,30.6,0.0,-6.0,11.421388888888888,12.0,0.0,0.0,0.0,72.43666666666667,1,9,68,0,0,10,3,2025,1,2,0.7818314824680298,0.6234898018587336,0.5877852522924732,-0.8090169943749473,60.0,42.0,54.0,67.0,,,50.86,49.93,50.71,14.59,38.0,78.0,49.62,55.75,10.594810050208546,0.8429752065419029,0
2025-03-09,Croissants,51.0,Regular Day,6.2,13.6,11.683333333333334,-4.433333333333334,14.7,4.4,30.6,0.0,-6.0,11.421388888888888,12.0,0.0,0.0,0.0,72.43666666666667,1,9,68,0,0,10,3,2025,1,2,0.7818314824680298,0.6234898018587336,0.5877852522924732,-0.8090169943749473,42.0,50.0,45.0,41.0,,,43.71,44.36,44.14,11.47,30.0,65.0,41.06,44.5,4.041451884327381,1.0697674417360736,0
2025-03-10,Bagels,44.0,Regular Day,4.4,8.4,11.716666666666667,-0.6999999999999993,13.7,9.6,14.8,0.0,-2.3999999999999986,11.576944444444445,1.0,0.0,0.0,0.0,51.553333333333335,2,10,69,0,0,11,3,2025,0,2,0.9749279121818236,-0.22252093395631434,0.5877852522924732,-0.8090169943749473,38.0,43.0,41.0,41.0,,,53.14,51.29,50.76,13.45,38.0,78.0,50.72,40.75,2.0615528128088303,0.9878048779283165,0
2025-03-10,Croissants,57.0,Regular Day,4.4,8.4,11.716666666666667,-0.6999999999999993,13.7,9.6,14.8,0.0,-2.3999999999999986,11.576944444444445,1.0,0.0,0.0,0.0,51.553333333333335,2,10,69,0,0,11,3,2025,0,2,0.9749279121818236,-0.22252093395631434,0.5877852522924732,-0.8090169943749473,35.0,44.0,35.0,41.0,,,44.14,45.07,44.29,11.28,30.0,65.0,41.05,38.75,4.5,1.0394736840737535,0
2025-03-11,Croissants,45.0,Regular Day,9.6,8.1,11.766666666666667,-2.5999999999999996,18.0,9.9,12.6,0.0,-2.8000000000000007,11.62,0.0,0.0,0.0,0.0,112.96000000000001,3,11,70,0,0,11,3,2025,0,2,0.43388373911755823,-0.900968867902419,0.5877852522924732,-0.8090169943749473,30.0,37.0,42.0,43.0,,,42.71,44.5,44.19,11.34,30.0,65.0,40.29,38.0,5.94418483337567,0.7882352940249135,0
2025-03-11,Bagels,44.0,Regular Day,9.6,8.1,11.766666666666667,-2.5999999999999996,18.0,9.9,12.6,0.0,-2.8000000000000007,11.62,0.0,0.0,0.0,0.0,112.96000000000001,3,11,70,0,0,11,3,2025,0,2,0.43388373911755823,-0.900968867902419,0.5877852522924732,-0.8090169943749473,43.0,41.0,50.0,41.0,,,55.57,52.0,51.52,13.05,38.0,78.0,53.29,43.75,4.272001872658765,0.9230769229754862,0
2025-03-12,Croissants,37.0,Regular Day,9.9,8.4,11.8,0.4666666666666668,9.2,9.6,15.8,0.0,-3.9000000000000004,11.663611111111111,36.0,0.0,0.0,0.0,116.82000000000001,4,12,71,0,0,11,3,2025,0,2,-0.433883739117558,-0.9009688679024191,0.5877852522924732,-0.8090169943749473,41.0,38.0,31.0,38.0,,,44.14,44.93,44.19,12.67,30.0,65.0,44.71,37.0,4.242640687119285,1.1449275360659525,0
2025-03-12,Bagels,53.0,Regular Day,9.9,8.4,11.8,0.4666666666666668,9.2,9.6,15.8,0.0,-3.9000000000000004,11.663611111111111,36.0,0.0,0.0,0.0,116.82000000000001,4,12,71,0,0,11,3,2025,0,2,-0.433883739117558,-0.9009688679024191,0.5877852522924732,-0.8090169943749473,54.0,38.0,35.0,53.0,,,58.29,53.86,51.95,14.77,38.0,78.0,58.46,45.0,9.899494936611665,1.0454545453357438,0
2025-03-13,Croissants,38.0,Regular Day,9.6,11.2,11.85,0.2333333333333334,8.4,6.8,15.9,0.0,-2.700000000000001,11.3,55.0,0.0,0.0,0.0,113.75999999999999,5,13,72,0,0,11,3,2025,0,2,-0.9749279121818236,-0.2225209339563146,0.5877852522924732,-0.8090169943749473,38.0,48.0,46.0,40.0,,,42.43,44.79,44.43,9.88,30.0,58.0,46.79,43.0,4.760952285695233,0.999999999883721,0
2025-03-13,Bagels,64.0,Regular Day,9.6,11.2,11.85,0.2333333333333334,8.4,6.8,15.9,0.0,-2.700000000000001,11.3,55.0,0.0,0.0,0.0,113.75999999999999,5,13,72,0,0,11,3,2025,0,2,-0.9749279121818236,-0.2225209339563146,0.5877852522924732,-0.8090169943749473,61.0,44.0,51.0,45.0,,,56.29,52.5,52.24,12.42,38.0,74.0,59.85,50.25,7.804912982645397,1.0937499998860678,0
2025-03-14,Bagels,63.0,DCP Forecast Test - 14 MAR 2025,6.8,11.5,11.9,-3.3666666666666654,13.1,6.5,12.8,0.0,-1.200000000000001,9.66388888888889,26.0,0.0,0.0,0.0,80.92,6,14,73,0,0,11,3,2025,0,2,-0.7818314824680299,0.6234898018587334,0.5877852522924732,-0.8090169943749473,74.0,55.0,48.0,65.0,,,53.14,52.21,51.48,14.01,38.0,74.0,54.39,60.5,11.387127235025815,1.1415929202529564,1
2025-03-14,Croissants,65.0,DCP Forecast Test - 14 MAR 2025,6.8,11.5,11.9,-3.3666666666666654,13.1,6.5,12.8,0.0,-1.200000000000001,9.66388888888889,26.0,0.0,0.0,0.0,80.92,6,14,73,0,0,11,3,2025,0,2,-0.7818314824680299,0.6234898018587334,0.5877852522924732,-0.8090169943749473,58.0,48.0,52.0,58.0,,,43.71,44.86,44.71,10.39,30.0,58.0,47.84,54.0,4.898979485566356,0.9636363635487604,1
2025-03-15,Croissants,57.0,Regular Day,6.5,10.1,11.933333333333334,-1.5333333333333332,7.6000000000000005,7.9,11.9,0.0,-1.700000000000001,0.0,94.0,0.0,0.0,0.0,77.56666666666666,7,15,74,0,0,11,3,2025,1,3,-2.4492935982947064e-16,1.0,-0.587785252292473,-0.8090169943749476,53.0,65.0,55.0,48.0,,,46.86,45.79,45.76,10.64,30.0,58.0,50.13,55.25,7.135591542869215,1.1456310678499388,0
2025-03-15,Bagels,59.0,Regular Day,6.5,10.1,11.933333333333334,-1.5333333333333332,7.6000000000000005,7.9,11.9,0.0,-1.700000000000001,0.0,94.0,0.0,0.0,0.0,77.56666666666666,7,15,74,0,0,11,3,2025,1,3,-2.4492935982947064e-16,1.0,-0.587785252292473,-0.8090169943749476,64.0,78.0,83.0,58.0,,,54.0,52.29,51.62,13.08,38.0,74.0,51.79,70.75,11.7011395456454,1.0070921985101353,0
2025-03-16,Croissants,48.0,Regular Day,7.9,4.6,11.983333333333333,-0.8999999999999986,9.1,13.4,28.3,0.0,-2.0999999999999996,2.3377777777777777,100.0,0.0,0.0,0.0,94.66833333333334,1,16,75,0,0,11,3,2025,1,3,0.7818314824680298,0.6234898018587336,-0.587785252292473,-0.8090169943749476,51.0,42.0,50.0,45.0,,,49.0,46.36,45.9,7.81,38.0,58.0,48.85,47.0,4.242640687119285,0.9789473683180056,0
2025-03-16,Bagels,63.0,Regular Day,7.9,4.6,11.983333333333333,-0.8999999999999986,9.1,13.4,28.3,0.0,-2.0999999999999996,2.3377777777777777,100.0,0.0,0.0,0.0,94.66833333333334,1,16,75,0,0,11,3,2025,1,3,0.7818314824680298,0.6234898018587336,-0.587785252292473,-0.8090169943749476,38.0,60.0,42.0,54.0,,,54.14,52.5,51.33,12.94,38.0,74.0,49.84,48.5,10.246950765959598,1.0208333332269965,0
2025-03-17,Croissants,39.0,Regular Day,13.4,3.9000000000000004,12.016666666666667,3.633333333333333,9.200000000000001,14.1,29.1,0.0,-2.5,4.0536111111111115,88.0,0.0,0.0,31.5,161.02333333333334,2,17,76,0,0,12,3,2025,0,3,0.9749279121818236,-0.22252093395631434,-0.587785252292473,-0.8090169943749476,57.0,35.0,44.0,35.0,,,48.43,46.29,46.19,8.6,37.0,58.0,45.89,42.75,10.404326023342406,1.1645569618779044,0
2025-03-17,Bagels,42.0,Regular Day,13.4,3.9000000000000004,12.016666666666667,3.633333333333333,9.200000000000001,14.1,29.1,0.0,-2.5,4.0536111111111115,88.0,0.0,0.0,31.5,161.02333333333334,2,17,76,0,0,12,3,2025,0,3,0.9749279121818236,-0.22252093395631434,-0.587785252292473,-0.8090169943749476,44.0,38.0,43.0,41.0,,,54.0,53.57,52.19,12.95,38.0,74.0,50.63,41.5,2.6457513110645907,0.9761904760742631,0
2025-03-18,Bagels,49.0,Regular Day,14.1,11.0,12.066666666666666,0.666666666666667,15.4,7.0,20.9,0.0,-3.5,11.848888888888888,21.0,0.0,0.0,0.0,170.14,3,18,77,0,0,12,3,2025,0,3,0.43388373911755823,-0.900968867902419,-0.587785252292473,-0.8090169943749476,44.0,43.0,41.0,50.0,,,54.43,55.0,52.81,13.26,38.0,74.0,53.97,44.5,3.872983346207417,0.9560439559388964,0
2025-03-18,Croissants,50.0,Regular Day,14.1,11.0,12.066666666666666,0.666666666666667,15.4,7.0,20.9,0.0,-3.5,11.848888888888888,21.0,0.0,0.0,0.0,170.14,3,18,77,0,0,12,3,2025,0,3,0.43388373911755823,-0.900968867902419,-0.587785252292473,-0.8090169943749476,45.0,30.0,37.0,42.0,,,48.43,45.57,45.81,8.6,37.0,58.0,43.91,38.5,6.557438524302,0.949367088487422,0
2025-03-19,Croissants,42.0,Regular Day,7.0,9.4,12.116666666666667,2.0666666666666673,15.6,8.6,13.3,0.0,-2.5999999999999996,11.005555555555556,17.0,0.0,0.0,0.0,84.81666666666666,4,19,78,0,0,12,3,2025,0,3,-0.433883739117558,-0.9009688679024191,-0.587785252292473,-0.8090169943749476,37.0,41.0,38.0,31.0,,,49.43,46.79,46.43,10.16,37.0,65.0,49.19,36.75,4.193248541803041,1.1304347824448646,0
2025-03-19,Bagels,55.0,Regular Day,7.0,9.4,12.116666666666667,2.0666666666666673,15.6,8.6,13.3,0.0,-2.5999999999999996,11.005555555555556,17.0,0.0,0.0,0.0,84.81666666666666,4,19,78,0,0,12,3,2025,0,3,-0.433883739117558,-0.9009688679024191,-0.587785252292473,-0.8090169943749476,53.0,54.0,38.0,35.0,,,52.86,55.57,53.52,11.02,38.0,64.0,56.23,45.0,9.899494936611665,1.4657534244567463,0
2025-03-20,Croissants,39.0,Regular Day,8.6,8.5,12.15,2.5666666666666664,8.4,9.5,20.4,0.0,-2.1999999999999993,7.811111111111111,98.0,0.0,0.0,0.0,104.49,5,20,79,0,0,12,3,2025,0,3,-0.9749279121818236,-0.2225209339563146,-0.587785252292473,-0.8090169943749476,38.0,38.0,48.0,46.0,,,50.0,46.21,46.52,10.5,37.0,65.0,51.14,42.5,5.259911279353167,0.8085106382118606,0
2025-03-20,Bagels,56.0,Regular Day,8.6,8.5,12.15,2.5666666666666664,8.4,9.5,20.4,0.0,-2.1999999999999993,7.811111111111111,98.0,0.0,0.0,0.0,104.49,5,20,79,0,0,12,3,2025,0,3,-0.9749279121818236,-0.2225209339563146,-0.587785252292473,-0.8090169943749476,64.0,61.0,44.0,51.0,,,52.14,54.21,52.38,10.32,38.0,64.0,56.92,55.0,9.201449161228174,1.3157894735457065,0
2025-03-21,Bagels,59.0,Regular Day,9.5,9.3,12.2,-1.166666666666666,7.4,8.7,28.1,0.0,-2.5,11.93,41.0,0.0,0.0,10.9,115.89999999999999,6,21,80,0,0,12,3,2025,0,3,-0.7818314824680299,0.6234898018587334,-0.587785252292473,-0.8090169943749476,63.0,74.0,55.0,48.0,,,55.71,54.43,53.38,8.83,44.0,64.0,58.44,60.0,11.16542281629615,1.3300970872495053,0
2025-03-21,Croissants,63.0,Regular Day,9.5,9.3,12.2,-1.166666666666666,7.4,8.7,28.1,0.0,-2.5,11.93,41.0,0.0,0.0,10.9,115.89999999999999,6,21,80,0,0,12,3,2025,0,3,-0.7818314824680299,0.6234898018587334,-0.587785252292473,-0.8090169943749476,65.0,58.0,48.0,52.0,,,49.57,46.64,46.43,10.52,37.0,65.0,50.35,55.75,7.41057802513857,1.2299999998770001,0
2025-03-22,Bagels,80.0,Regular Day,8.7,8.3,12.25,1.5666666666666664,13.0,9.7,25.1,0.0,-4.600000000000001,11.185,59.0,0.0,0.0,0.0,106.57499999999999,7,22,81,0,0,12,3,2025,1,4,-2.4492935982947064e-16,1.0,-0.9510565162951536,0.30901699437494723,59.0,64.0,78.0,83.0,,,55.43,54.71,53.33,9.29,42.0,64.0,54.33,71.0,11.343133018115703,0.7639751552320512,0
2025-03-22,Croissants,69.0,Regular Day,8.7,8.3,12.25,1.5666666666666664,13.0,9.7,25.1,0.0,-4.600000000000001,11.185,59.0,0.0,0.0,0.0,106.57499999999999,7,22,81,0,0,12,3,2025,1,4,-2.4492935982947064e-16,1.0,-0.9510565162951536,0.30901699437494723,57.0,53.0,65.0,55.0,,,47.0,46.93,46.19,10.6,37.0,65.0,47.52,57.5,5.259911279353167,0.9166666665902778,0
2025-03-23,Bagels,46.0,Regular Day,9.7,11.9,12.283333333333333,-0.2999999999999998,13.8,6.1,26.0,0.0,-5.1000000000000005,11.983611111111111,38.0,0.0,0.0,0.0,119.14833333333333,1,23,82,0,0,12,3,2025,1,4,0.7818314824680298,0.6234898018587336,-0.9510565162951536,0.30901699437494723,63.0,38.0,60.0,42.0,,,56.14,55.14,53.71,8.41,42.0,64.0,53.0,50.75,12.579745625409124,0.9901960783342946,0
2025-03-23,Croissants,60.0,Regular Day,9.7,11.9,12.283333333333333,-0.2999999999999998,13.8,6.1,26.0,0.0,-5.1000000000000005,11.983611111111111,38.0,0.0,0.0,0.0,119.14833333333333,1,23,82,0,0,12,3,2025,1,4,0.7818314824680298,0.6234898018587336,-0.9510565162951536,0.30901699437494723,48.0,51.0,42.0,50.0,,,47.71,48.36,46.81,10.61,37.0,65.0,48.14,47.75,4.031128874149275,1.0760869564047733,0
2025-03-24,Bagels,38.0,Regular Day,6.1,9.9,12.333333333333334,1.0999999999999996,7.000000000000001,8.1,20.1,0.0,-1.6000000000000014,1.0,99.0,0.0,0.0,16.8,75.23333333333333,2,24,83,0,0,13,3,2025,0,4,0.9749279121818236,-0.22252093395631434,-0.9510565162951536,0.30901699437494723,42.0,44.0,38.0,43.0,,,56.43,55.21,54.52,8.32,42.0,64.0,53.5,41.75,2.6299556396765835,1.0617283949306509,0
2025-03-24,Croissants,32.0,Regular Day,6.1,9.9,12.333333333333334,1.0999999999999996,7.000000000000001,8.1,20.1,0.0,-1.6000000000000014,1.0,99.0,0.0,0.0,16.8,75.23333333333333,2,24,83,0,0,13,3,2025,0,4,0.9749279121818236,-0.22252093395631434,-0.9510565162951536,0.30901699437494723,39.0,57.0,35.0,44.0,,,48.43,48.43,47.0,9.91,38.0,65.0,46.6,43.75,9.569918146637061,1.2151898732639002,0
2025-03-25,Croissants,40.0,Regular Day,8.1,7.6,12.366666666666667,4.066666666666667,11.3,10.4,23.9,0.0,-4.700000000000001,11.182777777777778,66.0,0.0,0.0,0.0,100.17,3,25,84,0,0,13,3,2025,0,4,0.43388373911755823,-0.900968867902419,-0.9510565162951536,0.30901699437494723,50.0,45.0,30.0,37.0,,,48.57,48.5,46.57,9.74,39.0,65.0,44.7,40.5,8.812869377601524,1.4179104475495656,0
2025-03-25,Bagels,47.0,Regular Day,8.1,7.6,12.366666666666667,4.066666666666667,11.3,10.4,23.9,0.0,-4.700000000000001,11.182777777777778,66.0,0.0,0.0,0.0,100.17,3,25,84,0,0,13,3,2025,0,4,0.43388373911755823,-0.900968867902419,-0.9510565162951536,0.30901699437494723,49.0,44.0,43.0,41.0,,,55.29,54.86,55.1,7.63,42.0,63.0,54.12,44.25,3.4034296427770228,1.1071428570110544,0
2025-03-26,Croissants,42.0,Regular Day,10.4,10.3,12.416666666666666,-1.166666666666667,9.3,7.7,24.2,0.0,-4.6000000000000005,9.22861111111111,64.0,0.0,0.0,0.8,129.13333333333333,4,26,85,0,0,13,3,2025,0,4,-0.433883739117558,-0.9009688679024191,-0.9510565162951536,0.30901699437494723,42.0,37.0,41.0,38.0,,,48.29,48.86,47.29,9.2,39.0,63.0,49.28,39.5,2.3804761428476167,0.9999999998734178,0
2025-03-26,Bagels,51.0,Regular Day,10.4,10.3,12.416666666666666,-1.166666666666667,9.3,7.7,24.2,0.0,-4.6000000000000005,9.22861111111111,64.0,0.0,0.0,0.8,129.13333333333333,4,26,85,0,0,13,3,2025,0,4,-0.433883739117558,-0.9009688679024191,-0.9510565162951536,0.30901699437494723,55.0,53.0,54.0,38.0,,,54.71,53.79,55.29,7.09,42.0,63.0,55.34,50.0,8.04155872120988,1.1739130433506617,0
2025-03-27,Croissants,49.0,Regular Day,7.7,13.2,12.466666666666667,-3.7333333333333334,11.799999999999999,4.8,20.6,0.0,-4.8,12.0,1.0,0.0,0.0,0.0,95.99333333333334,5,27,86,0,0,13,3,2025,0,4,-0.9749279121818236,-0.2225209339563146,-0.9510565162951536,0.30901699437494723,39.0,38.0,38.0,48.0,,,50.0,50.0,47.48,11.83,39.0,69.0,54.21,40.75,4.856267428111155,0.8953488371051921,0
2025-03-27,Bagels,60.0,Regular Day,7.7,13.2,12.466666666666667,-3.7333333333333334,11.799999999999999,4.8,20.6,0.0,-4.8,12.0,1.0,0.0,0.0,0.0,95.99333333333334,5,27,86,0,0,13,3,2025,0,4,-0.9749279121818236,-0.2225209339563146,-0.9510565162951536,0.30901699437494723,56.0,64.0,61.0,44.0,,,57.71,54.93,55.38,11.97,42.0,80.0,61.51,56.25,8.80814017448254,1.1428571427482994,0
2025-03-28,Croissants,49.0,Regular Day,4.8,8.0,12.5,2.333333333333333,14.200000000000001,10.0,16.6,0.0,-3.3000000000000007,10.74638888888889,45.0,0.0,0.0,0.0,60.0,6,28,87,0,0,13,3,2025,0,4,-0.7818314824680299,0.6234898018587334,-0.9510565162951536,0.30901699437494723,63.0,65.0,58.0,48.0,,,51.71,50.64,48.33,12.35,39.0,69.0,55.66,58.5,7.593857166596345,1.2075471696974014,0
2025-03-28,Bagels,49.0,Regular Day,4.8,8.0,12.5,2.333333333333333,14.200000000000001,10.0,16.6,0.0,-3.3000000000000007,10.74638888888889,45.0,0.0,0.0,0.0,60.0,6,28,87,0,0,13,3,2025,0,4,-0.7818314824680299,0.6234898018587334,-0.9510565162951536,0.30901699437494723,59.0,63.0,74.0,55.0,,,55.29,55.5,54.71,12.43,42.0,80.0,57.63,62.75,8.180260794538684,0.9457364340352141,0
2025-03-29,Croissants,57.0,Regular Day,10.0,0.0,12.55,8.233333333333334,13.2,19.0,23.0,0.0,-2.5,11.0,68.0,1.0,0.0,0.0,125.5,7,29,88,0,0,13,3,2025,1,5,-2.4492935982947064e-16,1.0,-2.4492935982947064e-16,1.0,69.0,57.0,53.0,65.0,,,50.71,48.86,48.19,13.76,32.0,69.0,49.74,61.0,7.302967433402215,1.0677966100790004,0
2025-03-29,Bagels,67.0,Regular Day,10.0,0.0,12.55,8.233333333333334,13.2,19.0,23.0,0.0,-2.5,11.0,68.0,1.0,0.0,0.0,125.5,7,29,88,0,0,13,3,2025,1,5,-2.4492935982947064e-16,1.0,-2.4492935982947064e-16,1.0,80.0,59.0,64.0,78.0,,,54.71,55.07,54.71,13.21,38.0,80.0,52.72,70.25,10.3400515794974,0.9788732393676849,0
2025-03-30,Croissants,61.0,Regular Day,19.0,3.0,12.583333333333334,2.9000000000000004,15.799999999999999,15.0,18.9,0.0,0.10000000000000142,9.235277777777778,84.0,0.0,0.0,0.0,239.08333333333334,1,30,89,0,0,13,3,2025,1,5,0.7818314824680298,0.6234898018587336,-2.4492935982947064e-16,1.0,60.0,48.0,51.0,42.0,,,49.29,48.5,48.67,14.35,32.0,69.0,47.31,50.25,7.5,1.1612903224557753,0
2025-03-30,Bagels,58.0,Regular Day,19.0,3.0,12.583333333333334,2.9000000000000004,15.799999999999999,15.0,18.9,0.0,0.10000000000000142,9.235277777777778,84.0,0.0,0.0,0.0,239.08333333333334,1,30,89,0,0,13,3,2025,1,5,0.7818314824680298,0.6234898018587336,-2.4492935982947064e-16,1.0,46.0,63.0,38.0,60.0,,,54.43,55.29,54.9,13.38,38.0,80.0,51.29,51.75,11.786291472158096,1.1122448978456894,0
2025-03-31,Croissants,40.0,Regular Day,15.0,0.0,12.633333333333333,3.133333333333331,9.999999999999998,18.7,29.0,0.0,-0.8999999999999986,10.033888888888889,74.0,0.6999999999999993,0.0,0.3,189.5,2,31,90,0,1,14,3,2025,0,5,0.9749279121818236,-0.22252093395631434,-2.4492935982947064e-16,1.0,32.0,39.0,57.0,35.0,,,49.29,48.86,48.71,14.35,32.0,69.0,45.98,40.75,11.206396982676159,0.771739130350898,0
2025-03-31,Bagels,51.0,Regular Day,15.0,0.0,12.633333333333333,3.133333333333331,9.999999999999998,18.7,29.0,0.0,-0.8999999999999986,10.033888888888889,74.0,0.6999999999999993,0.0,0.3,189.5,2,31,90,0,1,14,3,2025,0,5,0.9749279121818236,-0.22252093395631434,-2.4492935982947064e-16,1.0,38.0,42.0,44.0,38.0,,,53.86,55.14,54.76,13.43,38.0,80.0,51.22,40.5,3.0,0.9756097559785842,0
2025-04-01,Bagels,63.0,Regular Day,18.7,6.199999999999999,12.666666666666666,-3.299999999999997,10.900000000000002,11.8,24.4,0.0,0.5,12.0,39.0,0.0,0.0,20.9,236.86666666666665,3,1,91,1,0,14,4,2025,0,1,0.43388373911755823,-0.900968867902419,0.9510565162951535,0.30901699437494745,47.0,49.0,44.0,43.0,53.0,,54.43,54.86,54.71,13.62,38.0,80.0,53.41,45.75,2.753785273643051,1.103448275735236,0
2025-04-01,Croissants,44.0,Regular Day,18.7,6.199999999999999,12.666666666666666,-3.299999999999997,10.900000000000002,11.8,24.4,0.0,0.5,12.0,39.0,0.0,0.0,20.9,236.86666666666665,3,1,91,1,0,14,4,2025,0,1,0.43388373911755823,-0.900968867902419,0.9510565162951535,0.30901699437494745,40.0,50.0,45.0,30.0,46.0,,50.71,49.64,49.24,13.63,32.0,69.0,46.73,41.25,8.539125638299666,1.1999999998400002,0
2025-04-02,Bagels,49.0,Regular Day,11.8,11.3,12.716666666666667,-2.2,9.899999999999999,6.7,18.5,0.0,-3.0999999999999996,10.00361111111111,41.0,0.0,0.0,0.0,150.05666666666667,4,2,92,0,0,14,4,2025,0,1,-0.433883739117558,-0.9009688679024191,0.9510565162951535,0.30901699437494745,51.0,55.0,53.0,54.0,40.0,,53.0,53.86,53.52,13.59,38.0,80.0,52.31,53.25,1.707825127659933,0.9906542055148921,0
2025-04-02,Croissants,59.0,Regular Day,11.8,11.3,12.716666666666667,-2.2,9.899999999999999,6.7,18.5,0.0,-3.0999999999999996,10.00361111111111,41.0,0.0,0.0,0.0,150.05666666666667,4,2,92,0,0,14,4,2025,0,1,-0.433883739117558,-0.9009688679024191,0.9510565162951535,0.30901699437494745,42.0,42.0,37.0,41.0,30.0,,48.71,48.5,48.81,12.51,32.0,69.0,47.3,40.5,2.3804761428476167,1.07692307678501,0
2025-04-03,Croissants,54.0,Regular Day,6.7,2.3000000000000007,12.766666666666667,4.675000000000001,18.7,15.7,26.0,0.0,0.3999999999999986,4.238611111111111,100.0,0.0,0.0,2.3,85.53666666666668,5,3,93,0,0,14,4,2025,0,1,-0.9749279121818236,-0.2225209339563146,0.9510565162951535,0.30901699437494745,49.0,39.0,38.0,38.0,47.0,,47.0,48.5,49.0,9.8,32.0,60.0,49.73,41.0,5.354126134736337,1.1578947366897507,0
2025-04-03,Bagels,66.0,Regular Day,6.7,2.3000000000000007,12.766666666666667,4.675000000000001,18.7,15.7,26.0,0.0,0.3999999999999986,4.238611111111111,100.0,0.0,0.0,2.3,85.53666666666668,5,3,93,0,0,14,4,2025,0,1,-0.9749279121818236,-0.2225209339563146,0.9510565162951535,0.30901699437494745,60.0,56.0,64.0,61.0,93.0,,51.14,54.43,53.67,9.58,38.0,67.0,55.98,60.25,3.304037933599835,0.9279999999257601,0
2025-04-04,Bagels,50.0,Regular Day,15.7,0.0,12.8,5.049999999999999,5.600000000000001,21.0,18.1,0.0,-0.40000000000000213,5.167777777777777,99.0,3.0,0.0,1.7,200.96,6,4,94,0,0,14,4,2025,0,1,-0.7818314824680299,0.6234898018587334,0.9510565162951535,0.30901699437494745,49.0,59.0,63.0,74.0,64.0,,52.86,54.07,54.62,9.58,38.0,67.0,56.49,61.25,10.3400515794974,0.78832116782567,0
2025-04-04,Croissants,57.0,Regular Day,15.7,0.0,12.8,5.049999999999999,5.600000000000001,21.0,18.1,0.0,-0.40000000000000213,5.167777777777777,99.0,3.0,0.0,1.7,200.96,6,4,94,0,0,14,4,2025,0,1,-0.7818314824680299,0.6234898018587334,0.9510565162951535,0.30901699437494745,49.0,63.0,65.0,58.0,36.0,,47.14,49.43,49.48,10.02,32.0,61.0,52.54,58.75,7.135591542869215,0.910569105617027,0
2025-04-05,Bagels,84.0,Regular Day,21.0,4.699999999999999,12.85,0.375,7.200000000000001,13.3,17.2,0.0,-1.0,0.3061111111111111,99.0,0.0,0.0,0.2,269.84999999999997,7,5,95,0,0,14,4,2025,1,1,-2.4492935982947064e-16,1.0,0.9510565162951535,0.30901699437494745,67.0,80.0,59.0,64.0,43.0,,54.71,54.71,54.95,7.18,47.0,67.0,55.12,67.5,8.962886439832502,1.1951219511223479,0
2025-04-05,Croissants,85.0,Regular Day,21.0,4.699999999999999,12.85,0.375,7.200000000000001,13.3,17.2,0.0,-1.0,0.3061111111111111,99.0,0.0,0.0,0.2,269.84999999999997,7,5,95,0,0,14,4,2025,1,1,-2.4492935982947064e-16,1.0,0.9510565162951535,0.30901699437494745,57.0,69.0,57.0,53.0,26.0,,48.29,49.5,48.67,8.32,40.0,61.0,49.41,59.0,6.928203230275509,1.1454545453504132,0
2025-04-06,Croissants,49.0,Regular Day,13.3,3.0999999999999996,12.883333333333333,1.5999999999999996,8.9,14.9,19.5,0.0,-0.8000000000000007,6.118333333333333,100.0,0.0,0.0,0.0,171.34833333333333,1,6,96,0,0,14,4,2025,1,1,0.7818314824680298,0.6234898018587336,0.9510565162951535,0.30901699437494745,61.0,60.0,48.0,51.0,27.0,,48.86,49.07,48.62,7.78,40.0,61.0,48.06,55.0,6.48074069840786,1.2222222220987655,0
2025-04-06,Bagels,62.0,Regular Day,13.3,3.0999999999999996,12.883333333333333,1.5999999999999996,8.9,14.9,19.5,0.0,-0.8000000000000007,6.118333333333333,100.0,0.0,0.0,0.0,171.34833333333333,1,6,96,0,0,14,4,2025,1,1,0.7818314824680298,0.6234898018587336,0.9510565162951535,0.30901699437494745,58.0,46.0,63.0,38.0,35.0,,57.0,55.71,55.86,6.86,49.0,67.0,57.09,51.25,11.354147553500733,1.029702970195079,0
2025-04-07,Bagels,45.0,Regular Day,14.9,9.6,12.933333333333334,-1.3249999999999993,9.1,8.4,15.5,0.0,-1.5,0.0,100.0,0.0,0.0,24.3,192.70666666666668,2,7,97,0,0,15,4,2025,0,1,0.9749279121818236,-0.22252093395631434,0.9510565162951535,0.30901699437494745,51.0,38.0,42.0,44.0,41.0,,56.71,55.29,55.67,7.18,49.0,67.0,55.06,43.75,5.439056290693573,1.0348837208098973,0
2025-04-07,Croissants,39.0,Regular Day,14.9,9.6,12.933333333333334,-1.3249999999999993,9.1,8.4,15.5,0.0,-1.5,0.0,100.0,0.0,0.0,24.3,192.70666666666668,2,7,97,0,0,15,4,2025,0,1,0.9749279121818236,-0.22252093395631434,0.9510565162951535,0.30901699437494745,40.0,32.0,39.0,57.0,34.0,,51.29,50.29,49.67,7.93,40.0,61.0,50.79,42.0,10.614455552060438,0.749999999921875,0
2025-04-08,Bagels,46.0,Regular Day,8.4,12.0,12.966666666666667,-0.40000000000000036,4.0,6.0,31.0,0.0,-3.2,12.0,56.0,0.0,0.0,2.1,108.92,3,8,98,0,0,15,4,2025,0,2,0.43388373911755823,-0.900968867902419,0.5877852522924732,-0.8090169943749473,63.0,47.0,49.0,44.0,57.0,,57.57,56.0,55.76,7.96,49.0,67.0,57.8,50.75,8.421203397773187,1.182795698797549,0
2025-04-08,Croissants,52.0,Regular Day,8.4,12.0,12.966666666666667,-0.40000000000000036,4.0,6.0,31.0,0.0,-3.2,12.0,56.0,0.0,0.0,2.1,108.92,3,8,98,0,0,15,4,2025,0,2,0.43388373911755823,-0.900968867902419,0.5877852522924732,-0.8090169943749473,44.0,40.0,50.0,45.0,33.0,,52.0,51.36,50.43,7.92,40.0,61.0,51.59,44.75,4.112987559751022,0.8842105262227148,0
2025-04-09,Croissants,65.0,Regular Day,6.0,14.0,13.016666666666667,-2.1750000000000007,10.6,4.0,18.9,0.0,-2.6999999999999993,12.241388888888888,3.0,0.0,0.0,0.0,78.10000000000001,4,9,99,0,0,15,4,2025,0,2,-0.433883739117558,-0.9009688679024191,0.5877852522924732,-0.8090169943749473,59.0,42.0,42.0,37.0,41.0,,53.14,50.93,50.05,7.99,40.0,61.0,52.95,45.0,9.626352718795768,1.278481012496395,0
2025-04-09,Bagels,60.0,Regular Day,6.0,14.0,13.016666666666667,-2.1750000000000007,10.6,4.0,18.9,0.0,-2.6999999999999993,12.241388888888888,3.0,0.0,0.0,0.0,78.10000000000001,4,9,99,0,0,15,4,2025,0,2,-0.433883739117558,-0.9009688679024191,0.5877852522924732,-0.8090169943749473,49.0,51.0,55.0,53.0,46.0,,57.71,55.36,55.14,7.78,49.0,67.0,55.85,52.0,2.581988897471611,0.9259259258401921,0
2025-04-10,Croissants,49.0,Regular Day,4.0,11.4,13.066666666666666,-2.8499999999999996,8.0,6.6,18.9,0.0,-3.9000000000000004,9.838055555555556,63.0,0.0,0.0,0.0,52.266666666666666,5,10,100,0,0,15,4,2025,0,2,-0.9749279121818236,-0.2225209339563146,0.5877852522924732,-0.8090169943749473,54.0,49.0,39.0,38.0,33.0,,57.14,52.07,51.38,14.55,40.0,85.0,60.96,45.0,7.788880963698615,1.3376623374886154,0
2025-04-10,Bagels,54.0,Regular Day,4.0,11.4,13.066666666666666,-2.8499999999999996,8.0,6.6,18.9,0.0,-3.9000000000000004,9.838055555555556,63.0,0.0,0.0,0.0,52.266666666666666,5,10,100,0,0,15,4,2025,0,2,-0.9749279121818236,-0.2225209339563146,0.5877852522924732,-0.8090169943749473,66.0,60.0,56.0,64.0,62.0,,60.14,55.64,56.33,12.43,49.0,84.0,62.89,61.5,4.43471156521669,1.0499999999125,0
2025-04-11,Croissants,45.0,Regular Day,6.6,11.4,13.1,-5.500000000000002,2.6000000000000005,6.6,18.6,0.0,-3.6000000000000005,0.0,100.0,0.0,0.0,8.7,86.46,6,11,101,0,0,15,4,2025,0,2,-0.7818314824680299,0.6234898018587334,0.5877852522924732,-0.8090169943749473,57.0,49.0,63.0,65.0,32.0,,55.43,51.29,51.43,14.73,40.0,85.0,57.97,58.5,7.187952884282608,0.8281249999353026,0
2025-04-11,Bagels,83.0,Regular Day,6.6,11.4,13.1,-5.500000000000002,2.6000000000000005,6.6,18.6,0.0,-3.6000000000000005,0.0,100.0,0.0,0.0,8.7,86.46,6,11,101,0,0,15,4,2025,0,2,-0.7818314824680299,0.6234898018587334,0.5877852522924732,-0.8090169943749473,50.0,49.0,59.0,63.0,78.0,,60.71,56.79,56.29,12.41,49.0,84.0,62.67,55.25,6.849574196011505,0.8114754097695512,0
2025-04-12,Bagels,84.0,Regular Day,6.6,13.5,13.15,-7.774999999999999,3.6,4.5,26.7,0.0,-4.0,0.0,100.0,0.0,0.0,13.5,86.78999999999999,7,12,102,0,0,15,4,2025,1,2,-2.4492935982947064e-16,1.0,0.5877852522924732,-0.8090169943749473,84.0,67.0,80.0,59.0,39.0,,59.86,57.29,56.43,13.36,45.0,84.0,58.25,72.5,11.561430130683084,1.0863309351736452,0
2025-04-12,Croissants,60.0,Regular Day,6.6,13.5,13.15,-7.774999999999999,3.6,4.5,26.7,0.0,-4.0,0.0,100.0,0.0,0.0,13.5,86.78999999999999,7,12,102,0,0,15,4,2025,1,2,-2.4492935982947064e-16,1.0,0.5877852522924732,-0.8090169943749473,85.0,57.0,69.0,57.0,30.0,,55.29,51.79,51.43,14.91,39.0,85.0,53.23,67.0,13.2664991614216,1.1269841268946839,0
2025-04-13,Bagels,66.0,Regular Day,4.5,10.2,13.183333333333334,-7.849999999999999,10.7,7.8,23.6,0.0,-4.199999999999999,3.792777777777778,92.0,0.0,0.0,0.6,59.325,1,13,103,0,0,15,4,2025,1,2,0.7818314824680298,0.6234898018587336,0.5877852522924732,-0.8090169943749473,62.0,58.0,46.0,63.0,41.0,,57.43,57.21,56.29,14.21,45.0,84.0,55.19,57.25,7.804912982645397,1.100917431091659,0
2025-04-13,Croissants,52.0,Regular Day,4.5,10.2,13.183333333333334,-7.849999999999999,10.7,7.8,23.6,0.0,-4.199999999999999,3.792777777777778,92.0,0.0,0.0,0.6,59.325,1,13,103,0,0,15,4,2025,1,2,0.7818314824680298,0.6234898018587336,0.5877852522924732,-0.8090169943749473,49.0,61.0,60.0,48.0,18.0,,56.43,52.64,51.52,14.19,39.0,85.0,52.92,54.5,6.95221787153807,1.0185185184242114,0
2025-04-14,Bagels,57.0,Regular Day,7.8,6.699999999999999,13.233333333333333,-5.574999999999999,15.599999999999998,11.3,14.1,0.0,-1.7999999999999972,10.005555555555556,72.0,0.0,0.0,0.0,103.21999999999998,2,14,104,0,0,16,4,2025,0,2,0.9749279121818236,-0.22252093395631434,0.5877852522924732,-0.8090169943749473,45.0,51.0,38.0,42.0,56.0,,59.0,57.86,56.52,13.72,45.0,84.0,56.39,44.0,5.477225575051661,1.1999999998500002,0
2025-04-14,Croissants,46.0,Regular Day,7.8,6.699999999999999,13.233333333333333,-5.574999999999999,15.599999999999998,11.3,14.1,0.0,-1.7999999999999972,10.005555555555556,72.0,0.0,0.0,0.0,103.21999999999998,2,14,104,0,0,16,4,2025,0,2,0.9749279121818236,-0.22252093395631434,0.5877852522924732,-0.8090169943749473,39.0,40.0,32.0,39.0,22.0,,57.29,54.29,52.62,14.55,39.0,85.0,55.94,37.5,3.696845502136472,1.1126760561813134,0
2025-04-15,Bagels,57.0,Regular Day,11.3,3.0,13.266666666666667,-2.5,8.999999999999998,15.0,30.8,0.0,-2.5,4.891111111111111,86.0,0.0,0.0,2.2,149.91333333333336,3,15,105,0,0,16,4,2025,0,3,0.43388373911755823,-0.900968867902419,-0.587785252292473,-0.8090169943749476,46.0,63.0,47.0,49.0,41.0,,57.29,57.43,56.43,13.45,45.0,84.0,55.79,51.25,7.932002689527196,1.1354166665483942,0
2025-04-15,Croissants,47.0,Regular Day,11.3,3.0,13.266666666666667,-2.5,8.999999999999998,15.0,30.8,0.0,-2.5,4.891111111111111,86.0,0.0,0.0,2.2,149.91333333333336,3,15,105,0,0,16,4,2025,0,3,0.43388373911755823,-0.900968867902419,-0.587785252292473,-0.8090169943749476,52.0,44.0,40.0,50.0,19.0,,56.57,54.29,53.1,14.85,39.0,85.0,54.21,46.5,5.507570547286102,1.0666666665481481,0
2025-04-16,Croissants,50.0,Regular Day,15.0,8.1,13.3,-7.999999999999998,7.6,9.9,30.2,0.0,-5.799999999999999,10.833055555555555,40.0,0.0,0.0,0.0,199.5,4,16,106,0,0,16,4,2025,0,3,-0.433883739117558,-0.9009688679024191,-0.587785252292473,-0.8090169943749476,65.0,59.0,42.0,42.0,27.0,,54.86,54.0,52.24,15.48,39.0,85.0,51.9,52.0,11.803954139750516,1.4761904760147393,0
2025-04-16,Bagels,60.0,Regular Day,15.0,8.1,13.3,-7.999999999999998,7.6,9.9,30.2,0.0,-5.799999999999999,10.833055555555555,40.0,0.0,0.0,0.0,199.5,4,16,106,0,0,16,4,2025,0,3,-0.433883739117558,-0.9009688679024191,-0.587785252292473,-0.8090169943749476,60.0,49.0,51.0,55.0,60.0,,62.0,59.86,57.57,16.01,45.0,84.0,62.59,53.75,4.856267428111155,1.0283018866954432,0
2025-04-17,Croissants,42.0,Regular Day,9.9,9.0,13.35,-6.975000000000001,12.5,9.0,17.3,0.0,-2.5,12.675833333333333,0.0,0.0,0.0,0.0,132.165,5,17,107,0,0,16,4,2025,0,3,-0.9749279121818236,-0.2225209339563146,-0.587785252292473,-0.8090169943749476,49.0,54.0,49.0,39.0,29.0,,51.29,54.21,51.81,8.81,39.0,65.0,53.93,47.75,6.2915286960589585,1.1704545453215394,0
2025-04-17,Bagels,96.0,Regular Day,9.9,9.0,13.35,-6.975000000000001,12.5,9.0,17.3,0.0,-2.5,12.675833333333333,0.0,0.0,0.0,0.0,132.165,5,17,107,0,0,16,4,2025,0,3,-0.9749279121818236,-0.2225209339563146,-0.587785252292473,-0.8090169943749476,54.0,66.0,60.0,56.0,54.0,,62.0,61.07,57.76,16.01,45.0,84.0,67.95,59.0,5.291502622129181,1.0344827585315102,0
2025-04-18,Croissants,49.0,Regular Day,9.0,5.9,13.383333333333333,-1.6750000000000025,14.100000000000001,12.1,22.0,0.0,-2.5,13.039166666666667,43.0,0.0,0.0,0.0,120.44999999999999,6,18,108,0,0,16,4,2025,0,3,-0.7818314824680299,0.6234898018587334,-0.587785252292473,-0.8090169943749476,45.0,57.0,49.0,63.0,36.0,,51.71,53.57,51.43,8.75,39.0,65.0,53.45,53.5,8.06225774829855,0.910714285632972,0
2025-04-18,Bagels,82.0,Regular Day,9.0,5.9,13.383333333333333,-1.6750000000000025,14.100000000000001,12.1,22.0,0.0,-2.5,13.039166666666667,43.0,0.0,0.0,0.0,120.44999999999999,6,18,108,0,0,16,4,2025,0,3,-0.7818314824680299,0.6234898018587334,-0.587785252292473,-0.8090169943749476,83.0,50.0,49.0,59.0,61.0,,62.57,61.64,58.71,16.08,45.0,84.0,67.46,60.25,15.819292019556375,1.2314814813674555,0
2025-04-19,Croissants,48.0,Regular Day,12.1,0.0,13.433333333333334,6.649999999999999,12.299999999999999,20.5,23.1,0.0,-0.8999999999999986,10.313333333333333,86.0,2.5,0.0,0.0,162.54333333333332,7,19,109,0,0,16,4,2025,1,3,-2.4492935982947064e-16,1.0,-0.587785252292473,-0.8090169943749476,60.0,85.0,57.0,69.0,28.0,,52.71,54.0,52.1,7.34,45.0,65.0,51.58,67.75,12.579745625409124,1.150793650702318,0
2025-04-19,Bagels,79.0,Regular Day,12.1,0.0,13.433333333333334,6.649999999999999,12.299999999999999,20.5,23.1,0.0,-0.8999999999999986,10.313333333333333,86.0,2.5,0.0,0.0,162.54333333333332,7,19,109,0,0,16,4,2025,1,3,-2.4492935982947064e-16,1.0,-0.587785252292473,-0.8090169943749476,84.0,84.0,67.0,80.0,45.0,,64.29,62.07,59.62,14.45,46.0,84.0,64.84,78.75,8.05708797684788,1.1428571427793974,0
2025-04-20,Bagels,46.0,Regular Day,20.5,0.0,13.466666666666667,8.000000000000002,6.799999999999997,20.6,22.1,0.0,-1.0999999999999979,12.206111111111111,94.0,2.6000000000000014,0.0,0.0,276.06666666666666,1,20,110,0,0,16,4,2025,1,3,0.7818314824680298,0.6234898018587336,-0.587785252292473,-0.8090169943749476,66.0,62.0,58.0,46.0,54.0,,65.86,61.64,60.1,12.62,54.0,84.0,62.88,58.0,8.640987597877148,1.2307692306508877,0
2025-04-20,Croissants,53.0,Regular Day,20.5,0.0,13.466666666666667,8.000000000000002,6.799999999999997,20.6,22.1,0.0,-1.0999999999999979,12.206111111111111,94.0,2.6000000000000014,0.0,0.0,276.06666666666666,1,20,110,0,0,16,4,2025,1,3,0.7818314824680298,0.6234898018587336,-0.587785252292473,-0.8090169943749476,52.0,49.0,61.0,60.0,31.0,,52.0,54.21,52.43,7.66,45.0,65.0,50.44,55.5,5.916079783099616,0.8347107437326686,0
2025-04-21,Bagels,62.0,Regular Day,20.6,6.0,13.5,0.5250000000000004,10.8,12.0,18.1,0.0,-3.1000000000000014,7.149444444444445,82.0,0.0,0.0,0.0,278.1,2,21,111,0,0,17,4,2025,0,3,0.9749279121818236,-0.22252093395631434,-0.587785252292473,-0.8090169943749476,57.0,45.0,51.0,38.0,39.0,,65.86,62.43,60.52,12.62,54.0,84.0,62.16,47.75,8.139410298049853,1.1460674156015656,0
2025-04-21,Croissants,59.0,Regular Day,20.6,6.0,13.5,0.5250000000000004,10.8,12.0,18.1,0.0,-3.1000000000000014,7.149444444444445,82.0,0.0,0.0,0.0,278.1,2,21,111,0,0,17,4,2025,0,3,0.9749279121818236,-0.22252093395631434,-0.587785252292473,-0.8090169943749476,46.0,39.0,40.0,32.0,30.0,,49.86,53.57,52.81,5.08,45.0,60.0,50.33,39.25,5.737304826019502,1.1805555553915896,0
2025-04-22,Croissants,47.0,Regular Day,12.0,0.0,13.55,4.300000000000001,12.4,18.8,17.7,0.0,0.0,12.56611111111111,78.0,0.8000000000000007,0.0,0.5,162.60000000000002,3,22,112,0,0,17,4,2025,0,4,0.43388373911755823,-0.900968867902419,-0.9510565162951536,0.30901699437494723,47.0,52.0,44.0,40.0,23.0,,48.86,52.71,52.48,5.9,42.0,60.0,48.25,45.75,5.057996968497839,1.1785714284311226,0
2025-04-22,Bagels,45.0,Regular Day,12.0,0.0,13.55,4.300000000000001,12.4,18.8,17.7,0.0,0.0,12.56611111111111,78.0,0.8000000000000007,0.0,0.5,162.60000000000002,3,22,112,0,0,17,4,2025,0,4,0.43388373911755823,-0.900968867902419,-0.9510565162951536,0.30901699437494723,57.0,46.0,63.0,47.0,71.0,,71.86,64.57,62.24,15.66,57.0,96.0,70.62,53.25,8.180260794538684,0.9363636362785125,0
2025-04-23,Croissants,57.0,Regular Day,18.8,0.3999999999999986,13.583333333333334,3.275000000000002,11.200000000000001,17.6,14.9,0.0,-0.5,12.0,79.0,0.0,0.0,0.0,255.36666666666667,4,23,113,0,0,17,4,2025,0,4,-0.433883739117558,-0.9009688679024191,-0.9510565162951536,0.30901699437494723,50.0,65.0,59.0,42.0,26.0,,49.43,52.14,52.48,5.65,42.0,60.0,48.43,54.0,10.099504938362077,1.1386138612734047,0
2025-04-23,Bagels,61.0,Regular Day,18.8,0.3999999999999986,13.583333333333334,3.275000000000002,11.200000000000001,17.6,14.9,0.0,-0.5,12.0,79.0,0.0,0.0,0.0,255.36666666666667,4,23,113,0,0,17,4,2025,0,4,-0.433883739117558,-0.9009688679024191,-0.9510565162951536,0.30901699437494723,60.0,60.0,49.0,51.0,45.0,,71.71,66.86,63.81,15.54,57.0,96.0,73.47,55.0,5.830951894845301,1.1999999998800002,0
2025-04-24,Bagels,56.0,Regular Day,17.6,1.5,13.633333333333333,3.299999999999999,16.1,16.5,16.1,0.0,-0.1999999999999993,13.391111111111112,61.0,0.0,0.0,0.0,239.9466666666667,5,24,114,0,0,17,4,2025,0,4,-0.9749279121818236,-0.2225209339563146,-0.9510565162951536,0.30901699437494723,96.0,54.0,66.0,60.0,49.0,,71.0,66.5,64.38,14.99,57.0,96.0,74.85,69.0,18.65475810617763,1.1904761903817083,0
2025-04-24,Croissants,56.0,Regular Day,17.6,1.5,13.633333333333333,3.299999999999999,16.1,16.5,16.1,0.0,-0.1999999999999993,13.391111111111112,61.0,0.0,0.0,0.0,239.9466666666667,5,24,114,0,0,17,4,2025,0,4,-0.9749279121818236,-0.2225209339563146,-0.9510565162951536,0.30901699437494723,42.0,49.0,54.0,49.0,39.0,,47.71,49.5,52.05,3.2,42.0,52.0,48.33,48.5,4.932882862316247,0.8834951455452917,0
2025-04-25,Bagels,76.0,Regular Day,16.5,1.0,13.666666666666666,4.25,12.700000000000001,17.0,17.9,0.0,0.09999999999999787,11.706666666666667,78.0,0.0,0.0,0.0,225.5,6,25,115,0,0,17,4,2025,0,4,-0.7818314824680299,0.6234898018587334,-0.9510565162951536,0.30901699437494723,82.0,83.0,50.0,49.0,76.0,,68.14,65.36,63.81,17.75,46.0,96.0,67.64,66.0,19.061304607327727,1.6666666664983165,0
2025-04-25,Croissants,47.0,Regular Day,16.5,1.0,13.666666666666666,4.25,12.700000000000001,17.0,17.9,0.0,0.09999999999999787,11.706666666666667,78.0,0.0,0.0,0.0,225.5,6,25,115,0,0,17,4,2025,0,4,-0.7818314824680299,0.6234898018587334,-0.9510565162951536,0.30901699437494723,49.0,45.0,57.0,49.0,48.0,,47.86,49.79,51.67,3.44,42.0,53.0,49.49,50.0,5.033222956847166,0.8867924527465291,0
2025-04-26,Croissants,56.0,Regular Day,17.0,0.0,13.7,6.625000000000002,9.1,18.6,25.3,0.0,-0.6000000000000014,5.834444444444444,99.0,0.6000000000000014,0.0,12.8,232.89999999999998,7,26,116,0,0,17,4,2025,1,4,-2.4492935982947064e-16,1.0,-0.9510565162951536,0.30901699437494723,48.0,60.0,85.0,57.0,27.0,,49.71,51.21,52.57,5.28,42.0,59.0,51.87,62.5,15.84297951775486,0.7605633802281293,0
2025-04-26,Bagels,69.0,Regular Day,17.0,0.0,13.7,6.625000000000002,9.1,18.6,25.3,0.0,-0.6000000000000014,5.834444444444444,99.0,0.6000000000000014,0.0,12.8,232.89999999999998,7,26,116,0,0,17,4,2025,1,4,-2.4492935982947064e-16,1.0,-0.9510565162951536,0.30901699437494723,79.0,84.0,84.0,67.0,51.0,,68.86,66.57,64.33,17.32,46.0,96.0,66.23,78.5,8.020806277010642,1.0794701986040085,0
2025-04-27,Croissants,67.0,Regular Day,18.6,4.199999999999999,13.75,2.7750000000000004,10.799999999999999,13.8,32.2,0.0,-0.8999999999999986,12.853333333333333,27.0,0.0,0.0,0.0,255.75000000000003,1,27,117,0,0,17,4,2025,1,4,0.7818314824680298,0.6234898018587336,-0.9510565162951536,0.30901699437494723,53.0,52.0,49.0,61.0,27.0,,49.71,50.86,52.71,5.28,42.0,59.0,50.65,53.75,5.123475382979799,0.9545454544586778,0
2025-04-27,Bagels,62.0,Regular Day,18.6,4.199999999999999,13.75,2.7750000000000004,10.799999999999999,13.8,32.2,0.0,-0.8999999999999986,12.853333333333333,27.0,0.0,0.0,0.0,255.75000000000003,1,27,117,0,0,17,4,2025,1,4,0.7818314824680298,0.6234898018587336,-0.9510565162951536,0.30901699437494723,46.0,66.0,62.0,58.0,41.0,,67.14,66.5,63.48,19.19,45.0,96.0,60.92,58.0,8.640987597877148,0.9333333332555556,0
2025-04-28,Bagels,48.0,Regular Day,13.8,2.8000000000000007,13.783333333333333,3.7499999999999982,14.4,15.2,15.9,0.0,-1.1000000000000014,13.613333333333333,1.0,0.0,0.0,0.0,190.21,2,28,118,0,0,18,4,2025,0,4,0.9749279121818236,-0.22252093395631434,-0.9510565162951536,0.30901699437494723,62.0,57.0,45.0,51.0,42.0,,67.29,66.57,64.05,19.13,45.0,96.0,60.94,53.75,7.365459931328117,1.23958333320421,0
2025-04-28,Croissants,57.0,Regular Day,13.8,2.8000000000000007,13.783333333333333,3.7499999999999982,14.4,15.2,15.9,0.0,-1.1000000000000014,13.613333333333333,1.0,0.0,0.0,0.0,190.21,2,28,118,0,0,18,4,2025,0,4,0.9749279121818236,-0.22252093395631434,-0.9510565162951536,0.30901699437494723,59.0,46.0,39.0,40.0,19.0,,50.71,50.29,52.62,5.96,42.0,59.0,52.24,46.0,9.201449161228174,1.3291139238823908,0
2025-04-29,Bagels,43.0,Regular Day,15.2,1.5,13.816666666666666,1.6500000000000004,13.799999999999999,16.5,21.8,0.0,-1.3999999999999986,13.651111111111112,58.0,0.0,0.0,0.0,210.01333333333332,3,29,119,0,0,18,4,2025,0,5,0.43388373911755823,-0.900968867902419,-2.4492935982947064e-16,1.0,45.0,57.0,46.0,63.0,47.0,,61.57,66.71,63.57,14.55,45.0,82.0,59.71,52.75,8.73212459828649,0.9357798164279102,0
2025-04-29,Croissants,53.0,Regular Day,15.2,1.5,13.816666666666666,1.6500000000000004,13.799999999999999,16.5,21.8,0.0,-1.3999999999999986,13.651111111111112,58.0,0.0,0.0,0.0,210.01333333333332,3,29,119,0,0,18,4,2025,0,5,0.43388373911755823,-0.900968867902419,-2.4492935982947064e-16,1.0,47.0,47.0,52.0,44.0,16.0,,52.71,50.79,52.71,4.79,47.0,59.0,53.18,47.5,3.3166247903554,0.9791666665646702,0
2025-04-30,Croissants,33.0,Regular Day,16.5,0.0,13.85,4.200000000000003,8.2,21.8,21.3,0.0,-0.09999999999999787,11.479166666666666,92.0,3.8000000000000007,0.0,0.0,228.525,4,30,120,0,1,18,4,2025,0,5,-0.433883739117558,-0.9009688679024191,-2.4492935982947064e-16,1.0,57.0,50.0,65.0,59.0,21.0,,52.43,50.93,52.24,5.09,47.0,59.0,51.63,57.75,6.18465843842649,0.8629032257368627,0
2025-04-30,Bagels,58.0,Regular Day,16.5,0.0,13.85,4.200000000000003,8.2,21.8,21.3,0.0,-0.09999999999999787,11.479166666666666,92.0,3.8000000000000007,0.0,0.0,228.525,4,30,120,0,1,18,4,2025,0,5,-0.433883739117558,-0.9009688679024191,-2.4492935982947064e-16,1.0,61.0,60.0,60.0,49.0,40.0,,60.71,66.21,64.81,13.26,45.0,79.0,63.78,57.5,5.686240703077327,1.1100917430174229,0
2025-05-01,Bagels,62.0,Regular Day,21.8,2.3000000000000007,13.9,-0.25,11.2,15.7,16.8,0.0,-1.6999999999999993,12.953333333333333,66.0,0.0,0.0,0.0,303.02000000000004,5,1,121,1,0,18,5,2025,0,1,-0.9749279121818236,-0.2225209339563146,0.9510565162951535,0.30901699437494745,56.0,96.0,54.0,66.0,48.0,,59.29,65.14,64.1,11.37,45.0,76.0,65.08,68.0,19.390719429665317,1.2666666665611113,0
2025-05-01,Croissants,38.0,Regular Day,21.8,2.3000000000000007,13.9,-0.25,11.2,15.7,16.8,0.0,-1.6999999999999993,12.953333333333333,66.0,0.0,0.0,0.0,303.02000000000004,5,1,121,1,0,18,5,2025,0,1,-0.9749279121818236,-0.2225209339563146,0.9510565162951535,0.30901699437494745,56.0,42.0,49.0,54.0,32.0,,53.57,50.64,50.86,4.83,47.0,59.0,52.73,50.25,6.238322424070967,0.9514563105872373,0
2025-05-02,Bagels,67.0,Regular Day,15.7,0.0,13.933333333333334,5.125,13.9,20.9,17.9,0.0,1.1999999999999993,13.163333333333334,70.0,2.8999999999999986,0.0,0.1,218.75333333333333,6,2,122,0,0,18,5,2025,0,1,-0.7818314824680299,0.6234898018587334,0.9510565162951535,0.30901699437494745,76.0,82.0,83.0,50.0,59.0,,61.57,64.86,64.1,9.74,45.0,76.0,64.31,72.75,15.478479684172259,1.187969924722709,0
2025-05-02,Croissants,44.0,Regular Day,15.7,0.0,13.933333333333334,5.125,13.9,20.9,17.9,0.0,1.1999999999999993,13.163333333333334,70.0,2.8999999999999986,0.0,0.1,218.75333333333333,6,2,122,0,0,18,5,2025,0,1,-0.7818314824680299,0.6234898018587334,0.9510565162951535,0.30901699437494745,47.0,49.0,45.0,57.0,40.0,,55.57,51.71,51.71,6.97,47.0,67.0,56.29,49.5,5.259911279353167,0.9411764704959632,0
2025-05-03,Bagels,105.0,Regular Day,20.9,0.0,13.966666666666667,6.875,9.600000000000001,22.1,24.1,0.0,1.0,13.7975,76.0,4.100000000000001,0.0,4.4,291.9033333333333,7,3,123,0,0,18,5,2025,1,1,-2.4492935982947064e-16,1.0,0.9510565162951535,0.30901699437494745,69.0,79.0,84.0,84.0,56.0,,59.57,64.21,64.24,11.0,45.0,76.0,60.23,79.0,7.0710678118654755,0.8809523808999433,0
2025-05-03,Croissants,47.0,Regular Day,20.9,0.0,13.966666666666667,6.875,9.600000000000001,22.1,24.1,0.0,1.0,13.7975,76.0,4.100000000000001,0.0,4.4,291.9033333333333,7,3,123,0,0,18,5,2025,1,1,-2.4492935982947064e-16,1.0,0.9510565162951535,0.30901699437494745,56.0,48.0,60.0,85.0,40.0,,55.29,52.5,52.57,6.85,47.0,67.0,56.47,62.25,15.96610994158147,0.7172413792608798,0
2025-05-04,Bagels,101.0,Regular Day,22.1,0.0,14.0,4.175000000000001,3.200000000000003,18.3,20.0,0.0,0.1999999999999993,2.095833333333333,100.0,0.3000000000000007,0.0,9.7,309.40000000000003,1,4,124,0,0,18,5,2025,1,1,0.7818314824680298,0.6234898018587336,0.9510565162951535,0.30901699437494745,62.0,46.0,66.0,62.0,47.0,,59.29,63.21,64.1,11.46,43.0,76.0,55.93,59.0,8.86942313043338,0.843749999934082,0
2025-05-04,Croissants,47.0,Regular Day,22.1,0.0,14.0,4.175000000000001,3.200000000000003,18.3,20.0,0.0,0.1999999999999993,2.095833333333333,100.0,0.3000000000000007,0.0,9.7,309.40000000000003,1,4,124,0,0,18,5,2025,1,1,0.7818314824680298,0.6234898018587336,0.9510565162951535,0.30901699437494745,67.0,53.0,52.0,49.0,15.0,,56.14,52.93,52.62,5.96,47.0,67.0,55.6,55.25,8.0156097709407,1.1881188117635526,0
2025-05-05,Croissants,49.0,Regular Day,18.3,1.1000000000000014,14.033333333333333,2.6750000000000007,6.100000000000001,16.9,17.1,0.0,0.09999999999999787,2.0591666666666666,100.0,0.0,0.0,1.1,256.81,2,5,125,0,0,19,5,2025,0,1,0.9749279121818236,-0.22252093395631434,0.9510565162951535,0.30901699437494745,57.0,59.0,46.0,39.0,16.0,,52.71,51.71,51.1,10.53,33.0,67.0,49.95,50.25,9.429563439877091,1.3647058821923876,0
2025-05-05,Bagels,60.0,Regular Day,18.3,1.1000000000000014,14.033333333333333,2.6750000000000007,6.100000000000001,16.9,17.1,0.0,0.09999999999999787,2.0591666666666666,100.0,0.0,0.0,1.1,256.81,2,5,125,0,0,19,5,2025,0,1,0.9749279121818236,-0.22252093395631434,0.9510565162951535,0.30901699437494745,48.0,62.0,57.0,45.0,50.0,,58.86,63.07,64.0,11.44,43.0,76.0,56.44,53.0,7.874007874011811,1.078431372443291,0
2025-05-06,Croissants,30.0,Regular Day,16.9,0.10000000000000142,14.066666666666666,2.3999999999999986,11.100000000000001,17.9,26.5,0.0,-0.10000000000000142,9.318055555555556,79.0,0.0,0.0,3.2,237.72666666666663,3,6,126,0,0,19,5,2025,0,1,0.43388373911755823,-0.900968867902419,0.9510565162951535,0.30901699437494745,53.0,47.0,47.0,52.0,49.0,,50.14,51.43,50.57,11.73,33.0,67.0,46.96,49.75,3.2015621187164243,1.0101010099989798,0
2025-05-06,Bagels,81.0,Regular Day,16.9,0.10000000000000142,14.066666666666666,2.3999999999999986,11.100000000000001,17.9,26.5,0.0,-0.10000000000000142,9.318055555555556,79.0,0.0,0.0,3.2,237.72666666666663,3,6,126,0,0,19,5,2025,0,1,0.43388373911755823,-0.900968867902419,0.9510565162951535,0.30901699437494745,43.0,45.0,57.0,46.0,80.0,,59.71,60.64,64.38,11.41,43.0,76.0,57.83,47.75,6.2915286960589585,0.8543689319558866,0
2025-05-07,Croissants,52.0,Regular Day,17.9,0.6999999999999993,14.116666666666667,0.75,9.299999999999999,17.3,15.0,0.0,-1.0999999999999979,13.814166666666667,64.0,0.0,0.0,0.0,252.68833333333333,4,7,127,0,0,19,5,2025,0,1,-0.433883739117558,-0.9009688679024191,0.9510565162951535,0.30901699437494745,33.0,57.0,50.0,65.0,47.0,,49.71,51.07,50.52,11.91,33.0,67.0,46.22,51.25,13.62289739127963,0.782608695584121,0
2025-05-07,Bagels,48.0,Regular Day,17.9,0.6999999999999993,14.116666666666667,0.75,9.299999999999999,17.3,15.0,0.0,-1.0999999999999979,13.814166666666667,64.0,0.0,0.0,0.0,252.68833333333333,4,7,127,0,0,19,5,2025,0,1,-0.433883739117558,-0.9009688679024191,0.9510565162951535,0.30901699437494745,58.0,61.0,60.0,60.0,48.0,,58.43,59.57,63.62,9.64,43.0,69.0,60.13,59.75,1.2583057392117916,0.9916666665840278,0
2025-05-08,Croissants,49.0,Regular Day,17.3,0.0,14.15,1.125,12.4,18.7,12.1,0.0,1.3999999999999986,13.9,60.0,0.6999999999999993,0.0,0.2,244.79500000000002,5,8,128,0,0,19,5,2025,0,2,-0.9749279121818236,-0.2225209339563146,0.5877852522924732,-0.8090169943749473,38.0,56.0,42.0,49.0,54.0,,48.43,51.0,49.9,11.6,33.0,67.0,46.42,46.25,7.932002689527196,1.03296703285352,0
2025-05-08,Bagels,77.0,Regular Day,17.3,0.0,14.15,1.125,12.4,18.7,12.1,0.0,1.3999999999999986,13.9,60.0,0.6999999999999993,0.0,0.2,244.79500000000002,5,8,128,0,0,19,5,2025,0,2,-0.9749279121818236,-0.2225209339563146,0.5877852522924732,-0.8090169943749473,62.0,56.0,96.0,54.0,62.0,,63.57,61.43,64.62,20.12,43.0,105.0,71.34,67.0,19.629909152447276,0.7866666666142221,0
2025-05-09,Croissants,57.0,Regular Day,18.7,2.0999999999999996,14.183333333333334,-1.3249999999999975,8.600000000000001,15.9,17.9,0.0,1.5,4.5072222222222225,95.0,0.0,0.0,12.3,265.22833333333335,6,9,129,0,0,19,5,2025,0,2,-0.7818314824680299,0.6234898018587334,0.5877852522924732,-0.8090169943749473,44.0,47.0,49.0,45.0,34.0,,45.57,50.57,49.67,8.24,33.0,57.0,46.56,46.25,2.217355782608345,0.968085106279991,0
2025-05-09,Bagels,83.0,Regular Day,18.7,2.0999999999999996,14.183333333333334,-1.3249999999999975,8.600000000000001,15.9,17.9,0.0,1.5,4.5072222222222225,95.0,0.0,0.0,12.3,265.22833333333335,6,9,129,0,0,19,5,2025,0,2,-0.7818314824680299,0.6234898018587334,0.5877852522924732,-0.8090169943749473,67.0,76.0,82.0,83.0,65.0,,69.14,65.36,66.29,24.53,43.0,105.0,78.76,77.0,7.3484692283495345,0.8666666666141414,0
2025-05-10,Croissants,60.0,Regular Day,15.9,3.5,14.216666666666667,-1.8500000000000014,11.600000000000001,14.5,21.0,0.0,-2.3000000000000007,13.0,16.0,0.0,0.0,0.0,226.04500000000002,7,10,130,0,0,19,5,2025,1,2,-2.4492935982947064e-16,1.0,0.5877852522924732,-0.8090169943749473,47.0,56.0,48.0,60.0,41.0,,44.43,49.86,49.81,6.83,33.0,53.0,47.17,52.75,6.2915286960589585,0.9537037036153979,0
2025-05-10,Bagels,93.0,Regular Day,15.9,3.5,14.216666666666667,-1.8500000000000014,11.600000000000001,14.5,21.0,0.0,-2.3000000000000007,13.0,16.0,0.0,0.0,0.0,226.04500000000002,7,10,130,0,0,19,5,2025,1,2,-2.4492935982947064e-16,1.0,0.5877852522924732,-0.8090169943749473,105.0,69.0,79.0,84.0,67.0,,70.86,65.21,66.43,23.19,43.0,105.0,74.07,84.25,15.173990905493518,1.0674846625111971,0
2025-05-11,Bagels,59.0,Regular Day,14.5,0.0,14.25,3.674999999999999,13.599999999999998,18.9,14.5,0.0,0.20000000000000284,13.9475,83.0,0.8999999999999986,0.0,0.0,206.625,1,11,131,0,0,19,5,2025,1,2,0.7818314824680298,0.6234898018587336,0.5877852522924732,-0.8090169943749473,101.0,62.0,46.0,66.0,41.0,,76.29,67.79,67.57,19.78,58.0,105.0,75.8,68.75,23.17146233336745,1.4553571427272003,0
2025-05-11,Croissants,46.0,Regular Day,14.5,0.0,14.25,3.674999999999999,13.599999999999998,18.9,14.5,0.0,0.20000000000000284,13.9475,83.0,0.8999999999999986,0.0,0.0,206.625,1,11,131,0,0,19,5,2025,1,2,0.7818314824680298,0.6234898018587336,0.5877852522924732,-0.8090169943749473,47.0,67.0,53.0,52.0,41.0,,41.14,48.64,49.0,7.52,30.0,49.0,42.88,54.75,8.578072821638514,1.0857142856108843,0
2025-05-12,Croissants,52.0,Regular Day,18.9,0.0,14.283333333333333,2.724999999999998,11.4,18.4,14.8,0.0,-0.40000000000000213,12.273055555555555,81.0,0.3999999999999986,0.0,0.0,269.955,2,12,132,0,0,20,5,2025,0,2,0.9749279121818236,-0.22252093395631434,0.5877852522924732,-0.8090169943749473,49.0,57.0,59.0,46.0,43.0,,43.86,48.29,49.1,7.52,30.0,52.0,45.16,52.75,6.238322424070967,1.0095238094276644,0
2025-05-12,Bagels,67.0,Regular Day,18.9,0.0,14.283333333333333,2.724999999999998,11.4,18.4,14.8,0.0,-0.40000000000000213,12.273055555555555,81.0,0.3999999999999986,0.0,0.0,269.955,2,12,132,0,0,20,5,2025,0,2,0.9749279121818236,-0.22252093395631434,0.5877852522924732,-0.8090169943749473,60.0,48.0,62.0,57.0,41.0,,74.86,66.86,67.0,21.6,48.0,105.0,68.85,56.75,6.18465843842649,0.9075630251338183,0
2025-05-13,Croissants,42.0,Regular Day,18.4,0.6000000000000014,14.316666666666666,1.5500000000000007,3.3999999999999986,17.4,18.3,0.0,0.5,0.043333333333333335,100.0,0.0,0.0,5.4,263.4266666666666,3,13,133,0,0,20,5,2025,0,2,0.43388373911755823,-0.900968867902419,0.5877852522924732,-0.8090169943749473,30.0,53.0,47.0,47.0,38.0,,45.43,47.79,49.43,7.23,30.0,52.0,46.12,44.25,9.912113800799505,0.8829787233103215,0
2025-05-13,Bagels,74.0,Regular Day,18.4,0.6000000000000014,14.316666666666666,1.5500000000000007,3.3999999999999986,17.4,18.3,0.0,0.5,0.043333333333333335,100.0,0.0,0.0,5.4,263.4266666666666,3,13,133,0,0,20,5,2025,0,2,0.43388373911755823,-0.900968867902419,0.5877852522924732,-0.8090169943749473,81.0,43.0,45.0,57.0,53.0,,77.0,68.36,66.1,20.84,48.0,105.0,70.89,56.5,17.46424919657298,1.2156862743906192,0
2025-05-14,Croissants,48.0,Regular Day,17.4,1.1999999999999993,14.35,1.4499999999999993,4.600000000000001,16.8,20.8,0.0,0.8999999999999986,0.0,98.0,0.0,0.0,11.9,249.68999999999997,4,14,134,0,0,20,5,2025,0,2,-0.433883739117558,-0.9009688679024191,0.5877852522924732,-0.8090169943749473,52.0,33.0,57.0,50.0,40.0,,47.29,48.5,49.81,8.38,30.0,57.0,48.84,48.0,10.424330514074594,0.7943925232902438,0
2025-05-14,Bagels,59.0,Regular Day,17.4,1.1999999999999993,14.35,1.4499999999999993,4.600000000000001,16.8,20.8,0.0,0.8999999999999986,0.0,98.0,0.0,0.0,11.9,249.68999999999997,4,14,134,0,0,20,5,2025,0,2,-0.433883739117558,-0.9009688679024191,0.5877852522924732,-0.8090169943749473,48.0,58.0,61.0,60.0,45.0,,79.29,68.86,66.14,20.43,48.0,105.0,73.92,56.75,5.9651767227244274,0.8760330577788403,0
2025-05-15,Croissants,37.0,Regular Day,16.8,0.0,14.366666666666667,2.525000000000002,6.100000000000001,18.6,9.8,0.0,1.8000000000000007,5.402777777777778,93.0,0.6000000000000014,0.0,5.7,241.36,5,15,135,0,0,20,5,2025,0,3,-0.9749279121818236,-0.2225209339563146,-0.587785252292473,-0.8090169943749476,49.0,38.0,56.0,42.0,58.0,,49.14,48.79,50.38,9.65,30.0,60.0,51.63,46.25,7.932002689527196,0.8877551019502291,0
2025-05-15,Bagels,80.0,Regular Day,16.8,0.0,14.366666666666667,2.525000000000002,6.100000000000001,18.6,9.8,0.0,1.8000000000000007,5.402777777777778,93.0,0.6000000000000014,0.0,5.7,241.36,5,15,135,0,0,20,5,2025,0,3,-0.9749279121818236,-0.2225209339563146,-0.587785252292473,-0.8090169943749476,77.0,62.0,56.0,96.0,65.0,,77.57,70.57,66.81,18.31,48.0,101.0,78.69,72.75,17.839562774911272,0.9144736841503636,0
2025-05-16,Croissants,47.0,Regular Day,18.6,0.0,14.383333333333333,1.8999999999999986,10.2,19.9,14.8,0.0,2.6999999999999993,7.9655555555555555,85.0,1.8999999999999986,0.0,2.2,267.53000000000003,6,16,136,0,0,20,5,2025,0,3,-0.7818314824680299,0.6234898018587334,-0.587785252292473,-0.8090169943749476,57.0,44.0,47.0,49.0,48.0,,49.0,47.29,50.05,9.7,30.0,60.0,50.22,49.25,5.560275772537426,1.0520833332237414,0
2025-05-16,Bagels,84.0,Regular Day,18.6,0.0,14.383333333333333,1.8999999999999986,10.2,19.9,14.8,0.0,2.6999999999999993,7.9655555555555555,85.0,1.8999999999999986,0.0,2.2,267.53000000000003,6,16,136,0,0,20,5,2025,0,3,-0.7818314824680299,0.6234898018587334,-0.587785252292473,-0.8090169943749476,83.0,67.0,76.0,82.0,58.0,,71.57,70.36,67.43,16.1,48.0,93.0,73.77,77.0,7.3484692283495345,0.9493670885475084,0
2025-05-17,Croissants,60.0,Regular Day,19.9,0.0,14.416666666666666,2.1000000000000014,9.0,22.1,23.2,0.0,2.3000000000000007,9.535555555555556,65.0,4.100000000000001,0.0,1.3,286.89166666666665,7,17,137,0,0,20,5,2025,1,3,-2.4492935982947064e-16,1.0,-0.587785252292473,-0.8090169943749476,60.0,47.0,56.0,48.0,45.0,,49.43,46.93,49.71,9.76,30.0,60.0,50.67,52.75,6.2915286960589585,1.0288461537472264,0
2025-05-17,Bagels,96.0,Regular Day,19.9,0.0,14.416666666666666,2.1000000000000014,9.0,22.1,23.2,0.0,2.3000000000000007,9.535555555555556,65.0,4.100000000000001,0.0,1.3,286.89166666666665,7,17,137,0,0,20,5,2025,1,3,-2.4492935982947064e-16,1.0,-0.587785252292473,-0.8090169943749476,93.0,105.0,69.0,79.0,54.0,,72.57,71.71,67.67,15.47,48.0,93.0,72.07,86.5,15.7797338380595,1.3378378377474434,0
2025-05-18,Croissants,44.0,Regular Day,22.1,0.0,14.45,1.9250000000000007,7.399999999999999,20.3,28.2,0.0,0.3000000000000007,13.5525,29.0,2.3000000000000007,0.0,0.0,319.345,1,18,138,0,0,20,5,2025,1,3,0.7818314824680298,0.6234898018587336,-0.587785252292473,-0.8090169943749476,46.0,47.0,67.0,53.0,35.0,,51.14,46.14,49.48,6.18,42.0,60.0,48.5,53.25,9.673847907287634,0.7749999999354167,0
2025-05-18,Bagels,68.0,Regular Day,22.1,0.0,14.45,1.9250000000000007,7.399999999999999,20.3,28.2,0.0,0.3000000000000007,13.5525,29.0,2.3000000000000007,0.0,0.0,319.345,1,18,138,0,0,20,5,2025,1,3,0.7818314824680298,0.6234898018587336,-0.587785252292473,-0.8090169943749476,59.0,101.0,62.0,46.0,41.0,,71.57,73.93,69.05,15.05,48.0,93.0,72.56,67.0,23.706539182259394,1.4814814813443073,0
2025-05-19,Croissants,45.0,Regular Day,20.3,0.0,14.483333333333333,0.02499999999999858,10.000000000000002,19.0,22.1,0.0,-1.2000000000000028,14.0,11.0,1.0,0.0,0.0,294.01166666666666,2,19,139,0,0,21,5,2025,0,3,0.9749279121818236,-0.22252093395631434,-0.587785252292473,-0.8090169943749476,52.0,49.0,57.0,59.0,42.0,,50.57,47.21,49.05,6.27,42.0,60.0,48.38,54.25,4.573474244670748,0.8706896550973544,0
2025-05-19,Bagels,52.0,Regular Day,20.3,0.0,14.483333333333333,0.02499999999999858,10.000000000000002,19.0,22.1,0.0,-1.2000000000000028,14.0,11.0,1.0,0.0,0.0,294.01166666666666,2,19,139,0,0,21,5,2025,0,3,0.9749279121818236,-0.22252093395631434,-0.587785252292473,-0.8090169943749476,67.0,60.0,48.0,62.0,50.0,,73.14,74.0,68.95,12.55,59.0,93.0,69.17,59.25,8.05708797684788,1.1545454544404958,0
2025-05-20,Bagels,74.0,Regular Day,19.0,3.5,14.516666666666667,-3.875,12.400000000000002,14.5,15.6,0.0,-0.20000000000000284,14.0,32.0,0.0,0.0,0.0,275.81666666666666,3,20,140,0,0,21,5,2025,0,3,0.43388373911755823,-0.900968867902419,-0.587785252292473,-0.8090169943749476,74.0,81.0,43.0,45.0,35.0,,73.57,75.29,70.1,12.75,59.0,93.0,71.87,60.75,19.56825660774783,1.7613636361634815,0
2025-05-20,Croissants,40.0,Regular Day,19.0,3.5,14.516666666666667,-3.875,12.400000000000002,14.5,15.6,0.0,-0.20000000000000284,14.0,32.0,0.0,0.0,0.0,275.81666666666666,3,20,140,0,0,21,5,2025,0,3,0.43388373911755823,-0.900968867902419,-0.587785252292473,-0.8090169943749476,42.0,30.0,53.0,47.0,31.0,,48.86,47.14,48.14,8.13,37.0,60.0,45.53,43.0,9.763879010584539,0.719999999928,0
2025-05-21,Bagels,67.0,Regular Day,14.5,5.4,14.533333333333333,-3.549999999999999,2.3000000000000007,12.6,23.8,0.0,-2.6000000000000014,1.3222222222222222,98.0,0.0,0.0,5.2,210.73333333333332,4,21,141,0,0,21,5,2025,0,3,-0.433883739117558,-0.9009688679024191,-0.587785252292473,-0.8090169943749476,59.0,48.0,58.0,61.0,51.0,,73.71,76.5,70.48,12.88,59.0,93.0,74.91,56.5,5.802298395176403,0.8991596637899867,0
2025-05-21,Croissants,32.0,Regular Day,14.5,5.4,14.533333333333333,-3.549999999999999,2.3000000000000007,12.6,23.8,0.0,-2.6000000000000014,1.3222222222222222,98.0,0.0,0.0,5.2,210.73333333333332,4,21,141,0,0,21,5,2025,0,3,-0.433883739117558,-0.9009688679024191,-0.587785252292473,-0.8090169943749476,48.0,52.0,33.0,57.0,46.0,,47.43,47.36,48.14,7.3,37.0,60.0,45.9,47.5,10.344080432788601,1.1111111109876544,0
2025-05-22,Croissants,43.0,Regular Day,12.6,5.4,14.566666666666666,-2.825000000000001,3.0,12.6,19.2,0.0,-1.5,0.2411111111111111,100.0,0.0,0.0,21.3,183.54,5,22,142,0,0,21,5,2025,0,4,-0.9749279121818236,-0.2225209339563146,-0.9510565162951536,0.30901699437494723,37.0,49.0,38.0,56.0,52.0,,47.43,48.29,48.33,7.3,37.0,60.0,49.42,45.0,9.128709291752768,0.9148936169239476,0
2025-05-22,Bagels,96.0,Regular Day,12.6,5.4,14.566666666666666,-2.825000000000001,3.0,12.6,19.2,0.0,-1.5,0.2411111111111111,100.0,0.0,0.0,21.3,183.54,5,22,142,0,0,21,5,2025,0,4,-0.9749279121818236,-0.2225209339563146,-0.9510565162951536,0.30901699437494723,80.0,77.0,62.0,56.0,48.0,,74.14,75.86,71.76,13.66,59.0,96.0,80.18,68.75,11.586630226256467,1.3305084744635163,0
2025-05-23,Croissants,35.0,Regular Day,12.6,4.6,14.6,-2.7333333333333325,7.700000000000001,13.4,20.2,0.0,-2.200000000000001,7.9255555555555555,87.0,0.0,0.0,2.3,183.95999999999998,6,23,143,0,0,21,5,2025,0,4,-0.7818314824680299,0.6234898018587334,-0.9510565162951536,0.30901699437494723,47.0,57.0,44.0,47.0,55.0,,47.14,48.07,47.24,7.4,37.0,60.0,48.07,48.75,5.678908345800274,1.1428571427315541,0
2025-05-23,Bagels,76.0,Regular Day,12.6,4.6,14.6,-2.7333333333333325,7.700000000000001,13.4,20.2,0.0,-2.200000000000001,7.9255555555555555,87.0,0.0,0.0,2.3,183.95999999999998,6,23,143,0,0,21,5,2025,0,4,-0.7818314824680299,0.6234898018587334,-0.9510565162951536,0.30901699437494723,84.0,83.0,67.0,76.0,83.0,,75.43,73.5,72.05,12.35,59.0,96.0,77.13,77.5,7.852812659593164,1.1678321677505012,0
2025-05-24,Croissants,57.0,Regular Day,13.4,3.9000000000000004,14.616666666666667,-3.0999999999999996,8.700000000000001,14.1,24.0,0.0,-3.900000000000002,13.0,29.0,0.0,0.0,0.0,195.86333333333334,7,24,144,0,0,21,5,2025,1,4,-2.4492935982947064e-16,1.0,-0.9510565162951536,0.30901699437494723,60.0,60.0,47.0,56.0,50.0,,46.14,47.79,46.67,7.1,37.0,60.0,47.3,55.75,6.13052471924984,1.165048543576209,0
2025-05-24,Bagels,76.0,Regular Day,13.4,3.9000000000000004,14.616666666666667,-3.0999999999999996,8.700000000000001,14.1,24.0,0.0,-3.900000000000002,13.0,29.0,0.0,0.0,0.0,195.86333333333334,7,24,144,0,0,21,5,2025,1,4,-2.4492935982947064e-16,1.0,-0.9510565162951536,0.30901699437494723,96.0,93.0,105.0,69.0,42.0,,73.29,72.93,72.24,15.06,52.0,96.0,70.85,90.75,15.370426148939398,1.0862068964892984,0
2025-05-25,Croissants,51.0,Regular Day,14.1,3.1999999999999993,14.633333333333333,-2.8333333333333357,9.7,14.8,17.4,0.0,-2.6000000000000014,12.230833333333333,50.0,0.0,0.0,0.0,206.32999999999998,1,25,145,0,0,21,5,2025,1,4,0.7818314824680298,0.6234898018587336,-0.9510565162951536,0.30901699437494723,44.0,46.0,47.0,67.0,44.0,,45.86,48.5,46.05,7.34,37.0,60.0,45.48,51.0,10.739335795724674,0.7894736841412743,0
2025-05-25,Bagels,70.0,Regular Day,14.1,3.1999999999999993,14.633333333333333,-2.8333333333333357,9.7,14.8,17.4,0.0,-2.6000000000000014,12.230833333333333,50.0,0.0,0.0,0.0,206.32999999999998,1,25,145,0,0,21,5,2025,1,4,0.7818314824680298,0.6234898018587336,-0.9510565162951536,0.30901699437494723,68.0,59.0,101.0,62.0,43.0,,73.29,72.43,73.71,15.06,52.0,96.0,71.64,72.5,19.364916731037084,0.7791411042466784,0
2025-05-26,Croissants,50.0,Memorial Day,14.8,2.4000000000000004,14.666666666666666,-1.8000000000000025,12.600000000000001,15.6,15.6,0.0,0.0,12.69111111111111,42.0,0.0,0.0,0.0,217.06666666666666,2,26,146,0,0,22,5,2025,0,4,0.9749279121818236,-0.22252093395631434,-0.9510565162951536,0.30901699437494723,45.0,52.0,49.0,57.0,37.0,,43.57,47.07,46.0,8.89,32.0,60.0,42.11,50.75,5.057996968497839,0.9150943395363119,1
2025-05-26,Bagels,55.0,Memorial Day,14.8,2.4000000000000004,14.666666666666666,-1.8000000000000025,12.600000000000001,15.6,15.6,0.0,0.0,12.69111111111111,42.0,0.0,0.0,0.0,217.06666666666666,2,26,146,0,0,22,5,2025,0,4,0.9749279121818236,-0.22252093395631434,-0.9510565162951536,0.30901699437494723,52.0,67.0,60.0,48.0,41.0,,74.43,73.79,74.14,14.07,52.0,96.0,70.48,56.75,8.460693430998036,1.1018518517498286,1
2025-05-27,Croissants,38.0,Regular Day,15.6,2.0999999999999996,14.683333333333334,-1.8666666666666654,10.700000000000001,15.9,11.7,0.0,-0.5,8.596388888888889,87.0,0.0,0.0,0.0,229.06,3,27,147,0,0,22,5,2025,0,4,0.43388373911755823,-0.900968867902419,-0.9510565162951536,0.30901699437494723,40.0,42.0,30.0,53.0,38.0,,44.43,46.64,46.24,8.42,32.0,60.0,42.33,41.25,9.429563439877091,0.9879518071098854,0
2025-05-27,Bagels,93.0,Regular Day,15.6,2.0999999999999996,14.683333333333334,-1.8666666666666654,10.700000000000001,15.9,11.7,0.0,-0.5,8.596388888888889,87.0,0.0,0.0,0.0,229.06,3,27,147,0,0,22,5,2025,0,4,0.43388373911755823,-0.900968867902419,-0.9510565162951536,0.30901699437494723,74.0,74.0,81.0,43.0,38.0,,76.71,75.14,75.76,16.26,52.0,96.0,76.86,68.0,16.990193249832878,1.1935483870005203,0
2025-05-28,Croissants,48.0,Regular Day,15.9,4.6,14.716666666666667,-3.1333333333333346,4.199999999999999,13.4,15.8,0.0,-0.9000000000000004,0.0,100.0,0.0,0.0,24.5,233.995,4,28,148,0,0,22,5,2025,0,4,-0.433883739117558,-0.9009688679024191,-0.9510565162951536,0.30901699437494723,32.0,48.0,52.0,33.0,48.0,,42.71,45.07,45.81,9.01,32.0,60.0,40.5,41.25,10.242883708539635,0.9411764704775087,0
2025-05-28,Bagels,62.0,Regular Day,15.9,4.6,14.716666666666667,-3.1333333333333346,4.199999999999999,13.4,15.8,0.0,-0.9000000000000004,0.0,100.0,0.0,0.0,24.5,233.995,4,28,148,0,0,22,5,2025,0,4,-0.433883739117558,-0.9009688679024191,-0.9510565162951536,0.30901699437494723,67.0,59.0,48.0,58.0,44.0,,75.57,74.64,76.19,15.94,52.0,96.0,76.64,58.0,7.788880963698615,1.1886792451708794,0
2025-05-29,Croissants,51.0,Regular Day,13.4,0.8000000000000007,14.716666666666667,-1.8666666666666671,8.799999999999999,17.2,18.0,0.0,0.10000000000000142,4.855277777777777,100.0,0.0,0.0,11.7,197.20333333333335,5,29,149,0,0,22,5,2025,0,5,-0.9749279121818236,-0.2225209339563146,-2.4492935982947064e-16,1.0,43.0,37.0,49.0,38.0,48.0,,42.29,44.86,46.29,8.08,32.0,57.0,44.62,41.75,5.5,0.9195402297793632,0
2025-05-29,Bagels,81.0,Regular Day,13.4,0.8000000000000007,14.716666666666667,-1.8666666666666671,8.799999999999999,17.2,18.0,0.0,0.10000000000000142,4.855277777777777,100.0,0.0,0.0,11.7,197.20333333333335,5,29,149,0,0,22,5,2025,0,5,-0.9749279121818236,-0.2225209339563146,-2.4492935982947064e-16,1.0,96.0,80.0,77.0,62.0,55.0,,72.71,73.43,74.81,13.23,52.0,96.0,76.48,78.75,13.937359864766353,1.2661870502686197,0
2025-05-30,Croissants,63.0,Regular Day,17.2,0.0,14.75,0.3000000000000007,8.4,19.0,11.9,0.0,2.8000000000000007,5.418333333333333,93.0,1.0,0.0,3.5,253.7,6,30,150,0,0,22,5,2025,0,5,-0.7818314824680299,0.6234898018587334,-2.4492935982947064e-16,1.0,35.0,47.0,57.0,44.0,65.0,,43.29,45.21,46.48,8.73,32.0,57.0,46.22,45.75,9.069178573608527,0.8118811880384277,0
2025-05-30,Bagels,81.0,Regular Day,17.2,0.0,14.75,0.3000000000000007,8.4,19.0,11.9,0.0,2.8000000000000007,5.418333333333333,93.0,1.0,0.0,3.5,253.7,6,30,150,0,0,22,5,2025,0,5,-0.7818314824680299,0.6234898018587334,-2.4492935982947064e-16,1.0,76.0,84.0,83.0,67.0,78.0,,73.0,74.21,73.33,13.13,52.0,96.0,74.86,77.5,7.852812659593164,1.0666666665955555,0
2025-05-31,Croissants,67.0,Regular Day,19.0,0.6000000000000014,14.766666666666667,0.23333333333333073,7.699999999999999,17.4,28.6,0.0,0.1999999999999993,9.67,66.0,0.0,0.0,10.1,280.56666666666666,7,31,151,0,1,22,5,2025,1,5,-2.4492935982947064e-16,1.0,-2.4492935982947064e-16,1.0,57.0,60.0,60.0,47.0,42.0,,44.0,45.07,46.52,9.09,32.0,57.0,47.16,56.0,6.164414002968976,1.0934579438230414,0
2025-05-31,Bagels,95.0,Regular Day,19.0,0.6000000000000014,14.766666666666667,0.23333333333333073,7.699999999999999,17.4,28.6,0.0,0.1999999999999993,9.67,66.0,0.0,0.0,10.1,280.56666666666666,7,31,151,0,1,22,5,2025,1,5,-2.4492935982947064e-16,1.0,-2.4492935982947064e-16,1.0,76.0,96.0,93.0,105.0,60.0,,73.43,73.36,73.1,12.35,55.0,96.0,69.9,92.5,12.12435565298214,0.8686868686429956,0
2025-06-01,Bagels,64.0,Regular Day,17.4,3.8000000000000007,14.783333333333333,-3.1666666666666643,10.499999999999998,14.2,23.4,0.0,-2.8999999999999986,12.745833333333334,40.0,0.0,0.0,0.1,257.22999999999996,1,1,152,1,0,22,6,2025,1,1,0.7818314824680298,0.6234898018587336,0.9510565162951535,0.30901699437494745,70.0,68.0,59.0,101.0,38.0,,76.14,74.71,73.67,14.42,55.0,96.0,75.67,74.5,18.303005217723125,0.8624999999460937,0
2025-06-01,Croissants,59.0,Regular Day,17.4,3.8000000000000007,14.783333333333333,-3.1666666666666643,10.499999999999998,14.2,23.4,0.0,-2.8999999999999986,12.745833333333334,40.0,0.0,0.0,0.1,257.22999999999996,1,1,152,1,0,22,6,2025,1,1,0.7818314824680298,0.6234898018587336,0.9510565162951535,0.30901699437494745,51.0,44.0,46.0,47.0,35.0,,43.71,44.79,46.9,9.27,32.0,57.0,44.87,47.0,2.943920288775949,1.0215053762342468,0
2025-06-02,Bagels,72.0,Regular Day,14.2,1.6999999999999993,14.8,-2.6000000000000014,12.400000000000002,16.3,14.3,0.0,0.09999999999999787,13.0025,17.0,0.0,0.0,0.0,210.16,2,2,153,0,0,23,6,2025,0,1,0.9749279121818236,-0.22252093395631434,0.9510565162951535,0.30901699437494745,55.0,52.0,67.0,60.0,43.0,,75.43,74.93,74.33,15.05,55.0,96.0,72.25,58.5,6.557438524302,0.84251968497303,0
2025-06-02,Croissants,41.0,Regular Day,14.2,1.6999999999999993,14.8,-2.6000000000000014,12.400000000000002,16.3,14.3,0.0,0.09999999999999787,13.0025,17.0,0.0,0.0,0.0,210.16,2,2,153,0,0,23,6,2025,0,1,0.9749279121818236,-0.22252093395631434,0.9510565162951535,0.30901699437494745,50.0,45.0,52.0,49.0,30.0,,46.0,44.79,46.71,7.75,35.0,57.0,45.65,49.0,2.943920288775949,0.9405940593128125,0
2025-06-03,Bagels,72.0,Regular Day,16.3,0.0,14.816666666666666,-0.8000000000000007,14.4,18.7,13.7,0.0,1.1000000000000014,14.0,7.0,0.6999999999999993,0.0,0.0,241.51166666666668,3,3,154,0,0,23,6,2025,0,1,0.43388373911755823,-0.900968867902419,0.9510565162951535,0.30901699437494745,93.0,74.0,74.0,81.0,54.0,,73.29,75.0,74.52,12.49,55.0,93.0,74.44,80.5,8.962886439832502,1.0774193547691986,0
2025-06-03,Croissants,37.0,Regular Day,16.3,0.0,14.816666666666666,-0.8000000000000007,14.4,18.7,13.7,0.0,1.1000000000000014,14.0,7.0,0.6999999999999993,0.0,0.0,241.51166666666668,3,3,154,0,0,23,6,2025,0,1,0.43388373911755823,-0.900968867902419,0.9510565162951535,0.30901699437494745,38.0,40.0,42.0,30.0,41.0,,47.14,45.79,46.81,7.82,35.0,57.0,46.99,37.5,5.259911279353167,1.0833333331828705,0
2025-06-04,Croissants,37.0,Regular Day,18.7,0.0,14.833333333333334,1.1333333333333364,13.8,21.0,13.5,0.0,2.3000000000000007,14.0,21.0,3.0,0.0,0.0,277.3833333333333,4,4,155,0,0,23,6,2025,0,1,-0.433883739117558,-0.9009688679024191,0.9510565162951535,0.30901699437494745,48.0,32.0,48.0,52.0,38.0,,51.14,46.93,47.1,7.73,38.0,63.0,50.99,45.0,8.86942313043338,0.79999999992,0
2025-06-04,Bagels,53.0,Regular Day,18.7,0.0,14.833333333333334,1.1333333333333364,13.8,21.0,13.5,0.0,2.3000000000000007,14.0,21.0,3.0,0.0,0.0,277.3833333333333,4,4,155,0,0,23,6,2025,0,1,-0.433883739117558,-0.9009688679024191,0.9510565162951535,0.30901699437494745,62.0,67.0,59.0,48.0,61.0,,74.0,74.79,74.43,12.81,55.0,93.0,76.08,59.0,8.04155872120988,1.2056074765228404,0
2025-06-05,Bagels,70.0,Regular Day,21.0,0.0,14.85,2.2333333333333307,11.8,22.7,14.1,0.0,2.5,12.76388888888889,79.0,4.699999999999999,0.0,0.0,311.84999999999997,5,5,156,0,0,23,6,2025,0,1,-0.9749279121818236,-0.2225209339563146,0.9510565162951535,0.30901699437494745,81.0,96.0,80.0,77.0,74.0,,76.71,74.71,74.52,15.11,55.0,95.0,80.81,83.5,8.504900548115382,1.127388534960039,0
2025-06-05,Croissants,47.0,Regular Day,21.0,0.0,14.85,2.2333333333333307,11.8,22.7,14.1,0.0,2.5,12.76388888888889,79.0,4.699999999999999,0.0,0.0,311.84999999999997,5,5,156,0,0,23,6,2025,0,1,-0.9749279121818236,-0.2225209339563146,0.9510565162951535,0.30901699437494745,51.0,43.0,37.0,49.0,58.0,,52.57,47.43,47.43,9.68,38.0,67.0,54.99,45.0,6.324555320336759,1.0930232556868578,0
2025-06-06,Bagels,78.0,National Donut Day,22.7,0.0,14.866666666666667,1.3000000000000007,10.399999999999999,22.6,14.4,0.0,3.6000000000000014,12.268333333333333,74.0,4.600000000000001,0.0,0.2,337.47333333333336,6,6,157,0,0,23,6,2025,0,1,-0.7818314824680299,0.6234898018587334,0.9510565162951535,0.30901699437494745,81.0,76.0,84.0,83.0,64.0,,75.86,74.43,74.76,15.71,55.0,95.0,76.61,81.0,3.559026084010437,0.9401197604227473,1
2025-06-06,Croissants,27.0,National Donut Day,22.7,0.0,14.866666666666667,1.3000000000000007,10.399999999999999,22.6,14.4,0.0,3.6000000000000014,12.268333333333333,74.0,4.600000000000001,0.0,0.2,337.47333333333336,6,6,157,0,0,23,6,2025,0,1,-0.7818314824680299,0.6234898018587334,0.9510565162951535,0.30901699437494745,63.0,35.0,47.0,57.0,53.0,,53.71,48.5,48.05,9.93,38.0,67.0,56.0,50.5,12.26104943849968,0.9423076922170859,1
2025-06-07,Bagels,98.0,Regular Day,22.6,0.0,14.866666666666667,-0.23333333333333073,5.699999999999999,21.6,10.8,0.0,3.5,5.9425,90.0,3.6000000000000014,1.0,16.2,335.9866666666667,7,7,158,0,0,23,6,2025,1,1,-2.4492935982947064e-16,1.0,0.9510565162951535,0.30901699437494745,95.0,76.0,96.0,93.0,38.0,,78.29,75.86,75.0,13.03,62.0,95.0,75.46,90.0,9.41629792788369,0.9047619047140337,0
2025-06-07,Croissants,64.0,Regular Day,22.6,0.0,14.866666666666667,-0.23333333333333073,5.699999999999999,21.6,10.8,0.0,3.5,5.9425,90.0,3.6000000000000014,1.0,16.2,335.9866666666667,7,7,158,0,0,23,6,2025,1,1,-2.4492935982947064e-16,1.0,0.9510565162951535,0.30901699437494745,67.0,57.0,60.0,60.0,51.0,,52.43,48.21,47.52,11.01,38.0,67.0,52.25,61.0,4.242640687119285,1.0333333332472223,0
2025-06-08,Bagels,65.0,Regular Day,21.6,0.0,14.883333333333333,-0.8333333333333321,5.399999999999999,19.9,15.4,0.0,3.3000000000000007,1.375,96.0,1.8999999999999986,0.0,3.4,321.48,1,8,159,0,0,23,6,2025,1,2,0.7818314824680298,0.6234898018587336,0.5877852522924732,-0.8090169943749473,64.0,70.0,68.0,59.0,44.0,,75.29,75.71,74.9,11.4,62.0,95.0,74.59,65.25,4.856267428111155,1.0551181101531404,0
2025-06-08,Croissants,46.0,Regular Day,21.6,0.0,14.883333333333333,-0.8333333333333321,5.399999999999999,19.9,15.4,0.0,3.3000000000000007,1.375,96.0,1.8999999999999986,0.0,3.4,321.48,1,8,159,0,0,23,6,2025,1,2,0.7818314824680298,0.6234898018587336,0.5877852522924732,-0.8090169943749473,59.0,51.0,44.0,46.0,57.0,,52.29,48.0,47.29,11.24,37.0,67.0,48.44,50.0,6.683312551921141,1.2222222220864198,0
2025-06-09,Bagels,73.0,Regular Day,19.9,0.0,14.9,-0.5666666666666629,7.300000000000001,19.3,14.4,0.0,3.3000000000000007,2.8419444444444446,96.0,1.3000000000000007,0.0,2.1,296.51,2,9,160,0,0,24,6,2025,0,2,0.9749279121818236,-0.22252093395631434,0.5877852522924732,-0.8090169943749473,72.0,55.0,52.0,67.0,44.0,,74.0,74.71,74.62,13.47,53.0,95.0,69.19,61.5,9.539392014169456,1.0672268906666196,0
2025-06-09,Croissants,40.0,Regular Day,19.9,0.0,14.9,-0.5666666666666629,7.300000000000001,19.3,14.4,0.0,3.3000000000000007,2.8419444444444446,96.0,1.3000000000000007,0.0,2.1,296.51,2,9,160,0,0,24,6,2025,0,2,0.9749279121818236,-0.22252093395631434,0.5877852522924732,-0.8090169943749473,41.0,50.0,45.0,52.0,45.0,,50.71,48.36,46.76,12.62,37.0,67.0,45.58,47.0,4.96655480858378,0.9381443298001914,0
2025-06-10,Bagels,60.0,Regular Day,19.3,0.0,14.916666666666666,-0.2666666666666657,10.0,21.0,16.2,0.0,2.599999999999998,7.6338888888888885,95.0,3.0,0.0,2.4,287.89166666666665,3,10,161,0,0,24,6,2025,0,2,0.43388373911755823,-0.900968867902419,0.5877852522924732,-0.8090169943749473,72.0,93.0,74.0,74.0,53.0,,72.43,72.86,74.14,13.15,53.0,95.0,69.4,78.25,9.878427675158296,1.114864864789536,0
2025-06-10,Croissants,46.0,Regular Day,19.3,0.0,14.916666666666666,-0.2666666666666657,10.0,21.0,16.2,0.0,2.599999999999998,7.6338888888888885,95.0,3.0,0.0,2.4,287.89166666666665,3,10,161,0,0,24,6,2025,0,2,0.43388373911755823,-0.900968867902419,0.5877852522924732,-0.8090169943749473,37.0,38.0,40.0,42.0,37.0,,50.14,48.64,47.24,12.69,37.0,67.0,45.93,39.25,2.217355782608345,0.9146341462299228,0
2025-06-11,Croissants,41.0,Regular Day,21.0,0.0,14.933333333333334,0.40000000000000213,9.099999999999998,23.0,13.9,0.0,1.4000000000000021,13.376111111111111,29.0,5.0,0.0,0.0,313.6,4,11,162,0,0,24,6,2025,0,2,-0.433883739117558,-0.9009688679024191,0.5877852522924732,-0.8090169943749473,37.0,48.0,32.0,48.0,38.0,,45.0,48.07,46.29,13.86,27.0,67.0,41.2,41.25,8.05708797684788,1.0624999998671876,0
2025-06-11,Bagels,73.0,Regular Day,21.0,0.0,14.933333333333334,0.40000000000000213,9.099999999999998,23.0,13.9,0.0,1.4000000000000021,13.376111111111111,29.0,5.0,0.0,0.0,313.6,4,11,162,0,0,24,6,2025,0,2,-0.433883739117558,-0.9009688679024191,0.5877852522924732,-0.8090169943749473,53.0,62.0,67.0,59.0,64.0,,72.0,73.0,73.86,12.87,53.0,95.0,71.55,60.25,5.852349955359813,0.9126984126259764,0
2025-06-12,Croissants,54.0,Regular Day,23.0,0.0,14.933333333333334,2.333333333333332,12.0,24.1,13.9,0.0,3.1000000000000014,14.0,37.0,6.100000000000001,0.0,0.0,343.4666666666667,5,12,163,0,0,24,6,2025,0,2,-0.9749279121818236,-0.2225209339563146,0.5877852522924732,-0.8090169943749473,47.0,51.0,43.0,37.0,65.0,,44.57,48.57,46.48,13.09,27.0,64.0,46.9,44.5,5.972157622389639,1.224999999846875,0
2025-06-12,Bagels,92.0,Regular Day,23.0,0.0,14.933333333333334,2.333333333333332,12.0,24.1,13.9,0.0,3.1000000000000014,14.0,37.0,6.100000000000001,0.0,0.0,343.4666666666667,5,12,163,0,0,24,6,2025,0,2,-0.9749279121818236,-0.2225209339563146,0.5877852522924732,-0.8090169943749473,70.0,81.0,96.0,80.0,63.0,,72.43,74.57,73.95,13.78,53.0,98.0,78.16,81.75,10.719919153924002,0.857954545405798,0
2025-06-13,Croissants,60.0,Regular Day,24.1,0.0,14.95,1.9333333333333336,6.799999999999997,23.1,15.2,0.0,2.5,12.628055555555555,95.0,5.100000000000001,0.0,0.0,360.295,6,13,164,0,0,24,6,2025,0,2,-0.7818314824680299,0.6234898018587334,0.5877852522924732,-0.8090169943749473,27.0,63.0,35.0,47.0,57.0,,42.71,48.21,46.57,11.53,27.0,64.0,46.67,43.0,15.663120165960974,1.0975609754759073,0
2025-06-13,Bagels,69.0,Regular Day,24.1,0.0,14.95,1.9333333333333336,6.799999999999997,23.1,15.2,0.0,2.5,12.628055555555555,95.0,5.100000000000001,0.0,0.0,360.295,6,13,164,0,0,24,6,2025,0,2,-0.7818314824680299,0.6234898018587334,0.5877852522924732,-0.8090169943749473,78.0,81.0,76.0,84.0,59.0,,72.57,74.21,73.81,13.69,53.0,98.0,74.87,79.75,3.5,0.9937499999378906,0
2025-06-14,Croissants,62.0,Regular Day,23.1,0.0,14.95,-0.9000000000000021,3.8999999999999986,20.1,12.5,0.0,2.1000000000000014,0.0875,100.0,2.1000000000000014,0.0,2.4,345.345,7,14,165,0,0,24,6,2025,1,2,-2.4492935982947064e-16,1.0,0.5877852522924732,-0.8090169943749473,64.0,67.0,57.0,60.0,48.0,,42.57,47.5,46.33,11.56,27.0,64.0,45.01,62.0,4.396968652757639,1.1196581195624224,0
2025-06-14,Bagels,94.0,Regular Day,23.1,0.0,14.95,-0.9000000000000021,3.8999999999999986,20.1,12.5,0.0,2.1000000000000014,0.0875,100.0,2.1000000000000014,0.0,2.4,345.345,7,14,165,0,0,24,6,2025,1,2,-2.4492935982947064e-16,1.0,0.5877852522924732,-0.8090169943749473,98.0,95.0,76.0,96.0,63.0,,72.71,75.5,74.81,13.68,53.0,98.0,74.4,91.25,10.242883708539635,1.122093023190576,0
2025-06-15,Croissants,78.0,Regular Day,20.1,0.5,14.95,-3.5,4.100000000000001,17.5,13.0,0.0,0.29999999999999716,0.09527777777777778,100.0,0.0,0.0,0.3,300.495,1,15,166,0,0,24,6,2025,1,3,0.7818314824680298,0.6234898018587336,-0.587785252292473,-0.8090169943749476,46.0,59.0,51.0,44.0,39.0,,43.86,48.07,46.62,11.33,27.0,64.0,45.25,50.0,6.683312551921141,1.1052631577783933,0
2025-06-15,Bagels,70.0,Regular Day,20.1,0.5,14.95,-3.5,4.100000000000001,17.5,13.0,0.0,0.29999999999999716,0.09527777777777778,100.0,0.0,0.0,0.3,300.495,1,15,166,0,0,24,6,2025,1,3,0.7818314824680298,0.6234898018587336,-0.587785252292473,-0.8090169943749476,65.0,64.0,70.0,68.0,42.0,,71.0,73.14,74.14,14.51,53.0,98.0,70.8,66.75,2.753785273643051,0.9347826086279143,0
2025-06-16,Bagels,84.0,Regular Day,17.5,0.10000000000000142,14.966666666666667,-2.4333333333333336,4.700000000000001,17.9,13.5,0.0,0.7999999999999972,0.1075,100.0,0.0,0.0,0.6,261.9166666666667,2,16,167,0,0,25,6,2025,0,3,0.9749279121818236,-0.22252093395631434,-0.587785252292473,-0.8090169943749476,73.0,72.0,55.0,52.0,49.0,,73.86,73.93,74.43,12.16,60.0,98.0,71.35,63.0,11.045361017187261,1.3551401867892394,0
2025-06-16,Croissants,48.0,Regular Day,17.5,0.10000000000000142,14.966666666666667,-2.4333333333333336,4.700000000000001,17.9,13.5,0.0,0.7999999999999972,0.1075,100.0,0.0,0.0,0.6,261.9166666666667,2,16,167,0,0,25,6,2025,0,3,0.9749279121818236,-0.22252093395631434,-0.587785252292473,-0.8090169943749476,40.0,41.0,50.0,45.0,50.0,,44.43,47.57,47.05,11.03,27.0,64.0,44.19,44.0,4.546060565661952,0.8526315788576178,0
2025-06-17,Bagels,65.0,Regular Day,17.9,0.0,14.966666666666667,-0.10000000000000142,7.300000000000001,20.3,9.2,0.0,2.5,4.391666666666667,99.0,2.3000000000000007,0.0,0.1,267.9033333333333,3,17,168,0,0,25,6,2025,0,3,0.43388373911755823,-0.900968867902419,-0.587785252292473,-0.8090169943749476,60.0,72.0,93.0,74.0,55.0,,77.0,74.71,74.24,13.74,60.0,98.0,76.51,74.75,13.647344063956181,0.7904191616293161,0
2025-06-17,Croissants,47.0,Regular Day,17.9,0.0,14.966666666666667,-0.10000000000000142,7.300000000000001,20.3,9.2,0.0,2.5,4.391666666666667,99.0,2.3000000000000007,0.0,0.1,267.9033333333333,3,17,168,0,0,25,6,2025,0,3,0.43388373911755823,-0.900968867902419,-0.587785252292473,-0.8090169943749476,46.0,37.0,38.0,40.0,42.0,,45.43,47.79,47.57,11.6,27.0,64.0,46.64,40.25,4.031128874149275,1.0641025639661408,0
2025-06-18,Croissants,39.0,Regular Day,20.3,0.0,14.95,0.6333333333333293,9.899999999999999,22.9,16.6,0.0,5.399999999999999,8.591944444444444,97.0,4.899999999999999,0.0,6.6,303.485,4,18,169,0,0,25,6,2025,0,3,-0.433883739117558,-0.9009688679024191,-0.587785252292473,-0.8090169943749476,41.0,37.0,48.0,32.0,39.0,,50.14,47.57,48.76,9.35,40.0,64.0,49.98,39.5,6.757711644237764,0.974999999878125,0
2025-06-18,Bagels,63.0,Regular Day,20.3,0.0,14.95,0.6333333333333293,9.899999999999999,22.9,16.6,0.0,5.399999999999999,8.591944444444444,97.0,4.899999999999999,0.0,6.6,303.485,4,18,169,0,0,25,6,2025,0,3,-0.433883739117558,-0.9009688679024191,-0.587785252292473,-0.8090169943749476,73.0,53.0,62.0,67.0,56.0,,75.71,73.86,73.9,14.04,60.0,98.0,74.64,63.75,8.460693430998036,0.9767441859707949,0
2025-06-19,Bagels,59.0,Juneteenth Day,22.9,0.0,14.95,1.8333333333333357,8.8,25.9,22.5,0.0,5.5000000000000036,12.295555555555556,30.0,7.899999999999999,0.0,3.5,342.35499999999996,5,19,170,0,0,25,6,2025,0,3,-0.9749279121818236,-0.2225209339563146,-0.587785252292473,-0.8090169943749476,92.0,70.0,81.0,96.0,59.0,,75.14,73.79,74.76,13.03,60.0,94.0,79.48,84.75,11.7011395456454,0.9152542372364263,1
2025-06-19,Croissants,58.0,Juneteenth Day,22.9,0.0,14.95,1.8333333333333357,8.8,25.9,22.5,0.0,5.5000000000000036,12.295555555555556,30.0,7.899999999999999,0.0,3.5,342.35499999999996,5,19,170,0,0,25,6,2025,0,3,-0.9749279121818236,-0.2225209339563146,-0.587785252292473,-0.8090169943749476,54.0,47.0,51.0,43.0,63.0,,49.86,47.21,49.0,8.88,40.0,62.0,52.99,48.75,4.7871355387816905,1.074468084992078,1
2025-06-20,Bagels,72.0,Regular Day,25.9,0.0,14.966666666666667,0.93333333333333,8.600000000000001,23.4,20.6,0.0,1.1999999999999993,13.2225,23.0,5.399999999999999,0.0,0.1,387.63666666666666,6,20,171,0,0,25,6,2025,0,3,-0.7818314824680299,0.6234898018587334,-0.587785252292473,-0.8090169943749476,69.0,78.0,81.0,76.0,80.0,,75.86,74.21,74.76,12.51,60.0,94.0,77.11,76.0,5.0990195135927845,0.936305732424439,0
2025-06-20,Croissants,49.0,Regular Day,25.9,0.0,14.966666666666667,0.93333333333333,8.600000000000001,23.4,20.6,0.0,1.1999999999999993,13.2225,23.0,5.399999999999999,0.0,0.1,387.63666666666666,6,20,171,0,0,25,6,2025,0,3,-0.7818314824680299,0.6234898018587334,-0.587785252292473,-0.8090169943749476,60.0,27.0,63.0,35.0,69.0,,54.43,48.57,50.29,13.56,40.0,78.0,59.24,46.25,17.95132307101624,0.8877551019502291,0
2025-06-21,Bagels,89.0,Regular Day,23.4,0.0,14.966666666666667,2.7333333333333307,10.600000000000001,25.2,13.5,0.0,2.6000000000000014,14.0,45.0,7.199999999999999,0.0,0.0,350.21999999999997,7,21,172,0,0,25,6,2025,1,3,-2.4492935982947064e-16,1.0,-0.587785252292473,-0.8090169943749476,94.0,98.0,95.0,76.0,46.0,,77.43,75.07,76.14,12.78,60.0,94.0,78.83,90.75,9.97914491994847,1.1228070174781983,0
2025-06-21,Croissants,62.0,Regular Day,23.4,0.0,14.966666666666667,2.7333333333333307,10.600000000000001,25.2,13.5,0.0,2.6000000000000014,14.0,45.0,7.199999999999999,0.0,0.0,350.21999999999997,7,21,172,0,0,25,6,2025,1,3,-2.4492935982947064e-16,1.0,-0.587785252292473,-0.8090169943749476,62.0,64.0,67.0,57.0,60.0,,55.57,49.07,50.19,12.43,41.0,78.0,56.43,62.5,4.203173404306164,1.0161290321761187,0
2025-06-22,Croissants,0.0,Regular Day,25.2,0.0,14.966666666666667,3.3000000000000007,8.899999999999999,26.6,17.9,0.0,3.3000000000000007,12.128055555555555,74.0,8.600000000000001,0.0,0.0,377.15999999999997,1,22,173,0,0,25,6,2025,1,4,0.7818314824680298,0.6234898018587336,-0.9510565162951536,0.30901699437494723,78.0,46.0,59.0,51.0,32.0,,55.71,49.79,50.62,12.31,41.0,78.0,54.07,58.5,14.059397805975427,1.127272727170248,0
2025-06-22,Bagels,0.0,Regular Day,25.2,0.0,14.966666666666667,3.3000000000000007,8.899999999999999,26.6,17.9,0.0,3.3000000000000007,12.128055555555555,74.0,8.600000000000001,0.0,0.0,377.15999999999997,1,22,173,0,0,25,6,2025,1,4,0.7818314824680298,0.6234898018587336,-0.9510565162951536,0.30901699437494723,70.0,65.0,64.0,70.0,38.0,,78.14,74.57,74.81,11.74,65.0,94.0,75.37,67.25,3.2015621187164243,1.0074626864919802,0
2025-06-23,Croissants,44.0,Regular Day,26.6,0.0,14.95,3.7333333333333307,11.299999999999997,30.2,13.9,0.0,5.0,13.418055555555556,57.0,12.2,0.0,0.0,397.67,2,23,174,0,0,26,6,2025,0,4,0.9749279121818236,-0.22252093395631434,-0.9510565162951536,0.30901699437494723,48.0,40.0,41.0,50.0,40.0,,55.43,49.93,50.19,12.73,39.0,78.0,50.3,44.75,4.9916597106239795,0.9670329669266997,0
2025-06-23,Bagels,79.0,Regular Day,26.6,0.0,14.95,3.7333333333333307,11.299999999999997,30.2,13.9,0.0,5.0,13.418055555555556,57.0,12.2,0.0,0.0,397.67,2,23,174,0,0,26,6,2025,0,4,0.9749279121818236,-0.22252093395631434,-0.9510565162951536,0.30901699437494723,84.0,73.0,72.0,55.0,47.0,,76.71,75.29,74.86,13.01,63.0,94.0,72.28,71.0,11.972189997378647,1.2362204723436048,0
2025-06-24,Bagels,54.0,Regular Day,30.2,0.0,14.95,3.3999999999999986,10.600000000000001,31.2,10.8,0.0,5.0,14.0,24.0,13.2,0.0,0.0,451.48999999999995,3,24,175,0,0,26,6,2025,0,4,0.43388373911755823,-0.900968867902419,-0.9510565162951536,0.30901699437494723,65.0,60.0,72.0,93.0,51.0,,72.0,74.5,73.81,12.52,59.0,94.0,68.96,72.5,14.52583904633395,0.7575757575298439,0
2025-06-24,Croissants,45.0,Regular Day,30.2,0.0,14.95,3.3999999999999986,10.600000000000001,31.2,10.8,0.0,5.0,14.0,24.0,13.2,0.0,0.0,451.48999999999995,3,24,175,0,0,26,6,2025,0,4,0.43388373911755823,-0.900968867902419,-0.9510565162951536,0.30901699437494723,47.0,46.0,37.0,38.0,42.0,,56.0,50.71,50.52,12.74,39.0,78.0,52.23,42.0,5.228129047119374,1.2399999998346667,0
2025-06-25,Bagels,45.0,Regular Day,31.2,0.0,14.966666666666667,3.766666666666662,11.200000000000003,30.4,13.0,0.0,4.599999999999994,14.0,30.0,12.399999999999999,0.0,0.1,466.96,4,25,176,0,0,26,6,2025,0,4,-0.433883739117558,-0.9009688679024191,-0.9510565162951536,0.30901699437494723,63.0,73.0,53.0,62.0,60.0,,72.43,74.07,73.38,12.45,59.0,94.0,69.72,62.75,8.180260794538684,1.1826086955493385,0
2025-06-25,Croissants,29.0,Regular Day,31.2,0.0,14.966666666666667,3.766666666666662,11.200000000000003,30.4,13.0,0.0,4.599999999999994,14.0,30.0,12.399999999999999,0.0,0.1,466.96,4,25,176,0,0,26,6,2025,0,4,-0.433883739117558,-0.9009688679024191,-0.9510565162951536,0.30901699437494723,39.0,41.0,37.0,48.0,49.0,,54.43,52.29,49.86,12.84,39.0,78.0,51.42,41.25,4.7871355387816905,0.9411764704775087,0
2025-06-26,Bagels,53.0,Regular Day,30.4,0.0,14.95,1.4999999999999964,8.0,26.7,13.4,0.0,7.299999999999997,13.437777777777777,54.0,8.7,0.0,3.2,454.47999999999996,5,26,177,0,0,26,6,2025,0,4,-0.9749279121818236,-0.2225209339563146,-0.9510565162951536,0.30901699437494723,59.0,92.0,70.0,81.0,49.0,,71.71,73.43,73.1,11.07,59.0,89.0,74.54,75.5,14.200938936093861,0.9999999999337748,0
2025-06-26,Croissants,64.0,Regular Day,30.4,0.0,14.95,1.4999999999999964,8.0,26.7,13.4,0.0,7.299999999999997,13.437777777777777,54.0,8.7,0.0,3.2,454.47999999999996,5,26,177,0,0,26,6,2025,0,4,-0.9749279121818236,-0.2225209339563146,-0.9510565162951536,0.30901699437494723,58.0,54.0,47.0,51.0,49.0,,54.43,52.14,49.62,12.84,39.0,78.0,54.07,52.5,4.654746681256314,1.1428571427405247,0
2025-06-27,Croissants,48.0,Regular Day,26.7,0.0,14.95,-3.166666666666668,3.8999999999999986,20.6,20.2,0.0,0.8000000000000007,1.8866666666666667,100.0,2.6000000000000014,0.0,8.9,399.16499999999996,6,27,178,0,0,26,6,2025,0,4,-0.7818314824680299,0.6234898018587334,-0.9510565162951536,0.30901699437494723,49.0,60.0,27.0,63.0,57.0,,43.29,48.86,46.81,20.52,0.0,62.0,40.55,49.75,16.31716887208072,1.2111111109765433,0
2025-06-27,Bagels,52.0,Regular Day,26.7,0.0,14.95,-3.166666666666668,3.8999999999999986,20.6,20.2,0.0,0.8000000000000007,1.8866666666666667,100.0,2.6000000000000014,0.0,8.9,399.16499999999996,6,27,178,0,0,26,6,2025,0,4,-0.7818314824680299,0.6234898018587334,-0.9510565162951536,0.30901699437494723,72.0,69.0,78.0,81.0,67.0,,61.71,68.79,70.05,29.37,0.0,89.0,55.9,75.0,5.477225575051661,0.8867924527744155,0
2025-06-28,Croissants,62.0,Regular Day,20.6,0.0,14.933333333333334,-0.03333333333333144,10.2,24.3,12.1,0.0,4.0,8.474166666666667,89.0,6.300000000000001,0.0,0.3,307.62666666666667,7,28,179,0,0,26,6,2025,1,4,-2.4492935982947064e-16,1.0,-0.9510565162951536,0.30901699437494723,62.0,62.0,64.0,67.0,61.0,,42.71,49.14,46.95,20.43,0.0,62.0,41.41,63.75,2.362907813126304,0.9465648854239262,0
2025-06-28,Bagels,89.0,Regular Day,20.6,0.0,14.933333333333334,-0.03333333333333144,10.2,24.3,12.1,0.0,4.0,8.474166666666667,89.0,6.300000000000001,0.0,0.3,307.62666666666667,7,28,179,0,0,26,6,2025,1,4,-2.4492935982947064e-16,1.0,-0.9510565162951536,0.30901699437494723,89.0,94.0,98.0,95.0,58.0,,61.0,69.21,70.38,28.79,0.0,89.0,61.68,94.0,3.7416573867739413,0.9481865284482804,0
2025-06-29,Croissants,52.0,Regular Day,24.3,0.0,14.933333333333334,2.3000000000000007,8.8,26.1,10.4,0.0,6.599999999999998,10.0,61.0,8.100000000000001,1.0,10.7,362.88,1,29,180,0,0,26,6,2025,1,5,0.7818314824680298,0.6234898018587336,-2.4492935982947064e-16,1.0,0.0,78.0,46.0,59.0,40.0,,42.43,49.07,47.33,20.37,0.0,62.0,42.31,45.75,33.21018919950121,0.7428571427863946,0
2025-06-29,Bagels,55.0,Regular Day,24.3,0.0,14.933333333333334,2.3000000000000007,8.8,26.1,10.4,0.0,6.599999999999998,10.0,61.0,8.100000000000001,1.0,10.7,362.88,1,29,180,0,0,26,6,2025,1,5,0.7818314824680298,0.6234898018587336,-2.4492935982947064e-16,1.0,0.0,70.0,65.0,64.0,51.0,,59.43,68.79,69.52,28.84,0.0,89.0,59.76,49.75,33.27035717672214,0.5426356588726639,0
2025-06-30,Croissants,43.0,Regular Day,26.1,0.0,14.933333333333334,2.06666666666667,7.199999999999999,26.1,12.0,0.0,5.900000000000002,9.164444444444445,90.0,8.100000000000001,0.0,3.3,389.76000000000005,2,30,181,0,1,27,6,2025,0,5,0.9749279121818236,-0.22252093395631434,-2.4492935982947064e-16,1.0,44.0,48.0,40.0,41.0,44.0,,41.0,48.21,46.95,20.99,0.0,62.0,38.98,43.25,3.593976442141304,1.1358024689955801,0
2025-06-30,Bagels,58.0,Regular Day,26.1,0.0,14.933333333333334,2.06666666666667,7.199999999999999,26.1,12.0,0.0,5.900000000000002,9.164444444444445,90.0,8.100000000000001,0.0,3.3,389.76000000000005,2,30,181,0,1,27,6,2025,0,5,0.9749279121818236,-0.22252093395631434,-2.4492935982947064e-16,1.0,79.0,84.0,73.0,72.0,63.0,,56.86,66.79,69.14,29.27,0.0,89.0,56.07,77.0,5.597618541248888,1.124137930956956,0
2025-07-01,Croissants,40.0,Regular Day,26.1,0.0,14.9,1.4333333333333336,5.0,26.5,16.2,0.0,4.700000000000003,9.514722222222222,91.0,8.5,0.0,20.8,388.89000000000004,3,1,182,1,0,27,7,2025,0,1,0.43388373911755823,-0.900968867902419,0.9510565162951535,0.30901699437494745,45.0,47.0,46.0,37.0,59.0,,41.86,48.93,47.76,21.9,0.0,64.0,45.24,43.75,4.573474244670748,1.108433734806213,0
2025-07-01,Bagels,43.0,Regular Day,26.1,0.0,14.9,1.4333333333333336,5.0,26.5,16.2,0.0,4.700000000000003,9.514722222222222,91.0,8.5,0.0,20.8,388.89000000000004,3,1,182,1,0,27,7,2025,0,1,0.43388373911755823,-0.900968867902419,0.9510565162951535,0.30901699437494745,54.0,65.0,60.0,72.0,49.0,,56.0,64.0,68.33,29.28,0.0,89.0,55.3,62.75,7.632168761236874,0.9015151514468549,0
2025-07-02,Bagels,68.0,Regular Day,26.5,0.0,14.9,-0.26666666666666217,5.899999999999999,23.6,11.4,0.0,3.6000000000000014,5.268611111111111,100.0,5.600000000000001,0.0,32.1,394.85,4,2,183,0,0,27,7,2025,0,1,-0.433883739117558,-0.9009688679024191,0.9510565162951535,0.30901699437494745,45.0,63.0,73.0,53.0,66.0,,53.14,62.79,67.1,28.42,0.0,89.0,54.48,58.5,12.151817422372122,0.85714285707483,0
2025-07-02,Croissants,48.0,Regular Day,26.5,0.0,14.9,-0.26666666666666217,5.899999999999999,23.6,11.4,0.0,3.6000000000000014,5.268611111111111,100.0,5.600000000000001,0.0,32.1,394.85,4,2,183,0,0,27,7,2025,0,1,-0.433883739117558,-0.9009688679024191,0.9510565162951535,0.30901699437494745,29.0,39.0,41.0,37.0,54.0,,41.71,48.07,48.76,21.85,0.0,64.0,45.93,36.5,5.259911279353167,0.8717948716831033,0
2025-07-03,Bagels,60.0,Regular Day,23.6,0.0,14.883333333333333,0.7000000000000028,9.3,25.3,15.4,0.0,2.5000000000000036,13.915833333333333,33.0,7.300000000000001,0.0,0.0,351.24666666666667,5,3,184,0,0,27,7,2025,0,1,-0.9749279121818236,-0.2225209339563146,0.9510565162951535,0.30901699437494745,53.0,59.0,92.0,70.0,50.0,,53.14,62.43,66.67,28.42,0.0,89.0,63.11,68.5,17.175564037317667,0.6913580246486816,0
2025-07-03,Croissants,39.0,Regular Day,23.6,0.0,14.883333333333333,0.7000000000000028,9.3,25.3,15.4,0.0,2.5000000000000036,13.915833333333333,33.0,7.300000000000001,0.0,0.0,351.24666666666667,5,3,184,0,0,27,7,2025,0,1,-0.9749279121818236,-0.2225209339563146,0.9510565162951535,0.30901699437494745,64.0,58.0,54.0,47.0,57.0,,41.71,48.07,48.67,21.85,0.0,64.0,49.95,55.75,7.135591542869215,1.2079207919596118,0
2025-07-04,Bagels,69.0,Independence Day,25.3,0.0,14.883333333333333,-0.7333333333333343,9.600000000000001,23.0,10.6,0.0,2.5,14.0,3.0,5.0,0.0,0.7,376.54833333333335,6,4,185,0,0,27,7,2025,0,1,-0.7818314824680299,0.6234898018587334,0.9510565162951535,0.30901699437494745,52.0,72.0,69.0,78.0,84.0,,61.0,61.36,66.19,16.3,45.0,89.0,61.08,67.75,11.146748404803978,0.8435374149086029,1
2025-07-04,Croissants,35.0,Independence Day,25.3,0.0,14.883333333333333,-0.7333333333333343,9.600000000000001,23.0,10.6,0.0,2.5,14.0,3.0,5.0,0.0,0.7,376.54833333333335,6,4,185,0,0,27,7,2025,0,1,-0.7818314824680299,0.6234898018587334,0.9510565162951535,0.30901699437494745,48.0,49.0,60.0,27.0,85.0,,49.14,46.21,48.95,11.87,29.0,64.0,50.46,46.0,13.784048752090222,1.114942528607478,1
2025-07-05,Croissants,46.0,Regular Day,23.0,0.0,14.866666666666667,-1.4666666666666686,14.0,23.2,11.8,0.0,3.200000000000003,14.0,26.0,5.199999999999999,0.0,0.0,341.93333333333334,7,5,186,0,0,27,7,2025,1,1,-2.4492935982947064e-16,1.0,0.9510565162951535,0.30901699437494745,62.0,62.0,62.0,64.0,49.0,,49.0,45.86,49.1,11.94,29.0,64.0,48.59,62.5,1.0,0.9841269840488789,0
2025-07-05,Bagels,82.0,Regular Day,23.0,0.0,14.866666666666667,-1.4666666666666686,14.0,23.2,11.8,0.0,3.200000000000003,14.0,26.0,5.199999999999999,0.0,0.0,341.93333333333334,7,5,186,0,0,27,7,2025,1,1,-2.4492935982947064e-16,1.0,0.9510565162951535,0.30901699437494745,89.0,89.0,94.0,98.0,62.0,,58.0,59.5,65.48,14.24,45.0,89.0,60.31,92.5,4.358898943540674,0.9270833332850477,0
2025-07-06,Croissants,33.0,Regular Day,23.2,0.0,14.833333333333334,-1.7333333333333307,11.0,24.3,15.4,0.0,3.1000000000000014,14.0,52.0,6.300000000000001,0.0,0.0,344.1333333333333,1,6,187,0,0,27,7,2025,1,1,0.7818314824680298,0.6234898018587336,0.9510565162951535,0.30901699437494745,52.0,0.0,78.0,46.0,39.0,,48.29,45.36,48.81,12.37,29.0,64.0,46.45,44.0,32.45509718570156,0.4193548386758585,0
2025-07-06,Bagels,66.0,Regular Day,23.2,0.0,14.833333333333334,-1.7333333333333307,11.0,24.3,15.4,0.0,3.1000000000000014,14.0,52.0,6.300000000000001,0.0,0.0,344.1333333333333,1,6,187,0,0,27,7,2025,1,1,0.7818314824680298,0.6234898018587336,0.9510565162951535,0.30901699437494745,55.0,0.0,70.0,65.0,45.0,,56.43,57.93,64.67,15.32,43.0,89.0,55.98,47.5,32.274861218395145,0.4074074073772291,0
2025-07-07,Croissants,57.0,Regular Day,24.3,0.0,14.833333333333334,-0.9333333333333371,7.0,25.7,18.3,0.0,5.100000000000001,9.140277777777778,47.0,7.699999999999999,0.0,1.6,360.45000000000005,2,7,188,0,0,28,7,2025,0,1,0.9749279121818236,-0.22252093395631434,0.9510565162951535,0.30901699437494745,43.0,44.0,48.0,40.0,52.0,,51.0,46.0,49.14,9.07,40.0,64.0,46.83,43.75,3.304037933599835,0.9886363635240186,0
2025-07-07,Bagels,42.0,Regular Day,24.3,0.0,14.833333333333334,-0.9333333333333371,7.0,25.7,18.3,0.0,5.100000000000001,9.140277777777778,47.0,7.699999999999999,0.0,1.6,360.45000000000005,2,7,188,0,0,28,7,2025,0,1,0.9749279121818236,-0.22252093395631434,0.9510565162951535,0.30901699437494745,58.0,79.0,84.0,73.0,46.0,,59.71,58.29,64.43,14.92,43.0,89.0,58.99,73.5,11.269427669584644,0.8726114649125725,0
2025-07-08,Croissants,39.0,Regular Day,25.7,0.0,14.816666666666666,-0.10000000000000142,9.299999999999997,26.9,15.2,0.0,5.700000000000003,12.47888888888889,47.0,8.899999999999999,0.0,7.4,380.7883333333333,3,8,189,0,0,28,7,2025,0,2,0.43388373911755823,-0.900968867902419,0.5877852522924732,-0.8090169943749473,40.0,45.0,47.0,46.0,65.0,,47.43,44.64,48.43,7.96,39.0,62.0,44.88,44.5,3.1091263510296048,0.9139784945253787,0
2025-07-08,Bagels,45.0,Regular Day,25.7,0.0,14.816666666666666,-0.10000000000000142,9.299999999999997,26.9,15.2,0.0,5.700000000000003,12.47888888888889,47.0,8.899999999999999,0.0,7.4,380.7883333333333,3,8,189,0,0,28,7,2025,0,2,0.43388373911755823,-0.900968867902419,0.5877852522924732,-0.8090169943749473,43.0,54.0,65.0,60.0,60.0,,60.71,58.36,62.9,14.63,43.0,89.0,59.24,55.5,9.46924847422786,0.77599999993792,0
2025-07-09,Bagels,38.0,Regular Day,26.9,0.0,14.8,0.1999999999999993,8.8,26.1,13.8,0.0,5.299999999999997,13.0,59.0,8.100000000000001,0.0,3.6,398.12,4,9,190,0,0,28,7,2025,0,2,-0.433883739117558,-0.9009688679024191,0.5877852522924732,-0.8090169943749473,68.0,45.0,63.0,73.0,54.0,,63.14,58.14,62.9,14.35,43.0,89.0,61.68,62.25,12.203141671990318,0.8308823528800822,0
2025-07-09,Croissants,37.0,Regular Day,26.9,0.0,14.8,0.1999999999999993,8.8,26.1,13.8,0.0,5.299999999999997,13.0,59.0,8.100000000000001,0.0,3.6,398.12,4,9,190,0,0,28,7,2025,0,2,-0.433883739117558,-0.9009688679024191,0.5877852522924732,-0.8090169943749473,48.0,29.0,39.0,41.0,49.0,,45.57,43.64,47.24,9.22,35.0,62.0,42.41,39.25,7.847504911329036,0.9624999998796876,0
2025-07-10,Bagels,39.0,Regular Day,26.1,0.0,14.783333333333333,-1.8666666666666671,3.5,23.1,13.2,0.0,5.099999999999998,2.4816666666666665,98.0,5.100000000000001,0.0,29.9,385.845,5,10,191,0,0,28,7,2025,0,2,-0.9749279121818236,-0.2225209339563146,0.5877852522924732,-0.8090169943749473,60.0,53.0,59.0,92.0,83.0,,62.14,57.64,62.33,12.35,43.0,82.0,66.76,66.0,17.60681686165901,0.7483443708113678,0
2025-07-10,Croissants,42.0,Regular Day,26.1,0.0,14.783333333333333,-1.8666666666666671,3.5,23.1,13.2,0.0,5.099999999999998,2.4816666666666665,98.0,5.100000000000001,0.0,29.9,385.845,5,10,191,0,0,28,7,2025,0,2,-0.9749279121818236,-0.2225209339563146,0.5877852522924732,-0.8090169943749473,39.0,64.0,58.0,54.0,45.0,,43.29,42.5,46.48,5.82,35.0,52.0,43.31,53.75,10.65754818583211,0.9196428570607462,0
2025-07-11,Bagels,89.0,Regular Day,23.1,0.0,14.766666666666667,-1.7333333333333307,7.5,24.1,9.7,0.0,4.899999999999999,9.564722222222223,84.0,6.100000000000001,0.0,3.2,341.11,6,11,192,0,0,28,7,2025,0,2,-0.7818314824680299,0.6234898018587334,0.5877852522924732,-0.8090169943749473,69.0,52.0,72.0,69.0,84.0,,63.71,62.36,62.14,11.98,43.0,82.0,66.57,65.5,9.1104335791443,0.8581560283079321,0
2025-07-11,Croissants,44.0,Regular Day,23.1,0.0,14.766666666666667,-1.7333333333333307,7.5,24.1,9.7,0.0,4.899999999999999,9.564722222222223,84.0,6.100000000000001,0.0,3.2,341.11,6,11,192,0,0,28,7,2025,0,2,-0.7818314824680299,0.6234898018587334,0.5877852522924732,-0.8090169943749473,35.0,48.0,49.0,60.0,60.0,,40.57,44.86,44.33,5.5,33.0,48.0,40.73,48.0,10.23067283548187,0.7614678898383975,0
2025-07-12,Bagels,69.0,Regular Day,24.1,0.0,14.733333333333333,-1.8999999999999986,6.399999999999999,24.6,13.4,0.0,4.200000000000003,10.889166666666666,68.0,6.600000000000001,0.0,1.2,355.0733333333333,7,12,193,0,0,28,7,2025,1,2,-2.4492935982947064e-16,1.0,0.5877852522924732,-0.8090169943749473,82.0,89.0,89.0,94.0,66.0,,61.43,59.71,60.14,14.51,42.0,82.0,60.43,88.5,4.932882862316247,0.9344262294571352,0
2025-07-12,Croissants,48.0,Regular Day,24.1,0.0,14.733333333333333,-1.8999999999999986,6.399999999999999,24.6,13.4,0.0,4.200000000000003,10.889166666666666,68.0,6.600000000000001,0.0,1.2,355.0733333333333,7,12,193,0,0,28,7,2025,1,2,-2.4492935982947064e-16,1.0,0.5877852522924732,-0.8090169943749473,46.0,62.0,62.0,62.0,52.0,,42.57,45.79,44.76,8.34,33.0,57.0,44.8,58.0,8.0,0.8709677418652446,0
2025-07-13,Croissants,37.0,Regular Day,24.6,0.0,14.733333333333333,-1.3000000000000007,6.899999999999999,24.7,13.1,0.0,4.700000000000003,13.4025,49.0,6.699999999999999,0.0,1.5,362.44,1,13,194,0,0,28,7,2025,1,2,0.7818314824680298,0.6234898018587336,0.5877852522924732,-0.8090169943749473,33.0,52.0,0.0,78.0,46.0,,42.43,45.36,44.38,8.4,33.0,57.0,43.35,40.75,32.836717253708535,1.0897435896038792,0
2025-07-13,Bagels,40.0,Regular Day,24.6,0.0,14.733333333333333,-1.3000000000000007,6.899999999999999,24.7,13.1,0.0,4.700000000000003,13.4025,49.0,6.699999999999999,0.0,1.5,362.44,1,13,194,0,0,28,7,2025,1,2,0.7818314824680298,0.6234898018587336,0.5877852522924732,-0.8090169943749473,66.0,55.0,0.0,70.0,57.0,,61.71,59.07,59.19,14.1,42.0,82.0,56.57,47.75,32.4589484323404,1.72857142832449,0
2025-07-14,Croissants,41.0,Regular Day,24.7,0.0,14.7,-0.6333333333333329,8.2,25.3,10.3,0.0,4.599999999999998,10.060277777777777,74.0,7.300000000000001,0.0,1.8,363.09,2,14,195,0,0,29,7,2025,0,2,0.9749279121818236,-0.22252093395631434,0.5877852522924732,-0.8090169943749473,57.0,43.0,44.0,48.0,47.0,,40.86,45.93,44.29,8.21,33.0,57.0,41.76,48.0,6.377042156569663,1.086956521620983,0
2025-07-14,Bagels,51.0,Regular Day,24.7,0.0,14.7,-0.6333333333333329,8.2,25.3,10.3,0.0,4.599999999999998,10.060277777777777,74.0,7.300000000000001,0.0,1.8,363.09,2,14,195,0,0,29,7,2025,0,2,0.9749279121818236,-0.22252093395631434,0.5877852522924732,-0.8090169943749473,42.0,58.0,79.0,84.0,57.0,,57.43,58.57,58.0,16.27,38.0,82.0,51.93,65.75,19.43150363027353,0.6134969324776995,0
2025-07-15,Bagels,58.0,Regular Day,25.3,0.0,14.683333333333334,-0.7333333333333307,6.899999999999999,25.1,8.0,0.0,6.0000000000000036,8.160277777777777,87.0,7.100000000000001,0.0,22.5,371.48833333333334,3,15,196,0,0,29,7,2025,0,3,0.43388373911755823,-0.900968867902419,-0.587785252292473,-0.8090169943749476,45.0,43.0,54.0,65.0,60.0,,54.43,57.57,57.05,17.6,38.0,82.0,48.7,51.75,10.04572877727976,0.7394957982571853,0
2025-07-15,Croissants,28.0,Regular Day,25.3,0.0,14.683333333333334,-0.7333333333333307,6.899999999999999,25.1,8.0,0.0,6.0000000000000036,8.160277777777777,87.0,7.100000000000001,0.0,22.5,371.48833333333334,3,15,196,0,0,29,7,2025,0,3,0.43388373911755823,-0.900968867902419,-0.587785252292473,-0.8090169943749476,39.0,40.0,45.0,47.0,50.0,,41.29,44.36,43.52,8.18,33.0,57.0,41.82,42.75,3.8622100754188224,0.8586956520805766,0
2025-07-16,Bagels,49.0,Regular Day,25.1,0.0,14.65,-0.49999999999999645,7.5,25.8,13.3,0.0,6.099999999999998,11.752777777777778,68.0,7.800000000000001,0.0,1.3,367.71500000000003,4,16,197,0,0,29,7,2025,0,3,-0.433883739117558,-0.9009688679024191,-0.587785252292473,-0.8090169943749476,38.0,68.0,45.0,63.0,96.0,,57.29,60.21,57.86,21.54,38.0,89.0,58.77,53.5,14.294521094927712,0.9814814813906036,0
2025-07-16,Croissants,30.0,Regular Day,25.1,0.0,14.65,-0.49999999999999645,7.5,25.8,13.3,0.0,6.099999999999998,11.752777777777778,68.0,7.800000000000001,0.0,1.3,367.71500000000003,4,16,197,0,0,29,7,2025,0,3,-0.433883739117558,-0.9009688679024191,-0.587785252292473,-0.8090169943749476,37.0,48.0,29.0,39.0,42.0,,42.57,44.07,43.29,7.72,33.0,57.0,42.37,38.25,7.804912982645397,1.2499999998161766,0
2025-07-17,Croissants,44.0,Regular Day,25.8,0.0,14.633333333333333,-0.33333333333333215,7.800000000000001,27.2,21.7,0.0,5.0,12.266111111111112,72.0,9.2,0.0,2.3,377.54,5,17,198,0,0,29,7,2025,0,3,-0.9749279121818236,-0.2225209339563146,-0.587785252292473,-0.8090169943749476,42.0,39.0,64.0,58.0,49.0,,42.86,43.07,42.62,7.9,33.0,57.0,43.77,50.75,12.148388096094616,0.6639344261750874,0
2025-07-17,Bagels,57.0,Regular Day,25.8,0.0,14.633333333333333,-0.33333333333333215,7.800000000000001,27.2,21.7,0.0,5.0,12.266111111111112,72.0,9.2,0.0,2.3,377.54,5,17,198,0,0,29,7,2025,0,3,-0.9749279121818236,-0.2225209339563146,-0.587785252292473,-0.8090169943749476,39.0,60.0,53.0,59.0,82.0,,55.43,58.79,56.9,19.52,38.0,89.0,61.33,52.75,9.673847907287634,0.8839285713496493,0
2025-07-18,Bagels,65.0,Regular Day,27.2,0.0,14.616666666666667,-0.5,8.0,27.0,19.8,0.0,2.8000000000000043,12.306944444444444,86.0,9.0,0.0,0.0,397.5733333333333,6,18,199,0,0,29,7,2025,0,3,-0.7818314824680299,0.6234898018587334,-0.587785252292473,-0.8090169943749476,89.0,69.0,52.0,72.0,79.0,,51.71,57.71,58.81,19.64,38.0,89.0,56.0,70.5,15.154757228892407,1.2741935482843394,0
2025-07-18,Croissants,38.0,Regular Day,27.2,0.0,14.616666666666667,-0.5,8.0,27.0,19.8,0.0,2.8000000000000043,12.306944444444444,86.0,9.0,0.0,0.0,397.5733333333333,6,18,199,0,0,29,7,2025,0,3,-0.7818314824680299,0.6234898018587334,-0.587785252292473,-0.8090169943749476,44.0,35.0,48.0,49.0,48.0,,43.43,42.0,44.38,7.18,37.0,57.0,42.08,44.0,6.377042156569663,0.8144329896067596,0
2025-07-19,Bagels,79.0,Regular Day,27.0,0.0,14.583333333333334,-0.9999999999999964,3.1999999999999993,23.9,14.3,0.0,4.0,3.6102777777777777,86.0,5.899999999999999,0.0,12.1,393.75,7,19,200,0,0,29,7,2025,1,3,-2.4492935982947064e-16,1.0,-0.587785252292473,-0.8090169943749476,69.0,82.0,89.0,89.0,46.0,,53.0,57.21,57.48,19.19,38.0,89.0,54.75,82.25,9.429563439877091,0.8483146066939149,0
2025-07-19,Croissants,53.0,Regular Day,27.0,0.0,14.583333333333334,-0.9999999999999964,3.1999999999999993,23.9,14.3,0.0,4.0,3.6102777777777777,86.0,5.899999999999999,0.0,12.1,393.75,7,19,200,0,0,29,7,2025,1,3,-2.4492935982947064e-16,1.0,-0.587785252292473,-0.8090169943749476,48.0,46.0,62.0,62.0,53.0,,41.14,41.86,44.24,3.98,37.0,48.0,41.81,54.5,8.698658900466592,0.758064516067898,0
2025-07-20,Croissants,36.0,Regular Day,23.9,0.0,14.55,0.7666666666666657,8.7,25.5,13.7,0.0,5.199999999999999,10.04111111111111,85.0,7.5,1.0,11.3,347.745,1,20,201,0,0,29,7,2025,1,3,0.7818314824680298,0.6234898018587336,-0.587785252292473,-0.8090169943749476,37.0,33.0,52.0,0.0,59.0,,39.57,41.0,43.43,6.4,28.0,48.0,38.36,30.5,21.91650823770368,1.3461538458949704,0
2025-07-20,Bagels,79.0,Regular Day,23.9,0.0,14.55,0.7666666666666657,8.7,25.5,13.7,0.0,5.199999999999999,10.04111111111111,85.0,7.5,1.0,11.3,347.745,1,20,201,0,0,29,7,2025,1,3,0.7818314824680298,0.6234898018587336,-0.587785252292473,-0.8090169943749476,40.0,66.0,55.0,0.0,62.0,,54.86,58.29,57.67,18.92,38.0,89.0,55.56,40.25,28.87184326178939,1.927272726922314,0
2025-07-21,Croissants,41.0,Regular Day,25.5,0.0,14.533333333333333,1.3000000000000007,8.899999999999999,26.0,12.1,0.0,1.6000000000000014,14.0,34.0,8.0,0.0,0.0,370.6,2,21,202,0,0,30,7,2025,0,3,0.9749279121818236,-0.22252093395631434,-0.587785252292473,-0.8090169943749476,41.0,57.0,43.0,44.0,47.0,,38.57,39.71,43.48,7.35,28.0,48.0,36.27,46.25,7.274384280931732,1.12643678147972,0
2025-07-21,Bagels,42.0,Regular Day,25.5,0.0,14.533333333333333,1.3000000000000007,8.899999999999999,26.0,12.1,0.0,1.6000000000000014,14.0,34.0,8.0,0.0,0.0,370.6,2,21,202,0,0,30,7,2025,0,3,0.9749279121818236,-0.22252093395631434,-0.587785252292473,-0.8090169943749476,51.0,42.0,58.0,79.0,45.0,,56.43,56.93,57.86,17.7,39.0,89.0,53.92,57.5,15.758595538097085,0.6788321167387713,0
2025-07-22,Croissants,49.0,Regular Day,26.0,0.0,14.516666666666667,-0.7000000000000028,7.800000000000001,23.2,13.5,0.0,2.3999999999999986,14.0,17.0,5.199999999999999,0.0,0.8,377.43333333333334,3,22,203,0,0,30,7,2025,0,4,0.43388373911755823,-0.900968867902419,-0.9510565162951536,0.30901699437494723,28.0,39.0,40.0,45.0,57.0,,38.86,40.07,42.52,7.54,28.0,48.0,38.2,38.0,7.164728420068226,0.7882352940249135,0
2025-07-22,Bagels,48.0,Regular Day,26.0,0.0,14.516666666666667,-0.7000000000000028,7.800000000000001,23.2,13.5,0.0,2.3999999999999986,14.0,17.0,5.199999999999999,0.0,0.8,377.43333333333334,3,22,203,0,0,30,7,2025,0,4,0.43388373911755823,-0.900968867902419,-0.9510565162951536,0.30901699437494723,58.0,45.0,43.0,54.0,61.0,,59.0,56.71,58.05,15.97,40.0,89.0,54.69,50.0,7.164728420068226,1.0618556699936232,0
2025-07-23,Bagels,36.0,Regular Day,23.2,0.0,14.483333333333333,-0.9000000000000021,8.0,23.0,12.0,0.0,1.6000000000000014,14.0,26.0,5.0,0.0,0.0,336.0133333333333,4,23,204,0,0,30,7,2025,0,4,-0.433883739117558,-0.9009688679024191,-0.9510565162951536,0.30901699437494723,49.0,38.0,68.0,45.0,56.0,,55.57,56.43,58.67,9.86,40.0,69.0,57.27,50.0,12.832251036613439,0.769911504356645,0
2025-07-23,Croissants,37.0,Regular Day,23.2,0.0,14.483333333333333,-0.9000000000000021,8.0,23.0,12.0,0.0,1.6000000000000014,14.0,26.0,5.0,0.0,0.0,336.0133333333333,4,23,204,0,0,30,7,2025,0,4,-0.433883739117558,-0.9009688679024191,-0.9510565162951536,0.30901699437494723,30.0,37.0,48.0,29.0,56.0,,38.0,40.29,42.05,7.19,28.0,48.0,38.15,36.0,8.755950357709132,0.8701298700168664,0
2025-07-24,Bagels,43.0,Regular Day,23.0,0.0,14.45,-1.0000000000000036,11.5,23.6,12.2,0.0,3.1000000000000014,12.922222222222222,66.0,5.600000000000001,0.0,0.0,332.34999999999997,5,24,205,0,0,30,7,2025,0,4,-0.9749279121818236,-0.2225209339563146,-0.9510565162951536,0.30901699437494723,57.0,39.0,60.0,53.0,76.0,,57.0,56.21,58.19,12.5,40.0,79.0,62.7,52.25,9.287087810503355,0.8495575220487118,0
2025-07-24,Croissants,48.0,Regular Day,23.0,0.0,14.45,-1.0000000000000036,11.5,23.6,12.2,0.0,3.1000000000000014,12.922222222222222,66.0,5.600000000000001,0.0,0.0,332.34999999999997,5,24,205,0,0,30,7,2025,0,4,-0.9749279121818236,-0.2225209339563146,-0.9510565162951536,0.30901699437494723,44.0,42.0,39.0,64.0,47.0,,38.71,40.79,41.62,8.48,28.0,53.0,41.86,47.25,11.354147553500733,0.8349514562296164,0
2025-07-25,Croissants,46.0,Regular Day,23.6,0.0,14.416666666666666,0.7999999999999972,11.000000000000004,26.2,16.8,0.0,5.799999999999997,13.0,28.0,8.2,0.0,6.0,340.23333333333335,6,25,206,0,0,30,7,2025,0,4,-0.7818314824680299,0.6234898018587334,-0.9510565162951536,0.30901699437494723,38.0,44.0,35.0,48.0,56.0,,38.57,41.0,40.86,8.52,28.0,53.0,40.4,41.25,5.852349955359813,0.9879518071098854,0
2025-07-25,Bagels,65.0,Regular Day,23.6,0.0,14.416666666666666,0.7999999999999972,11.000000000000004,26.2,16.8,0.0,5.799999999999997,13.0,28.0,8.2,0.0,6.0,340.23333333333335,6,25,206,0,0,30,7,2025,0,4,-0.7818314824680299,0.6234898018587334,-0.9510565162951536,0.30901699437494723,65.0,89.0,69.0,52.0,69.0,,62.57,57.14,59.33,12.35,49.0,79.0,66.78,68.75,15.326991442115007,1.2727272726220886,0
2025-07-26,Bagels,96.0,Regular Day,26.2,0.0,14.4,0.7333333333333343,5.5,25.8,15.7,0.0,3.1999999999999993,13.19361111111111,85.0,7.800000000000001,0.0,0.0,377.28,7,26,207,0,0,30,7,2025,1,4,-2.4492935982947064e-16,1.0,-0.9510565162951536,0.30901699437494723,79.0,69.0,82.0,89.0,62.0,,61.29,57.14,58.57,14.1,42.0,79.0,60.58,79.75,8.301606270274847,0.8654970759727779,0
2025-07-26,Croissants,51.0,Regular Day,26.2,0.0,14.4,0.7333333333333343,5.5,25.8,15.7,0.0,3.1999999999999993,13.19361111111111,85.0,7.800000000000001,0.0,0.0,377.28,7,26,207,0,0,30,7,2025,1,4,-2.4492935982947064e-16,1.0,-0.9510565162951536,0.30901699437494723,53.0,48.0,46.0,62.0,67.0,,38.57,39.86,40.76,8.52,28.0,53.0,40.55,52.25,7.135591542869215,0.935185185098594,0
2025-07-27,Croissants,47.0,Regular Day,25.8,0.0,14.366666666666667,-0.8333333333333321,7.600000000000001,24.5,15.3,0.0,5.0,9.277777777777779,78.0,6.5,0.0,10.3,370.66,1,27,208,0,0,30,7,2025,1,4,0.7818314824680298,0.6234898018587336,-0.9510565162951536,0.30901699437494723,36.0,37.0,33.0,52.0,57.0,,41.57,40.57,41.19,7.85,30.0,53.0,42.66,39.5,8.504900548115382,0.8588235293107267,0
2025-07-27,Bagels,56.0,Regular Day,25.8,0.0,14.366666666666667,-0.8333333333333321,7.600000000000001,24.5,15.3,0.0,5.0,9.277777777777779,78.0,6.5,0.0,10.3,370.66,1,27,208,0,0,30,7,2025,1,4,0.7818314824680298,0.6234898018587336,-0.9510565162951536,0.30901699437494723,79.0,40.0,66.0,55.0,48.0,,59.86,57.36,58.81,14.97,42.0,79.0,57.44,60.0,16.55294535724685,0.9834710742988867,0
2025-07-28,Bagels,38.0,Regular Day,24.5,0.0,14.333333333333334,0.6333333333333293,9.600000000000001,27.4,12.8,0.0,4.099999999999994,13.0,16.0,9.399999999999999,0.0,2.0,351.1666666666667,2,28,209,0,0,31,7,2025,0,4,0.9749279121818236,-0.22252093395631434,-0.9510565162951536,0.30901699437494723,42.0,51.0,42.0,58.0,43.0,,58.0,57.21,57.29,17.19,36.0,79.0,52.08,48.25,7.762087348130012,0.9299999999070001,0
2025-07-28,Croissants,39.0,Regular Day,24.5,0.0,14.333333333333334,0.6333333333333293,9.600000000000001,27.4,12.8,0.0,4.099999999999994,13.0,16.0,9.399999999999999,0.0,2.0,351.1666666666667,2,28,209,0,0,31,7,2025,0,4,0.9749279121818236,-0.22252093395631434,-0.9510565162951536,0.30901699437494723,41.0,41.0,57.0,43.0,53.0,,42.57,40.57,40.67,6.45,36.0,53.0,41.25,45.5,7.724420150837645,0.8199999999180001,0
2025-07-29,Bagels,51.0,Regular Day,27.4,0.0,14.316666666666666,1.6333333333333293,11.700000000000003,28.4,9.2,0.0,5.199999999999996,13.991666666666667,28.0,10.399999999999999,0.0,0.0,392.27666666666664,3,29,210,0,0,31,7,2025,0,5,0.43388373911755823,-0.900968867902419,-2.4492935982947064e-16,1.0,48.0,58.0,45.0,43.0,58.0,,56.0,57.5,56.48,18.11,36.0,79.0,49.81,48.5,6.658328118479393,1.2045454544085745,0
2025-07-29,Croissants,30.0,Regular Day,27.4,0.0,14.316666666666666,1.6333333333333293,11.700000000000003,28.4,9.2,0.0,5.199999999999996,13.991666666666667,28.0,10.399999999999999,0.0,0.0,392.27666666666664,3,29,210,0,0,31,7,2025,0,5,0.43388373911755823,-0.900968867902419,-2.4492935982947064e-16,1.0,49.0,28.0,39.0,40.0,33.0,,43.14,41.0,41.1,6.77,36.0,53.0,42.93,39.0,8.602325267042627,0.9746835441804199,0
2025-07-30,Bagels,41.0,Regular Day,28.4,0.0,14.283333333333333,2.8333333333333357,9.100000000000001,28.8,11.5,0.0,5.200000000000003,13.977222222222222,34.0,10.8,0.0,0.0,405.64666666666665,4,30,211,0,0,31,7,2025,0,5,-0.433883739117558,-0.9009688679024191,-2.4492935982947064e-16,1.0,36.0,49.0,38.0,68.0,62.0,,56.0,55.79,56.29,18.11,36.0,79.0,53.61,47.75,14.660036380127666,0.8018867923771805,0
2025-07-30,Croissants,36.0,Regular Day,28.4,0.0,14.283333333333333,2.8333333333333357,9.100000000000001,28.8,11.5,0.0,5.200000000000003,13.977222222222222,34.0,10.8,0.0,0.0,405.64666666666665,4,30,211,0,0,31,7,2025,0,5,-0.433883739117558,-0.9009688679024191,-2.4492935982947064e-16,1.0,37.0,30.0,37.0,48.0,38.0,,44.29,41.14,41.62,6.42,36.0,53.0,43.7,38.0,7.438637868140466,0.7882352940249135,0
2025-07-31,Bagels,56.0,Regular Day,28.8,0.0,14.25,1.6333333333333329,8.2,26.8,12.9,0.0,4.300000000000001,9.886111111111111,52.0,8.8,0.0,3.7,410.40000000000003,5,31,212,0,1,31,7,2025,0,5,-0.9749279121818236,-0.2225209339563146,-2.4492935982947064e-16,1.0,43.0,57.0,39.0,60.0,67.0,,58.43,57.71,56.95,22.35,36.0,96.0,64.2,49.75,10.307764064044152,1.0101010099989798,0
2025-07-31,Croissants,40.0,Regular Day,28.8,0.0,14.25,1.6333333333333329,8.2,26.8,12.9,0.0,4.300000000000001,9.886111111111111,52.0,8.8,0.0,3.7,410.40000000000003,5,31,212,0,1,31,7,2025,0,5,-0.9749279121818236,-0.2225209339563146,-2.4492935982947064e-16,1.0,48.0,44.0,42.0,39.0,44.0,,44.0,41.36,41.86,6.0,36.0,51.0,45.53,43.25,3.774917217635375,1.1358024689955801,0
2025-08-01,Croissants,37.0,Regular Day,26.8,0.0,14.216666666666667,-1.7666666666666693,5.5,21.9,22.3,0.0,5.800000000000001,0.5530555555555555,98.0,3.8999999999999986,0.0,3.6,381.00666666666666,6,1,213,1,0,31,8,2025,0,1,-0.7818314824680299,0.6234898018587334,0.9510565162951535,0.30901699437494745,46.0,38.0,44.0,35.0,47.0,,45.57,42.07,42.52,4.89,37.0,51.0,45.89,40.75,5.123475382979799,1.0632911391059126,0
2025-08-01,Bagels,65.0,Regular Day,26.8,0.0,14.216666666666667,-1.7666666666666693,5.5,21.9,22.3,0.0,5.800000000000001,0.5530555555555555,98.0,3.8999999999999986,0.0,3.6,381.00666666666666,6,1,213,1,0,31,8,2025,0,1,-0.7818314824680299,0.6234898018587334,0.9510565162951535,0.30901699437494745,65.0,65.0,89.0,69.0,105.0,,55.14,58.86,56.48,20.43,36.0,96.0,62.15,72.0,11.489125293076057,0.8227848100745072,0
2025-08-02,Croissants,51.0,Regular Day,21.9,0.0,14.183333333333334,-2.6666666666666643,8.5,20.9,10.4,0.0,0.5,9.770277777777778,49.0,2.8999999999999986,0.0,0.0,310.615,7,2,214,0,0,31,8,2025,1,1,-2.4492935982947064e-16,1.0,0.9510565162951535,0.30901699437494745,51.0,53.0,48.0,46.0,47.0,,45.29,41.93,41.67,5.25,37.0,51.0,44.17,49.5,3.1091263510296048,1.106382978605704,0
2025-08-02,Bagels,110.0,Regular Day,21.9,0.0,14.183333333333334,-2.6666666666666643,8.5,20.9,10.4,0.0,0.5,9.770277777777778,49.0,2.8999999999999986,0.0,0.0,310.615,7,2,214,0,0,31,8,2025,1,1,-2.4492935982947064e-16,1.0,0.9510565162951535,0.30901699437494745,96.0,79.0,69.0,82.0,101.0,,54.57,57.93,56.29,20.91,36.0,96.0,56.12,81.5,11.150485789118488,1.1589403972742423,0
2025-08-03,Croissants,60.0,Regular Day,20.9,0.0,14.15,-2.8999999999999986,11.600000000000001,20.8,11.5,0.0,1.1999999999999993,13.917222222222222,26.0,2.8000000000000007,0.0,0.0,295.735,1,3,215,0,0,31,8,2025,1,1,0.7818314824680298,0.6234898018587336,0.9510565162951535,0.30901699437494745,47.0,36.0,37.0,33.0,49.0,,42.57,42.07,41.24,7.46,30.0,51.0,40.63,38.25,6.075908711186061,1.185714285544898,0
2025-08-03,Bagels,59.0,Regular Day,20.9,0.0,14.15,-2.8999999999999986,11.600000000000001,20.8,11.5,0.0,1.1999999999999993,13.917222222222222,26.0,2.8000000000000007,0.0,0.0,295.735,1,3,215,0,0,31,8,2025,1,1,0.7818314824680298,0.6234898018587336,0.9510565162951535,0.30901699437494745,56.0,79.0,40.0,66.0,60.0,,55.0,57.43,56.57,20.78,36.0,96.0,54.84,60.25,16.45954636879968,1.273584905540228,0
2025-08-04,Bagels,32.0,Regular Day,20.8,0.0,14.1,-2.2666666666666657,15.200000000000001,21.3,13.5,0.0,3.6999999999999957,13.251944444444444,36.0,3.3000000000000007,0.0,0.0,293.28000000000003,2,4,216,0,0,32,8,2025,0,1,0.9749279121818236,-0.22252093395631434,0.9510565162951535,0.30901699437494745,38.0,42.0,51.0,42.0,81.0,,55.71,56.86,56.71,20.1,38.0,96.0,51.38,43.25,5.5,0.8602150536709446,0
2025-08-04,Croissants,36.0,Regular Day,20.8,0.0,14.1,-2.2666666666666657,15.200000000000001,21.3,13.5,0.0,3.6999999999999957,13.251944444444444,36.0,3.3000000000000007,0.0,0.0,293.28000000000003,2,4,216,0,0,32,8,2025,0,1,0.9749279121818236,-0.22252093395631434,0.9510565162951535,0.30901699437494745,39.0,41.0,41.0,57.0,30.0,,42.43,42.5,41.19,7.59,30.0,51.0,39.47,44.5,8.386497083606082,0.8163265305289463,0
2025-08-05,Bagels,43.0,Regular Day,21.3,0.0,14.066666666666666,-1.3999999999999986,8.8,22.2,9.3,0.0,1.3999999999999986,8.400833333333333,89.0,4.199999999999999,0.0,0.0,299.62,3,5,217,0,0,32,8,2025,0,1,0.43388373911755823,-0.900968867902419,0.9510565162951535,0.30901699437494745,51.0,48.0,58.0,45.0,48.0,,57.57,56.79,57.52,19.31,38.0,96.0,52.53,50.5,5.5677643628300215,0.9611650484503724,0
2025-08-05,Croissants,43.0,Regular Day,21.3,0.0,14.066666666666666,-1.3999999999999986,8.8,22.2,9.3,0.0,1.3999999999999986,8.400833333333333,89.0,4.199999999999999,0.0,0.0,299.62,3,5,217,0,0,32,8,2025,0,1,0.43388373911755823,-0.900968867902419,0.9510565162951535,0.30901699437494745,30.0,49.0,28.0,39.0,52.0,,41.29,42.21,41.1,7.2,30.0,51.0,39.6,36.5,9.60902353693305,1.1791044774359547,0
2025-08-06,Bagels,53.0,Regular Day,22.2,0.0,14.033333333333333,-1.6999999999999993,6.399999999999999,22.6,15.0,0.0,2.0,5.407777777777778,99.0,4.600000000000001,0.0,1.1,311.53999999999996,4,6,218,0,0,32,8,2025,0,1,-0.433883739117558,-0.9009688679024191,0.9510565162951535,0.30901699437494745,41.0,36.0,49.0,38.0,77.0,,57.57,56.79,56.38,19.31,38.0,96.0,55.65,41.0,5.715476066494082,0.8850574711626371,0
2025-08-06,Croissants,41.0,Regular Day,22.2,0.0,14.033333333333333,-1.6999999999999993,6.399999999999999,22.6,15.0,0.0,2.0,5.407777777777778,99.0,4.600000000000001,0.0,1.1,311.53999999999996,4,6,218,0,0,32,8,2025,0,1,-0.433883739117558,-0.9009688679024191,0.9510565162951535,0.30901699437494745,36.0,37.0,30.0,37.0,49.0,,40.0,42.14,40.76,7.02,30.0,51.0,38.95,35.0,3.366501646120693,1.0895522386433505,0
2025-08-07,Croissants,50.0,Regular Day,22.6,0.0,14.0,-2.9333333333333336,7.300000000000001,21.8,16.6,0.0,1.3000000000000007,12.856111111111112,33.0,3.8000000000000007,0.0,0.3,316.40000000000003,5,7,219,0,0,32,8,2025,0,1,-0.9749279121818236,-0.2225209339563146,0.9510565162951535,0.30901699437494745,40.0,48.0,44.0,42.0,57.0,,40.0,42.0,40.9,7.02,30.0,51.0,41.96,43.5,3.415650255319866,1.0232558138345051,0
2025-08-07,Bagels,45.0,Regular Day,22.6,0.0,14.0,-2.9333333333333336,7.300000000000001,21.8,16.6,0.0,1.3000000000000007,12.856111111111112,33.0,3.8000000000000007,0.0,0.3,316.40000000000003,5,7,219,0,0,32,8,2025,0,1,-0.9749279121818236,-0.2225209339563146,0.9510565162951535,0.30901699437494745,56.0,43.0,57.0,39.0,83.0,,59.57,59.0,58.33,24.09,38.0,110.0,69.24,48.75,9.105858919765158,1.0312499998925782,0
2025-08-08,Bagels,54.0,Regular Day,21.8,0.0,13.966666666666667,-2.466666666666665,9.399999999999999,20.8,13.2,0.0,1.4000000000000021,13.792222222222222,21.0,2.8000000000000007,0.0,0.0,304.47333333333336,6,8,220,0,0,32,8,2025,0,2,-0.7818314824680299,0.6234898018587334,0.5877852522924732,-0.8090169943749473,65.0,65.0,65.0,89.0,93.0,,60.0,57.57,59.24,24.04,38.0,110.0,66.68,71.0,12.0,0.8441558441010288,0
2025-08-08,Croissants,47.0,Regular Day,21.8,0.0,13.966666666666667,-2.466666666666665,9.399999999999999,20.8,13.2,0.0,1.4000000000000021,13.792222222222222,21.0,2.8000000000000007,0.0,0.0,304.47333333333336,6,8,220,0,0,32,8,2025,0,2,-0.7818314824680299,0.6234898018587334,0.5877852522924732,-0.8090169943749473,37.0,46.0,38.0,44.0,60.0,,41.86,43.71,42.0,10.19,30.0,60.0,46.47,41.25,4.425306015783918,1.0121951218277812,0
2025-08-09,Croissants,52.0,Regular Day,20.8,0.0,13.933333333333334,-2.633333333333333,12.099999999999998,20.4,9.8,0.0,1.2000000000000028,13.7975,24.0,2.3999999999999986,0.0,0.0,289.81333333333333,7,9,221,0,0,32,8,2025,1,2,-2.4492935982947064e-16,1.0,0.5877852522924732,-0.8090169943749473,51.0,51.0,53.0,48.0,46.0,,41.43,43.36,41.76,10.39,30.0,60.0,43.85,50.75,2.0615528128088303,1.0099009899990197,0
2025-08-09,Bagels,73.0,Regular Day,20.8,0.0,13.933333333333334,-2.633333333333333,12.099999999999998,20.4,9.8,0.0,1.2000000000000028,13.7975,24.0,2.3999999999999986,0.0,0.0,289.81333333333333,7,9,221,0,0,32,8,2025,1,2,-2.4492935982947064e-16,1.0,0.5877852522924732,-0.8090169943749473,110.0,96.0,79.0,69.0,59.0,,59.14,56.86,58.33,25.04,32.0,110.0,58.01,88.5,18.15672510852843,1.3918918917978451,0
2025-08-10,Croissants,59.0,Regular Day,20.4,0.0,13.883333333333333,-3.0333333333333314,15.3,20.3,10.1,0.0,2.599999999999998,13.415277777777778,12.0,2.3000000000000007,0.0,0.0,283.21999999999997,1,10,222,0,0,32,8,2025,1,2,0.7818314824680298,0.6234898018587336,0.5877852522924732,-0.8090169943749473,60.0,47.0,36.0,37.0,52.0,,43.29,42.93,42.48,9.09,36.0,60.0,43.64,45.0,11.16542281629615,1.4657534244567463,0
2025-08-10,Bagels,54.0,Regular Day,20.4,0.0,13.883333333333333,-3.0333333333333314,15.3,20.3,10.1,0.0,2.599999999999998,13.415277777777778,12.0,2.3000000000000007,0.0,0.0,283.21999999999997,1,10,222,0,0,32,8,2025,1,2,0.7818314824680298,0.6234898018587336,0.5877852522924732,-0.8090169943749473,59.0,56.0,79.0,40.0,67.0,,58.0,56.5,57.62,25.65,32.0,110.0,54.26,58.5,16.010413278030438,0.9663865545406398,0
2025-08-11,Croissants,34.0,Regular Day,20.3,0.0,13.866666666666667,-2.400000000000002,12.9,21.4,12.3,0.0,3.400000000000002,11.110555555555555,38.0,3.3999999999999986,0.0,0.0,281.49333333333334,2,11,223,0,0,33,8,2025,0,2,0.9749279121818236,-0.22252093395631434,0.5877852522924732,-0.8090169943749473,36.0,39.0,41.0,41.0,42.0,,44.0,43.21,43.0,8.6,36.0,60.0,42.98,39.25,2.362907813126304,0.9146341462299228,0
2025-08-11,Bagels,43.0,Regular Day,20.3,0.0,13.866666666666667,-2.400000000000002,12.9,21.4,12.3,0.0,3.400000000000002,11.110555555555555,38.0,3.3999999999999986,0.0,0.0,281.49333333333334,2,11,223,0,0,33,8,2025,0,2,0.9749279121818236,-0.22252093395631434,0.5877852522924732,-0.8090169943749473,32.0,38.0,42.0,51.0,74.0,,59.71,57.71,57.81,24.71,32.0,110.0,53.94,40.75,7.973915809270458,0.7526881719620766,0
2025-08-12,Croissants,40.0,Regular Day,21.4,0.0,13.833333333333334,-0.6666666666666643,10.599999999999998,23.9,12.7,0.0,4.800000000000004,13.386111111111111,18.0,5.899999999999999,0.0,0.1,296.0333333333333,3,12,224,0,0,33,8,2025,0,2,0.43388373911755823,-0.900968867902419,0.5877852522924732,-0.8090169943749473,43.0,30.0,49.0,28.0,48.0,,45.43,43.36,43.29,8.66,36.0,60.0,44.74,37.5,10.14889156509222,0.9480519479288245,0
2025-08-12,Bagels,72.0,Regular Day,21.4,0.0,13.833333333333334,-0.6666666666666643,10.599999999999998,23.9,12.7,0.0,4.800000000000004,13.386111111111111,18.0,5.899999999999999,0.0,0.1,296.0333333333333,3,12,224,0,0,33,8,2025,0,2,0.43388373911755823,-0.900968867902419,0.5877852522924732,-0.8090169943749473,43.0,51.0,48.0,58.0,59.0,,58.14,57.86,57.24,25.33,32.0,110.0,51.71,50.0,6.27162924074226,0.8867924527465291,0
2025-08-13,Bagels,39.0,Regular Day,23.9,0.0,13.8,0.10000000000000142,9.100000000000001,25.1,13.0,0.0,5.100000000000001,11.489444444444445,47.0,7.100000000000001,0.0,2.0,329.82,4,13,225,0,0,33,8,2025,0,2,-0.433883739117558,-0.9009688679024191,0.5877852522924732,-0.8090169943749473,53.0,41.0,36.0,49.0,80.0,,56.57,57.07,56.71,25.17,32.0,110.0,52.28,44.75,7.675719293112969,1.1058823528110728,0
2025-08-13,Croissants,39.0,Regular Day,23.9,0.0,13.8,0.10000000000000142,9.100000000000001,25.1,13.0,0.0,5.100000000000001,11.489444444444445,47.0,7.100000000000001,0.0,2.0,329.82,4,13,225,0,0,33,8,2025,0,2,-0.433883739117558,-0.9009688679024191,0.5877852522924732,-0.8090169943749473,41.0,36.0,37.0,30.0,37.0,,46.86,43.43,43.71,7.82,36.0,60.0,45.3,36.0,4.546060565661952,1.1492537311717532,0
2025-08-14,Croissants,32.0,Regular Day,25.1,0.0,13.75,0.13333333333333286,6.5,24.2,11.6,0.0,5.299999999999997,6.751111111111111,96.0,6.199999999999999,0.0,15.7,345.125,5,14,226,0,0,33,8,2025,0,2,-0.9749279121818236,-0.2225209339563146,0.5877852522924732,-0.8090169943749473,50.0,40.0,48.0,44.0,47.0,,47.0,43.5,43.67,7.92,36.0,60.0,46.98,45.5,4.43471156521669,0.9782608694588848,0
2025-08-14,Bagels,54.0,Regular Day,25.1,0.0,13.75,0.13333333333333286,6.5,24.2,11.6,0.0,5.299999999999997,6.751111111111111,96.0,6.199999999999999,0.0,15.7,345.125,5,14,226,0,0,33,8,2025,0,2,-0.9749279121818236,-0.2225209339563146,0.5877852522924732,-0.8090169943749473,45.0,56.0,43.0,57.0,84.0,,51.29,55.43,56.43,13.05,32.0,73.0,57.46,50.25,7.274384280931732,1.0099999998990001,0
2025-08-15,Croissants,53.0,Regular Day,24.2,0.0,13.716666666666667,0.06666666666666288,7.100000000000001,25.2,12.4,0.0,4.099999999999998,12.929166666666667,28.0,7.199999999999999,0.0,3.4,331.9433333333333,6,15,227,0,0,33,8,2025,0,3,-0.7818314824680299,0.6234898018587334,-0.587785252292473,-0.8090169943749476,47.0,37.0,46.0,38.0,60.0,,46.86,44.36,44.76,7.65,36.0,59.0,49.98,42.0,5.228129047119374,0.9999999998809525,0
2025-08-15,Bagels,64.0,Regular Day,24.2,0.0,13.716666666666667,0.06666666666666288,7.100000000000001,25.2,12.4,0.0,4.099999999999998,12.929166666666667,28.0,7.199999999999999,0.0,3.4,331.9433333333333,6,15,227,0,0,33,8,2025,0,3,-0.7818314824680299,0.6234898018587334,-0.587785252292473,-0.8090169943749476,54.0,65.0,65.0,65.0,96.0,,50.57,55.29,55.24,12.69,32.0,73.0,56.6,62.25,5.5,0.9153846153142011,0
2025-08-16,Croissants,55.0,Regular Day,25.2,0.0,13.683333333333334,0.26666666666666927,8.700000000000003,24.3,10.4,0.0,5.199999999999996,10.374444444444444,46.0,6.300000000000001,0.0,0.1,344.82,7,16,228,0,0,33,8,2025,1,3,-2.4492935982947064e-16,1.0,-0.587785252292473,-0.8090169943749476,52.0,51.0,51.0,53.0,44.0,,46.57,44.0,44.43,8.14,34.0,59.0,45.99,51.75,0.9574271077563381,0.9903846152893861,0
2025-08-16,Bagels,71.0,Regular Day,25.2,0.0,13.683333333333334,0.26666666666666927,8.700000000000003,24.3,10.4,0.0,5.199999999999996,10.374444444444444,46.0,6.300000000000001,0.0,0.1,344.82,7,16,228,0,0,33,8,2025,1,3,-2.4492935982947064e-16,1.0,-0.587785252292473,-0.8090169943749476,73.0,110.0,96.0,79.0,68.0,,52.14,55.64,55.29,10.49,43.0,73.0,53.2,89.5,16.782927833565473,1.0457142856545305,0
2025-08-17,Croissants,33.0,Regular Day,24.3,0.0,13.633333333333333,0.5,9.8,25.0,12.1,0.0,4.599999999999998,12.960277777777778,42.0,7.0,0.0,0.3,331.29,1,17,229,0,0,33,8,2025,1,3,0.7818314824680298,0.6234898018587336,-0.587785252292473,-0.8090169943749476,59.0,60.0,47.0,36.0,45.0,,46.14,44.71,44.0,8.43,34.0,59.0,44.49,50.5,11.32843031197762,1.433734939586297,0
2025-08-17,Bagels,53.0,Regular Day,24.3,0.0,13.633333333333333,0.5,9.8,25.0,12.1,0.0,4.599999999999998,12.960277777777778,42.0,7.0,0.0,0.3,331.29,1,17,229,0,0,33,8,2025,1,3,0.7818314824680298,0.6234898018587336,-0.587785252292473,-0.8090169943749476,54.0,59.0,56.0,79.0,52.0,,56.29,57.14,56.43,11.91,43.0,73.0,57.9,62.0,11.51810169544733,0.8370370369750343,0
2025-08-18,Bagels,51.0,Regular Day,25.0,0.0,13.6,-1.6333333333333364,6.5,22.0,20.5,0.0,3.6999999999999993,0.8686111111111111,77.0,4.0,0.0,7.0,340.0,2,18,230,0,0,34,8,2025,0,3,0.9749279121818236,-0.22252093395631434,-0.587785252292473,-0.8090169943749476,43.0,32.0,38.0,42.0,74.0,,54.29,57.0,56.57,13.61,39.0,73.0,53.17,38.75,4.9916597106239795,0.9374999998828126,0
2025-08-18,Croissants,41.0,Regular Day,25.0,0.0,13.6,-1.6333333333333364,6.5,22.0,20.5,0.0,3.6999999999999993,0.8686111111111111,77.0,4.0,0.0,7.0,340.0,2,18,230,0,0,34,8,2025,0,3,0.9749279121818236,-0.22252093395631434,-0.587785252292473,-0.8090169943749476,34.0,36.0,39.0,41.0,40.0,,45.86,44.93,44.1,8.67,34.0,59.0,43.12,37.5,3.1091263510296048,0.874999999890625,0
2025-08-19,Bagels,57.0,Regular Day,22.0,0.0,13.566666666666666,-1.4666666666666686,2.900000000000002,20.5,14.9,0.0,-0.3000000000000007,0.0,98.0,2.5,0.0,0.1,298.46666666666664,3,19,231,0,0,34,8,2025,0,3,0.43388373911755823,-0.900968867902419,-0.587785252292473,-0.8090169943749476,72.0,43.0,51.0,48.0,67.0,,55.57,56.86,57.1,13.0,39.0,73.0,53.38,53.5,12.767145334803704,1.1616161614988267,0
2025-08-19,Croissants,30.0,Regular Day,22.0,0.0,13.566666666666666,-1.4666666666666686,2.900000000000002,20.5,14.9,0.0,-0.3000000000000007,0.0,98.0,2.5,0.0,0.1,298.46666666666664,3,19,231,0,0,34,8,2025,0,3,0.43388373911755823,-0.900968867902419,-0.587785252292473,-0.8090169943749476,40.0,43.0,30.0,49.0,32.0,,43.29,44.36,43.33,9.83,32.0,59.0,40.34,40.5,7.937253933193772,1.0506329112594137,0
2025-08-20,Bagels,85.0,Regular Day,20.5,0.0,13.516666666666667,-0.8666666666666707,6.299999999999997,22.4,13.4,0.0,3.5,5.065555555555555,91.0,4.399999999999999,0.0,4.6,277.0916666666667,4,20,232,0,0,34,8,2025,0,3,-0.433883739117558,-0.9009688679024191,-0.587785252292473,-0.8090169943749476,39.0,53.0,41.0,36.0,96.0,,57.0,56.79,57.05,13.34,39.0,73.0,56.03,42.25,7.455423082115014,1.1948051946500253,0
2025-08-20,Croissants,60.0,Regular Day,20.5,0.0,13.516666666666667,-0.8666666666666707,6.299999999999997,22.4,13.4,0.0,3.5,5.065555555555555,91.0,4.399999999999999,0.0,4.6,277.0916666666667,4,20,232,0,0,34,8,2025,0,3,-0.433883739117558,-0.9009688679024191,-0.587785252292473,-0.8090169943749476,39.0,41.0,36.0,37.0,43.0,,44.14,45.5,43.67,10.45,32.0,59.0,43.5,38.25,2.217355782608345,1.0958904108087821,0
2025-08-21,Croissants,52.0,Regular Day,22.4,0.0,13.483333333333333,-1.8333333333333357,3.799999999999997,20.2,25.7,0.0,2.900000000000002,0.20666666666666667,97.0,2.1999999999999993,0.0,1.6,302.02666666666664,5,21,233,0,0,34,8,2025,0,3,-0.9749279121818236,-0.2225209339563146,-0.587785252292473,-0.8090169943749476,32.0,50.0,40.0,48.0,35.0,,44.57,45.79,43.86,10.88,32.0,59.0,46.38,42.5,8.225975119502044,0.9318181817122935,0
2025-08-21,Bagels,80.0,Regular Day,22.4,0.0,13.483333333333333,-1.8333333333333357,3.799999999999997,20.2,25.7,0.0,2.900000000000002,0.20666666666666667,97.0,2.1999999999999993,0.0,1.6,302.02666666666664,5,21,233,0,0,34,8,2025,0,3,-0.9749279121818236,-0.2225209339563146,-0.587785252292473,-0.8090169943749476,54.0,45.0,56.0,43.0,76.0,,56.71,54.0,55.86,12.96,39.0,72.0,59.78,49.5,6.454972243679028,0.9999999998989899,0
2025-08-22,Bagels,76.0,Regular Day,20.2,0.0,13.433333333333334,-0.6333333333333364,12.1,20.4,16.8,0.0,1.1000000000000014,12.45111111111111,9.0,2.3999999999999986,0.0,0.0,271.35333333333335,6,22,234,0,0,34,8,2025,0,4,-0.7818314824680299,0.6234898018587334,-0.9510565162951536,0.30901699437494723,64.0,54.0,65.0,65.0,76.0,,56.57,53.57,55.71,13.0,39.0,72.0,58.08,62.0,5.354126134736337,0.9076923076224852,0
2025-08-22,Croissants,52.0,Regular Day,20.2,0.0,13.433333333333334,-0.6333333333333364,12.1,20.4,16.8,0.0,1.1000000000000014,12.45111111111111,9.0,2.3999999999999986,0.0,0.0,271.35333333333335,6,22,234,0,0,34,8,2025,0,4,-0.7818314824680299,0.6234898018587334,-0.9510565162951536,0.30901699437494723,53.0,47.0,37.0,46.0,57.0,,40.86,43.86,43.19,9.48,32.0,55.0,43.03,45.75,6.601767440112787,1.2048192769632748,0
2025-08-23,Bagels,84.0,Regular Day,20.4,0.0,13.4,0.4333333333333371,9.799999999999997,20.8,15.9,0.0,0.8000000000000007,12.889166666666666,5.0,2.8000000000000007,0.0,0.0,273.36,7,23,235,0,0,34,8,2025,1,4,-2.4492935982947064e-16,1.0,-0.9510565162951536,0.30901699437494723,71.0,73.0,110.0,96.0,70.0,,57.71,54.93,56.33,11.91,39.0,72.0,56.31,87.5,18.806027402582043,0.6990291261796587,0
2025-08-23,Croissants,58.0,Regular Day,20.4,0.0,13.4,0.4333333333333371,9.799999999999997,20.8,15.9,0.0,0.8000000000000007,12.889166666666666,5.0,2.8000000000000007,0.0,0.0,273.36,7,23,235,0,0,34,8,2025,1,4,-2.4492935982947064e-16,1.0,-0.9510565162951536,0.30901699437494723,55.0,52.0,51.0,51.0,51.0,,41.86,44.21,43.29,8.99,32.0,55.0,42.52,52.25,1.8929694486000912,1.0490196077402922,0
2025-08-24,Bagels,63.0,Regular Day,20.8,0.0,13.35,0.33333333333333215,7.899999999999999,21.8,16.4,0.0,1.4000000000000021,11.971111111111112,68.0,3.8000000000000007,0.0,0.0,277.68,1,24,236,0,0,34,8,2025,1,4,0.7818314824680298,0.6234898018587336,-0.9510565162951536,0.30901699437494723,53.0,54.0,59.0,56.0,55.0,,55.57,55.93,56.62,10.13,39.0,71.0,56.48,55.5,2.6457513110645907,0.9304347825277883,0
2025-08-24,Croissants,38.0,Regular Day,20.8,0.0,13.35,0.33333333333333215,7.899999999999999,21.8,16.4,0.0,1.4000000000000021,11.971111111111112,68.0,3.8000000000000007,0.0,0.0,277.68,1,24,236,0,0,34,8,2025,1,4,0.7818314824680298,0.6234898018587336,-0.9510565162951536,0.30901699437494723,33.0,59.0,60.0,47.0,50.0,,40.43,43.29,43.29,10.06,30.0,55.0,39.39,49.75,12.632629707758133,0.8598130840317932,0
2025-08-25,Bagels,65.0,Regular Day,21.8,0.0,13.333333333333334,-0.49999999999999645,10.100000000000001,22.4,17.1,0.0,2.5,12.369166666666667,35.0,4.399999999999999,0.0,0.0,290.6666666666667,2,25,237,0,0,35,8,2025,0,4,0.9749279121818236,-0.22252093395631434,-0.9510565162951536,0.30901699437494723,51.0,43.0,32.0,38.0,93.0,,62.14,58.21,58.71,12.28,51.0,85.0,63.61,41.0,8.04155872120988,1.3428571426653062,0
2025-08-25,Croissants,42.0,Regular Day,21.8,0.0,13.333333333333334,-0.49999999999999645,10.100000000000001,22.4,17.1,0.0,2.5,12.369166666666667,35.0,4.399999999999999,0.0,0.0,290.6666666666667,2,25,237,0,0,35,8,2025,0,4,0.9749279121818236,-0.22252093395631434,-0.9510565162951536,0.30901699437494723,41.0,34.0,36.0,39.0,38.0,,43.43,44.64,44.43,12.42,30.0,60.0,44.55,37.5,3.1091263510296048,0.9999999998666668,0
2025-08-26,Bagels,70.0,Regular Day,22.4,0.0,13.283333333333333,-2.1333333333333364,9.399999999999999,21.0,13.3,0.0,0.1999999999999993,12.604444444444445,9.0,3.0,0.0,0.0,297.5466666666666,3,26,238,0,0,35,8,2025,0,4,0.43388373911755823,-0.900968867902419,-0.9510565162951536,0.30901699437494723,57.0,72.0,43.0,51.0,62.0,,65.86,60.71,59.86,13.3,51.0,85.0,67.71,55.75,12.257650672131263,1.3723404253859213,0
2025-08-26,Croissants,46.0,Regular Day,22.4,0.0,13.283333333333333,-2.1333333333333364,9.399999999999999,21.0,13.3,0.0,0.1999999999999993,12.604444444444445,9.0,3.0,0.0,0.0,297.5466666666666,3,26,238,0,0,35,8,2025,0,4,0.43388373911755823,-0.900968867902419,-0.9510565162951536,0.30901699437494723,30.0,40.0,43.0,30.0,48.0,,46.29,44.79,45.0,11.63,30.0,60.0,46.41,35.75,6.751543033509698,0.9589041094576845,0
2025-08-27,Croissants,46.0,Regular Day,21.0,0.0,13.25,-2.7666666666666693,9.100000000000001,19.4,16.3,0.0,-1.6000000000000014,12.296666666666667,38.0,1.3999999999999986,0.0,0.0,278.25,4,27,239,0,0,35,8,2025,0,4,-0.433883739117558,-0.9009688679024191,-0.9510565162951536,0.30901699437494723,60.0,39.0,41.0,36.0,51.0,,46.14,45.14,45.71,11.54,30.0,60.0,47.81,44.0,10.862780491200215,1.28571428554731,0
2025-08-27,Bagels,58.0,Regular Day,21.0,0.0,13.25,-2.7666666666666693,9.100000000000001,19.4,16.3,0.0,-1.6000000000000014,12.296666666666667,38.0,1.3999999999999986,0.0,0.0,278.25,4,27,239,0,0,35,8,2025,0,4,-0.433883739117558,-0.9009688679024191,-0.9510565162951536,0.30901699437494723,85.0,39.0,53.0,41.0,81.0,,67.57,62.29,60.38,13.78,51.0,85.0,69.78,54.5,21.252450839060106,1.3191489360298778,0
2025-08-28,Croissants,51.0,Regular Day,19.4,0.0,13.2,-2.466666666666665,11.4,18.9,15.9,0.0,-0.6000000000000014,10.926944444444445,57.0,0.8999999999999986,0.0,0.0,256.08,5,28,240,0,0,35,8,2025,0,4,-0.9749279121818236,-0.2225209339563146,-0.9510565162951536,0.30901699437494723,52.0,32.0,50.0,40.0,63.0,,46.57,45.57,46.05,11.97,30.0,60.0,50.36,43.5,9.291573243177568,0.9333333332296297,0
2025-08-28,Bagels,69.0,Regular Day,19.4,0.0,13.2,-2.466666666666665,11.4,18.9,15.9,0.0,-0.6000000000000014,10.926944444444445,57.0,0.8999999999999986,0.0,0.0,256.08,5,28,240,0,0,35,8,2025,0,4,-0.9749279121818236,-0.2225209339563146,-0.9510565162951536,0.30901699437494723,80.0,54.0,45.0,56.0,81.0,,69.43,63.07,59.14,15.13,51.0,85.0,73.34,58.75,14.952703211571256,1.3267326731359672,0
2025-08-29,Bagels,98.0,Regular Day,18.9,0.0,13.166666666666666,-2.7666666666666657,7.699999999999999,20.8,14.9,0.0,0.5,11.076666666666666,49.0,2.8000000000000007,0.0,0.3,248.84999999999997,6,29,241,0,0,35,8,2025,0,5,-0.7818314824680299,0.6234898018587334,-2.4492935982947064e-16,1.0,76.0,64.0,54.0,65.0,95.0,,70.86,63.71,59.33,13.73,51.0,85.0,70.75,64.75,8.99536917900909,1.176470588136431,0
2025-08-29,Croissants,43.0,Regular Day,18.9,0.0,13.166666666666666,-2.7666666666666657,7.699999999999999,20.8,14.9,0.0,0.5,11.076666666666666,49.0,2.8000000000000007,0.0,0.3,248.84999999999997,6,29,241,0,0,35,8,2025,0,5,-0.7818314824680299,0.6234898018587334,-2.4492935982947064e-16,1.0,52.0,53.0,47.0,37.0,67.0,,47.29,44.07,45.0,11.15,30.0,60.0,47.27,47.25,7.32006375199925,1.2499999998511906,0
2025-08-30,Bagels,113.0,Regular Day,20.8,0.0,13.116666666666667,-4.133333333333336,10.399999999999999,18.5,15.0,0.0,0.0,12.091666666666667,26.0,0.5,0.0,0.0,272.8266666666667,7,30,242,0,0,35,8,2025,1,5,-2.4492935982947064e-16,1.0,-2.4492935982947064e-16,1.0,84.0,71.0,73.0,110.0,64.0,,72.86,65.29,60.9,11.13,57.0,85.0,69.31,84.5,17.935068069752806,0.8469945354728418,0
2025-08-30,Croissants,55.0,Regular Day,20.8,0.0,13.116666666666667,-4.133333333333336,10.399999999999999,18.5,15.0,0.0,0.0,12.091666666666667,26.0,0.5,0.0,0.0,272.8266666666667,7,30,242,0,0,35,8,2025,1,5,-2.4492935982947064e-16,1.0,-2.4492935982947064e-16,1.0,58.0,55.0,52.0,51.0,59.0,,47.43,44.64,45.29,11.06,30.0,60.0,45.95,54.0,3.1622776601683795,1.0970873785342634,0
2025-08-31,Bagels,90.0,Regular Day,18.5,0.0,13.083333333333334,-2.6333333333333364,12.500000000000002,18.0,11.0,0.0,0.0,11.671666666666667,40.0,0.0,0.0,0.0,242.04166666666669,1,31,243,0,1,35,8,2025,1,5,0.7818314824680298,0.6234898018587336,-2.4492935982947064e-16,1.0,63.0,53.0,54.0,59.0,72.0,,74.71,65.14,62.19,8.9,63.0,85.0,69.49,57.25,4.645786621588784,1.0265486724755266,0
2025-08-31,Croissants,71.0,Regular Day,18.5,0.0,13.083333333333334,-2.6333333333333364,12.500000000000002,18.0,11.0,0.0,0.0,11.671666666666667,40.0,0.0,0.0,0.0,242.04166666666669,1,31,243,0,1,35,8,2025,1,5,0.7818314824680298,0.6234898018587336,-2.4492935982947064e-16,1.0,38.0,33.0,59.0,60.0,41.0,,49.71,45.07,45.43,8.12,38.0,60.0,45.96,47.5,14.011899704655802,0.5966386554120472,0
2025-09-01,Croissants,46.0,Labor Day,18.0,0.0,13.033333333333333,-1.466666666666665,9.0,18.6,19.1,0.0,-0.5,12.014722222222222,47.0,0.6000000000000014,0.0,0.0,234.6,2,1,244,1,0,36,9,2025,0,1,0.9749279121818236,-0.22252093395631434,0.9510565162951535,0.30901699437494745,42.0,41.0,34.0,36.0,37.0,,47.71,45.57,45.67,6.78,38.0,58.0,45.97,38.25,3.8622100754188224,1.185714285544898,1
2025-09-01,Bagels,69.0,Labor Day,18.0,0.0,13.033333333333333,-1.466666666666665,9.0,18.6,19.1,0.0,-0.5,12.014722222222222,47.0,0.6000000000000014,0.0,0.0,234.6,2,1,244,1,0,36,9,2025,0,1,0.9749279121818236,-0.22252093395631434,0.9510565162951535,0.30901699437494745,65.0,51.0,43.0,32.0,72.0,,70.86,66.5,62.43,9.53,58.0,84.0,66.61,47.75,13.889444433333777,1.5466666664604445,1
2025-09-02,Bagels,59.0,Regular Day,18.6,0.0,12.983333333333333,-2.166666666666668,9.4,18.5,11.6,0.0,0.5,12.067222222222222,33.0,0.5,0.0,0.5,241.49,3,2,245,0,0,36,9,2025,0,1,0.43388373911755823,-0.900968867902419,0.9510565162951535,0.30901699437494745,70.0,57.0,72.0,43.0,53.0,,69.29,67.57,63.57,8.64,58.0,84.0,67.21,60.5,13.428824718989125,1.1043478259909263,0
2025-09-02,Croissants,32.0,Regular Day,18.6,0.0,12.983333333333333,-2.166666666666668,9.4,18.5,11.6,0.0,0.5,12.067222222222222,33.0,0.5,0.0,0.5,241.49,3,2,245,0,0,36,9,2025,0,1,0.43388373911755823,-0.900968867902419,0.9510565162951535,0.30901699437494745,46.0,30.0,40.0,43.0,37.0,,47.57,46.93,45.71,6.68,38.0,58.0,47.23,39.75,6.946221994724902,0.915662650492089,0
2025-09-03,Croissants,49.0,Regular Day,18.5,0.0,12.95,-3.533333333333335,11.9,18.4,13.4,0.0,1.8000000000000007,12.029444444444444,20.0,0.3999999999999986,0.0,0.0,239.575,4,3,246,0,0,36,9,2025,0,1,-0.433883739117558,-0.9009688679024191,0.9510565162951535,0.30901699437494745,46.0,60.0,39.0,41.0,47.0,,46.29,46.21,45.52,6.55,38.0,58.0,46.17,46.5,9.46924847422786,1.324999999834375,0
2025-09-03,Bagels,62.0,Regular Day,18.5,0.0,12.95,-3.533333333333335,11.9,18.4,13.4,0.0,1.8000000000000007,12.029444444444444,20.0,0.3999999999999986,0.0,0.0,239.575,4,3,246,0,0,36,9,2025,0,1,-0.433883739117558,-0.9009688679024191,0.9510565162951535,0.30901699437494745,58.0,85.0,39.0,53.0,70.0,,72.43,70.0,65.67,13.89,58.0,98.0,74.91,58.75,19.259196937221102,1.5543478259180057,0
2025-09-04,Croissants,41.0,Regular Day,18.4,0.0,12.9,-1.9999999999999964,9.7,20.3,20.7,0.0,1.0999999999999979,12.036666666666667,16.0,2.3000000000000007,0.0,1.0,237.35999999999999,5,4,247,0,0,36,9,2025,0,1,-0.9749279121818236,-0.2225209339563146,0.9510565162951535,0.30901699437494745,51.0,52.0,32.0,50.0,27.0,,45.86,46.21,45.67,5.7,38.0,55.0,48.38,46.25,9.535023160258536,1.2560975608224272,0
2025-09-04,Bagels,85.0,Regular Day,18.4,0.0,12.9,-1.9999999999999964,9.7,20.3,20.7,0.0,1.0999999999999979,12.036666666666667,16.0,2.3000000000000007,0.0,1.0,237.35999999999999,5,4,247,0,0,36,9,2025,0,1,-0.9749279121818236,-0.2225209339563146,0.9510565162951535,0.30901699437494745,69.0,80.0,54.0,45.0,78.0,,76.57,73.0,67.57,20.61,58.0,113.0,84.43,62.0,15.556349186104045,1.50505050489848,0
2025-09-05,Croissants,65.0,Regular Day,20.3,0.0,12.866666666666667,0.36666666666666714,10.400000000000002,22.9,18.6,0.0,2.0,12.0,32.0,4.899999999999999,0.0,5.6,261.1933333333333,6,5,248,0,0,36,9,2025,0,1,-0.7818314824680299,0.6234898018587334,0.9510565162951535,0.30901699437494745,43.0,52.0,53.0,47.0,64.0,,50.57,48.93,46.24,10.08,42.0,71.0,54.03,48.75,4.645786621588784,0.9499999999050001,0
2025-09-05,Bagels,86.0,Regular Day,20.3,0.0,12.866666666666667,0.36666666666666714,10.400000000000002,22.9,18.6,0.0,2.0,12.0,32.0,4.899999999999999,0.0,5.6,261.1933333333333,6,5,248,0,0,36,9,2025,0,1,-0.7818314824680299,0.6234898018587334,0.9510565162951535,0.30901699437494745,98.0,76.0,64.0,54.0,98.0,,80.43,75.64,69.29,20.17,58.0,113.0,85.82,73.0,18.93849694845572,1.4745762710614767,0
2025-09-06,Croissants,75.0,Regular Day,22.9,0.0,12.816666666666666,0.6666666666666679,7.0,24.5,16.5,0.0,4.0,10.0,39.0,6.5,1.0,22.6,293.50166666666667,7,6,249,0,0,36,9,2025,1,1,-2.4492935982947064e-16,1.0,0.9510565162951535,0.30901699437494745,55.0,58.0,55.0,52.0,46.0,,51.14,49.29,46.81,9.62,43.0,71.0,52.03,55.0,2.449489742783178,1.0560747662564416,0
2025-09-06,Bagels,123.0,Regular Day,22.9,0.0,12.816666666666666,0.6666666666666679,7.0,24.5,16.5,0.0,4.0,10.0,39.0,6.5,1.0,22.6,293.50166666666667,7,6,249,0,0,36,9,2025,1,1,-2.4492935982947064e-16,1.0,0.9510565162951535,0.30901699437494745,113.0,84.0,71.0,73.0,65.0,,81.0,76.93,70.52,19.71,58.0,113.0,81.62,85.25,19.36276495407272,1.3680555554605516,0
2025-09-07,Croissants,51.0,Regular Day,24.5,0.0,12.8,-2.8999999999999986,4.899999999999999,19.2,12.2,0.0,3.900000000000002,1.19,100.0,1.1999999999999993,0.0,13.6,313.6,1,7,250,0,0,36,9,2025,1,1,0.7818314824680298,0.6234898018587336,0.9510565162951535,0.30901699437494745,71.0,38.0,33.0,59.0,40.0,,49.14,49.43,46.43,12.02,32.0,71.0,47.02,50.25,17.839562774911272,1.1847826085668716,0
2025-09-07,Bagels,64.0,Regular Day,24.5,0.0,12.8,-2.8999999999999986,4.899999999999999,19.2,12.2,0.0,3.900000000000002,1.19,100.0,1.1999999999999993,0.0,13.6,313.6,1,7,250,0,0,36,9,2025,1,1,0.7818314824680298,0.6234898018587336,0.9510565162951535,0.30901699437494745,90.0,63.0,53.0,54.0,73.0,,79.43,77.07,69.9,21.13,58.0,113.0,75.96,65.0,17.26267650163207,1.4299065419224388,0
2025-09-08,Croissants,51.0,Regular Day,19.2,0.6000000000000014,12.75,-4.233333333333338,10.4,17.4,13.7,0.0,-0.6000000000000014,12.0,38.0,0.0,0.0,0.0,244.79999999999998,2,8,251,0,0,37,9,2025,0,2,0.9749279121818236,-0.22252093395631434,0.5877852522924732,-0.8090169943749473,46.0,42.0,41.0,34.0,46.0,,49.57,48.64,46.9,11.94,32.0,71.0,47.51,40.75,4.9916597106239795,1.173333333176889,0
2025-09-08,Bagels,54.0,Regular Day,19.2,0.6000000000000014,12.75,-4.233333333333338,10.4,17.4,13.7,0.0,-0.6000000000000014,12.0,38.0,0.0,0.0,0.0,244.79999999999998,2,8,251,0,0,37,9,2025,0,2,0.9749279121818236,-0.22252093395631434,0.5877852522924732,-0.8090169943749473,69.0,65.0,51.0,43.0,60.0,,80.0,75.43,71.0,20.49,59.0,113.0,72.47,57.0,12.110601416389967,1.4255319147419647,0
2025-09-09,Bagels,65.0,Regular Day,17.4,0.8999999999999986,12.7,-2.4333333333333336,9.799999999999999,17.1,20.0,0.0,-1.2999999999999972,11.032222222222222,42.0,0.0,0.0,0.0,220.97999999999996,3,9,252,0,0,37,9,2025,0,2,0.43388373911755823,-0.900968867902419,0.5877852522924732,-0.8090169943749473,59.0,70.0,57.0,72.0,73.0,,82.29,75.79,72.48,19.95,59.0,113.0,75.6,64.5,7.593857166596345,0.9999999999224806,0
2025-09-09,Croissants,53.0,Regular Day,17.4,0.8999999999999986,12.7,-2.4333333333333336,9.799999999999999,17.1,20.0,0.0,-1.2999999999999972,11.032222222222222,42.0,0.0,0.0,0.0,220.97999999999996,3,9,252,0,0,37,9,2025,0,2,0.43388373911755823,-0.900968867902419,0.5877852522924732,-0.8090169943749473,32.0,46.0,30.0,40.0,41.0,,48.14,47.86,47.33,12.33,32.0,71.0,45.89,37.0,7.393691004272944,1.1142857141265308,0
2025-09-10,Croissants,59.0,Regular Day,17.1,0.0,12.666666666666666,-0.26666666666666927,3.3999999999999986,19.7,21.2,0.0,-0.10000000000000142,1.7747222222222223,94.0,1.6999999999999993,0.0,0.2,216.6,4,10,253,0,0,37,9,2025,0,2,-0.433883739117558,-0.9009688679024191,0.5877852522924732,-0.8090169943749473,49.0,46.0,60.0,39.0,54.0,,51.29,48.79,47.9,13.55,32.0,71.0,50.66,48.5,8.736894948054104,0.9595959594990308,0
2025-09-10,Bagels,59.0,Regular Day,17.1,0.0,12.666666666666666,-0.26666666666666927,3.3999999999999986,19.7,21.2,0.0,-0.10000000000000142,1.7747222222222223,94.0,1.6999999999999993,0.0,0.2,216.6,4,10,253,0,0,37,9,2025,0,2,-0.433883739117558,-0.9009688679024191,0.5877852522924732,-0.8090169943749473,62.0,58.0,85.0,39.0,92.0,,80.57,76.5,73.52,18.86,59.0,113.0,78.2,61.0,18.88562063228706,0.9677419354058273,0
2025-09-11,Bagels,58.0,Regular Day,19.7,0.0,12.616666666666667,-1.0666666666666629,10.8,19.8,12.5,0.0,0.0,10.888055555555555,33.0,1.8000000000000007,0.0,0.0,248.54833333333335,5,11,254,0,0,37,9,2025,0,2,-0.9749279121818236,-0.2225209339563146,0.5877852522924732,-0.8090169943749473,85.0,69.0,80.0,54.0,69.0,,82.0,79.29,76.0,21.86,59.0,123.0,89.4,72.0,13.73559851869101,1.1492537312575184,0
2025-09-11,Croissants,49.0,Regular Day,19.7,0.0,12.616666666666667,-1.0666666666666629,10.8,19.8,12.5,0.0,0.0,10.888055555555555,33.0,1.8000000000000007,0.0,0.0,248.54833333333335,5,11,254,0,0,37,9,2025,0,2,-0.9749279121818236,-0.2225209339563146,0.5877852522924732,-0.8090169943749473,41.0,51.0,52.0,32.0,60.0,,54.14,50.0,48.86,16.29,32.0,75.0,56.75,44.0,9.41629792788369,1.0952380951077099,0
2025-09-12,Bagels,73.0,Regular Day,19.8,0.0,12.583333333333334,-1.5333333333333314,12.799999999999999,19.3,10.2,0.0,0.8000000000000007,12.0,30.0,1.3000000000000007,0.0,0.3,249.15000000000003,6,12,255,0,0,37,9,2025,0,2,-0.7818314824680299,0.6234898018587334,0.5877852522924732,-0.8090169943749473,86.0,98.0,76.0,64.0,94.0,,78.29,79.36,76.52,22.48,59.0,123.0,83.05,81.0,14.46835627614047,1.3142857141918367,0
2025-09-12,Croissants,58.0,Regular Day,19.8,0.0,12.583333333333334,-1.5333333333333314,12.799999999999999,19.3,10.2,0.0,0.8000000000000007,12.0,30.0,1.3000000000000007,0.0,0.3,249.15000000000003,6,12,255,0,0,37,9,2025,0,2,-0.7818314824680299,0.6234898018587334,0.5877852522924732,-0.8090169943749473,65.0,43.0,52.0,53.0,62.0,,51.29,50.93,49.71,14.5,32.0,75.0,55.31,53.25,9.03234926989282,1.0285714284734695,0
2025-09-13,Bagels,134.0,Regular Day,19.3,0.0,12.533333333333333,-1.8333333333333321,11.599999999999998,19.1,11.9,0.0,3.0,12.0,15.0,1.1000000000000014,0.0,0.8,241.89333333333335,7,13,256,0,0,37,9,2025,1,2,-2.4492935982947064e-16,1.0,0.5877852522924732,-0.8090169943749473,123.0,113.0,84.0,71.0,70.0,,76.14,78.57,76.67,24.16,54.0,123.0,75.79,97.75,24.32248616678265,1.5225806450630592,0
2025-09-13,Croissants,68.0,Regular Day,19.3,0.0,12.533333333333333,-1.8333333333333321,11.599999999999998,19.1,11.9,0.0,3.0,12.0,15.0,1.1000000000000014,0.0,0.8,241.89333333333335,7,13,256,0,0,37,9,2025,1,2,-2.4492935982947064e-16,1.0,0.5877852522924732,-0.8090169943749473,75.0,55.0,58.0,55.0,78.0,,52.0,51.57,50.19,14.32,32.0,75.0,54.23,60.75,9.604686356149273,1.1504424777742972,0
2025-09-14,Croissants,56.0,Regular Day,19.1,0.0,12.483333333333333,-0.6333333333333329,11.500000000000002,20.5,10.9,0.0,3.0,11.599166666666667,49.0,2.5,0.0,0.5,238.43166666666667,1,14,257,0,0,37,9,2025,1,2,0.7818314824680298,0.6234898018587336,0.5877852522924732,-0.8090169943749473,51.0,71.0,38.0,33.0,48.0,,55.0,52.07,51.29,11.31,41.0,75.0,53.93,48.25,16.958282145704892,1.7183098589129142,0
2025-09-14,Bagels,83.0,Regular Day,19.1,0.0,12.483333333333333,-0.6333333333333329,11.500000000000002,20.5,10.9,0.0,3.0,11.599166666666667,49.0,2.5,0.0,0.5,238.43166666666667,1,14,257,0,0,37,9,2025,1,2,0.7818314824680298,0.6234898018587336,0.5877852522924732,-0.8090169943749473,64.0,90.0,63.0,53.0,84.0,,77.0,78.21,77.05,23.55,54.0,123.0,73.09,67.5,15.800843859321775,1.3275862067821047,0
2025-09-15,Croissants,44.0,Regular Day,20.5,0.0,12.45,0.13333333333333286,9.399999999999999,20.0,18.1,0.0,-0.09999999999999787,11.886111111111111,91.0,2.0,0.0,0.1,255.225,2,15,258,0,0,38,9,2025,0,3,0.9749279121818236,-0.22252093395631434,-0.587785252292473,-0.8090169943749476,51.0,46.0,42.0,41.0,47.0,,56.43,53.0,51.24,11.06,41.0,75.0,55.19,45.0,4.546060565661952,1.1686746986543766,0
2025-09-15,Bagels,67.0,Regular Day,20.5,0.0,12.45,0.13333333333333286,9.399999999999999,20.0,18.1,0.0,-0.09999999999999787,11.886111111111111,91.0,2.0,0.0,0.1,255.225,2,15,258,0,0,38,9,2025,0,3,0.9749279121818236,-0.22252093395631434,-0.587785252292473,-0.8090169943749476,54.0,69.0,65.0,51.0,65.0,,76.57,78.29,75.81,23.89,54.0,123.0,69.57,59.75,8.616843969807043,1.060344827494798,0
2025-09-16,Croissants,31.0,Regular Day,20.0,0.0,12.4,-0.5999999999999979,4.400000000000002,19.1,25.5,0.0,-2.1999999999999993,3.226111111111111,100.0,1.1000000000000014,0.0,3.8,248.0,3,16,259,0,0,38,9,2025,0,3,0.43388373911755823,-0.900968867902419,-0.587785252292473,-0.8090169943749476,53.0,32.0,46.0,30.0,39.0,,57.57,52.86,51.1,9.5,49.0,75.0,53.65,40.25,11.086778913041726,1.1184210524844185,0
2025-09-16,Bagels,73.0,Regular Day,20.0,0.0,12.4,-0.5999999999999979,4.400000000000002,19.1,25.5,0.0,-2.1999999999999993,3.226111111111111,100.0,1.1000000000000014,0.0,3.8,248.0,3,16,259,0,0,38,9,2025,0,3,0.43388373911755823,-0.900968867902419,-0.587785252292473,-0.8090169943749476,65.0,59.0,70.0,57.0,63.0,,72.71,77.5,74.76,24.48,54.0,123.0,66.68,62.75,5.909032633745278,0.9763779526790254,0
2025-09-17,Croissants,38.0,Regular Day,19.1,0.0,12.35,-0.13333333333333286,2.8000000000000007,19.3,22.6,0.0,0.6999999999999993,0.0,100.0,1.3000000000000007,0.0,7.1,235.88500000000002,4,17,260,0,0,38,9,2025,0,3,-0.433883739117558,-0.9009688679024191,-0.587785252292473,-0.8090169943749476,59.0,49.0,46.0,60.0,58.0,,56.57,53.93,51.38,8.94,49.0,75.0,54.73,53.5,7.047458170621991,1.0188679244321823,0
2025-09-17,Bagels,97.0,Regular Day,19.1,0.0,12.35,-0.13333333333333286,2.8000000000000007,19.3,22.6,0.0,0.6999999999999993,0.0,100.0,1.3000000000000007,0.0,7.1,235.88500000000002,4,17,260,0,0,38,9,2025,0,3,-0.433883739117558,-0.9009688679024191,-0.587785252292473,-0.8090169943749476,59.0,62.0,58.0,85.0,59.0,,70.86,75.71,74.62,23.79,54.0,123.0,68.26,66.0,12.780193008453876,0.8461538460946745,0
2025-09-18,Bagels,68.0,Regular Day,19.3,0.0,12.316666666666666,0.23333333333333428,8.0,21.0,12.8,0.0,1.1000000000000014,8.996944444444445,77.0,3.0,0.0,1.1,237.71166666666667,5,18,261,0,0,38,9,2025,0,3,-0.9749279121818236,-0.2225209339563146,-0.587785252292473,-0.8090169943749476,58.0,85.0,69.0,80.0,72.0,,72.43,77.21,77.0,27.83,54.0,134.0,84.69,73.0,12.027745701779143,0.9597315435597495,0
2025-09-18,Croissants,44.0,Regular Day,19.3,0.0,12.316666666666666,0.23333333333333428,8.0,21.0,12.8,0.0,1.1000000000000014,8.996944444444445,77.0,3.0,0.0,1.1,237.71166666666667,5,18,261,0,0,38,9,2025,0,3,-0.9749279121818236,-0.2225209339563146,-0.587785252292473,-0.8090169943749476,49.0,41.0,51.0,52.0,49.0,,55.57,54.86,51.86,6.63,49.0,68.0,58.05,48.25,4.9916597106239795,0.8737864076821568,0
2025-09-19,Bagels,77.0,Regular Day,21.0,0.0,12.266666666666667,1.2666666666666657,12.100000000000001,22.5,11.5,0.0,2.0,11.928611111111111,4.0,4.5,0.0,0.0,257.6,6,19,262,0,0,38,9,2025,0,3,-0.7818314824680299,0.6234898018587334,-0.587785252292473,-0.8090169943749476,73.0,86.0,98.0,76.0,89.0,,75.14,76.71,77.95,27.79,54.0,134.0,84.27,83.25,11.29527924990495,0.9137931033957589,0
2025-09-19,Croissants,52.0,Regular Day,21.0,0.0,12.266666666666667,1.2666666666666657,12.100000000000001,22.5,11.5,0.0,2.0,11.928611111111111,4.0,4.5,0.0,0.0,257.6,6,19,262,0,0,38,9,2025,0,3,-0.7818314824680299,0.6234898018587334,-0.587785252292473,-0.8090169943749476,58.0,65.0,43.0,52.0,62.0,,56.29,53.79,52.71,6.32,49.0,68.0,57.54,54.5,9.327379053088816,1.294736841968975,0
2025-09-20,Croissants,56.0,Regular Day,22.5,0.0,12.233333333333333,0.1999999999999993,7.399999999999999,20.5,17.0,0.0,1.1000000000000014,11.901388888888889,10.0,2.5,0.0,0.0,275.25,7,20,263,0,0,38,9,2025,1,3,-2.4492935982947064e-16,1.0,-0.587785252292473,-0.8090169943749476,68.0,75.0,55.0,58.0,0.0,,55.29,53.64,52.81,7.7,44.0,68.0,54.15,64.0,9.201449161228174,1.2654867255517268,0
2025-09-20,Bagels,94.0,Regular Day,22.5,0.0,12.233333333333333,0.1999999999999993,7.399999999999999,20.5,17.0,0.0,1.1000000000000014,11.901388888888889,10.0,2.5,0.0,0.0,275.25,7,20,263,0,0,38,9,2025,1,3,-2.4492935982947064e-16,1.0,-0.587785252292473,-0.8090169943749476,134.0,123.0,113.0,84.0,0.0,,77.0,76.57,78.05,26.55,58.0,134.0,79.95,113.5,21.455380055672126,1.3045685278525598,0
2025-09-21,Bagels,90.0,Regular Day,20.5,0.10000000000000142,12.2,-1.4666666666666686,5.999999999999998,17.9,12.9,0.0,-0.3999999999999986,10.681111111111111,73.0,0.0,0.0,0.0,250.1,1,21,264,0,0,38,9,2025,1,3,0.7818314824680298,0.6234898018587336,-0.587785252292473,-0.8090169943749476,83.0,64.0,90.0,63.0,79.0,,78.14,77.57,78.19,26.12,58.0,134.0,78.21,75.0,13.589211407093005,0.9607843136626938,0
2025-09-21,Croissants,64.0,Regular Day,20.5,0.10000000000000142,12.2,-1.4666666666666686,5.999999999999998,17.9,12.9,0.0,-0.3999999999999986,10.681111111111111,73.0,0.0,0.0,0.0,250.1,1,21,264,0,0,38,9,2025,1,3,0.7818314824680298,0.6234898018587336,-0.587785252292473,-0.8090169943749476,56.0,51.0,71.0,38.0,44.0,,52.14,53.57,52.1,12.05,31.0,68.0,48.37,54.0,13.638181696985855,0.9816513760567293,0
2025-09-22,Bagels,56.0,Regular Day,17.9,1.0,12.15,-1.2666666666666657,12.8,17.0,11.9,0.0,1.8000000000000007,11.6125,34.0,0.0,0.0,0.0,217.48499999999999,2,22,265,0,0,39,9,2025,0,4,0.9749279121818236,-0.22252093395631434,-0.9510565162951536,0.30901699437494723,67.0,54.0,69.0,65.0,54.0,,83.57,80.07,80.05,25.42,58.0,134.0,82.91,63.75,6.701989754294367,0.9029850745594786,0
2025-09-22,Croissants,42.0,Regular Day,17.9,1.0,12.15,-1.2666666666666657,12.8,17.0,11.9,0.0,1.8000000000000007,11.6125,34.0,0.0,0.0,0.0,217.48499999999999,2,22,265,0,0,39,9,2025,0,4,0.9749279121818236,-0.22252093395631434,-0.9510565162951536,0.30901699437494723,44.0,51.0,46.0,42.0,45.0,,49.14,52.79,51.71,12.65,31.0,68.0,45.77,45.75,3.8622100754188224,1.079545454422779,0
2025-09-23,Bagels,74.0,Regular Day,17.0,0.0,12.1,2.0000000000000036,10.700000000000003,21.3,13.4,0.0,1.8999999999999986,11.172777777777778,71.0,3.3000000000000007,0.0,0.0,205.7,3,23,266,0,0,39,9,2025,0,4,0.43388373911755823,-0.900968867902419,-0.9510565162951536,0.30901699437494723,73.0,65.0,59.0,70.0,45.0,,85.0,78.86,80.0,23.98,67.0,134.0,79.18,66.75,6.13052471924984,1.0697674417775374,0
2025-09-23,Croissants,55.0,Regular Day,17.0,0.0,12.1,2.0000000000000036,10.700000000000003,21.3,13.4,0.0,1.8999999999999986,11.172777777777778,71.0,3.3000000000000007,0.0,0.0,205.7,3,23,266,0,0,39,9,2025,0,4,0.43388373911755823,-0.900968867902419,-0.9510565162951536,0.30901699437494723,31.0,53.0,32.0,46.0,29.0,,48.43,53.0,51.38,12.8,31.0,68.0,45.33,40.5,10.785793124908958,1.07692307678501,0
2025-09-24,Bagels,70.0,Regular Day,21.3,0.0,12.066666666666666,2.1333333333333364,8.400000000000002,22.0,13.0,0.0,3.6999999999999993,4.469166666666666,76.0,4.0,0.0,4.6,257.02,4,24,267,0,0,39,9,2025,0,4,-0.433883739117558,-0.9009688679024191,-0.9510565162951536,0.30901699437494723,97.0,59.0,62.0,58.0,53.0,,85.57,78.21,79.0,23.69,67.0,134.0,78.64,69.0,18.743887892679396,1.2999999998916667,0
2025-09-24,Croissants,45.0,Regular Day,21.3,0.0,12.066666666666666,2.1333333333333364,8.400000000000002,22.0,13.0,0.0,3.6999999999999993,4.469166666666666,76.0,4.0,0.0,4.6,257.02,4,24,267,0,0,39,9,2025,0,4,-0.433883739117558,-0.9009688679024191,-0.9510565162951536,0.30901699437494723,38.0,59.0,49.0,46.0,64.0,,47.57,52.07,51.81,12.25,31.0,68.0,47.0,48.0,8.679477710861024,1.0210526314714683,0
2025-09-25,Bagels,62.0,Regular Day,22.0,0.0,12.016666666666667,3.166666666666668,5.400000000000002,23.1,18.5,0.0,3.299999999999997,5.779166666666667,98.0,5.100000000000001,0.0,23.7,264.3666666666667,5,25,268,0,0,39,9,2025,0,4,-0.9749279121818236,-0.2225209339563146,-0.9510565162951536,0.30901699437494723,68.0,58.0,85.0,69.0,52.0,,79.86,76.14,78.1,12.01,67.0,97.0,82.48,70.0,11.16542281629615,0.8181818181286894,0
2025-09-25,Croissants,52.0,Regular Day,22.0,0.0,12.016666666666667,3.166666666666668,5.400000000000002,23.1,18.5,0.0,3.299999999999997,5.779166666666667,98.0,5.100000000000001,0.0,23.7,264.3666666666667,5,25,268,0,0,39,9,2025,0,4,-0.9749279121818236,-0.2225209339563146,-0.9510565162951536,0.30901699437494723,44.0,49.0,41.0,51.0,48.0,,45.86,50.71,51.86,9.42,31.0,56.0,49.25,46.25,4.573474244670748,1.0108695651075144,0
2025-09-26,Croissants,52.0,Regular Day,23.1,0.0,11.983333333333333,3.1666666666666643,8.0,22.8,15.9,0.0,2.3000000000000007,9.740555555555556,62.0,4.800000000000001,0.0,11.2,276.815,6,26,269,0,0,39,9,2025,0,4,-0.7818314824680299,0.6234898018587334,-0.9510565162951536,0.30901699437494723,52.0,58.0,65.0,43.0,62.0,,47.0,51.64,51.52,11.18,31.0,64.0,52.94,54.5,9.327379053088816,1.0185185184242114,0
2025-09-26,Bagels,69.0,Regular Day,23.1,0.0,11.983333333333333,3.1666666666666643,8.0,22.8,15.9,0.0,2.3000000000000007,9.740555555555556,62.0,4.800000000000001,0.0,11.2,276.815,6,26,269,0,0,39,9,2025,0,4,-0.7818314824680299,0.6234898018587334,-0.9510565162951536,0.30901699437494723,77.0,73.0,86.0,98.0,89.0,,80.86,78.0,78.1,12.59,67.0,97.0,84.36,83.5,11.090536506409418,0.8152173912600424,0
2025-09-27,Bagels,98.0,Regular Day,22.8,0.0,11.933333333333334,1.5,8.7,21.4,10.1,0.0,1.1999999999999993,6.089166666666666,97.0,3.3999999999999986,0.0,0.7,272.08000000000004,7,27,270,0,0,39,9,2025,1,4,-2.4492935982947064e-16,1.0,-0.9510565162951536,0.30901699437494723,94.0,134.0,123.0,113.0,55.0,,79.29,78.14,77.48,15.05,56.0,97.0,77.27,116.0,16.990193249832878,0.9661016948743177,0
2025-09-27,Croissants,65.0,Regular Day,22.8,0.0,11.933333333333334,1.5,8.7,21.4,10.1,0.0,1.1999999999999993,6.089166666666666,97.0,3.3999999999999986,0.0,0.7,272.08000000000004,7,27,270,0,0,39,9,2025,1,4,-2.4492935982947064e-16,1.0,-0.9510565162951536,0.30901699437494723,56.0,68.0,75.0,55.0,52.0,,46.71,51.0,51.33,11.29,31.0,64.0,50.2,63.5,9.678154093971983,0.953846153772781,0
2025-09-28,Bagels,82.0,Regular Day,21.4,0.0,11.883333333333333,1.7333333333333343,8.8,21.6,11.4,0.0,1.8000000000000007,11.321388888888889,78.0,3.6000000000000014,1.0,41.4,254.3033333333333,1,28,271,0,0,39,9,2025,1,4,0.7818314824680298,0.6234898018587336,-0.9510565162951536,0.30901699437494723,90.0,83.0,64.0,90.0,58.0,,79.43,78.79,78.19,14.99,56.0,97.0,76.45,81.75,12.284814474246922,1.1233766233036768,0
2025-09-28,Croissants,61.0,Regular Day,21.4,0.0,11.883333333333333,1.7333333333333343,8.8,21.6,11.4,0.0,1.8000000000000007,11.321388888888889,78.0,3.6000000000000014,1.0,41.4,254.3033333333333,1,28,271,0,0,39,9,2025,1,4,0.7818314824680298,0.6234898018587336,-0.9510565162951536,0.30901699437494723,64.0,56.0,51.0,71.0,43.0,,50.14,51.14,52.43,9.17,38.0,64.0,51.4,60.5,8.812869377601524,0.9836065572964258,0
2025-09-29,Bagels,62.0,Regular Day,21.6,0.0,11.85,0.7666666666666693,8.0,21.3,10.5,0.0,1.9000000000000021,7.866944444444444,96.0,3.3000000000000007,0.0,0.0,255.96,2,29,272,0,0,40,9,2025,0,5,0.9749279121818236,-0.22252093395631434,-2.4492935982947064e-16,1.0,56.0,67.0,54.0,69.0,43.0,,75.57,79.57,78.57,13.06,56.0,94.0,74.84,61.5,7.593857166596345,0.9999999999186993,0
2025-09-29,Croissants,47.0,Regular Day,21.6,0.0,11.85,0.7666666666666693,8.0,21.3,10.5,0.0,1.9000000000000021,7.866944444444444,96.0,3.3000000000000007,0.0,0.0,255.96,2,29,272,0,0,40,9,2025,0,5,0.9749279121818236,-0.22252093395631434,-2.4492935982947064e-16,1.0,42.0,44.0,51.0,46.0,40.0,,51.14,50.14,52.24,7.93,42.0,64.0,49.8,45.75,3.8622100754188224,0.8865979380529281,0
2025-09-30,Bagels,69.0,Regular Day,21.3,0.0,11.8,0.8999999999999986,8.099999999999998,20.2,13.6,0.0,-0.7999999999999972,3.6061111111111113,100.0,2.1999999999999993,0.0,0.0,251.34000000000003,3,30,273,0,1,40,9,2025,0,5,0.43388373911755823,-0.900968867902419,-2.4492935982947064e-16,1.0,74.0,73.0,65.0,59.0,68.0,,74.71,79.86,77.48,13.82,56.0,94.0,71.63,67.75,7.088723439378913,1.1854838708721385,0
2025-09-30,Croissants,45.0,Regular Day,21.3,0.0,11.8,0.8999999999999986,8.099999999999998,20.2,13.6,0.0,-0.7999999999999972,3.6061111111111113,100.0,2.1999999999999993,0.0,0.0,251.34000000000003,3,30,273,0,1,40,9,2025,0,5,0.43388373911755823,-0.900968867902419,-2.4492935982947064e-16,1.0,55.0,31.0,53.0,32.0,48.0,,52.29,50.36,52.76,7.27,42.0,64.0,50.35,42.75,13.022416570411705,1.011764705763322,0
2025-10-01,Bagels,56.0,Regular Day,20.2,0.0,11.766666666666667,-0.5999999999999979,6.300000000000001,18.1,17.1,0.0,-1.8999999999999986,11.605277777777777,30.0,0.10000000000000142,0.0,0.0,237.68666666666667,4,1,274,1,0,40,10,2025,0,1,-0.433883739117558,-0.9009688679024191,0.9510565162951535,0.30901699437494745,70.0,97.0,59.0,62.0,60.0,,73.57,79.57,76.67,13.93,56.0,94.0,70.97,72.0,17.301252363147974,1.3801652891421352,0
2025-10-01,Croissants,50.0,Regular Day,20.2,0.0,11.766666666666667,-0.5999999999999979,6.300000000000001,18.1,17.1,0.0,-1.8999999999999986,11.605277777777777,30.0,0.10000000000000142,0.0,0.0,237.68666666666667,4,1,274,1,0,40,10,2025,0,1,-0.433883739117558,-0.9009688679024191,0.9510565162951535,0.30901699437494745,45.0,38.0,59.0,49.0,39.0,,52.29,49.93,52.14,7.27,42.0,64.0,50.76,47.75,8.770214744615247,0.7685185184473594,0
2025-10-02,Croissants,40.0,Regular Day,18.1,3.5,11.716666666666667,-3.2666666666666657,9.6,14.5,13.7,0.0,-1.8000000000000007,11.202777777777778,34.0,0.0,0.0,0.0,212.0716666666667,5,2,275,0,0,40,10,2025,0,1,-0.9749279121818236,-0.2225209339563146,0.9510565162951535,0.30901699437494745,52.0,44.0,49.0,41.0,35.0,,53.57,49.71,51.67,8.7,42.0,65.0,54.32,46.5,4.932882862316247,1.0666666665481481,0
2025-10-02,Bagels,70.0,Regular Day,18.1,3.5,11.716666666666667,-3.2666666666666657,9.6,14.5,13.7,0.0,-1.8000000000000007,11.202777777777778,34.0,0.0,0.0,0.0,212.0716666666667,5,2,275,0,0,40,10,2025,0,1,-0.9749279121818236,-0.2225209339563146,0.9510565162951535,0.30901699437494745,62.0,68.0,58.0,85.0,69.0,,74.14,77.0,75.48,14.95,56.0,98.0,77.73,68.25,11.89887949906769,0.9090909090273362,0
2025-10-03,Croissants,55.0,Regular Day,14.5,4.199999999999999,11.666666666666666,-3.2666666666666657,14.0,13.8,9.9,0.0,-0.8000000000000007,11.367222222222223,70.0,0.0,0.0,0.0,169.16666666666666,6,3,276,0,0,40,10,2025,0,1,-0.7818314824680299,0.6234898018587334,0.9510565162951535,0.30901699437494745,52.0,52.0,58.0,65.0,46.0,,53.14,50.07,52.14,8.15,42.0,65.0,55.99,56.75,6.18465843842649,0.8455284552158108,0
2025-10-03,Bagels,99.0,Regular Day,14.5,4.199999999999999,11.666666666666666,-3.2666666666666657,14.0,13.8,9.9,0.0,-0.8000000000000007,11.367222222222223,70.0,0.0,0.0,0.0,169.16666666666666,6,3,276,0,0,40,10,2025,0,1,-0.7818314824680299,0.6234898018587334,0.9510565162951535,0.30901699437494745,69.0,77.0,73.0,86.0,82.0,,73.0,76.93,76.33,13.8,56.0,98.0,78.8,76.25,7.274384280931732,0.9182389936529409,0
2025-10-04,Croissants,59.0,Regular Day,13.8,1.1000000000000014,11.633333333333333,-1.0999999999999979,14.100000000000001,16.9,11.2,0.0,0.5,11.28138888888889,5.0,0.0,0.0,0.0,160.54,7,4,277,0,0,40,10,2025,1,1,-2.4492935982947064e-16,1.0,0.9510565162951535,0.30901699437494745,65.0,56.0,68.0,75.0,33.0,,53.86,50.29,51.95,7.17,45.0,65.0,53.74,66.0,7.874007874011811,0.8461538460946745,0
2025-10-04,Bagels,96.0,Regular Day,13.8,1.1000000000000014,11.633333333333333,-1.0999999999999979,14.100000000000001,16.9,11.2,0.0,0.5,11.28138888888889,5.0,0.0,0.0,0.0,160.54,7,4,277,0,0,40,10,2025,1,1,-2.4492935982947064e-16,1.0,0.9510565162951535,0.30901699437494745,98.0,94.0,134.0,123.0,66.0,,73.86,76.57,76.71,12.71,62.0,98.0,74.6,112.25,19.36276495407272,0.7470817120331874,0
2025-10-05,Croissants,47.0,Regular Day,16.9,0.0,11.583333333333334,0.7333333333333343,14.2,19.1,10.8,0.0,1.1999999999999993,11.195555555555556,0.0,1.1000000000000014,0.0,0.0,195.75833333333333,1,5,278,0,0,40,10,2025,1,1,0.7818314824680298,0.6234898018587336,0.9510565162951535,0.30901699437494745,61.0,64.0,56.0,51.0,57.0,,52.43,51.29,51.57,7.87,45.0,65.0,51.56,58.0,5.715476066494082,1.1682242989562408,0
2025-10-05,Bagels,69.0,Regular Day,16.9,0.0,11.583333333333334,0.7333333333333343,14.2,19.1,10.8,0.0,1.1999999999999993,11.195555555555556,0.0,1.1000000000000014,0.0,0.0,195.75833333333333,1,5,278,0,0,40,10,2025,1,1,0.7818314824680298,0.6234898018587336,0.9510565162951535,0.30901699437494745,82.0,90.0,83.0,64.0,42.0,,73.14,76.29,76.9,12.84,62.0,98.0,73.2,79.75,11.086778913041726,1.1700680271312878,0
2025-10-06,Bagels,60.0,Regular Day,19.1,0.0,11.55,-1.0000000000000036,12.400000000000002,18.7,13.3,0.0,1.7999999999999972,10.980277777777777,12.0,0.6999999999999993,0.0,0.0,220.60500000000002,2,6,279,0,0,41,10,2025,0,1,0.9749279121818236,-0.22252093395631434,0.9510565162951535,0.30901699437494745,62.0,56.0,67.0,54.0,45.0,,71.14,73.36,76.76,14.4,56.0,98.0,68.9,59.75,5.909032633745278,0.9752066114896524,0
2025-10-06,Croissants,38.0,Regular Day,19.1,0.0,11.55,-1.0000000000000036,12.400000000000002,18.7,13.3,0.0,1.7999999999999972,10.980277777777777,12.0,0.6999999999999993,0.0,0.0,220.60500000000002,2,6,279,0,0,41,10,2025,0,1,0.9749279121818236,-0.22252093395631434,0.9510565162951535,0.30901699437494745,47.0,42.0,44.0,51.0,39.0,,53.14,52.14,51.14,7.29,45.0,65.0,51.17,46.0,3.9157800414902435,0.936842105164543,0
2025-10-07,Bagels,68.0,Regular Day,18.7,0.0,11.5,1.0999999999999979,10.1,19.9,17.8,0.0,-0.10000000000000142,10.939166666666667,32.0,1.8999999999999986,0.0,0.0,215.04999999999998,3,7,280,0,0,41,10,2025,0,1,0.43388373911755823,-0.900968867902419,0.9510565162951535,0.30901699437494745,69.0,74.0,73.0,65.0,38.0,,72.29,73.5,77.33,13.86,56.0,98.0,69.17,70.25,4.112987559751022,1.0362318839828817,0
2025-10-07,Croissants,40.0,Regular Day,18.7,0.0,11.5,1.0999999999999979,10.1,19.9,17.8,0.0,-0.10000000000000142,10.939166666666667,32.0,1.8999999999999986,0.0,0.0,215.04999999999998,3,7,280,0,0,41,10,2025,0,1,0.43388373911755823,-0.900968867902419,0.9510565162951535,0.30901699437494745,45.0,55.0,31.0,53.0,37.0,,51.43,51.86,50.71,8.85,40.0,65.0,48.38,46.0,10.893423092245461,1.1904761903344672,0
2025-10-08,Bagels,62.0,Regular Day,19.9,0.0,11.45,2.5333333333333314,3.1000000000000014,20.2,19.9,0.0,1.2999999999999972,4.790277777777778,80.0,2.1999999999999993,0.0,9.3,227.85499999999996,4,8,281,0,0,41,10,2025,0,2,-0.433883739117558,-0.9009688679024191,0.5877852522924732,-0.8090169943749473,56.0,70.0,97.0,59.0,39.0,,76.57,75.07,78.57,16.97,56.0,99.0,76.63,70.5,18.663690238892556,0.8076923076405325,0
2025-10-08,Croissants,62.0,Regular Day,19.9,0.0,11.45,2.5333333333333314,3.1000000000000014,20.2,19.9,0.0,1.2999999999999972,4.790277777777778,80.0,2.1999999999999993,0.0,9.3,227.85499999999996,4,8,281,0,0,41,10,2025,0,2,-0.433883739117558,-0.9009688679024191,0.5877852522924732,-0.8090169943749473,50.0,45.0,38.0,59.0,42.0,,51.86,52.07,50.57,8.95,40.0,65.0,50.03,48.0,8.831760866327848,0.979381443198002,0
2025-10-09,Bagels,66.0,Regular Day,20.2,4.1,11.416666666666666,0.033333333333333215,7.899999999999999,13.9,16.1,0.0,-2.299999999999999,10.932222222222222,5.0,0.0,0.0,0.0,230.61666666666665,5,9,282,0,0,41,10,2025,0,2,-0.9749279121818236,-0.2225209339563146,0.5877852522924732,-0.8090169943749473,70.0,62.0,68.0,58.0,89.0,,76.29,75.21,76.76,16.56,56.0,99.0,81.47,64.5,5.507570547286102,1.0476190475359033,0
2025-10-09,Croissants,64.0,Regular Day,20.2,4.1,11.416666666666666,0.033333333333333215,7.899999999999999,13.9,16.1,0.0,-2.299999999999999,10.932222222222222,5.0,0.0,0.0,0.0,230.61666666666665,5,9,282,0,0,41,10,2025,0,2,-0.9749279121818236,-0.2225209339563146,0.5877852522924732,-0.8090169943749473,40.0,52.0,44.0,49.0,44.0,,51.0,52.29,50.14,7.68,40.0,61.0,52.27,46.25,5.315072906367325,0.9892473117215864,0
2025-10-10,Bagels,89.0,Regular Day,13.9,6.9,11.366666666666667,-2.1999999999999993,10.400000000000002,11.1,13.2,0.0,-2.5000000000000018,10.557777777777778,48.0,0.0,0.0,0.0,157.99666666666667,6,10,283,0,0,41,10,2025,0,2,-0.7818314824680299,0.6234898018587334,0.5877852522924732,-0.8090169943749473,99.0,69.0,77.0,73.0,69.0,,74.43,73.71,76.1,16.54,56.0,99.0,78.35,79.5,13.403979508588733,1.1199999999253332,0
2025-10-10,Croissants,48.0,Regular Day,13.9,6.9,11.366666666666667,-2.1999999999999993,10.400000000000002,11.1,13.2,0.0,-2.5000000000000018,10.557777777777778,48.0,0.0,0.0,0.0,157.99666666666667,6,10,283,0,0,41,10,2025,0,2,-0.7818314824680299,0.6234898018587334,0.5877852522924732,-0.8090169943749473,55.0,52.0,52.0,58.0,48.0,,49.0,51.07,49.71,6.35,40.0,59.0,50.96,54.25,2.8722813232690143,0.9727272726388431,0
2025-10-11,Croissants,47.0,Regular Day,11.1,2.9000000000000004,11.333333333333334,0.6333333333333329,10.1,15.1,17.1,0.0,-0.3000000000000007,4.614166666666667,98.0,0.0,1.0,2.8,125.8,7,11,284,0,0,41,10,2025,1,2,-2.4492935982947064e-16,1.0,0.5877852522924732,-0.8090169943749473,59.0,65.0,56.0,68.0,37.0,,47.71,50.79,49.43,7.61,38.0,59.0,47.72,62.0,5.477225575051661,0.9999999999193548,0
2025-10-11,Bagels,84.0,Regular Day,11.1,2.9000000000000004,11.333333333333334,0.6333333333333329,10.1,15.1,17.1,0.0,-0.3000000000000007,4.614166666666667,98.0,0.0,1.0,2.8,125.8,7,11,284,0,0,41,10,2025,1,2,-2.4492935982947064e-16,1.0,0.5877852522924732,-0.8090169943749473,96.0,98.0,94.0,134.0,40.0,,74.14,74.0,75.76,16.81,56.0,99.0,73.77,105.5,19.070046320517072,0.850877192945137,0
2025-10-12,Croissants,37.0,Regular Day,15.1,2.0,11.283333333333333,1.5333333333333332,4.600000000000001,16.0,27.0,0.0,-0.5,0.0,100.0,0.0,1.0,18.3,170.37833333333333,1,12,285,0,0,41,10,2025,1,2,0.7818314824680298,0.6234898018587336,0.5877852522924732,-0.8090169943749473,47.0,61.0,64.0,56.0,41.0,,47.0,49.71,49.86,8.12,38.0,59.0,45.79,57.0,7.438637868140466,0.899999999925,0
2025-10-12,Bagels,55.0,Regular Day,15.1,2.0,11.283333333333333,1.5333333333333332,4.600000000000001,16.0,27.0,0.0,-0.5,0.0,100.0,0.0,1.0,18.3,170.37833333333333,1,12,285,0,0,41,10,2025,1,2,0.7818314824680298,0.6234898018587336,0.5877852522924732,-0.8090169943749473,69.0,82.0,90.0,83.0,51.0,,74.0,73.57,75.52,16.86,56.0,99.0,72.32,81.0,8.755950357709132,0.8728323698917437,0
2025-10-13,Croissants,53.0,Columbus Day,16.0,2.5,11.25,-0.2666666666666657,4.700000000000001,15.5,29.4,0.0,-0.6000000000000014,0.0,100.0,0.0,0.0,16.5,180.0,2,13,286,0,0,42,10,2025,0,2,0.9749279121818236,-0.22252093395631434,0.5877852522924732,-0.8090169943749473,38.0,47.0,42.0,44.0,28.0,,48.71,50.93,51.0,9.93,38.0,62.0,49.84,42.75,3.774917217635375,0.988372092908329,1
2025-10-13,Bagels,70.0,Columbus Day,16.0,2.5,11.25,-0.2666666666666657,4.700000000000001,15.5,29.4,0.0,-0.6000000000000014,0.0,100.0,0.0,0.0,16.5,180.0,2,13,286,0,0,42,10,2025,0,2,0.9749279121818236,-0.22252093395631434,0.5877852522924732,-0.8090169943749473,60.0,62.0,56.0,67.0,58.0,,74.86,73.0,73.86,15.92,60.0,99.0,69.74,61.25,4.573474244670748,0.9918699186185472,1
2025-10-14,Croissants,50.0,Regular Day,15.5,2.5,11.2,0.36666666666666714,6.0,15.5,23.2,0.0,-2.1999999999999993,3.888888888888889,99.0,0.0,0.0,3.8,173.6,3,14,287,0,0,42,10,2025,0,2,0.43388373911755823,-0.900968867902419,0.5877852522924732,-0.8090169943749473,40.0,45.0,55.0,31.0,30.0,,52.14,51.79,51.95,10.54,38.0,64.0,53.38,42.75,10.012492197250394,0.988372092908329,0
2025-10-14,Bagels,60.0,Regular Day,15.5,2.5,11.2,0.36666666666666714,6.0,15.5,23.2,0.0,-2.1999999999999993,3.888888888888889,99.0,0.0,0.0,3.8,173.6,3,14,287,0,0,42,10,2025,0,2,0.43388373911755823,-0.900968867902419,0.5877852522924732,-0.8090169943749473,68.0,69.0,74.0,73.0,49.0,,74.29,73.29,73.76,16.19,60.0,99.0,68.81,71.0,2.943920288775949,0.9319727890522467,0
2025-10-15,Croissants,53.0,Regular Day,15.5,1.0,11.166666666666666,0.6666666666666679,6.4,17.0,15.2,0.0,-1.3000000000000007,9.452777777777778,71.0,0.0,0.0,0.0,173.08333333333331,4,15,288,0,0,42,10,2025,0,3,-0.433883739117558,-0.9009688679024191,-0.587785252292473,-0.8090169943749476,62.0,50.0,45.0,38.0,44.0,,51.14,51.5,51.76,10.56,38.0,64.0,52.04,48.75,10.111874208078342,1.349397590198868,0
2025-10-15,Bagels,48.0,Regular Day,15.5,1.0,11.166666666666666,0.6666666666666679,6.4,17.0,15.2,0.0,-1.3000000000000007,9.452777777777778,71.0,0.0,0.0,0.0,173.08333333333331,4,15,288,0,0,42,10,2025,0,3,-0.433883739117558,-0.9009688679024191,-0.587785252292473,-0.8090169943749476,62.0,56.0,70.0,97.0,57.0,,72.86,74.71,74.33,13.93,60.0,96.0,73.86,71.25,18.09926333675858,0.7065868263049948,0
2025-10-16,Croissants,44.0,Regular Day,17.0,5.9,11.133333333333333,0.7666666666666657,8.100000000000001,12.1,22.4,0.0,-4.0,10.758333333333333,3.0,0.0,0.0,0.0,189.26666666666665,5,16,289,0,0,42,10,2025,0,3,-0.9749279121818236,-0.2225209339563146,-0.587785252292473,-0.8090169943749476,64.0,40.0,52.0,44.0,38.0,,49.43,50.21,51.33,10.03,38.0,64.0,50.78,50.0,10.583005244258363,1.0833333332204862,0
2025-10-16,Bagels,96.0,Regular Day,17.0,5.9,11.133333333333333,0.7666666666666657,8.100000000000001,12.1,22.4,0.0,-4.0,10.758333333333333,3.0,0.0,0.0,0.0,189.26666666666665,5,16,289,0,0,42,10,2025,0,3,-0.9749279121818236,-0.2225209339563146,-0.587785252292473,-0.8090169943749476,66.0,70.0,62.0,68.0,65.0,,71.14,73.71,73.86,11.05,60.0,89.0,76.39,66.5,3.415650255319866,1.0461538460733728,0
2025-10-17,Croissants,37.0,Regular Day,12.1,6.699999999999999,11.083333333333334,0.16666666666666607,10.5,11.3,18.4,0.0,-3.5,10.740833333333333,5.0,0.0,0.0,0.0,134.10833333333335,6,17,290,0,0,42,10,2025,0,3,-0.7818314824680299,0.6234898018587334,-0.587785252292473,-0.8090169943749476,48.0,55.0,52.0,52.0,53.0,,48.0,48.5,50.05,11.09,37.0,64.0,47.33,51.75,2.8722813232690143,0.9903846152893861,0
2025-10-17,Bagels,77.0,Regular Day,12.1,6.699999999999999,11.083333333333334,0.16666666666666607,10.5,11.3,18.4,0.0,-3.5,10.740833333333333,5.0,0.0,0.0,0.0,134.10833333333335,6,17,290,0,0,42,10,2025,0,3,-0.7818314824680299,0.6234898018587334,-0.587785252292473,-0.8090169943749476,89.0,99.0,69.0,77.0,79.0,,69.14,71.79,72.19,12.65,55.0,89.0,71.04,83.5,13.203534880225574,1.2876712327885156,0
2025-10-18,Bagels,99.0,Regular Day,11.3,5.1,11.05,0.8333333333333321,12.8,12.9,10.7,0.0,-1.8999999999999986,10.572777777777778,32.0,0.0,0.0,0.0,124.86500000000001,7,18,291,0,0,42,10,2025,1,3,-2.4492935982947064e-16,1.0,-0.587785252292473,-0.8090169943749476,84.0,96.0,98.0,94.0,79.0,,70.57,72.36,72.86,12.0,55.0,89.0,70.78,93.0,6.2182527020592095,0.9374999999511718,0
2025-10-18,Croissants,60.0,Regular Day,11.3,5.1,11.05,0.8333333333333321,12.8,12.9,10.7,0.0,-1.8999999999999986,10.572777777777778,32.0,0.0,0.0,0.0,124.86500000000001,7,18,291,0,0,42,10,2025,1,3,-2.4492935982947064e-16,1.0,-0.587785252292473,-0.8090169943749476,47.0,59.0,65.0,56.0,36.0,,50.14,48.93,50.57,10.25,37.0,64.0,48.75,56.75,7.5,0.8760330577788403,0
2025-10-19,Croissants,48.0,Regular Day,12.9,1.1999999999999993,11.0,3.100000000000003,11.1,16.8,22.3,0.0,-0.3999999999999986,10.705555555555556,26.0,0.0,0.0,0.0,141.9,1,19,292,0,0,42,10,2025,1,3,0.7818314824680298,0.6234898018587336,-0.587785252292473,-0.8090169943749476,37.0,47.0,61.0,64.0,41.0,,51.57,49.29,50.33,9.25,37.0,64.0,49.06,52.25,12.579745625409124,0.67199999994624,0
2025-10-19,Bagels,108.0,Regular Day,12.9,1.1999999999999993,11.0,3.100000000000003,11.1,16.8,22.3,0.0,-0.3999999999999986,10.705555555555556,26.0,0.0,0.0,0.0,141.9,1,19,292,0,0,42,10,2025,1,3,0.7818314824680298,0.6234898018587336,-0.587785252292473,-0.8090169943749476,55.0,69.0,82.0,90.0,42.0,,69.43,71.71,72.19,12.65,55.0,89.0,68.09,74.0,15.340577998671801,0.7209302325162249,0
2025-10-20,Croissants,58.0,Regular Day,16.8,1.1000000000000014,10.966666666666667,1.6333333333333329,7.5,16.9,29.3,0.0,-1.6999999999999993,7.933611111111111,66.0,0.0,0.0,2.0,184.24,2,20,293,0,0,43,10,2025,0,3,0.9749279121818236,-0.22252093395631434,-0.587785252292473,-0.8090169943749476,53.0,38.0,47.0,42.0,49.0,,50.29,49.5,50.71,8.12,37.0,64.0,50.05,45.0,6.48074069840786,1.022471909997475,0
2025-10-20,Bagels,59.0,Regular Day,16.8,1.1000000000000014,10.966666666666667,1.6333333333333329,7.5,16.9,29.3,0.0,-1.6999999999999993,7.933611111111111,66.0,0.0,0.0,2.0,184.24,2,20,293,0,0,43,10,2025,0,3,0.9749279121818236,-0.22252093395631434,-0.587785252292473,-0.8090169943749476,70.0,60.0,62.0,56.0,48.0,,67.43,71.14,71.14,14.92,48.0,89.0,63.07,62.0,5.887840577551898,1.1016949151608735,0
2025-10-21,Croissants,44.0,Regular Day,16.9,4.4,10.916666666666666,-0.5666666666666664,13.2,13.6,16.2,0.0,-3.1999999999999993,10.669722222222223,17.0,0.0,0.0,0.0,184.49166666666665,3,21,294,0,0,43,10,2025,0,3,0.43388373911755823,-0.900968867902419,-0.587785252292473,-0.8090169943749476,50.0,40.0,45.0,55.0,37.0,,47.43,49.79,50.33,5.62,37.0,53.0,48.53,47.5,6.454972243679028,0.89999999991,0
2025-10-21,Bagels,61.0,Regular Day,16.9,4.4,10.916666666666666,-0.5666666666666664,13.2,13.6,16.2,0.0,-3.1999999999999993,10.669722222222223,17.0,0.0,0.0,0.0,184.49166666666665,3,21,294,0,0,43,10,2025,0,3,0.43388373911755823,-0.900968867902419,-0.587785252292473,-0.8090169943749476,60.0,68.0,69.0,74.0,36.0,,71.71,73.0,72.76,18.35,48.0,96.0,71.3,67.75,5.795112883571237,0.8951048950423003,0
2025-10-22,Croissants,58.0,Regular Day,13.6,2.6999999999999993,10.883333333333333,0.6666666666666661,6.499999999999998,15.3,23.4,0.0,-3.6999999999999993,9.651666666666667,44.0,0.0,0.0,4.4,148.01333333333332,4,22,295,0,0,43,10,2025,0,4,-0.433883739117558,-0.9009688679024191,-0.9510565162951536,0.30901699437494723,53.0,62.0,50.0,45.0,48.0,,45.86,48.5,49.62,6.84,37.0,53.0,45.65,52.5,7.14142842854285,1.21052631566205,0
2025-10-22,Bagels,67.0,Regular Day,13.6,2.6999999999999993,10.883333333333333,0.6666666666666661,6.499999999999998,15.3,23.4,0.0,-3.6999999999999993,9.651666666666667,44.0,0.0,0.0,4.4,148.01333333333332,4,22,295,0,0,43,10,2025,0,4,-0.433883739117558,-0.9009688679024191,-0.9510565162951536,0.30901699437494723,48.0,62.0,56.0,70.0,43.0,,70.0,71.43,73.14,16.98,48.0,96.0,72.72,59.0,9.309493362512628,0.8730158729465861,0
2025-10-23,Croissants,57.0,Regular Day,15.3,5.4,10.85,-1.5666666666666664,8.500000000000002,12.6,18.4,0.0,-4.400000000000002,9.757777777777777,45.0,0.0,0.0,0.0,166.005,5,23,296,0,0,43,10,2025,0,4,-0.9749279121818236,-0.2225209339563146,-0.9510565162951536,0.30901699437494723,44.0,64.0,40.0,52.0,46.0,,47.71,48.57,49.38,8.71,37.0,60.0,49.24,50.0,10.583005244258363,1.1739130433506617,0
2025-10-23,Bagels,71.0,Regular Day,15.3,5.4,10.85,-1.5666666666666664,8.500000000000002,12.6,18.4,0.0,-4.400000000000002,9.757777777777777,45.0,0.0,0.0,0.0,166.005,5,23,296,0,0,43,10,2025,0,4,-0.9749279121818236,-0.2225209339563146,-0.9510565162951536,0.30901699437494723,96.0,66.0,70.0,62.0,65.0,,72.14,71.64,73.19,19.76,48.0,99.0,79.29,73.5,15.351438586225939,1.2272727271797519,0
2025-10-24,Croissants,57.0,Regular Day,12.6,8.0,10.8,-3.166666666666666,10.3,10.0,16.6,0.0,-4.200000000000001,9.997777777777777,16.0,0.0,0.0,0.0,136.08,6,24,297,0,0,43,10,2025,0,4,-0.7818314824680299,0.6234898018587334,-0.9510565162951536,0.30901699437494723,37.0,48.0,55.0,52.0,51.0,,49.29,48.64,48.76,7.34,37.0,60.0,48.93,48.0,7.874007874011811,0.7943925232902438,0
2025-10-24,Bagels,113.0,Regular Day,12.6,8.0,10.8,-3.166666666666666,10.3,10.0,16.6,0.0,-4.200000000000001,9.997777777777777,16.0,0.0,0.0,0.0,136.08,6,24,297,0,0,43,10,2025,0,4,-0.7818314824680299,0.6234898018587334,-0.9510565162951536,0.30901699437494723,77.0,89.0,99.0,69.0,96.0,,79.71,74.43,74.43,22.11,48.0,108.0,86.47,83.5,13.203534880225574,0.9880952380364229,0
2025-10-25,Croissants,75.0,Regular Day,10.0,8.0,10.766666666666667,-3.866666666666667,11.200000000000001,10.0,11.7,0.0,-2.8000000000000007,9.043611111111112,33.0,0.0,0.0,0.0,107.66666666666667,7,25,298,0,0,43,10,2025,1,4,-2.4492935982947064e-16,1.0,-0.9510565162951536,0.30901699437494723,60.0,47.0,59.0,65.0,47.0,,50.0,50.07,49.29,7.98,37.0,60.0,51.2,57.75,7.632168761236874,0.8629032257368627,0
2025-10-25,Bagels,105.0,Regular Day,10.0,8.0,10.766666666666667,-3.866666666666667,11.200000000000001,10.0,11.7,0.0,-2.8000000000000007,9.043611111111112,33.0,0.0,0.0,0.0,107.66666666666667,7,25,298,0,0,43,10,2025,1,4,-2.4492935982947064e-16,1.0,-0.9510565162951536,0.30901699437494723,99.0,84.0,96.0,98.0,56.0,,78.14,74.36,74.29,23.28,48.0,108.0,79.6,94.25,6.946221994724902,0.9432989690235413,0
2025-10-26,Bagels,88.0,Regular Day,10.0,6.699999999999999,10.716666666666667,-2.333333333333332,10.200000000000001,11.3,9.4,0.0,-3.200000000000001,10.397777777777778,68.0,0.0,0.0,0.0,107.16666666666667,1,26,299,0,0,43,10,2025,1,4,0.7818314824680298,0.6234898018587336,-0.9510565162951536,0.30901699437494723,108.0,55.0,69.0,82.0,38.0,,78.29,73.86,73.9,23.15,48.0,108.0,74.95,78.5,22.54624876411447,1.0794701986040085,0
2025-10-26,Croissants,68.0,Regular Day,10.0,6.699999999999999,10.716666666666667,-2.333333333333332,10.200000000000001,11.3,9.4,0.0,-3.200000000000001,10.397777777777778,68.0,0.0,0.0,0.0,107.16666666666667,1,26,299,0,0,43,10,2025,1,4,0.7818314824680298,0.6234898018587336,-0.9510565162951536,0.30901699437494723,48.0,37.0,47.0,61.0,39.0,,49.14,50.36,49.24,8.3,37.0,60.0,49.4,48.25,9.844626283748239,0.7870370369641633,0
2025-10-27,Croissants,50.0,Regular Day,11.3,8.3,10.666666666666666,-4.600000000000003,10.399999999999999,9.7,12.8,0.0,-2.8999999999999986,9.854166666666666,50.0,0.0,0.0,0.0,120.53333333333333,2,27,300,0,0,44,10,2025,0,4,0.9749279121818236,-0.22252093395631434,-0.9510565162951536,0.30901699437494723,58.0,53.0,38.0,47.0,30.0,,49.86,50.07,49.62,8.88,37.0,60.0,51.55,49.0,8.602325267042627,1.3058823527875434,0
2025-10-27,Bagels,63.0,Regular Day,11.3,8.3,10.666666666666666,-4.600000000000003,10.399999999999999,9.7,12.8,0.0,-2.8999999999999986,9.854166666666666,50.0,0.0,0.0,0.0,120.53333333333333,2,27,300,0,0,44,10,2025,0,4,0.9749279121818236,-0.22252093395631434,-0.9510565162951536,0.30901699437494723,59.0,70.0,60.0,62.0,51.0,,81.0,74.21,74.43,19.89,59.0,108.0,72.96,62.75,4.9916597106239795,1.0573770490936576,0
2025-10-28,Bagels,67.0,Regular Day,9.7,9.0,10.633333333333333,-4.433333333333332,7.0,9.0,26.2,0.0,-4.9,1.3897222222222223,91.0,0.0,0.0,1.1,103.14333333333332,3,28,301,0,0,44,10,2025,0,4,0.43388373911755823,-0.900968867902419,-0.9510565162951536,0.30901699437494723,61.0,60.0,68.0,69.0,41.0,,77.43,74.57,74.48,18.97,59.0,108.0,72.47,64.5,4.654746681256314,0.8832116787676487,0
2025-10-28,Croissants,65.0,Regular Day,9.7,9.0,10.633333333333333,-4.433333333333332,7.0,9.0,26.2,0.0,-4.9,1.3897222222222223,91.0,0.0,0.0,1.1,103.14333333333332,3,28,301,0,0,44,10,2025,0,4,0.43388373911755823,-0.900968867902419,-0.9510565162951536,0.30901699437494723,44.0,50.0,40.0,45.0,36.0,,51.71,49.57,50.43,8.81,37.0,60.0,52.91,44.75,4.112987559751022,1.1058823528110728,0
2025-10-29,Croissants,59.0,Regular Day,9.0,6.699999999999999,10.6,-1.466666666666665,5.300000000000001,11.3,21.0,0.0,-3.3000000000000007,4.886388888888889,99.0,0.0,0.0,0.5,95.39999999999999,4,29,302,0,0,44,10,2025,0,5,-0.433883739117558,-0.9009688679024191,-2.4492935982947064e-16,1.0,58.0,53.0,62.0,50.0,40.0,,54.57,50.21,50.52,6.05,44.0,60.0,53.93,55.75,5.315072906367325,0.99107142848294,0
2025-10-29,Bagels,78.0,Regular Day,9.0,6.699999999999999,10.6,-1.466666666666665,5.300000000000001,11.3,21.0,0.0,-3.3000000000000007,4.886388888888889,99.0,0.0,0.0,0.5,95.39999999999999,4,29,302,0,0,44,10,2025,0,5,-0.433883739117558,-0.9009688679024191,-2.4492935982947064e-16,1.0,67.0,48.0,62.0,56.0,56.0,,82.57,76.29,75.14,23.24,59.0,113.0,82.6,58.25,8.180260794538684,0.9745762711038495,0
2025-10-30,Bagels,76.0,Regular Day,11.3,2.6999999999999993,10.566666666666666,0.16666666666666607,6.700000000000001,15.3,29.4,0.0,1.5,1.791388888888889,98.0,0.0,0.0,36.2,119.40333333333334,5,30,303,0,0,44,10,2025,0,5,-0.9749279121818236,-0.2225209339563146,-2.4492935982947064e-16,1.0,71.0,96.0,66.0,70.0,65.0,,83.43,77.79,75.57,24.04,59.0,113.0,88.2,75.75,13.671747023210555,1.2279411763802983,0
2025-10-30,Croissants,43.0,Regular Day,11.3,2.6999999999999993,10.566666666666666,0.16666666666666607,6.700000000000001,15.3,29.4,0.0,1.5,1.791388888888889,98.0,0.0,0.0,36.2,119.40333333333334,5,30,303,0,0,44,10,2025,0,5,-0.9749279121818236,-0.2225209339563146,-2.4492935982947064e-16,1.0,57.0,44.0,64.0,40.0,37.0,,56.71,52.21,51.29,9.79,44.0,75.0,59.2,51.25,11.176612486199325,0.9711538460604661,0
2025-10-31,Croissants,63.0,Halloween,15.3,4.9,10.533333333333333,-0.06666666666666643,6.200000000000001,13.1,34.1,0.0,0.09999999999999787,9.99611111111111,14.0,0.0,0.0,0.2,161.16,6,31,304,0,1,44,10,2025,0,5,-0.7818314824680299,0.6234898018587334,-2.4492935982947064e-16,1.0,57.0,37.0,48.0,55.0,51.0,,59.57,54.43,52.29,9.74,44.0,75.0,61.4,49.25,9.03234926989282,0.912621359134697,1
2025-10-31,Bagels,69.0,Halloween,15.3,4.9,10.533333333333333,-0.06666666666666643,6.200000000000001,13.1,34.1,0.0,0.09999999999999787,9.99611111111111,14.0,0.0,0.0,0.2,161.16,6,31,304,0,1,44,10,2025,0,5,-0.7818314824680299,0.6234898018587334,-2.4492935982947064e-16,1.0,113.0,77.0,89.0,99.0,110.0,,80.57,80.14,76.48,21.71,59.0,113.0,88.15,94.5,15.264337522473747,1.010638297818583,1
2025-11-01,Bagels,96.0,Regular Day,13.1,6.0,10.483333333333333,-1.200000000000001,6.799999999999999,12.0,25.0,0.0,-4.6,10.075277777777778,26.0,0.0,0.0,0.0,137.33166666666665,7,1,305,1,0,44,11,2025,1,1,-2.4492935982947064e-16,1.0,0.9510565162951535,0.30901699437494745,105.0,99.0,84.0,96.0,59.0,,81.14,79.64,76.62,21.09,61.0,113.0,81.86,96.0,8.831760866327848,1.1333333332703703,0
2025-11-01,Croissants,67.0,Regular Day,13.1,6.0,10.483333333333333,-1.200000000000001,6.799999999999999,12.0,25.0,0.0,-4.6,10.075277777777778,26.0,0.0,0.0,0.0,137.33166666666665,7,1,305,1,0,44,11,2025,1,1,-2.4492935982947064e-16,1.0,0.9510565162951535,0.30901699437494745,75.0,60.0,47.0,59.0,60.0,,58.43,54.21,52.86,10.41,44.0,75.0,58.55,60.25,11.470977871713176,1.273584905540228,0
2025-11-02,Bagels,61.0,Regular Day,12.0,8.4,10.45,-2.299999999999999,14.0,9.6,11.1,0.0,-2.5,9.978333333333333,24.0,0.0,0.0,0.0,125.39999999999999,1,2,306,0,0,44,11,2025,1,1,0.7818314824680298,0.6234898018587336,0.9510565162951535,0.30901699437494745,88.0,108.0,55.0,69.0,32.0,,82.0,80.14,76.57,20.24,63.0,113.0,78.15,80.0,23.050668826160628,1.5806451611628514,0
2025-11-02,Croissants,45.0,Regular Day,12.0,8.4,10.45,-2.299999999999999,14.0,9.6,11.1,0.0,-2.5,9.978333333333333,24.0,0.0,0.0,0.0,125.39999999999999,1,2,306,0,0,44,11,2025,1,1,0.7818314824680298,0.6234898018587336,0.9510565162951535,0.30901699437494745,68.0,48.0,37.0,47.0,36.0,,61.43,55.29,54.05,8.38,50.0,75.0,60.16,50.0,12.987173159185437,1.380952380787982,0
2025-11-03,Bagels,85.0,Regular Day,9.6,6.699999999999999,10.416666666666666,0.4666666666666668,7.300000000000001,11.3,9.7,0.0,-0.5,3.930833333333333,81.0,0.0,0.0,0.9,99.99999999999999,2,3,307,0,0,45,11,2025,0,1,0.9749279121818236,-0.22252093395631434,0.9510565162951535,0.30901699437494745,63.0,59.0,70.0,60.0,43.0,,83.57,82.29,77.33,19.29,63.0,113.0,78.11,63.0,4.96655480858378,0.9384615383893491,0
2025-11-03,Croissants,47.0,Regular Day,9.6,6.699999999999999,10.416666666666666,0.4666666666666668,7.300000000000001,11.3,9.7,0.0,-0.5,3.930833333333333,81.0,0.0,0.0,0.9,99.99999999999999,2,3,307,0,0,45,11,2025,0,1,0.9749279121818236,-0.22252093395631434,0.9510565162951535,0.30901699437494745,50.0,58.0,53.0,38.0,43.0,,61.57,55.71,53.9,8.32,50.0,75.0,59.87,49.75,8.5,1.1868131866827678,0
2025-11-04,Bagels,77.0,Regular Day,11.3,6.1,10.383333333333333,1.5000000000000018,7.4,11.9,22.7,0.0,-5.600000000000001,9.9625,1.0,0.0,0.0,0.0,117.33166666666666,3,4,308,0,0,45,11,2025,0,1,0.43388373911755823,-0.900968867902419,0.9510565162951535,0.30901699437494745,67.0,61.0,60.0,68.0,53.0,,84.29,80.86,77.81,18.83,63.0,113.0,77.58,64.0,4.08248290463863,0.9999999999218749,0
2025-11-04,Croissants,57.0,Regular Day,11.3,6.1,10.383333333333333,1.5000000000000018,7.4,11.9,22.7,0.0,-5.600000000000001,9.9625,1.0,0.0,0.0,0.0,117.33166666666666,3,4,308,0,0,45,11,2025,0,1,0.43388373911755823,-0.900968867902419,0.9510565162951535,0.30901699437494745,65.0,44.0,50.0,40.0,41.0,,59.57,55.64,52.9,10.89,43.0,75.0,55.65,49.75,10.965856099730654,1.2111111109765433,0
2025-11-05,Croissants,60.0,Regular Day,11.9,6.300000000000001,10.333333333333334,0.5333333333333332,14.2,11.7,23.1,0.0,-4.799999999999999,9.866111111111111,18.0,0.0,0.0,0.0,122.96666666666668,4,5,309,0,0,45,11,2025,0,1,-0.433883739117558,-0.9009688679024191,0.9510565162951535,0.30901699437494745,59.0,58.0,53.0,62.0,50.0,,60.43,57.5,53.62,10.89,43.0,75.0,57.49,58.0,3.7416573867739413,1.0173913042593574,0
2025-11-05,Bagels,70.0,Regular Day,11.9,6.300000000000001,10.333333333333334,0.5333333333333332,14.2,11.7,23.1,0.0,-4.799999999999999,9.866111111111111,18.0,0.0,0.0,0.0,122.96666666666668,4,5,309,0,0,45,11,2025,0,1,-0.433883739117558,-0.9009688679024191,0.9510565162951535,0.30901699437494745,78.0,67.0,48.0,62.0,45.0,,78.0,80.29,76.86,14.49,63.0,105.0,75.44,63.75,12.446552400832395,1.3181818180619835,0
2025-11-06,Croissants,53.0,Regular Day,11.7,5.4,10.3,-0.3000000000000007,9.1,12.6,26.1,0.0,-4.4,9.858888888888888,20.0,0.0,0.0,0.0,120.51,5,6,310,0,0,45,11,2025,0,1,-0.9749279121818236,-0.2225209339563146,0.9510565162951535,0.30901699437494745,43.0,57.0,44.0,64.0,47.0,,59.29,58.0,54.57,9.43,43.0,68.0,59.87,52.0,10.23067283548187,0.9259259258401921,0
2025-11-06,Bagels,101.0,Regular Day,11.7,5.4,10.3,-0.3000000000000007,9.1,12.6,26.1,0.0,-4.4,9.858888888888888,20.0,0.0,0.0,0.0,120.51,5,6,310,0,0,45,11,2025,0,1,-0.9749279121818236,-0.2225209339563146,0.9510565162951535,0.30901699437494745,76.0,71.0,96.0,66.0,54.0,,76.71,80.07,77.43,11.86,63.0,96.0,80.58,77.25,13.149778198382917,0.9074074073513946,0
2025-11-07,Croissants,62.0,Regular Day,12.6,9.6,10.266666666666667,-6.300000000000001,15.000000000000002,8.4,21.5,0.0,-4.900000000000002,9.001666666666667,66.0,0.0,0.0,0.0,129.36,6,7,311,0,0,45,11,2025,0,1,-0.7818314824680299,0.6234898018587334,0.9510565162951535,0.30901699437494745,63.0,57.0,37.0,48.0,52.0,,56.0,57.79,54.95,9.88,43.0,67.0,56.15,51.25,11.324751652906125,1.411764705716263,0
2025-11-07,Bagels,77.0,Regular Day,12.6,9.6,10.266666666666667,-6.300000000000001,15.000000000000002,8.4,21.5,0.0,-4.900000000000002,9.001666666666667,66.0,0.0,0.0,0.0,129.36,6,7,311,0,0,45,11,2025,0,1,-0.7818314824680299,0.6234898018587334,0.9510565162951535,0.30901699437494745,69.0,113.0,77.0,89.0,73.0,,72.86,76.71,77.71,11.96,61.0,96.0,75.68,87.0,19.183326093250876,1.0963855421026274,0
2025-11-08,Bagels,99.0,Regular Day,8.4,2.0999999999999996,10.233333333333333,-0.40000000000000036,6.6,15.9,20.7,0.0,-2.0,9.744444444444444,64.0,0.0,1.0,1.7,85.96,7,8,312,0,0,45,11,2025,1,2,-2.4492935982947064e-16,1.0,0.5877852522924732,-0.8090169943749473,96.0,105.0,99.0,84.0,54.0,,76.0,78.57,78.43,11.83,61.0,96.0,78.01,96.0,8.831760866327848,1.0983606556776853,0
2025-11-08,Croissants,73.0,Regular Day,8.4,2.0999999999999996,10.233333333333333,-0.40000000000000036,6.6,15.9,20.7,0.0,-2.0,9.744444444444444,64.0,0.0,1.0,1.7,85.96,7,8,312,0,0,45,11,2025,1,2,-2.4492935982947064e-16,1.0,0.5877852522924732,-0.8090169943749473,67.0,75.0,60.0,47.0,59.0,,55.57,57.0,54.67,10.24,43.0,67.0,53.86,62.25,11.87083260208258,1.3271028036142896,0
2025-11-09,Bagels,69.0,Regular Day,15.9,3.9000000000000004,10.2,-0.033333333333333215,7.100000000000001,14.1,15.3,0.0,0.6999999999999993,3.3008333333333333,54.0,0.0,0.0,7.3,162.17999999999998,1,9,313,0,0,45,11,2025,1,2,0.7818314824680298,0.6234898018587336,0.5877852522924732,-0.8090169943749473,61.0,88.0,108.0,55.0,43.0,,77.43,79.71,79.24,11.15,61.0,96.0,77.76,78.0,24.61706725018234,0.9141104293917723,0
2025-11-09,Croissants,54.0,Regular Day,15.9,3.9000000000000004,10.2,-0.033333333333333215,7.100000000000001,14.1,15.3,0.0,0.6999999999999993,3.3008333333333333,54.0,0.0,0.0,7.3,162.17999999999998,1,9,313,0,0,45,11,2025,1,2,0.7818314824680298,0.6234898018587336,0.5877852522924732,-0.8090169943749473,45.0,68.0,48.0,37.0,34.0,,54.43,57.93,55.0,9.43,43.0,67.0,54.65,49.5,13.178264933847197,1.329411764549481,0
2025-11-10,Croissants,45.0,Regular Day,14.1,6.800000000000001,10.166666666666666,-0.16666666666666607,10.2,11.2,22.9,0.0,0.40000000000000036,6.2725,75.0,0.0,0.0,8.7,143.35,2,10,314,0,0,46,11,2025,0,2,0.9749279121818236,-0.22252093395631434,0.5877852522924732,-0.8090169943749473,47.0,50.0,58.0,53.0,40.0,,54.57,58.07,55.33,9.52,43.0,67.0,55.99,52.0,4.69041575982343,0.8738738737951466,0
2025-11-10,Bagels,61.0,Regular Day,14.1,6.800000000000001,10.166666666666666,-0.16666666666666607,10.2,11.2,22.9,0.0,0.40000000000000036,6.2725,75.0,0.0,0.0,8.7,143.35,2,10,314,0,0,46,11,2025,0,2,0.9749279121818236,-0.22252093395631434,0.5877852522924732,-0.8090169943749473,85.0,63.0,59.0,70.0,72.0,,76.29,79.93,80.29,11.48,61.0,96.0,75.82,69.25,11.4418821295566,1.1472868216164893,0
2025-11-11,Bagels,60.0,Veterans Day,11.2,15.0,10.133333333333333,-3.5,5.9,3.0,36.5,0.0,-6.2,8.296388888888888,38.0,0.0,0.0,0.0,113.49333333333333,3,11,315,0,0,46,11,2025,0,2,0.43388373911755823,-0.900968867902419,0.5877852522924732,-0.8090169943749473,77.0,67.0,61.0,60.0,39.0,,79.86,82.07,80.52,14.79,61.0,101.0,82.11,66.25,7.804912982645397,1.1900826445297452,1
2025-11-11,Croissants,47.0,Veterans Day,11.2,15.0,10.133333333333333,-3.5,5.9,3.0,36.5,0.0,-6.2,8.296388888888888,38.0,0.0,0.0,0.0,113.49333333333333,3,11,315,0,0,46,11,2025,0,2,0.43388373911755823,-0.900968867902419,0.5877852522924732,-0.8090169943749473,57.0,65.0,44.0,50.0,39.0,,56.0,57.79,55.76,8.14,45.0,67.0,55.24,54.0,9.055385138137417,1.2978723402874606,1
2025-11-12,Bagels,65.0,Regular Day,3.0,11.8,10.083333333333334,-3.666666666666665,9.7,6.2,20.9,0.0,-5.3,5.027777777777778,69.0,0.0,0.0,0.0,30.25,4,12,316,0,0,46,11,2025,0,2,-0.433883739117558,-0.9009688679024191,0.5877852522924732,-0.8090169943749473,70.0,78.0,67.0,48.0,54.0,,81.0,79.5,80.52,14.11,61.0,101.0,80.84,65.75,12.711543310445563,1.2869565216272212,0
2025-11-12,Croissants,47.0,Regular Day,3.0,11.8,10.083333333333334,-3.666666666666665,9.7,6.2,20.9,0.0,-5.3,5.027777777777778,69.0,0.0,0.0,0.0,30.25,4,12,316,0,0,46,11,2025,0,2,-0.433883739117558,-0.9009688679024191,0.5877852522924732,-0.8090169943749473,60.0,59.0,58.0,53.0,32.0,,55.86,58.14,56.95,8.01,45.0,67.0,56.93,57.5,3.1091263510296048,1.072072071975489,0
2025-11-13,Bagels,63.0,Regular Day,6.2,9.2,10.05,0.5999999999999996,5.3999999999999995,8.8,30.5,0.0,-6.299999999999999,9.22638888888889,31.0,0.0,0.0,0.1,62.31000000000001,5,13,317,0,0,46,11,2025,0,2,-0.9749279121818236,-0.2225209339563146,0.5877852522924732,-0.8090169943749473,101.0,76.0,71.0,96.0,64.0,,81.43,79.07,80.52,14.67,61.0,101.0,85.38,86.0,14.719601443879744,1.0598802394574922,0
2025-11-13,Croissants,58.0,Regular Day,6.2,9.2,10.05,0.5999999999999996,5.3999999999999995,8.8,30.5,0.0,-6.299999999999999,9.22638888888889,31.0,0.0,0.0,0.1,62.31000000000001,5,13,317,0,0,46,11,2025,0,2,-0.9749279121818236,-0.2225209339563146,0.5877852522924732,-0.8090169943749473,53.0,43.0,57.0,44.0,53.0,,56.71,58.0,57.57,9.57,45.0,73.0,60.95,49.25,6.849574196011505,0.9504950494108422,0
2025-11-14,Croissants,60.0,Regular Day,8.8,11.1,10.033333333333333,0.20000000000000018,9.399999999999999,6.9,19.8,0.0,-5.3999999999999995,9.134444444444444,25.0,0.0,0.0,0.0,88.29333333333334,6,14,318,0,0,46,11,2025,0,2,-0.7818314824680299,0.6234898018587334,0.5877852522924732,-0.8090169943749473,62.0,63.0,57.0,37.0,55.0,,58.0,57.0,57.86,8.25,47.0,73.0,59.21,54.75,12.120918557051139,1.3297872339010866,0
2025-11-14,Bagels,77.0,Regular Day,8.8,11.1,10.033333333333333,0.20000000000000018,9.399999999999999,6.9,19.8,0.0,-5.3999999999999995,9.134444444444444,25.0,0.0,0.0,0.0,88.29333333333334,6,14,318,0,0,46,11,2025,0,2,-0.7818314824680299,0.6234898018587334,0.5877852522924732,-0.8090169943749473,77.0,69.0,113.0,77.0,71.0,,82.57,77.71,78.67,13.04,69.0,101.0,81.28,84.0,19.697715603592208,0.7684210525911357,0
2025-11-15,Croissants,64.0,National Music Day,6.9,9.3,10.0,1.9333333333333336,11.0,8.7,15.0,0.0,-3.0999999999999996,7.0,87.0,0.0,0.0,0.1,69.0,7,15,319,0,0,46,11,2025,1,3,-2.4492935982947064e-16,1.0,-0.587785252292473,-0.8090169943749476,73.0,67.0,75.0,60.0,33.0,,57.71,56.64,57.24,8.71,45.0,73.0,55.66,68.75,6.751543033509698,1.0370370369602193,1
2025-11-15,Bagels,89.0,National Music Day,6.9,9.3,10.0,1.9333333333333336,11.0,8.7,15.0,0.0,-3.0999999999999996,7.0,87.0,0.0,0.0,0.1,69.0,7,15,319,0,0,46,11,2025,1,3,-2.4492935982947064e-16,1.0,-0.587785252292473,-0.8090169943749476,99.0,96.0,105.0,99.0,53.0,,79.14,77.57,78.76,15.26,61.0,101.0,76.21,99.75,3.774917217635375,0.9558823528943194,1
2025-11-16,Croissants,69.0,Regular Day,8.7,3.6999999999999993,9.966666666666667,3.166666666666666,8.3,14.3,30.9,0.0,-3.5,8.300833333333333,67.0,0.0,0.0,0.7,86.71,1,16,320,0,0,46,11,2025,1,3,0.7818314824680298,0.6234898018587336,-0.587785252292473,-0.8090169943749476,54.0,45.0,68.0,48.0,41.0,,56.29,55.36,57.38,9.62,45.0,73.0,53.49,53.75,10.21028892833107,0.8534482757884959,0
2025-11-16,Bagels,61.0,Regular Day,8.7,3.6999999999999993,9.966666666666667,3.166666666666666,8.3,14.3,30.9,0.0,-3.5,8.300833333333333,67.0,0.0,0.0,0.7,86.71,1,16,320,0,0,46,11,2025,1,3,0.7818314824680298,0.6234898018587336,-0.587785252292473,-0.8090169943749476,69.0,61.0,88.0,108.0,51.0,,76.71,77.07,78.71,16.92,60.0,101.0,72.16,81.5,20.984120980716188,0.6632653060886089,0
2025-11-17,Croissants,58.0,Regular Day,14.3,11.8,9.933333333333334,-3.8999999999999995,4.9,6.2,31.3,0.0,-6.0,7.469166666666666,35.0,0.0,0.0,0.0,142.04666666666668,2,17,321,0,0,47,11,2025,0,3,0.9749279121818236,-0.22252093395631434,-0.587785252292473,-0.8090169943749476,45.0,47.0,50.0,58.0,30.0,,54.43,54.5,56.86,10.03,45.0,73.0,51.87,50.0,5.715476066494082,0.8518518517729767,0
2025-11-17,Bagels,58.0,Regular Day,14.3,11.8,9.933333333333334,-3.8999999999999995,4.9,6.2,31.3,0.0,-6.0,7.469166666666666,35.0,0.0,0.0,0.0,142.04666666666668,2,17,321,0,0,47,11,2025,0,3,0.9749279121818236,-0.22252093395631434,-0.587785252292473,-0.8090169943749476,61.0,85.0,63.0,59.0,57.0,,76.0,76.14,78.62,17.35,60.0,101.0,70.37,67.0,12.110601416389967,1.196721311377318,0
2025-11-18,Croissants,56.0,Regular Day,6.2,12.9,9.916666666666666,-4.4,8.5,5.1,16.6,0.0,-4.6,9.0,40.0,0.0,0.0,0.0,61.483333333333334,3,18,322,0,0,47,11,2025,0,3,0.43388373911755823,-0.900968867902419,-0.587785252292473,-0.8090169943749476,47.0,57.0,65.0,44.0,60.0,,55.14,55.57,56.9,10.09,45.0,73.0,53.4,53.25,9.604686356149273,0.9541284402794378,0
2025-11-18,Bagels,59.0,Regular Day,6.2,12.9,9.916666666666666,-4.4,8.5,5.1,16.6,0.0,-4.6,9.0,40.0,0.0,0.0,0.0,61.483333333333334,3,18,322,0,0,47,11,2025,0,3,0.43388373911755823,-0.900968867902419,-0.587785252292473,-0.8090169943749476,60.0,77.0,67.0,61.0,85.0,,70.57,75.21,78.24,13.81,60.0,99.0,68.53,66.25,7.804912982645397,1.0703124999163818,0
2025-11-19,Croissants,55.0,Regular Day,5.1,11.7,9.883333333333333,-1.9000000000000012,4.0,6.3,21.3,1.0,-3.5,0.0,100.0,0.0,0.0,10.9,50.404999999999994,4,19,323,0,0,47,11,2025,0,3,-0.433883739117558,-0.9009688679024191,-0.587785252292473,-0.8090169943749476,47.0,60.0,59.0,58.0,52.0,,54.86,55.36,57.05,9.89,45.0,73.0,55.05,56.0,6.0553007081949835,0.9145299144517496,0
2025-11-19,Bagels,59.0,Regular Day,5.1,11.7,9.883333333333333,-1.9000000000000012,4.0,6.3,21.3,1.0,-3.5,0.0,100.0,0.0,0.0,10.9,50.404999999999994,4,19,323,0,0,47,11,2025,0,3,-0.433883739117558,-0.9009688679024191,-0.587785252292473,-0.8090169943749476,65.0,70.0,78.0,67.0,80.0,,70.57,75.79,76.52,13.81,60.0,99.0,70.65,70.0,5.715476066494082,0.9310344826944114,0
2025-11-20,Croissants,42.0,Regular Day,6.3,11.1,9.833333333333334,-0.8666666666666654,8.5,6.9,8.3,0.0,-2.4000000000000004,5.0713888888888885,100.0,0.0,0.0,0.0,61.95,5,20,324,0,0,47,11,2025,0,3,-0.9749279121818236,-0.2225209339563146,-0.587785252292473,-0.8090169943749476,58.0,53.0,43.0,57.0,52.0,,53.57,55.14,56.52,7.41,45.0,64.0,57.29,52.75,6.849574196011505,1.109999999889,0
2025-11-20,Bagels,54.0,Regular Day,6.3,11.1,9.833333333333334,-0.8666666666666654,8.5,6.9,8.3,0.0,-2.4000000000000004,5.0713888888888885,100.0,0.0,0.0,0.0,61.95,5,20,324,0,0,47,11,2025,0,3,-0.9749279121818236,-0.2225209339563146,-0.587785252292473,-0.8090169943749476,63.0,101.0,76.0,71.0,76.0,,69.14,75.29,75.76,10.49,60.0,89.0,75.23,77.75,16.39867880857073,1.115646258427507,0
2025-11-21,Bagels,81.0,Donut Day - 2025,6.9,8.3,9.816666666666666,0.40000000000000036,7.300000000000001,9.7,12.2,0.0,-2.5,7.0,100.0,0.0,0.0,0.0,67.735,6,21,325,0,0,47,11,2025,0,3,-0.7818314824680299,0.6234898018587334,-0.587785252292473,-0.8090169943749476,77.0,77.0,69.0,113.0,84.0,,68.0,75.29,74.48,10.94,60.0,89.0,71.68,84.0,19.697715603592208,0.8461538461073541,1
2025-11-21,Croissants,59.0,Donut Day - 2025,6.9,8.3,9.816666666666666,0.40000000000000036,7.300000000000001,9.7,12.2,0.0,-2.5,7.0,100.0,0.0,0.0,0.0,67.735,6,21,325,0,0,47,11,2025,0,3,-0.7818314824680299,0.6234898018587334,-0.587785252292473,-0.8090169943749476,60.0,62.0,63.0,57.0,58.0,,55.71,56.86,56.57,9.45,45.0,69.0,60.22,60.5,2.6457513110645907,1.0166666665819446,1
2025-11-22,Croissants,68.0,Regular Day,9.7,7.9,9.783333333333333,-1.0666666666666664,2.5,10.1,14.7,0.0,-1.4000000000000004,2.4980555555555557,98.0,0.0,0.0,8.5,94.89833333333333,7,22,326,0,0,47,11,2025,1,4,-2.4492935982947064e-16,1.0,-0.9510565162951536,0.30901699437494723,64.0,73.0,67.0,75.0,38.0,,57.57,57.64,56.95,8.18,47.0,69.0,59.66,69.75,5.123475382979799,0.9647887323264233,0
2025-11-22,Bagels,86.0,Regular Day,9.7,7.9,9.783333333333333,-1.0666666666666664,2.5,10.1,14.7,0.0,-1.4000000000000004,2.4980555555555557,98.0,0.0,0.0,8.5,94.89833333333333,7,22,326,0,0,47,11,2025,1,4,-2.4492935982947064e-16,1.0,-0.9510565162951536,0.30901699437494723,89.0,99.0,96.0,105.0,63.0,,67.57,73.36,74.24,11.31,58.0,89.0,68.26,97.25,6.652067347825035,0.9353233830380435,0
2025-11-23,Bagels,69.0,Regular Day,10.1,12.1,9.766666666666667,-0.7666666666666666,13.5,5.9,16.8,0.0,-3.9000000000000004,8.198888888888888,36.0,0.0,0.0,0.2,98.64333333333335,1,23,327,0,0,47,11,2025,1,4,0.7818314824680298,0.6234898018587336,-0.9510565162951536,0.30901699437494723,61.0,69.0,61.0,88.0,65.0,,67.43,72.07,73.86,11.43,58.0,89.0,65.94,69.75,12.737739202856996,0.8724832214179541,0
2025-11-23,Croissants,54.0,Regular Day,10.1,12.1,9.766666666666667,-0.7666666666666666,13.5,5.9,16.8,0.0,-3.9000000000000004,8.198888888888888,36.0,0.0,0.0,0.2,98.64333333333335,1,23,327,0,0,47,11,2025,1,4,0.7818314824680298,0.6234898018587336,-0.9510565162951536,0.30901699437494723,69.0,54.0,45.0,68.0,42.0,,58.86,57.57,56.52,6.84,47.0,69.0,58.75,59.0,11.575836902790225,1.088495575124912,0
2025-11-24,Bagels,61.0,Regular Day,5.9,10.7,9.733333333333333,0.5666666666666664,8.6,7.3,14.9,0.0,-3.5999999999999996,9.0,27.0,0.0,0.0,0.0,57.42666666666666,2,24,328,0,0,48,11,2025,0,4,0.9749279121818236,-0.22252093395631434,-0.9510565162951536,0.30901699437494723,58.0,61.0,85.0,63.0,70.0,,66.57,71.29,72.95,11.86,58.0,89.0,64.21,66.75,12.338962679253067,0.8040540539997261,0
2025-11-24,Croissants,59.0,Regular Day,5.9,10.7,9.733333333333333,0.5666666666666664,8.6,7.3,14.9,0.0,-3.5999999999999996,9.0,27.0,0.0,0.0,0.0,57.42666666666666,2,24,328,0,0,48,11,2025,0,4,0.9749279121818236,-0.22252093395631434,-0.9510565162951536,0.30901699437494723,58.0,45.0,47.0,50.0,46.0,,60.0,57.21,56.33,4.93,55.0,69.0,57.81,50.0,5.715476066494082,1.0618556699936232,0
2025-11-25,Bagels,60.0,Regular Day,7.3,9.3,9.716666666666667,1.966666666666666,11.299999999999999,8.7,14.9,0.0,-2.8999999999999986,2.143611111111111,99.0,0.0,0.0,0.1,70.93166666666667,3,25,329,0,0,48,11,2025,0,4,0.43388373911755823,-0.900968867902419,-0.9510565162951536,0.30901699437494723,59.0,60.0,77.0,67.0,58.0,,65.29,67.93,71.9,12.76,54.0,89.0,61.66,65.75,8.301606270274847,0.8263888888315007,0
2025-11-25,Croissants,41.0,Regular Day,7.3,9.3,9.716666666666667,1.966666666666666,11.299999999999999,8.7,14.9,0.0,-2.8999999999999986,2.143611111111111,99.0,0.0,0.0,0.1,70.93166666666667,3,25,329,0,0,48,11,2025,0,4,0.43388373911755823,-0.900968867902419,-0.9510565162951536,0.30901699437494723,56.0,47.0,57.0,65.0,46.0,,57.71,56.43,56.29,8.46,42.0,69.0,53.86,56.25,7.365459931328117,0.8442622950127654,0
2025-11-26,Bagels,68.0,Regular Day,8.7,2.9000000000000004,9.683333333333334,6.066666666666666,4.400000000000002,15.1,17.7,0.0,-0.3000000000000007,3.2975,80.0,0.0,0.0,8.8,84.24499999999999,4,26,330,0,0,48,11,2025,0,4,-0.433883739117558,-0.9009688679024191,-0.9510565162951536,0.30901699437494723,59.0,65.0,70.0,78.0,69.0,,65.86,68.21,72.48,13.45,54.0,89.0,66.49,68.0,8.04155872120988,0.8378378377812271,0
2025-11-26,Croissants,62.0,Regular Day,8.7,2.9000000000000004,9.683333333333334,6.066666666666666,4.400000000000002,15.1,17.7,0.0,-0.3000000000000007,3.2975,80.0,0.0,0.0,8.8,84.24499999999999,4,26,330,0,0,48,11,2025,0,4,-0.433883739117558,-0.9009688679024191,-0.9510565162951536,0.30901699437494723,55.0,47.0,60.0,59.0,51.0,,57.57,56.21,56.1,8.42,42.0,69.0,55.14,55.25,5.909032633745278,0.8571428570708284,0
2025-11-27,Bagels,73.0,Thanksgiving Day,15.1,10.4,9.666666666666666,-1.8000000000000007,9.5,7.6,23.6,0.0,-1.0999999999999996,8.576944444444445,50.0,0.0,0.0,1.3,145.96666666666664,5,27,331,0,0,48,11,2025,0,4,-0.9749279121818236,-0.2225209339563146,-0.9510565162951536,0.30901699437494723,54.0,63.0,101.0,76.0,98.0,,65.43,67.29,72.0,12.61,54.0,86.0,71.37,73.5,20.43689474129244,0.6610169491151967,1
2025-11-27,Croissants,63.0,Thanksgiving Day,15.1,10.4,9.666666666666666,-1.8000000000000007,9.5,7.6,23.6,0.0,-1.0999999999999996,8.576944444444445,50.0,0.0,0.0,1.3,145.96666666666664,5,27,331,0,0,48,11,2025,0,4,-0.9749279121818236,-0.2225209339563146,-0.9510565162951536,0.30901699437494723,42.0,58.0,53.0,43.0,43.0,,58.14,55.86,56.14,9.04,42.0,69.0,58.36,49.0,7.788880963698615,1.0416666665581598,1
2025-11-28,Croissants,66.0,Regular Day,7.6,15.4,9.65,-1.2999999999999998,5.7,2.6,26.7,0.0,-7.2,9.372222222222222,13.0,0.0,0.0,0.0,73.34,6,28,332,0,0,48,11,2025,0,4,-0.7818314824680299,0.6234898018587334,-0.9510565162951536,0.30901699437494723,59.0,60.0,62.0,63.0,55.0,,56.0,55.86,56.57,7.72,42.0,68.0,57.27,61.0,1.8257418583505538,0.9519999999238401,0
2025-11-28,Bagels,67.0,Regular Day,7.6,15.4,9.65,-1.2999999999999998,5.7,2.6,26.7,0.0,-7.2,9.372222222222222,13.0,0.0,0.0,0.0,73.34,6,28,332,0,0,48,11,2025,0,4,-0.7818314824680299,0.6234898018587334,-0.9510565162951536,0.30901699437494723,81.0,77.0,77.0,69.0,113.0,,66.57,67.29,72.38,12.5,54.0,86.0,70.78,76.0,5.033222956847166,1.082191780747795,0
2025-11-29,Croissants,60.0,Regular Day,2.6,16.3,9.616666666666667,-1.5666666666666662,7.6,1.7,19.8,0.0,-4.6,9.263333333333334,0.0,0.0,0.0,0.0,25.003333333333334,7,29,333,0,0,48,11,2025,1,5,-2.4492935982947064e-16,1.0,-2.4492935982947064e-16,1.0,68.0,64.0,73.0,67.0,71.0,,56.14,56.86,57.14,7.78,42.0,68.0,57.7,68.0,3.7416573867739413,0.9428571427897958,0
2025-11-29,Bagels,95.0,Regular Day,2.6,16.3,9.616666666666667,-1.5666666666666662,7.6,1.7,19.8,0.0,-4.6,9.263333333333334,0.0,0.0,0.0,0.0,25.003333333333334,7,29,333,0,0,48,11,2025,1,5,-2.4492935982947064e-16,1.0,-2.4492935982947064e-16,1.0,86.0,89.0,99.0,96.0,90.0,,67.0,67.29,71.24,12.21,54.0,86.0,68.33,92.5,6.027713773341708,0.8974358973898751,0
2025-11-30,Croissants,47.0,Baskin Day 2025,1.7,15.0,9.6,-1.0,9.7,3.0,14.6,0.0,-3.1999999999999993,0.9294444444444444,91.0,0.0,0.0,4.7,16.32,1,30,334,0,1,48,11,2025,1,5,0.7818314824680298,0.6234898018587336,-2.4492935982947064e-16,1.0,54.0,69.0,54.0,45.0,46.0,,54.0,56.43,56.38,9.66,41.0,68.0,53.53,55.5,9.9498743710662,1.242424242298745,1
2025-11-30,Bagels,59.0,Baskin Day 2025,1.7,15.0,9.6,-1.0,9.7,3.0,14.6,0.0,-3.1999999999999993,0.9294444444444444,91.0,0.0,0.0,4.7,16.32,1,30,334,0,1,48,11,2025,1,5,0.7818314824680298,0.6234898018587336,-2.4492935982947064e-16,1.0,69.0,61.0,69.0,61.0,69.0,,67.14,67.29,70.43,12.1,54.0,86.0,66.25,65.0,4.618802153517006,0.9999999999230769,1
2025-12-01,Croissants,49.0,Regular Day,3.0,13.9,9.583333333333334,0.16666666666666607,6.3,4.1,19.3,0.0,-4.1,9.043611111111112,65.0,0.0,0.0,0.6,28.75,2,1,335,1,0,49,12,2025,0,1,0.9749279121818236,-0.22252093395631434,0.9510565162951535,0.30901699437494745,59.0,58.0,45.0,47.0,32.0,,55.0,57.5,56.48,10.13,41.0,68.0,55.64,52.25,7.274384280931732,1.2717391302965502,0
2025-12-01,Bagels,71.0,Regular Day,3.0,13.9,9.583333333333334,0.16666666666666607,6.3,4.1,19.3,0.0,-4.1,9.043611111111112,65.0,0.0,0.0,0.6,28.75,2,1,335,1,0,49,12,2025,0,1,0.9749279121818236,-0.22252093395631434,0.9510565162951535,0.30901699437494745,61.0,58.0,61.0,85.0,59.0,,68.43,67.5,70.33,11.56,54.0,86.0,66.69,66.25,12.579745625409124,0.8150684930948583,0
2025-12-02,Croissants,47.0,Regular Day,4.1,15.1,9.566666666666666,-1.9999999999999996,11.5,2.9,19.3,0.0,-1.4000000000000004,0.0,91.0,0.0,0.0,21.2,39.22333333333333,3,2,336,0,0,49,12,2025,0,1,0.43388373911755823,-0.900968867902419,0.9510565162951535,0.30901699437494745,41.0,56.0,47.0,57.0,49.0,,58.0,57.86,56.95,8.64,41.0,68.0,57.48,50.25,7.632168761236874,0.9326923076026258,0
2025-12-02,Bagels,63.0,Regular Day,4.1,15.1,9.566666666666666,-1.9999999999999996,11.5,2.9,19.3,0.0,-1.4000000000000004,0.0,91.0,0.0,0.0,21.2,39.22333333333333,3,2,336,0,0,49,12,2025,0,1,0.43388373911755823,-0.900968867902419,0.9510565162951535,0.30901699437494745,60.0,59.0,60.0,77.0,62.0,,71.14,68.21,69.0,9.69,60.0,86.0,68.27,64.0,8.679477710861024,0.8686131386227289,0
2025-12-03,Croissants,46.0,Regular Day,2.9,15.6,9.533333333333333,-2.233333333333334,7.1000000000000005,2.4,20.8,0.0,-4.0,9.207777777777778,14.0,0.0,0.0,0.0,27.646666666666665,4,3,337,0,0,49,12,2025,0,1,-0.433883739117558,-0.9009688679024191,0.9510565162951535,0.30901699437494745,62.0,55.0,47.0,60.0,41.0,,59.0,58.29,57.14,9.17,41.0,68.0,59.61,56.0,6.683312551921141,1.0934579438230414,0
2025-12-03,Bagels,53.0,Regular Day,2.9,15.6,9.533333333333333,-2.233333333333334,7.1000000000000005,2.4,20.8,0.0,-4.0,9.207777777777778,14.0,0.0,0.0,0.0,27.646666666666665,4,3,337,0,0,49,12,2025,0,1,-0.433883739117558,-0.9009688679024191,0.9510565162951535,0.30901699437494745,68.0,59.0,65.0,70.0,85.0,,69.14,67.5,68.52,8.71,60.0,86.0,67.95,65.5,4.795831523312719,0.9407407406710562,0
2025-12-04,Croissants,45.0,Regular Day,2.4,16.5,9.516666666666667,-2.3666666666666667,7.199999999999999,1.5,20.2,0.0,-5.2,9.097222222222221,26.0,0.0,0.0,0.0,22.84,5,4,338,0,0,49,12,2025,0,1,-0.9749279121818236,-0.2225209339563146,0.9510565162951535,0.30901699437494745,63.0,42.0,58.0,53.0,65.0,,57.86,58.0,56.52,8.32,41.0,66.0,59.71,54.0,8.981462390204987,0.9459459458607257,0
2025-12-04,Bagels,55.0,Regular Day,2.4,16.5,9.516666666666667,-2.3666666666666667,7.199999999999999,1.5,20.2,0.0,-5.2,9.097222222222221,26.0,0.0,0.0,0.0,22.84,5,4,338,0,0,49,12,2025,0,1,-0.9749279121818236,-0.2225209339563146,0.9510565162951535,0.30901699437494745,73.0,54.0,63.0,101.0,86.0,,70.43,67.93,68.33,11.75,60.0,95.0,74.71,72.75,20.36950334855189,0.77439024385522,0
2025-12-05,Croissants,61.0,Regular Day,1.5,18.8,9.5,-2.4333333333333336,6.7,-0.8,14.8,1.0,-4.0,1.208888888888889,89.0,0.0,0.0,1.0,14.25,6,5,339,0,0,49,12,2025,0,1,-0.7818314824680299,0.6234898018587334,0.9510565162951535,0.30901699437494745,66.0,59.0,60.0,62.0,75.0,,56.86,56.43,56.19,9.23,41.0,66.0,56.53,61.75,3.095695936834452,1.0245901638504435,0
2025-12-05,Bagels,68.0,Regular Day,1.5,18.8,9.5,-2.4333333333333336,6.7,-0.8,14.8,1.0,-4.0,1.208888888888889,89.0,0.0,0.0,1.0,14.25,6,5,339,0,0,49,12,2025,0,1,-0.7818314824680299,0.6234898018587334,0.9510565162951535,0.30901699437494745,67.0,81.0,77.0,77.0,123.0,,69.0,67.79,67.86,12.53,59.0,95.0,70.78,75.5,5.972157622389639,0.9610389609765558,0
2025-12-06,Bagels,88.0,Regular Day,-0.8,16.3,9.483333333333333,-1.3999999999999997,4.3,1.7,9.7,0.0,-2.8,1.1402777777777777,95.0,0.0,0.0,0.2,-7.586666666666666,7,6,340,0,0,49,12,2025,1,1,-2.4492935982947064e-16,1.0,0.9510565162951535,0.30901699437494745,95.0,86.0,89.0,99.0,64.0,,70.43,68.71,68.33,12.03,59.0,95.0,70.84,92.25,5.852349955359813,0.9627659573955976,0
2025-12-06,Croissants,66.0,Regular Day,-0.8,16.3,9.483333333333333,-1.3999999999999997,4.3,1.7,9.7,0.0,-2.8,1.1402777777777777,95.0,0.0,0.0,0.2,-7.586666666666666,7,6,340,0,0,49,12,2025,1,1,-2.4492935982947064e-16,1.0,0.9510565162951535,0.30901699437494745,60.0,68.0,64.0,73.0,51.0,,55.43,55.79,56.38,9.61,41.0,66.0,54.65,66.25,5.560275772537426,0.9343065692748681,0
2025-12-07,Croissants,70.0,Regular Day,1.7,16.8,9.466666666666667,0.46666666666666656,8.6,1.2,12.0,0.0,-3.8,8.615555555555556,42.0,0.0,0.0,0.0,16.093333333333334,1,7,341,0,0,49,12,2025,1,1,0.7818314824680298,0.6234898018587336,0.9510565162951535,0.30901699437494745,47.0,54.0,69.0,54.0,51.0,,56.29,55.14,56.38,8.28,47.0,66.0,52.74,56.0,9.273618495495704,0.8211382113153547,0
2025-12-07,Bagels,89.0,Regular Day,1.7,16.8,9.466666666666667,0.46666666666666656,8.6,1.2,12.0,0.0,-3.8,8.615555555555556,42.0,0.0,0.0,0.0,16.093333333333334,1,7,341,0,0,49,12,2025,1,1,0.7818314824680298,0.6234898018587336,0.9510565162951535,0.30901699437494745,59.0,69.0,61.0,69.0,54.0,,70.86,69.0,68.48,11.64,59.0,95.0,68.88,64.5,5.259911279353167,0.9846153845396449,0
2025-12-08,Bagels,44.0,Regular Day,1.2,18.3,9.45,-1.5,3.3,-0.3,19.5,0.0,-3.6,3.431388888888889,74.0,0.0,0.0,0.0,11.339999999999998,2,8,342,0,0,50,12,2025,0,2,0.9749279121818236,-0.22252093395631434,0.5877852522924732,-0.8090169943749473,71.0,61.0,58.0,61.0,65.0,,68.71,68.57,67.9,13.49,53.0,95.0,64.91,62.75,5.678908345800274,1.109243697385778,0
2025-12-08,Croissants,54.0,Regular Day,1.2,18.3,9.45,-1.5,3.3,-0.3,19.5,0.0,-3.6,3.431388888888889,74.0,0.0,0.0,0.0,11.339999999999998,2,8,342,0,0,50,12,2025,0,2,0.9749279121818236,-0.22252093395631434,0.5877852522924732,-0.8090169943749473,49.0,59.0,58.0,45.0,53.0,,54.0,54.5,56.33,8.64,46.0,66.0,51.05,52.75,6.849574196011505,1.048543689218588,0
2025-12-09,Bagels,64.0,Regular Day,-0.3,21.2,9.45,-7.066666666666667,10.100000000000001,-3.2,15.0,0.0,-5.0,8.930277777777778,49.0,0.0,0.0,0.0,-2.8349999999999995,3,9,343,0,0,50,12,2025,0,2,0.43388373911755823,-0.900968867902419,0.5877852522924732,-0.8090169943749473,63.0,60.0,59.0,60.0,59.0,,66.14,68.64,67.52,14.23,53.0,95.0,62.43,60.5,1.7320508075688772,1.033613445291293,0
2025-12-09,Croissants,63.0,Regular Day,-0.3,21.2,9.45,-7.066666666666667,10.100000000000001,-3.2,15.0,0.0,-5.0,8.930277777777778,49.0,0.0,0.0,0.0,-2.8349999999999995,3,9,343,0,0,50,12,2025,0,2,0.43388373911755823,-0.900968867902419,0.5877852522924732,-0.8090169943749473,47.0,41.0,56.0,47.0,59.0,,51.43,54.71,55.71,8.18,45.0,66.0,49.54,47.75,6.18465843842649,0.8543689319558866,0
2025-12-10,Croissants,63.0,Regular Day,-3.2,14.6,9.433333333333334,-4.699999999999999,8.4,3.4,21.4,0.0,-4.7,4.7747222222222225,95.0,0.0,0.0,0.0,-30.186666666666667,4,10,344,0,0,50,12,2025,0,2,-0.433883739117558,-0.9009688679024191,0.5877852522924732,-0.8090169943749473,46.0,62.0,55.0,47.0,49.0,,50.71,54.86,55.76,6.8,45.0,61.0,52.4,52.5,7.505553499465135,1.0588235293079586,0
2025-12-10,Bagels,68.0,Regular Day,-3.2,14.6,9.433333333333334,-4.699999999999999,8.4,3.4,21.4,0.0,-4.7,4.7747222222222225,95.0,0.0,0.0,0.0,-30.186666666666667,4,10,344,0,0,50,12,2025,0,2,-0.433883739117558,-0.9009688679024191,0.5877852522924732,-0.8090169943749473,53.0,68.0,59.0,65.0,58.0,,66.29,67.71,67.1,14.24,53.0,95.0,63.82,61.25,6.652067347825035,0.9758064515342092,0
2025-12-11,Croissants,44.0,Regular Day,3.4,15.2,9.416666666666666,-4.033333333333333,7.6000000000000005,2.8,23.8,0.0,-4.2,9.098333333333333,35.0,0.0,0.0,0.4,32.016666666666666,5,11,345,0,0,50,12,2025,0,2,-0.9749279121818236,-0.2225209339563146,0.5877852522924732,-0.8090169943749473,45.0,63.0,42.0,58.0,58.0,,51.57,54.71,55.86,8.36,45.0,66.0,55.8,52.0,10.099504938362077,1.079999999892,0
2025-12-11,Bagels,71.0,Regular Day,3.4,15.2,9.416666666666666,-4.033333333333333,7.6000000000000005,2.8,23.8,0.0,-4.2,9.098333333333333,35.0,0.0,0.0,0.4,32.016666666666666,5,11,345,0,0,50,12,2025,0,2,-0.9749279121818236,-0.2225209339563146,0.5877852522924732,-0.8090169943749473,55.0,73.0,54.0,63.0,73.0,,65.29,67.86,67.05,11.95,53.0,88.0,69.87,61.25,8.80814017448254,1.0940170939235883,0
2025-12-12,Croissants,47.0,Regular Day,2.8,18.9,9.4,-6.2666666666666675,6.4,-0.9,19.4,0.0,-5.4,8.792222222222222,43.0,0.0,0.0,0.0,26.32,6,12,346,0,0,50,12,2025,0,2,-0.7818314824680299,0.6234898018587334,0.5877852522924732,-0.8090169943749473,61.0,66.0,59.0,60.0,68.0,,54.86,55.86,55.9,10.51,45.0,70.0,59.35,61.5,3.1091263510296048,1.0672268906666196,0
2025-12-12,Bagels,87.0,Regular Day,2.8,18.9,9.4,-6.2666666666666675,6.4,-0.9,19.4,0.0,-5.4,8.792222222222222,43.0,0.0,0.0,0.0,26.32,6,12,346,0,0,50,12,2025,0,2,-0.7818314824680299,0.6234898018587334,0.5877852522924732,-0.8090169943749473,68.0,67.0,81.0,77.0,134.0,,69.57,69.29,68.38,14.44,53.0,89.0,74.65,73.25,6.849574196011505,0.8544303796927575,0
2025-12-13,Croissants,71.0,Regular Day,-0.9,18.1,9.416666666666666,-2.8,12.5,-0.1,15.7,0.0,-4.4,5.0280555555555555,69.0,0.0,0.0,0.0,-8.475,7,13,347,0,0,50,12,2025,1,2,-2.4492935982947064e-16,1.0,0.5877852522924732,-0.8090169943749473,66.0,60.0,68.0,64.0,56.0,,55.57,55.5,55.71,10.21,45.0,70.0,58.01,64.5,3.415650255319866,0.9545454544731404,0
2025-12-13,Bagels,97.0,Regular Day,-0.9,18.1,9.416666666666666,-2.8,12.5,-0.1,15.7,0.0,-4.4,5.0280555555555555,69.0,0.0,0.0,0.0,-8.475,7,13,347,0,0,50,12,2025,1,2,-2.4492935982947064e-16,1.0,0.5877852522924732,-0.8090169943749473,88.0,95.0,86.0,89.0,83.0,,65.71,68.07,67.71,17.32,44.0,89.0,66.99,89.5,3.872983346207417,1.0457142856545305,0
2025-12-14,Croissants,52.0,Regular Day,-0.1,18.5,9.4,-0.6,9.2,-0.5,25.0,1.0,-3.3,3.3333333333333335,87.0,0.0,1.0,13.4,-0.9400000000000001,1,14,348,0,0,50,12,2025,1,2,0.7818314824680298,0.6234898018587336,0.5877852522924732,-0.8090169943749473,70.0,47.0,54.0,69.0,44.0,,57.86,57.07,56.05,9.75,45.0,70.0,59.26,60.0,11.343133018115703,0.9512195121177871,0
2025-12-14,Bagels,48.0,Regular Day,-0.1,18.5,9.4,-0.6,9.2,-0.5,25.0,1.0,-3.3,3.3333333333333335,87.0,0.0,1.0,13.4,-0.9400000000000001,1,14,348,0,0,50,12,2025,1,2,0.7818314824680298,0.6234898018587336,0.5877852522924732,-0.8090169943749473,89.0,59.0,69.0,61.0,67.0,,65.86,68.36,67.95,17.3,44.0,89.0,66.24,69.5,13.69914839202301,1.1384615383739645,0
2025-12-15,Croissants,56.0,Bill of Rights Day,-0.5,25.1,9.383333333333333,-5.533333333333333,5.699999999999999,-7.1,23.5,0.0,-5.699999999999999,8.360833333333334,30.0,0.0,0.0,0.0,-4.691666666666666,2,15,349,0,0,51,12,2025,0,3,0.9749279121818236,-0.22252093395631434,-0.587785252292473,-0.8090169943749476,54.0,49.0,59.0,58.0,31.0,,60.29,57.14,56.43,8.32,45.0,70.0,60.2,55.0,4.546060565661952,0.8803418802666375,1
2025-12-15,Bagels,67.0,Bill of Rights Day,-0.5,25.1,9.383333333333333,-5.533333333333333,5.699999999999999,-7.1,23.5,0.0,-5.699999999999999,8.360833333333334,30.0,0.0,0.0,0.0,-4.691666666666666,2,15,349,0,0,51,12,2025,0,3,0.9749279121818236,-0.22252093395631434,-0.587785252292473,-0.8090169943749476,44.0,71.0,61.0,58.0,73.0,,68.0,68.36,68.38,16.34,44.0,89.0,66.68,58.5,11.150485789118488,0.9663865545406398,1
2025-12-16,Bagels,58.0,Regular Day,-7.1,22.0,9.383333333333333,-4.9,7.800000000000001,-4.0,13.2,0.0,-4.6,9.131944444444445,40.0,0.0,0.0,0.0,-66.62166666666666,3,16,350,0,0,51,12,2025,0,3,0.43388373911755823,-0.900968867902419,-0.587785252292473,-0.8090169943749476,64.0,63.0,60.0,59.0,97.0,,70.29,68.21,69.19,15.3,44.0,89.0,67.76,61.5,2.3804761428476167,1.0672268906666196,0
2025-12-16,Croissants,56.0,Regular Day,-7.1,22.0,9.383333333333333,-4.9,7.800000000000001,-4.0,13.2,0.0,-4.6,9.131944444444445,40.0,0.0,0.0,0.0,-66.62166666666666,3,16,350,0,0,51,12,2025,0,3,0.43388373911755823,-0.900968867902419,-0.587785252292473,-0.8090169943749476,63.0,47.0,41.0,56.0,38.0,,60.14,55.79,56.52,8.63,44.0,70.0,56.15,51.75,9.7082439194738,1.1340206184397918,0
2025-12-17,Bagels,83.0,Regular Day,-4.0,17.4,9.383333333333333,-5.300000000000002,15.0,0.6,16.1,0.0,-4.1000000000000005,7.0,65.0,0.0,0.0,0.0,-37.53333333333333,4,17,351,0,0,51,12,2025,0,3,-0.433883739117558,-0.9009688679024191,-0.587785252292473,-0.8090169943749476,68.0,53.0,68.0,59.0,68.0,,73.0,69.64,69.48,16.47,44.0,89.0,72.57,62.0,7.3484692283495345,0.9527559054367909,0
2025-12-17,Croissants,55.0,Regular Day,-4.0,17.4,9.383333333333333,-5.300000000000002,15.0,0.6,16.1,0.0,-4.1000000000000005,7.0,65.0,0.0,0.0,0.0,-37.53333333333333,4,17,351,0,0,51,12,2025,0,3,-0.433883739117558,-0.9009688679024191,-0.587785252292473,-0.8090169943749476,63.0,46.0,62.0,55.0,44.0,,58.14,54.43,55.95,9.92,44.0,70.0,53.86,56.5,7.852812659593164,0.9316239315443057,0
2025-12-18,Croissants,64.0,Regular Day,0.6,14.3,9.366666666666667,-6.033333333333332,13.4,3.7,15.0,0.0,-3.3,8.683333333333334,65.0,0.0,0.0,0.0,5.62,5,18,352,0,0,51,12,2025,0,3,-0.9749279121818236,-0.2225209339563146,-0.587785252292473,-0.8090169943749476,44.0,45.0,63.0,42.0,52.0,,58.86,55.21,56.1,10.73,44.0,71.0,58.15,48.5,9.746794344808963,0.8476190475383221,0
2025-12-18,Bagels,54.0,Regular Day,0.6,14.3,9.366666666666667,-6.033333333333332,13.4,3.7,15.0,0.0,-3.3,8.683333333333334,65.0,0.0,0.0,0.0,5.62,5,18,352,0,0,51,12,2025,0,3,-0.9749279121818236,-0.2225209339563146,-0.587785252292473,-0.8090169943749476,71.0,55.0,73.0,54.0,77.0,,74.29,69.79,70.0,18.11,44.0,97.0,78.68,63.25,10.1447851956888,0.9921259841738485,0
2025-12-19,Croissants,55.0,Regular Day,3.7,6.6,9.383333333333333,3.333333333333334,12.2,11.4,33.7,0.0,-2.5,1.7513888888888889,91.0,0.0,0.0,17.6,34.718333333333334,6,19,353,0,0,51,12,2025,0,3,-0.7818314824680299,0.6234898018587334,-0.587785252292473,-0.8090169943749476,47.0,61.0,66.0,59.0,56.0,,56.29,55.57,56.0,9.72,44.0,71.0,56.61,58.25,8.05708797684788,0.8639999999308801,0
2025-12-19,Bagels,92.0,Regular Day,3.7,6.6,9.383333333333333,3.333333333333334,12.2,11.4,33.7,0.0,-2.5,1.7513888888888889,91.0,0.0,0.0,17.6,34.718333333333334,6,19,353,0,0,51,12,2025,0,3,-0.7818314824680299,0.6234898018587334,-0.587785252292473,-0.8090169943749476,87.0,68.0,67.0,81.0,94.0,,68.43,69.0,69.0,19.16,44.0,97.0,71.01,75.75,9.844626283748239,1.047297297226534,0
2025-12-20,Bagels,86.0,Regular Day,11.4,18.0,9.366666666666667,-2.8000000000000003,7.6,0.0,23.3,0.0,-3.8999999999999995,9.08,27.0,0.0,0.0,0.0,106.78000000000002,7,20,354,0,0,51,12,2025,1,3,-2.4492935982947064e-16,1.0,-0.587785252292473,-0.8090169943749476,97.0,88.0,95.0,86.0,90.0,,71.71,68.71,69.29,15.98,48.0,97.0,70.01,91.5,5.32290647422377,1.0220994474573426,0
2025-12-20,Croissants,70.0,Regular Day,11.4,18.0,9.366666666666667,-2.8000000000000003,7.6,0.0,23.3,0.0,-3.8999999999999995,9.08,27.0,0.0,0.0,0.0,106.78000000000002,7,20,354,0,0,51,12,2025,1,3,-2.4492935982947064e-16,1.0,-0.587785252292473,-0.8090169943749476,71.0,66.0,60.0,68.0,64.0,,56.57,56.07,55.86,9.68,44.0,71.0,56.46,66.25,4.645786621588784,1.0703124999163818,0
2025-12-21,Croissants,63.0,Regular Day,0.0,13.5,9.383333333333333,1.0333333333333332,10.0,4.5,23.3,0.0,-5.2,8.480833333333333,37.0,0.0,0.0,0.0,0.0,1,21,355,0,0,51,12,2025,1,3,0.7818314824680298,0.6234898018587336,-0.587785252292473,-0.8090169943749476,52.0,70.0,47.0,54.0,42.0,,55.57,56.71,56.57,9.25,44.0,71.0,56.34,55.75,9.945685831890462,1.2079207919596118,0
2025-12-21,Bagels,59.0,Regular Day,0.0,13.5,9.383333333333333,1.0333333333333332,10.0,4.5,23.3,0.0,-5.2,8.480833333333333,37.0,0.0,0.0,0.0,0.0,1,21,355,0,0,51,12,2025,1,3,0.7818314824680298,0.6234898018587336,-0.587785252292473,-0.8090169943749476,48.0,89.0,59.0,69.0,56.0,,70.86,68.36,69.19,16.61,48.0,97.0,67.0,66.25,17.423642940938997,1.0703124999163818,0
2025-12-22,Croissants,52.0,Regular Day,4.5,18.4,9.366666666666667,-0.43333333333333335,8.5,-0.4,18.4,0.0,-4.3,8.759444444444444,22.0,0.0,0.0,0.0,42.150000000000006,2,22,356,0,0,52,12,2025,0,4,0.9749279121818236,-0.22252093395631434,-0.9510565162951536,0.30901699437494723,56.0,54.0,49.0,59.0,55.0,,54.43,57.36,56.24,8.66,44.0,71.0,56.01,54.5,4.203173404306164,1.0185185184242114,0
2025-12-22,Bagels,60.0,Regular Day,4.5,18.4,9.366666666666667,-0.43333333333333335,8.5,-0.4,18.4,0.0,-4.3,8.759444444444444,22.0,0.0,0.0,0.0,42.150000000000006,2,22,356,0,0,52,12,2025,0,4,0.9749279121818236,-0.22252093395631434,-0.9510565162951536,0.30901699437494723,67.0,44.0,71.0,61.0,74.0,,73.0,70.5,69.9,17.14,48.0,97.0,71.0,60.75,11.89887949906769,0.8409090908453857,0
2025-12-23,Croissants,49.0,Regular Day,-0.4,15.6,9.383333333333333,2.333333333333333,5.3,2.4,12.0,1.0,-3.2,0.0,97.0,0.0,0.0,0.8,-3.7533333333333334,3,23,357,0,0,52,12,2025,0,4,0.43388373911755823,-0.900968867902419,-0.9510565162951536,0.30901699437494723,56.0,63.0,47.0,41.0,45.0,,57.29,58.71,56.29,7.91,47.0,71.0,58.01,51.75,9.7082439194738,1.35227272711906,0
2025-12-23,Bagels,87.0,Regular Day,-0.4,15.6,9.383333333333333,2.333333333333333,5.3,2.4,12.0,1.0,-3.2,0.0,97.0,0.0,0.0,0.8,-3.7533333333333334,3,23,357,0,0,52,12,2025,0,4,0.43388373911755823,-0.900968867902419,-0.9510565162951536,0.30901699437494723,58.0,64.0,63.0,60.0,70.0,,70.57,70.43,69.0,18.61,48.0,97.0,66.75,61.25,2.753785273643051,0.9918699186185472,0
2025-12-24,Bagels,78.0,Christmas Eve,2.4,12.0,9.366666666666667,4.533333333333333,5.9,6.0,23.0,0.0,-5.7,9.214166666666667,31.0,0.0,0.0,0.0,22.48,4,24,358,0,0,52,12,2025,0,4,-0.433883739117558,-0.9009688679024191,-0.9510565162951536,0.30901699437494723,83.0,68.0,53.0,68.0,62.0,,71.29,72.14,70.19,19.42,48.0,97.0,73.06,68.0,12.24744871391589,1.2479338841943857,1
2025-12-24,Croissants,60.0,Christmas Eve,2.4,12.0,9.366666666666667,4.533333333333333,5.9,6.0,23.0,0.0,-5.7,9.214166666666667,31.0,0.0,0.0,0.0,22.48,4,24,358,0,0,52,12,2025,0,4,-0.433883739117558,-0.9009688679024191,-0.9510565162951536,0.30901699437494723,55.0,63.0,46.0,62.0,52.0,,58.43,58.29,55.76,6.65,52.0,71.0,57.25,56.5,7.852812659593164,1.0925925924914266,1
2025-12-25,Bagels,74.0,Christmas Day,6.0,13.9,9.383333333333333,0.5333333333333332,10.4,4.1,22.8,0.0,-4.0,5.412222222222222,92.0,0.0,0.0,0.0,56.3,5,25,359,0,0,52,12,2025,0,4,-0.9749279121818236,-0.2225209339563146,-0.9510565162951536,0.30901699437494723,54.0,71.0,55.0,73.0,69.0,,69.71,72.0,69.76,17.33,48.0,92.0,76.3,63.25,10.1447851956888,0.976562499923706,1
2025-12-25,Croissants,43.0,Christmas Day,6.0,13.9,9.383333333333333,0.5333333333333332,10.4,4.1,22.8,0.0,-4.0,5.412222222222222,92.0,0.0,0.0,0.0,56.3,5,25,359,0,0,52,12,2025,0,4,-0.9749279121818236,-0.2225209339563146,-0.9510565162951536,0.30901699437494723,64.0,44.0,45.0,63.0,52.0,,58.29,58.57,56.24,6.34,52.0,70.0,60.44,54.0,10.98483803552272,0.9999999999074075,1
2025-12-26,Bagels,97.0,Regular Day,4.1,18.9,9.4,-3.5999999999999996,10.4,-0.9,18.2,0.0,-5.6000000000000005,1.4427777777777777,73.0,0.0,0.0,0.5,38.54,6,26,360,0,0,52,12,2025,0,4,-0.7818314824680299,0.6234898018587334,-0.9510565162951536,0.30901699437494723,92.0,87.0,68.0,67.0,98.0,,71.29,69.86,69.76,15.42,54.0,92.0,71.97,78.5,12.871156384205214,1.3259259258277092,0
2025-12-26,Croissants,44.0,Regular Day,4.1,18.9,9.4,-3.5999999999999996,10.4,-0.9,18.2,0.0,-5.6000000000000005,1.4427777777777777,73.0,0.0,0.0,0.5,38.54,6,26,360,0,0,52,12,2025,0,4,-0.7818314824680299,0.6234898018587334,-0.9510565162951536,0.30901699437494723,55.0,47.0,61.0,66.0,65.0,,59.86,58.07,57.0,5.87,55.0,70.0,61.08,57.25,8.180260794538684,0.8031496062359725,0
2025-12-27,Croissants,42.0,Regular Day,-0.9,17.4,9.383333333333333,-2.3333333333333335,4.2,0.6,16.9,1.0,-2.0,0.0,98.0,0.0,0.0,7.8,-8.445,7,27,361,0,0,52,12,2025,1,4,-2.4492935982947064e-16,1.0,-0.9510565162951536,0.30901699437494723,70.0,71.0,66.0,60.0,61.0,,59.29,57.93,57.14,6.47,52.0,70.0,58.81,66.75,4.9916597106239795,1.119047618958806,0
2025-12-27,Bagels,100.0,Regular Day,-0.9,17.4,9.383333333333333,-2.3333333333333335,4.2,0.6,16.9,1.0,-2.0,0.0,98.0,0.0,0.0,7.8,-8.445,7,27,361,0,0,52,12,2025,1,4,-2.4492935982947064e-16,1.0,-0.9510565162951536,0.30901699437494723,86.0,97.0,88.0,95.0,82.0,,70.29,71.0,69.24,15.97,54.0,92.0,68.98,91.5,5.32290647422377,0.9999999999453552,0
2025-12-28,Bagels,49.0,Regular Day,0.6,18.3,9.4,-4.466666666666666,7.6,-0.3,14.1,0.0,-3.9,3.233888888888889,99.0,0.0,0.0,0.0,5.64,1,28,362,0,0,52,12,2025,1,4,0.7818314824680298,0.6234898018587336,-0.9510565162951536,0.30901699437494723,59.0,48.0,89.0,59.0,62.0,,74.43,72.64,70.38,16.01,54.0,92.0,73.49,63.75,17.613914953808536,0.7229729729241234,0
2025-12-28,Croissants,45.0,Regular Day,0.6,18.3,9.4,-4.466666666666666,7.6,-0.3,14.1,0.0,-3.9,3.233888888888889,99.0,0.0,0.0,0.0,5.64,1,28,362,0,0,52,12,2025,1,4,0.7818314824680298,0.6234898018587336,-0.9510565162951536,0.30901699437494723,63.0,52.0,70.0,47.0,47.0,,58.29,56.93,57.24,7.52,49.0,70.0,56.36,58.0,10.424330514074594,0.982905982821974,0
2025-12-29,Bagels,73.0,Regular Day,-0.3,9.0,9.416666666666666,0.06666666666666643,10.5,9.0,32.5,0.0,-2.0,0.0,94.0,0.0,0.0,3.0,-2.8249999999999997,2,29,363,0,0,1,12,2025,0,5,0.9749279121818236,-0.22252093395631434,-2.4492935982947064e-16,1.0,60.0,67.0,44.0,71.0,69.0,,73.71,73.36,71.57,15.67,54.0,92.0,74.61,60.5,11.902380714238083,1.1043478259909263,0
2025-12-29,Croissants,50.0,Regular Day,-0.3,9.0,9.416666666666666,0.06666666666666643,10.5,9.0,32.5,0.0,-2.0,0.0,94.0,0.0,0.0,3.0,-2.8249999999999997,2,29,363,0,0,1,12,2025,0,5,0.9749279121818236,-0.22252093395631434,-2.4492935982947064e-16,1.0,52.0,56.0,54.0,49.0,45.0,,59.0,56.71,57.9,7.39,49.0,70.0,57.27,52.75,2.9860788111948193,1.048543689218588,0
2025-12-30,Croissants,54.0,Regular Day,9.0,18.1,9.416666666666666,-6.6,6.8999999999999995,-0.1,31.7,0.0,-7.699999999999999,8.015,45.0,0.0,0.0,0.0,84.75,3,30,364,0,0,1,12,2025,0,5,0.43388373911755823,-0.900968867902419,-2.4492935982947064e-16,1.0,49.0,56.0,63.0,47.0,50.0,,56.0,56.64,57.81,9.09,43.0,70.0,53.7,53.75,7.274384280931732,0.9545454544586778,0
2025-12-30,Bagels,62.0,Regular Day,9.0,18.1,9.416666666666666,-6.6,6.8999999999999995,-0.1,31.7,0.0,-7.699999999999999,8.015,45.0,0.0,0.0,0.0,84.75,3,30,364,0,0,1,12,2025,0,5,0.43388373911755823,-0.900968867902419,-2.4492935982947064e-16,1.0,87.0,58.0,64.0,63.0,56.0,,76.57,73.57,72.48,13.09,59.0,92.0,74.46,68.0,12.935738607954837,1.1417322833746668,0
2025-12-31,Bagels,73.0,New Years Eve,-0.1,20.0,9.416666666666666,-7.633333333333333,4.1,-2.0,19.4,1.0,-5.8999999999999995,8.083333333333334,54.0,0.0,0.0,0.2,-0.9416666666666667,4,31,365,0,1,1,12,2025,0,5,-0.433883739117558,-0.9009688679024191,-2.4492935982947064e-16,1.0,78.0,83.0,68.0,53.0,70.0,,77.29,74.29,73.86,14.16,59.0,97.0,80.1,70.5,13.228756555322953,1.330578512286729,1
2025-12-31,Croissants,58.0,New Years Eve,-0.1,20.0,9.416666666666666,-7.633333333333333,4.1,-2.0,19.4,1.0,-5.8999999999999995,8.083333333333334,54.0,0.0,0.0,0.2,-0.9416666666666667,4,31,365,0,1,1,12,2025,0,5,-0.433883739117558,-0.9009688679024191,-2.4492935982947064e-16,1.0,60.0,55.0,63.0,46.0,40.0,,54.43,56.43,57.0,10.18,43.0,70.0,51.28,56.0,7.438637868140466,1.05504587146284,1
2026-01-01,Bagels,66.0,New Year,-2.0,18.8,9.433333333333334,-4.8,6.4,-0.8,25.3,1.0,-4.9,7.676944444444445,58.0,0.0,0.0,0.7,-18.866666666666667,5,1,1,1,0,1,1,2026,0,1,-0.9749279121818236,-0.2225209339563146,0.9510565162951535,0.30901699437494745,74.0,54.0,71.0,55.0,99.0,53.0,79.29,74.5,74.43,16.41,59.0,100.0,85.07,63.5,10.472185381603339,1.015873015792391,1
2026-01-01,Croissants,56.0,New Year,-2.0,18.8,9.433333333333334,-4.8,6.4,-0.8,25.3,1.0,-4.9,7.676944444444445,58.0,0.0,0.0,0.7,-18.866666666666667,5,1,1,1,0,1,1,2026,0,1,-0.9749279121818236,-0.2225209339563146,0.9510565162951535,0.30901699437494745,43.0,64.0,44.0,45.0,55.0,46.0,50.43,54.36,55.86,8.38,42.0,63.0,48.96,49.0,10.03327796219494,1.202247190876152,1
2026-01-02,Bagels,83.0,Regular Day,-0.8,21.3,9.45,-3.966666666666667,5.9,-3.3,12.2,1.0,-4.5,2.1519444444444447,80.0,0.0,0.0,0.2,-7.56,6,2,2,0,0,1,1,2026,0,1,-0.7818314824680299,0.6234898018587334,0.9510565162951535,0.30901699437494745,97.0,92.0,87.0,68.0,96.0,40.0,77.86,74.57,72.52,18.74,49.0,100.0,76.05,86.0,12.675435561221029,1.2193548386310094,0
2026-01-02,Croissants,56.0,Regular Day,-0.8,21.3,9.45,-3.966666666666667,5.9,-3.3,12.2,1.0,-4.5,2.1519444444444447,80.0,0.0,0.0,0.2,-7.56,6,2,2,0,0,1,1,2026,0,1,-0.7818314824680299,0.6234898018587334,0.9510565162951535,0.30901699437494745,44.0,55.0,47.0,61.0,59.0,30.0,47.86,53.86,54.67,6.41,42.0,60.0,47.97,51.75,7.7190241179396075,0.9166666665817902,0
2026-01-03,Bagels,99.0,Regular Day,-3.3,21.1,9.466666666666667,-2.7666666666666666,5.8,-3.1,11.7,0.0,-4.6,5.004166666666666,82.0,0.0,0.0,0.0,-31.24,7,3,3,0,0,1,1,2026,1,1,-2.4492935982947064e-16,1.0,0.9510565162951535,0.30901699437494745,100.0,86.0,97.0,88.0,69.0,93.0,79.71,75.0,73.9,17.26,49.0,100.0,75.29,92.75,6.800735254367722,1.005405405351059,0
2026-01-03,Croissants,65.0,Regular Day,-3.3,21.1,9.466666666666667,-2.7666666666666666,5.8,-3.1,11.7,0.0,-4.6,5.004166666666666,82.0,0.0,0.0,0.0,-31.24,7,3,3,0,0,1,1,2026,1,1,-2.4492935982947064e-16,1.0,0.9510565162951535,0.30901699437494745,42.0,70.0,71.0,66.0,47.0,47.0,47.57,53.43,54.48,6.24,42.0,60.0,48.48,62.25,13.671747023210555,0.8175182481155095,0
2026-01-04,Croissants,53.0,Regular Day,-3.1,18.7,9.466666666666667,-1.2000000000000002,5.9,-0.7,15.3,0.0,-5.3,9.10361111111111,58.0,0.0,0.0,0.0,-29.346666666666668,1,4,4,0,0,1,1,2026,1,1,0.7818314824680298,0.6234898018587336,0.9510565162951535,0.30901699437494745,45.0,63.0,52.0,70.0,38.0,36.0,48.29,53.29,54.05,6.7,42.0,60.0,49.86,57.5,11.150485789118488,0.8852459015667832,0
2026-01-04,Bagels,100.0,Regular Day,-3.1,18.7,9.466666666666667,-1.2000000000000002,5.9,-0.7,15.3,0.0,-5.3,9.10361111111111,58.0,0.0,0.0,0.0,-29.346666666666668,1,4,4,0,0,1,1,2026,1,1,0.7818314824680298,0.6234898018587336,0.9510565162951535,0.30901699437494745,49.0,59.0,48.0,89.0,60.0,64.0,76.14,75.29,73.81,18.07,49.0,100.0,71.97,61.25,19.155068954891984,0.78832116782567,0
2026-01-05,Croissants,45.0,Regular Day,-0.7,19.3,9.483333333333333,0.6000000000000001,7.8,-1.3,13.7,1.0,-4.4,3.2883333333333336,94.0,0.0,0.0,0.1,-6.638333333333333,2,5,5,0,0,2,1,2026,0,1,0.9749279121818236,-0.22252093395631434,0.9510565162951535,0.30901699437494745,50.0,52.0,56.0,54.0,40.0,26.0,48.0,53.5,53.81,6.14,42.0,58.0,51.89,53.0,2.581988897471611,0.9272727271884298,0
2026-01-05,Bagels,57.0,Regular Day,-0.7,19.3,9.483333333333333,0.6000000000000001,7.8,-1.3,13.7,1.0,-4.4,3.2883333333333336,94.0,0.0,0.0,0.1,-6.638333333333333,2,5,5,0,0,2,1,2026,0,1,0.9749279121818236,-0.22252093395631434,0.9510565162951535,0.30901699437494745,73.0,60.0,67.0,44.0,68.0,43.0,75.43,74.57,74.05,18.08,49.0,100.0,72.23,61.0,12.516655570345725,1.1981981980902525,0
2026-01-06,Croissants,44.0,Journalist Day,-1.3,14.5,9.5,3.033333333333333,8.4,3.5,13.0,0.0,-3.0999999999999996,3.5780555555555558,99.0,0.0,0.0,0.0,-12.35,3,6,6,0,0,2,1,2026,0,1,0.43388373911755823,-0.900968867902419,0.9510565162951535,0.30901699437494745,54.0,49.0,56.0,63.0,62.0,27.0,49.86,52.93,54.38,6.34,42.0,58.0,52.92,55.5,5.802298395176403,0.8655462184146601,1
2026-01-06,Bagels,56.0,Journalist Day,-1.3,14.5,9.5,3.033333333333333,8.4,3.5,13.0,0.0,-3.0999999999999996,3.5780555555555558,99.0,0.0,0.0,0.0,-12.35,3,6,6,0,0,2,1,2026,0,1,0.43388373911755823,-0.900968867902419,0.9510565162951535,0.30901699437494745,62.0,87.0,58.0,64.0,62.0,35.0,74.29,75.43,73.81,18.44,49.0,100.0,70.67,67.75,13.073510112692254,1.2213114753097287,1
2026-01-07,Bagels,47.0,Regular Day,3.5,10.5,9.516666666666667,4.299999999999999,9.799999999999999,7.5,24.4,0.0,-4.5,9.048333333333334,20.0,0.0,0.0,0.0,33.30833333333334,4,7,7,0,0,2,1,2026,0,1,-0.433883739117558,-0.9009688679024191,0.9510565162951535,0.30901699437494745,73.0,78.0,83.0,68.0,66.0,41.0,72.29,74.79,73.62,16.18,49.0,100.0,73.75,75.5,6.454972243679028,0.9999999999337748,0
2026-01-07,Croissants,34.0,Regular Day,3.5,10.5,9.516666666666667,4.299999999999999,9.799999999999999,7.5,24.4,0.0,-4.5,9.048333333333334,20.0,0.0,0.0,0.0,33.30833333333334,4,7,7,0,0,2,1,2026,0,1,-0.433883739117558,-0.9009688679024191,0.9510565162951535,0.30901699437494745,58.0,60.0,55.0,63.0,64.0,34.0,51.57,53.0,54.81,6.11,42.0,58.0,53.69,59.0,3.366501646120693,0.9999999999152543,0
2026-01-08,Bagels,41.0,Regular Day,7.5,11.8,9.533333333333333,4.166666666666667,10.299999999999999,6.2,14.7,0.0,-2.9000000000000004,9.25611111111111,39.0,0.0,0.0,0.0,71.5,5,8,8,0,0,2,1,2026,0,2,-0.9749279121818236,-0.2225209339563146,0.5877852522924732,-0.8090169943749473,66.0,74.0,54.0,71.0,89.0,57.0,72.14,75.71,73.71,15.9,49.0,99.0,80.06,66.25,8.80814017448254,1.1199999999104,0
2026-01-08,Croissants,35.0,Regular Day,7.5,11.8,9.533333333333333,4.166666666666667,10.299999999999999,6.2,14.7,0.0,-2.9000000000000004,9.25611111111111,39.0,0.0,0.0,0.0,71.5,5,8,8,0,0,2,1,2026,0,2,-0.9749279121818236,-0.2225209339563146,0.5877852522924732,-0.8090169943749473,56.0,43.0,64.0,44.0,48.0,33.0,54.86,52.64,54.52,6.28,45.0,65.0,56.52,51.75,10.07885575516057,0.9166666665817902,0
2026-01-09,Bagels,69.0,Regular Day,6.2,12.1,9.566666666666666,4.233333333333333,10.9,5.9,17.6,0.0,-2.700000000000001,6.486111111111111,54.0,0.0,0.0,0.9,59.31333333333333,6,9,9,0,0,2,1,2026,0,2,-0.7818314824680299,0.6234898018587334,0.5877852522924732,-0.8090169943749473,83.0,97.0,92.0,87.0,84.0,46.0,79.43,78.64,76.19,15.2,62.0,100.0,85.05,89.75,6.075908711186061,1.0055865921225928,0
2026-01-09,Croissants,57.0,Regular Day,6.2,12.1,9.566666666666666,4.233333333333333,10.9,5.9,17.6,0.0,-2.700000000000001,6.486111111111111,54.0,0.0,0.0,0.9,59.31333333333333,6,9,9,0,0,2,1,2026,0,2,-0.7818314824680299,0.6234898018587334,0.5877852522924732,-0.8090169943749473,56.0,44.0,55.0,47.0,47.0,41.0,56.0,51.93,54.57,4.73,50.0,65.0,55.64,50.5,5.916079783099616,0.9803921567666283,0
2026-01-10,Bagels,97.0,Foundation Day,5.9,9.0,9.583333333333334,3.166666666666667,7.1000000000000005,9.0,18.9,0.0,-1.700000000000001,0.0,100.0,0.0,1.0,21.3,56.54166666666667,7,10,10,0,0,2,1,2026,1,2,-2.4492935982947064e-16,1.0,0.5877852522924732,-0.8090169943749473,99.0,100.0,86.0,97.0,55.0,62.0,77.14,78.43,75.71,17.37,57.0,100.0,78.04,95.5,6.454972243679028,1.0874316939296484,1
2026-01-10,Croissants,48.0,Foundation Day,5.9,9.0,9.583333333333334,3.166666666666667,7.1000000000000005,9.0,18.9,0.0,-1.700000000000001,0.0,100.0,0.0,1.0,21.3,56.54166666666667,7,10,10,0,0,2,1,2026,1,2,-2.4492935982947064e-16,1.0,0.5877852522924732,-0.8090169943749473,65.0,42.0,70.0,71.0,37.0,33.0,55.29,51.43,54.05,5.99,45.0,65.0,52.98,62.0,13.589211407093005,0.7588652481731301,1
2026-01-11,Croissants,41.0,Regular Day,9.0,10.1,9.6,4.133333333333333,6.3,7.9,25.7,0.0,-1.0,4.666944444444445,83.0,0.0,0.0,9.6,86.39999999999999,1,11,11,0,0,2,1,2026,1,2,0.7818314824680298,0.6234898018587336,0.5877852522924732,-0.8090169943749473,53.0,45.0,63.0,52.0,53.0,32.0,53.86,51.07,53.48,7.38,44.0,65.0,50.73,53.25,7.41057802513857,0.8521739129693763,0
2026-01-11,Bagels,55.0,Regular Day,9.0,10.1,9.6,4.133333333333333,6.3,7.9,25.7,0.0,-1.0,4.666944444444445,83.0,0.0,0.0,9.6,86.39999999999999,1,11,11,0,0,2,1,2026,1,2,0.7818314824680298,0.6234898018587336,0.5877852522924732,-0.8090169943749473,100.0,49.0,59.0,48.0,70.0,78.0,76.29,76.21,75.62,18.36,56.0,100.0,72.53,64.0,24.5085019262024,1.392523364355839,0
2026-01-12,Croissants,34.0,Regular Day,7.9,16.2,9.616666666666667,0.09999999999999987,7.300000000000001,1.8,23.3,0.0,-5.2,9.024444444444445,20.0,0.0,0.0,0.0,75.97166666666668,2,12,12,0,0,3,1,2026,0,2,0.9749279121818236,-0.22252093395631434,0.5877852522924732,-0.8090169943749473,45.0,50.0,52.0,56.0,50.0,30.0,50.43,49.21,52.48,10.18,34.0,65.0,46.55,50.75,4.573474244670748,0.8796296295481825,0
2026-01-12,Bagels,35.0,Regular Day,7.9,16.2,9.616666666666667,0.09999999999999987,7.300000000000001,1.8,23.3,0.0,-5.2,9.024444444444445,20.0,0.0,0.0,0.0,75.97166666666668,2,12,12,0,0,3,1,2026,0,2,0.9749279121818236,-0.22252093395631434,0.5877852522924732,-0.8090169943749473,57.0,73.0,60.0,67.0,60.0,39.0,72.57,74.0,73.9,21.5,47.0,100.0,66.15,64.25,7.182153808805081,1.0236220471634945,0
2026-01-13,Croissants,33.0,Regular Day,1.8,15.0,9.65,-2.0,11.5,3.0,14.5,0.0,-4.300000000000001,9.439166666666667,26.0,0.0,0.0,0.0,17.37,3,13,13,0,0,3,1,2026,0,2,0.43388373911755823,-0.900968867902419,0.5877852522924732,-0.8090169943749473,44.0,54.0,49.0,56.0,53.0,18.0,47.43,48.64,51.1,11.3,34.0,65.0,43.66,50.75,5.377421934967226,0.9333333332444445,0
2026-01-13,Bagels,46.0,Regular Day,1.8,15.0,9.65,-2.0,11.5,3.0,14.5,0.0,-4.300000000000001,9.439166666666667,26.0,0.0,0.0,0.0,17.37,3,13,13,0,0,3,1,2026,0,2,0.43388373911755823,-0.900968867902419,0.5877852522924732,-0.8090169943749473,56.0,62.0,87.0,58.0,48.0,41.0,69.0,71.64,73.29,24.62,41.0,100.0,59.86,65.75,14.38459824488215,0.8137931033921522,0
2026-01-14,Bagels,48.0,Regular Day,3.0,9.4,9.666666666666666,5.5,9.5,8.6,19.5,0.0,-3.5,6.196944444444444,95.0,0.0,0.0,0.1,29.0,4,14,14,0,0,3,1,2026,0,2,-0.433883739117558,-0.9009688679024191,0.5877852522924732,-0.8090169943749473,47.0,73.0,78.0,83.0,96.0,56.0,67.0,69.64,72.19,23.85,41.0,100.0,62.14,70.25,16.028620235898867,0.7453416148605377,0
2026-01-14,Croissants,42.0,Regular Day,3.0,9.4,9.666666666666666,5.5,9.5,8.6,19.5,0.0,-3.5,6.196944444444444,95.0,0.0,0.0,0.1,29.0,4,14,14,0,0,3,1,2026,0,2,-0.433883739117558,-0.9009688679024191,0.5877852522924732,-0.8090169943749473,34.0,58.0,60.0,55.0,44.0,22.0,47.57,49.57,51.19,11.43,34.0,65.0,47.0,51.75,12.010412149464313,0.7999999999304348,0
2026-01-15,Bagels,49.0,Regular Day,8.6,13.8,9.7,4.666666666666667,10.600000000000001,4.2,23.2,0.0,-3.9000000000000004,7.431666666666667,64.0,0.0,0.0,1.6,83.41999999999999,5,15,15,0,0,3,1,2026,0,3,-0.9749279121818236,-0.2225209339563146,-0.587785252292473,-0.8090169943749476,41.0,66.0,74.0,54.0,77.0,41.0,66.71,69.43,72.71,23.41,41.0,100.0,70.86,58.75,14.407752542757436,0.8359374999346924,0
2026-01-15,Croissants,27.0,Regular Day,8.6,13.8,9.7,4.666666666666667,10.600000000000001,4.2,23.2,0.0,-3.9000000000000004,7.431666666666667,64.0,0.0,0.0,1.6,83.41999999999999,5,15,15,0,0,3,1,2026,0,3,-0.9749279121818236,-0.2225209339563146,-0.587785252292473,-0.8090169943749476,35.0,56.0,43.0,64.0,37.0,19.0,45.14,50.0,50.14,8.55,34.0,57.0,47.25,49.5,12.974333637352377,0.8504672896401433,0
2026-01-16,Bagels,61.0,Regular Day,4.2,21.3,9.733333333333333,-0.6666666666666665,6.6,-3.3,22.5,0.0,-5.5,9.562777777777777,17.0,0.0,0.0,0.0,40.879999999999995,6,16,16,0,0,3,1,2026,0,3,-0.7818314824680299,0.6234898018587334,-0.587785252292473,-0.8090169943749476,69.0,83.0,97.0,92.0,99.0,60.0,60.29,69.86,72.52,18.39,41.0,97.0,66.89,85.25,12.284814474246922,0.8042328041902522,0
2026-01-16,Croissants,42.0,Regular Day,4.2,21.3,9.733333333333333,-0.6666666666666665,6.6,-3.3,22.5,0.0,-5.5,9.562777777777777,17.0,0.0,0.0,0.0,40.879999999999995,6,16,16,0,0,3,1,2026,0,3,-0.7818314824680299,0.6234898018587334,-0.587785252292473,-0.8090169943749476,57.0,56.0,44.0,55.0,60.0,27.0,43.43,49.71,49.1,7.89,34.0,57.0,45.69,53.0,6.0553007081949835,1.1414141412988472,0
2026-01-17,Croissants,43.0,Regular Day,-3.3,16.2,9.75,3.2,7.8,1.8,15.4,1.0,-4.3,0.0,73.0,0.0,0.0,1.3,-32.175,7,17,17,0,0,3,1,2026,1,3,-2.4492935982947064e-16,1.0,-0.587785252292473,-0.8090169943749476,48.0,65.0,42.0,70.0,48.0,29.0,41.86,48.57,48.24,8.59,34.0,57.0,42.76,56.25,13.375973484822204,1.0089285713384886,0
2026-01-17,Bagels,47.0,Regular Day,-3.3,16.2,9.75,3.2,7.8,1.8,15.4,1.0,-4.3,0.0,73.0,0.0,0.0,1.3,-32.175,7,17,17,0,0,3,1,2026,1,3,-2.4492935982947064e-16,1.0,-0.587785252292473,-0.8090169943749476,97.0,99.0,100.0,86.0,108.0,54.0,57.14,67.14,71.33,20.77,35.0,97.0,58.92,95.5,6.454972243679028,1.053763440803561,0
2026-01-18,Croissants,34.0,Regular Day,1.8,17.3,9.783333333333333,0.3333333333333333,5.0,0.7,15.1,1.0,-3.0,0.0,87.0,0.0,1.0,11.6,17.61,1,18,18,0,0,3,1,2026,1,3,0.7818314824680298,0.6234898018587336,-0.587785252292473,-0.8090169943749476,41.0,53.0,45.0,63.0,58.0,36.0,40.29,47.07,47.48,9.12,33.0,57.0,40.32,50.5,9.71253485622231,0.8703703702897806,0
2026-01-18,Bagels,50.0,Regular Day,1.8,17.3,9.783333333333333,0.3333333333333333,5.0,0.7,15.1,1.0,-3.0,0.0,87.0,0.0,1.0,11.6,17.61,1,18,18,0,0,3,1,2026,1,3,0.7818314824680298,0.6234898018587336,-0.587785252292473,-0.8090169943749476,55.0,100.0,49.0,59.0,59.0,61.0,55.71,66.0,69.38,21.2,35.0,97.0,55.69,65.75,23.200215516240362,1.4351851850522976,0
2026-01-19,Croissants,37.0,MLK Day,0.7,20.4,9.8,-1.9333333333333333,8.7,-2.4,19.5,1.0,-4.9,8.682222222222222,30.0,0.0,0.0,2.7,6.86,2,19,19,0,0,4,1,2026,0,3,0.9749279121818236,-0.22252093395631434,-0.587785252292473,-0.8090169943749476,34.0,45.0,50.0,52.0,44.0,28.0,41.43,45.93,46.62,8.7,33.0,57.0,40.74,45.25,8.05708797684788,0.7745098038456364,1
2026-01-19,Bagels,45.0,MLK Day,0.7,20.4,9.8,-1.9333333333333333,8.7,-2.4,19.5,1.0,-4.9,8.682222222222222,30.0,0.0,0.0,2.7,6.86,2,19,19,0,0,4,1,2026,0,3,0.9749279121818236,-0.22252093395631434,-0.587785252292473,-0.8090169943749476,35.0,57.0,73.0,60.0,61.0,45.0,55.86,64.21,67.95,21.14,35.0,97.0,53.77,56.25,15.777093099385155,0.6917293232562609,1
2026-01-20,Croissants,41.0,Regular Day,-2.4,23.4,9.833333333333334,-0.33333333333333304,6.799999999999999,-5.4,18.5,0.0,-4.6,9.67,23.0,0.0,0.0,0.0,-23.6,3,20,20,0,0,4,1,2026,0,3,0.43388373911755823,-0.900968867902419,-0.587785252292473,-0.8090169943749476,33.0,44.0,54.0,49.0,58.0,31.0,40.29,43.86,45.86,10.09,27.0,57.0,37.31,45.0,8.981462390204987,0.7475728154614008,0
2026-01-20,Bagels,42.0,Regular Day,-2.4,23.4,9.833333333333334,-0.33333333333333304,6.799999999999999,-5.4,18.5,0.0,-4.6,9.67,23.0,0.0,0.0,0.0,-23.6,3,20,20,0,0,4,1,2026,0,3,0.43388373911755823,-0.900968867902419,-0.587785252292473,-0.8090169943749476,46.0,56.0,62.0,87.0,67.0,54.0,57.0,63.0,66.76,20.4,35.0,97.0,52.58,62.75,17.461863207191456,0.6845637583433178,0
2026-01-21,Croissants,35.0,Regular Day,-5.4,23.7,9.85,0.7333333333333334,16.2,-5.7,23.0,0.0,-6.0,9.679444444444444,8.0,0.0,0.0,0.0,-53.190000000000005,4,21,21,0,0,4,1,2026,0,3,-0.433883739117558,-0.9009688679024191,-0.587785252292473,-0.8090169943749476,42.0,34.0,58.0,60.0,57.0,30.0,38.14,42.86,45.76,7.1,27.0,48.0,38.48,48.5,12.583057392117917,0.6440677965555875,0
2026-01-21,Bagels,54.0,Regular Day,-5.4,23.7,9.85,0.7333333333333334,16.2,-5.7,23.0,0.0,-6.0,9.679444444444444,8.0,0.0,0.0,0.0,-53.190000000000005,4,21,21,0,0,4,1,2026,0,3,-0.433883739117558,-0.9009688679024191,-0.587785252292473,-0.8090169943749476,48.0,47.0,73.0,78.0,71.0,39.0,55.86,61.43,65.05,19.84,35.0,97.0,54.68,61.5,16.299284237863535,0.6291390728060172,0
2026-01-22,Bagels,74.0,Regular Day,-5.7,12.4,9.883333333333333,7.9,8.8,5.6,20.4,0.0,-5.6000000000000005,8.135277777777778,66.0,0.0,0.0,0.0,-56.335,5,22,22,0,0,4,1,2026,0,4,-0.9749279121818236,-0.2225209339563146,-0.9510565162951536,0.30901699437494723,49.0,41.0,66.0,74.0,113.0,71.0,48.71,57.71,62.52,8.06,35.0,61.0,52.76,57.5,15.154757228892407,0.6428571428112244,0
2026-01-22,Croissants,51.0,Regular Day,-5.7,12.4,9.883333333333333,7.9,8.8,5.6,20.4,0.0,-5.6000000000000005,8.135277777777778,66.0,0.0,0.0,0.0,-56.335,5,22,22,0,0,4,1,2026,0,4,-0.9749279121818236,-0.2225209339563146,-0.9510565162951536,0.30901699437494723,27.0,35.0,56.0,43.0,57.0,23.0,37.43,41.29,45.81,6.13,27.0,43.0,39.61,40.25,12.365947867699695,0.6262626261993675,0
2026-01-23,Bagels,68.0,Regular Day,5.6,15.5,9.9,3.4,9.7,2.5,21.0,0.0,-5.7,8.814722222222223,76.0,0.0,0.0,0.0,55.44,6,23,23,0,0,4,1,2026,0,4,-0.7818314824680299,0.6234898018587334,-0.9510565162951536,0.30901699437494723,61.0,69.0,83.0,97.0,105.0,45.0,48.0,54.14,62.57,7.62,35.0,61.0,52.07,77.5,15.864005379054392,0.7222222221820987,0
2026-01-23,Croissants,43.0,Regular Day,5.6,15.5,9.9,3.4,9.7,2.5,21.0,0.0,-5.7,8.814722222222223,76.0,0.0,0.0,0.0,55.44,6,23,23,0,0,4,1,2026,0,4,-0.7818314824680299,0.6234898018587334,-0.9510565162951536,0.30901699437494723,42.0,57.0,56.0,44.0,75.0,26.0,36.43,39.93,45.29,6.02,27.0,43.0,38.21,49.75,7.847504911329036,0.9899999999010001,0
2026-01-24,Croissants,50.0,Regular Day,2.5,26.0,9.95,-5.7,12.8,-8.0,22.3,0.0,-5.800000000000001,8.838888888888889,67.0,0.0,0.0,0.0,24.875,7,24,24,0,0,4,1,2026,1,4,-2.4492935982947064e-16,1.0,-0.9510565162951536,0.30901699437494723,43.0,48.0,65.0,42.0,68.0,39.0,36.86,39.36,44.67,5.93,27.0,43.0,37.91,49.5,10.661457061146317,0.8504672896401433,0
2026-01-24,Bagels,83.0,Regular Day,2.5,26.0,9.95,-5.7,12.8,-8.0,22.3,0.0,-5.800000000000001,8.838888888888889,67.0,0.0,0.0,0.0,24.875,7,24,24,0,0,4,1,2026,1,4,-2.4492935982947064e-16,1.0,-0.9510565162951536,0.30901699437494723,47.0,97.0,99.0,100.0,88.0,49.0,49.43,53.29,61.24,5.38,45.0,61.0,50.3,85.75,25.863423336183992,0.7236180904158985,0
2026-01-26,Bagels,42.0,Republic Day 2026,-4.8,21.1,10.016666666666667,-7.033333333333333,8.0,-3.1,22.6,0.0,-3.9000000000000004,5.553888888888889,94.0,0.0,0.0,5.2,-48.080000000000005,2,26,26,0,0,5,1,2026,0,4,0.9749279121818236,-0.22252093395631434,-0.9510565162951536,0.30901699437494723,50.0,55.0,100.0,49.0,63.0,76.0,48.86,52.29,60.29,5.98,42.0,61.0,48.23,63.5,24.474476501040833,0.704697986529886,1
2026-01-26,Croissants,20.0,Republic Day 2026,-4.8,21.1,10.016666666666667,-7.033333333333333,8.0,-3.1,22.6,0.0,-3.9000000000000004,5.553888888888889,94.0,0.0,0.0,5.2,-48.080000000000005,2,26,26,0,0,5,1,2026,0,4,0.9749279121818236,-0.22252093395631434,-0.9510565162951536,0.30901699437494723,34.0,41.0,53.0,45.0,50.0,48.0,38.0,39.14,44.05,5.83,27.0,43.0,38.68,43.25,7.932002689527196,0.7653061223708871,1
2026-01-27,Croissants,39.0,Regular Day,-3.1,26.0,10.033333333333333,-8.3,6.9,-8.0,21.5,0.0,-5.200000000000001,8.987222222222222,14.0,0.0,0.0,0.0,-31.103333333333335,3,27,27,0,0,5,1,2026,0,4,0.43388373911755823,-0.900968867902419,-0.9510565162951536,0.30901699437494723,37.0,34.0,45.0,50.0,65.0,27.0,37.0,39.21,42.95,5.63,27.0,43.0,37.76,41.5,7.32575365861197,0.7473684209739613,0
2026-01-27,Bagels,37.0,Regular Day,-3.1,26.0,10.033333333333333,-8.3,6.9,-8.0,21.5,0.0,-5.200000000000001,8.987222222222222,14.0,0.0,0.0,0.0,-31.103333333333335,3,27,27,0,0,5,1,2026,0,4,0.43388373911755823,-0.900968867902419,-0.9510565162951536,0.30901699437494723,45.0,35.0,57.0,73.0,67.0,51.0,49.71,52.79,59.38,6.26,42.0,61.0,49.67,52.5,16.36052158907737,0.6153846153372781,0
2026-01-28,Croissants,32.0,Regular Day,-8.0,26.3,10.066666666666666,-8.266666666666667,6.7,-8.3,18.1,0.0,-4.7,8.500277777777777,24.0,0.0,0.0,0.0,-80.53333333333333,4,28,28,0,0,5,1,2026,0,4,-0.433883739117558,-0.9009688679024191,-0.9510565162951536,0.30901699437494723,41.0,33.0,44.0,54.0,59.0,27.0,40.43,40.36,42.71,5.83,34.0,51.0,41.07,43.0,8.679477710861024,0.7551020407392753,0
2026-01-28,Bagels,53.0,Regular Day,-8.0,26.3,10.066666666666666,-8.266666666666667,6.7,-8.3,18.1,0.0,-4.7,8.500277777777777,24.0,0.0,0.0,0.0,-80.53333333333333,4,28,28,0,0,5,1,2026,0,4,-0.433883739117558,-0.9009688679024191,-0.9510565162951536,0.30901699437494723,42.0,46.0,56.0,62.0,78.0,41.0,53.29,55.14,59.76,11.07,42.0,74.0,55.75,51.5,9.146948489341495,0.7457627118012066,0
