SalesDate,Category,SoldQty,SpecialEventName,TempLag1,HDD,DaylightHours,TempDeviation,TempRange,TemperatureMeanC,WindSpeedMaxKmh,IsSnowDay,FeelsLikeDiffC,SunshineHours,CloudCoverMeanPct,CDD,WeekendXBadWeather,PrecipitationMm,DaylightHours_x_TempLag1,day_of_week,day_of_month,day_of_year,is_month_start,is_month_end,week_of_year,month_of_year,year,is_weekend,week_of_month,day_of_week_sin,day_of_week_cos,week_of_month_sin,week_of_month_cos,lag_7,lag_14,lag_21,lag_28,lag_90,lag_365,rolling_mean_7,rolling_mean_14,rolling_mean_21,rolling_std_7,rolling_min_7,rolling_max_7,ewm_mean_7,same_dow_mean_4w,same_dow_std_4w,dow_momentum,is_special_event
2023-05-23,Fancies,8.0,Regular Day,17.8,2.6999999999999993,14.566666666666666,-0.8333333333333321,7.6,15.3,16.9,0.0,-1.1999999999999993,14.0,66.0,0.0,0.0,0.0,259.2866666666667,3,23,143,0,0,21,5,2023,0,4,0.43388373911755823,-0.900968867902419,-0.9510565162951536,0.30901699437494723,6.0,9.0,9.0,10.0,,,8.86,8.29,8.57,2.54,5.0,11.0,7.86,8.5,1.7320508075688772,0.7894736837950138,0
2023-05-24,Fancies,4.0,Regular Day,15.3,2.1999999999999993,14.6,-1.3999999999999986,16.400000000000002,15.8,14.5,0.0,2.299999999999997,14.0,28.0,0.0,0.0,0.0,223.38,4,24,144,0,0,21,5,2023,0,4,-0.433883739117558,-0.9009688679024191,-0.9510565162951536,0.30901699437494723,10.0,6.0,7.0,10.0,,,8.43,8.07,8.38,2.37,5.0,11.0,7.89,8.25,2.0615528128088303,0.941176470034602,0
2023-05-25,Fancies,8.0,Regular Day,15.8,2.6999999999999993,14.633333333333333,-2.3333333333333357,8.0,15.3,20.4,0.0,-0.10000000000000142,14.0,16.0,0.0,0.0,0.0,231.20666666666668,5,25,145,0,0,21,5,2023,0,4,-0.9749279121818236,-0.2225209339563146,-0.9510565162951536,0.30901699437494723,5.0,5.0,10.0,8.0,,,8.43,8.29,8.62,2.37,5.0,11.0,8.67,7.0,2.449489742783178,0.5555555552469136,0
2023-05-26,Fancies,7.0,Regular Day,15.3,3.4000000000000004,14.65,-2.8000000000000025,12.799999999999999,14.6,16.3,0.0,-0.09999999999999787,14.0,10.0,0.0,0.0,0.0,224.145,6,26,146,0,0,21,5,2023,0,4,-0.7818314824680299,0.6234898018587334,-0.9510565162951536,0.30901699437494723,8.0,11.0,11.0,12.0,,,8.43,8.21,8.48,2.37,5.0,11.0,8.5,10.5,1.7320508075688772,0.8260869561625709,0
2023-05-27,Fancies,5.0,Regular Day,14.6,2.3000000000000007,14.683333333333334,-2.0666666666666664,15.3,15.7,16.0,0.0,-1.3000000000000007,14.0,76.0,0.0,0.0,0.0,214.37666666666667,7,27,147,0,0,21,5,2023,1,4,-2.4492935982947064e-16,1.0,-0.9510565162951536,0.30901699437494723,11.0,11.0,8.0,6.0,,,8.43,8.57,8.57,2.37,5.0,11.0,9.13,9.0,2.449489742783178,1.5714285703061224,0
2023-05-28,Fancies,8.0,Regular Day,15.7,2.0,14.683333333333334,-0.533333333333335,11.799999999999999,16.0,10.5,0.0,-0.6999999999999993,11.923055555555555,99.0,0.0,0.0,0.0,230.52833333333334,1,28,148,0,0,21,5,2023,1,4,0.7818314824680298,0.6234898018587336,-0.9510565162951536,0.30901699437494723,8.0,8.0,9.0,11.0,,,8.71,8.5,8.52,2.14,5.0,11.0,8.85,9.0,1.4142135623730951,0.7999999996,0
2023-05-29,Fancies,6.0,Memorial Day,16.0,0.1999999999999993,14.716666666666667,-1.2666666666666657,12.299999999999999,17.8,19.9,0.0,1.1000000000000014,13.459444444444445,86.0,0.0,0.0,1.1,235.46666666666667,2,29,149,0,0,22,5,2023,0,5,0.9749279121818236,-0.22252093395631434,-2.4492935982947064e-16,1.0,11.0,11.0,6.0,9.0,,,7.86,8.36,8.38,2.67,4.0,11.0,7.63,9.25,2.362907813126304,1.4666666656888887,1
2023-05-30,Fancies,8.0,Regular Day,17.8,1.6000000000000014,14.733333333333333,-2.3000000000000007,7.699999999999999,16.4,19.4,0.0,-1.1000000000000014,13.203611111111112,25.0,0.0,0.0,0.0,262.25333333333333,3,30,150,0,0,22,5,2023,0,5,0.43388373911755823,-0.900968867902419,-2.4492935982947064e-16,1.0,8.0,6.0,9.0,9.0,,,8.29,8.57,8.29,2.36,4.0,11.0,7.73,8.0,1.4142135623730951,0.777777777345679,0
2023-05-31,Fancies,9.0,Regular Day,16.4,2.1999999999999993,14.766666666666667,-1.3666666666666671,14.1,15.8,13.7,0.0,0.8000000000000007,14.0,13.0,0.0,0.0,0.0,242.17333333333332,4,31,151,0,1,22,5,2023,0,5,-0.433883739117558,-0.9009688679024191,-2.4492935982947064e-16,1.0,4.0,10.0,6.0,7.0,,,8.14,8.29,8.1,2.41,4.0,11.0,7.54,6.75,2.5,1.0769230760946744,0
2023-06-01,Fancies,9.0,Regular Day,15.8,0.0,14.766666666666667,2.533333333333335,13.499999999999998,19.9,12.3,0.0,2.400000000000002,12.95861111111111,33.0,1.8999999999999986,0.0,0.0,233.31333333333336,5,1,152,1,0,22,6,2023,0,1,-0.9749279121818236,-0.2225209339563146,0.9510565162951535,0.30901699437494745,8.0,5.0,5.0,10.0,,,7.29,7.86,7.95,2.29,4.0,11.0,6.91,7.0,2.449489742783178,0.8666666660888889,0
2023-06-02,Fancies,8.0,National Donut Day,19.9,0.0,14.8,1.7999999999999972,19.2,20.7,13.2,0.0,3.0,12.0,46.0,2.6999999999999993,0.0,0.0,294.52,6,2,153,0,0,22,6,2023,0,1,-0.7818314824680299,0.6234898018587334,0.9510565162951535,0.30901699437494745,7.0,8.0,11.0,11.0,,,7.29,7.86,7.9,2.29,4.0,11.0,7.18,9.25,2.0615528128088303,0.6818181815082645,1
2023-06-03,Fancies,11.0,Regular Day,20.7,0.0,14.816666666666666,-0.8000000000000007,8.6,18.7,22.7,0.0,-0.5999999999999979,10.690277777777778,69.0,0.6999999999999993,0.0,0.0,306.705,7,3,154,0,0,22,6,2023,1,1,-2.4492935982947064e-16,1.0,0.9510565162951535,0.30901699437494745,5.0,11.0,11.0,8.0,,,6.57,7.5,7.9,1.62,4.0,8.0,6.89,8.75,2.8722813232690143,0.8421052627146814,0
2023-06-04,Fancies,5.0,Regular Day,18.7,2.3000000000000007,14.816666666666666,-4.166666666666664,12.100000000000001,15.7,22.3,0.0,-2.900000000000002,13.0325,49.0,0.0,0.0,0.0,277.07166666666666,1,4,155,0,0,22,6,2023,1,1,0.7818314824680298,0.6234898018587336,0.9510565162951535,0.30901699437494745,8.0,8.0,8.0,9.0,,,6.57,7.64,7.86,1.62,4.0,8.0,7.16,8.25,0.5,0.941176470034602,0
2023-06-05,Fancies,5.0,Regular Day,15.7,1.3999999999999986,14.85,-3.866666666666667,15.499999999999998,16.6,19.0,0.0,-2.3999999999999986,8.935555555555556,38.0,0.0,0.0,0.0,233.14499999999998,2,5,156,0,0,23,6,2023,0,1,0.9749279121818236,-0.22252093395631434,0.9510565162951535,0.30901699437494745,6.0,11.0,11.0,6.0,,,7.29,7.57,8.0,1.38,5.0,9.0,7.62,8.5,2.886751345948129,0.9999999994117647,0
2023-06-06,Fancies,11.0,Regular Day,16.6,0.0,14.866666666666667,-1.0,14.399999999999999,20.3,26.6,0.0,-2.3000000000000007,14.0,17.0,2.3000000000000007,0.0,3.4,246.7866666666667,3,6,157,0,0,23,6,2023,0,1,0.43388373911755823,-0.900968867902419,0.9510565162951535,0.30901699437494745,8.0,8.0,6.0,9.0,,,7.43,7.86,8.19,1.51,5.0,9.0,7.97,7.75,1.2583057392117916,1.0666666659555555,0
2023-06-07,Fancies,9.0,Regular Day,20.3,0.0,14.866666666666667,-1.6333333333333329,12.799999999999999,20.2,19.8,0.0,-2.799999999999997,13.303333333333333,19.0,2.1999999999999993,0.0,0.4,301.79333333333335,4,7,158,0,0,23,6,2023,0,1,-0.433883739117558,-0.9009688679024191,0.9510565162951535,0.30901699437494745,9.0,4.0,10.0,6.0,,,7.57,7.86,8.05,1.51,5.0,9.0,7.98,7.25,2.753785273643051,0.8124999994921874,0
2023-06-08,Fancies,9.0,Regular Day,20.2,0.10000000000000142,14.883333333333333,-2.833333333333332,12.9,17.9,14.9,0.0,-0.10000000000000142,13.0,24.0,0.0,0.0,0.4,300.6433333333333,5,8,159,0,0,23,6,2023,0,2,-0.9749279121818236,-0.2225209339563146,0.5877852522924732,-0.8090169943749473,9.0,8.0,5.0,5.0,,,8.43,7.86,8.05,1.51,6.0,11.0,8.73,6.75,2.0615528128088303,1.6999999982999998,0
2023-06-09,Fancies,7.0,Regular Day,17.9,0.3999999999999986,14.883333333333333,-2.266666666666662,12.500000000000002,17.6,16.6,0.0,-1.0,13.0,27.0,0.0,0.0,0.5,266.41166666666663,6,9,160,0,0,23,6,2023,0,2,-0.7818314824680299,0.6234898018587334,0.5877852522924732,-0.8090169943749473,8.0,7.0,8.0,11.0,,,8.0,7.64,7.9,2.0,5.0,11.0,7.8,8.5,1.7320508075688772,0.7894736837950138,0
2023-06-10,Fancies,12.0,Regular Day,17.6,0.0,14.916666666666666,-1.466666666666665,14.9,19.8,20.1,0.0,-1.6000000000000014,13.390277777777778,31.0,1.8000000000000007,0.0,0.2,262.53333333333336,7,10,161,0,0,23,6,2023,1,2,-2.4492935982947064e-16,1.0,0.5877852522924732,-0.8090169943749473,11.0,5.0,11.0,11.0,,,7.86,7.21,7.62,2.19,5.0,11.0,7.1,9.5,3.0,0.7272727269421487,0
2023-06-11,Fancies,8.0,Regular Day,19.8,0.0,14.916666666666666,0.6000000000000014,13.399999999999999,23.2,18.4,0.0,-0.09999999999999787,13.436944444444444,64.0,5.199999999999999,0.0,0.0,295.35,1,11,162,0,0,23,6,2023,1,2,0.7818314824680298,0.6234898018587336,0.5877852522924732,-0.8090169943749473,5.0,8.0,8.0,8.0,,,8.29,7.43,7.86,2.5,5.0,11.0,8.07,7.25,1.5,0.8124999994921874,0
2023-06-12,Fancies,3.0,Regular Day,23.2,0.0,14.933333333333334,0.1333333333333293,7.0,21.9,24.5,0.0,0.6000000000000014,7.853611111111111,98.0,3.8999999999999986,0.0,8.6,346.4533333333333,2,12,163,0,0,24,6,2023,0,2,0.9749279121818236,-0.22252093395631434,0.5877852522924732,-0.8090169943749473,5.0,6.0,11.0,11.0,,,8.29,7.79,7.81,2.5,5.0,11.0,8.31,8.25,3.2015621187164243,0.49999999977272724,0
2023-06-13,Fancies,11.0,Regular Day,21.9,0.0,14.933333333333334,-0.5666666666666664,11.3,20.6,22.0,0.0,-1.9000000000000021,12.677777777777777,32.0,2.6000000000000014,0.0,0.3,327.03999999999996,3,13,164,0,0,24,6,2023,0,2,0.43388373911755823,-0.900968867902419,0.5877852522924732,-0.8090169943749473,11.0,8.0,8.0,6.0,,,8.29,7.86,8.0,2.5,5.0,11.0,8.48,8.25,2.0615528128088303,1.3571428561734693,0
2023-06-14,Fancies,11.0,Regular Day,20.6,0.0,14.95,-0.40000000000000213,10.0,20.6,23.8,0.0,-1.3000000000000007,11.294444444444444,42.0,2.6000000000000014,0.0,9.4,307.97,4,14,165,0,0,24,6,2023,0,2,-0.433883739117558,-0.9009688679024191,0.5877852522924732,-0.8090169943749473,9.0,9.0,4.0,10.0,,,8.14,7.86,7.95,2.54,5.0,11.0,8.11,8.0,2.70801280154532,1.2857142847959182,0
2023-06-15,Fancies,12.0,Regular Day,20.6,0.0,14.95,0.0,13.099999999999998,21.0,19.4,0.0,-2.3999999999999986,14.0,15.0,3.0,0.0,0.0,307.97,5,15,166,0,0,24,6,2023,0,3,-0.9749279121818236,-0.2225209339563146,-0.587785252292473,-0.8090169943749476,9.0,9.0,8.0,5.0,,,8.29,8.36,8.0,2.75,5.0,12.0,9.08,7.75,1.8929694486000912,1.3846153835502957,0
2023-06-16,Fancies,10.0,Regular Day,21.0,0.0,14.95,-0.03333333333333144,7.800000000000001,20.3,18.6,0.0,0.09999999999999787,7.427777777777778,55.0,2.3000000000000007,0.0,1.6,313.95,6,16,167,0,0,24,6,2023,0,3,-0.7818314824680299,0.6234898018587334,-0.587785252292473,-0.8090169943749476,7.0,8.0,7.0,8.0,,,8.71,8.36,8.0,2.36,5.0,12.0,8.81,7.5,0.5773502691896257,0.9999999993333333,0
2023-06-17,Fancies,10.0,Regular Day,20.3,0.0,14.966666666666667,-0.40000000000000213,12.3,20.0,25.6,0.0,-2.6000000000000014,13.0,35.0,2.0,0.0,0.0,303.8233333333333,7,17,168,0,0,24,6,2023,1,3,-2.4492935982947064e-16,1.0,-0.587785252292473,-0.8090169943749476,12.0,11.0,5.0,11.0,,,8.43,8.14,7.62,2.94,3.0,12.0,7.36,9.75,3.2015621187164243,1.4374999991015625,0
2023-06-18,Fancies,5.0,Regular Day,20.0,0.0,14.95,-0.9666666666666686,13.799999999999999,21.3,15.1,0.0,-0.3999999999999986,11.232222222222223,26.0,3.3000000000000007,0.0,0.0,299.0,1,18,169,0,0,24,6,2023,1,3,0.7818314824680298,0.6234898018587336,-0.587785252292473,-0.8090169943749476,8.0,5.0,8.0,8.0,,,8.43,8.36,7.76,2.94,3.0,12.0,8.27,7.25,1.5,0.8124999994921874,0
2023-06-19,Fancies,2.0,Juneteenth Day,21.3,0.0,14.95,-2.066666666666663,13.299999999999999,22.0,19.1,0.0,2.6000000000000014,13.017222222222221,43.0,4.0,0.0,0.0,318.435,2,19,170,0,0,25,6,2023,0,3,0.9749279121818236,-0.22252093395631434,-0.587785252292473,-0.8090169943749476,3.0,5.0,6.0,11.0,,,8.71,8.5,8.1,3.09,3.0,12.0,8.95,6.25,3.4034296427770228,0.470588235017301,1
2023-06-20,Fancies,12.0,Regular Day,22.0,0.0,14.966666666666667,-2.4666666666666686,4.5,20.0,16.7,0.0,0.0,1.26,99.0,2.0,0.0,0.8,329.26666666666665,3,20,171,0,0,25,6,2023,0,3,0.43388373911755823,-0.900968867902419,-0.587785252292473,-0.8090169943749476,11.0,11.0,8.0,8.0,,,9.14,8.71,8.29,3.34,3.0,12.0,9.71,9.5,1.7320508075688772,1.374999999140625,0
2023-06-21,Fancies,9.0,Regular Day,20.0,0.6000000000000014,14.966666666666667,-5.06666666666667,3.4999999999999982,17.4,26.8,0.0,0.40000000000000213,0.0,100.0,0.0,0.0,8.5,299.3333333333333,4,21,172,0,0,25,6,2023,0,3,-0.433883739117558,-0.9009688679024191,-0.587785252292473,-0.8090169943749476,11.0,9.0,9.0,4.0,,,9.57,8.86,8.43,3.21,3.0,12.0,9.79,8.25,2.9860788111948193,1.5384615372781063,0
2023-06-22,Fancies,12.0,Regular Day,17.4,0.8000000000000007,14.966666666666667,-6.100000000000001,3.9000000000000004,17.2,24.9,0.0,-0.40000000000000213,0.0,100.0,0.0,0.0,6.4,260.41999999999996,5,22,173,0,0,25,6,2023,0,4,-0.9749279121818236,-0.2225209339563146,-0.9510565162951536,0.30901699437494723,12.0,9.0,9.0,8.0,,,9.29,8.79,8.67,3.04,3.0,12.0,9.84,9.5,1.7320508075688772,1.2352941169204152,0
2023-06-23,Fancies,7.0,Regular Day,17.2,0.0,14.95,-5.466666666666669,9.899999999999999,21.0,19.0,0.0,3.5,5.073055555555555,98.0,3.0,0.0,2.3,257.14,6,23,174,0,0,25,6,2023,0,4,-0.7818314824680299,0.6234898018587334,-0.9510565162951536,0.30901699437494723,10.0,7.0,8.0,7.0,,,8.86,8.79,8.52,3.44,3.0,12.0,8.63,8.0,1.4142135623730951,1.1333333325777777,0
2023-06-24,Fancies,9.0,Regular Day,21.0,0.0,14.95,-5.100000000000001,7.400000000000002,22.7,14.9,0.0,4.699999999999999,7.641111111111111,94.0,4.699999999999999,1.0,16.4,313.95,7,24,175,0,0,25,6,2023,1,4,-2.4492935982947064e-16,1.0,-0.9510565162951536,0.30901699437494723,10.0,12.0,11.0,5.0,,,8.71,8.57,8.33,3.73,2.0,12.0,6.97,9.5,3.1091263510296048,1.374999999140625,0
2023-06-25,Fancies,9.0,Regular Day,22.7,0.0,14.966666666666667,-3.533333333333335,8.3,23.1,11.6,0.0,4.600000000000001,13.230277777777777,52.0,5.100000000000001,0.0,10.6,339.74333333333334,1,25,176,0,0,25,6,2023,1,4,0.7818314824680298,0.6234898018587336,-0.9510565162951536,0.30901699437494723,5.0,8.0,5.0,8.0,,,8.86,8.64,8.52,3.85,2.0,12.0,8.23,6.5,1.7320508075688772,0.9999999992307692,0
2023-06-26,Fancies,10.0,Regular Day,23.1,0.0,14.966666666666667,-1.4000000000000021,8.8,23.8,18.8,0.0,4.100000000000001,9.383055555555556,79.0,5.800000000000001,0.0,2.9,345.73,2,26,177,0,0,26,6,2023,0,4,0.9749279121818236,-0.22252093395631434,-0.9510565162951536,0.30901699437494723,2.0,3.0,5.0,6.0,,,8.57,8.64,8.52,3.74,2.0,12.0,8.42,4.0,1.8257418583505538,0.45454545413223135,0
2023-06-27,Fancies,9.0,Regular Day,23.8,0.0,14.95,-0.46666666666666856,6.399999999999999,23.3,18.8,0.0,2.8000000000000007,10.672777777777778,69.0,5.300000000000001,0.0,5.8,355.81,3,27,178,0,0,26,6,2023,0,4,0.43388373911755823,-0.900968867902419,-0.9510565162951536,0.30901699437494723,12.0,11.0,11.0,8.0,,,8.57,8.86,8.67,3.74,2.0,12.0,9.32,10.5,1.7320508075688772,1.2105263151523544,0
2023-06-28,Fancies,9.0,Regular Day,23.3,0.0,14.95,-1.6333333333333329,9.899999999999999,22.7,15.9,0.0,2.0,13.585,68.0,4.699999999999999,0.0,1.8,348.335,4,28,179,0,0,26,6,2023,0,4,-0.433883739117558,-0.9009688679024191,-0.9510565162951536,0.30901699437494723,9.0,11.0,9.0,9.0,,,8.14,8.86,8.62,3.72,2.0,12.0,8.74,9.5,1.0,1.1111111104938272,0
2023-06-29,Fancies,12.0,Regular Day,22.7,0.0,14.933333333333334,-1.0,12.200000000000003,22.8,14.5,0.0,1.5,13.407777777777778,28.0,4.800000000000001,0.0,0.1,338.9866666666667,5,29,180,0,0,26,6,2023,0,5,-0.9749279121818236,-0.2225209339563146,-2.4492935982947064e-16,1.0,12.0,12.0,9.0,9.0,,,8.0,8.64,8.52,3.65,2.0,12.0,8.8,10.5,1.7320508075688772,1.3333333325925925,0
2023-06-30,Fancies,6.0,Regular Day,22.8,0.0,14.933333333333334,-1.1333333333333329,12.8,22.9,18.6,0.0,1.8999999999999986,14.0,31.0,4.899999999999999,0.0,0.0,340.48,6,30,181,0,1,26,6,2023,0,5,-0.7818314824680299,0.6234898018587334,-2.4492935982947064e-16,1.0,7.0,10.0,7.0,8.0,,,8.57,8.71,8.71,3.41,2.0,12.0,8.85,8.0,1.4142135623730951,1.1333333325777777,0
2023-07-01,Fancies,7.0,Regular Day,22.9,0.0,14.9,-2.5666666666666664,8.899999999999999,22.5,17.0,0.0,1.7000000000000028,14.0,45.0,4.5,0.0,0.0,341.21,7,1,182,1,0,26,7,2023,1,1,-2.4492935982947064e-16,1.0,0.9510565162951535,0.30901699437494745,9.0,10.0,12.0,11.0,,,9.71,9.21,8.95,1.8,7.0,12.0,9.14,10.5,1.2909944487358056,0.8260869561625709,0
2023-07-02,Fancies,7.0,Regular Day,22.5,0.0,14.9,1.4333333333333371,10.299999999999997,25.3,16.6,0.0,4.800000000000004,10.734722222222222,95.0,7.300000000000001,0.0,3.3,335.25,1,2,183,0,0,26,7,2023,1,1,0.7818314824680298,0.6234898018587336,0.9510565162951535,0.30901699437494745,9.0,5.0,8.0,5.0,,,9.29,9.07,8.86,1.5,7.0,12.0,9.1,6.75,2.0615528128088303,1.0769230760946744,0
2023-07-03,Fancies,13.0,Regular Day,25.3,0.0,14.883333333333333,1.7000000000000028,9.7,26.3,16.4,0.0,4.200000000000003,10.826666666666666,50.0,8.3,0.0,4.4,376.54833333333335,2,3,184,0,0,27,7,2023,0,1,0.9749279121818236,-0.22252093395631434,0.9510565162951535,0.30901699437494745,10.0,2.0,3.0,5.0,,,9.29,8.93,8.86,1.5,7.0,12.0,9.08,5.0,3.559026084010437,1.4999999981249998,0
2023-07-04,Fancies,8.0,Independence Day,26.3,0.0,14.883333333333333,2.466666666666665,8.3,26.2,21.9,0.0,4.0000000000000036,12.421666666666667,72.0,8.2,0.0,20.7,391.4316666666667,3,4,185,0,0,27,7,2023,0,1,0.43388373911755823,-0.900968867902419,0.9510565162951535,0.30901699437494745,9.0,12.0,11.0,11.0,,,9.29,8.93,9.0,1.5,7.0,12.0,9.81,10.75,1.2583057392117916,0.9545454541115702,1
2023-07-05,Fancies,7.0,Regular Day,26.2,0.0,14.866666666666667,1.7333333333333307,10.3,26.4,10.8,0.0,4.700000000000003,13.566944444444445,35.0,8.399999999999999,0.0,0.8,389.50666666666666,4,5,186,0,0,27,7,2023,0,1,-0.433883739117558,-0.9009688679024191,0.9510565162951535,0.30901699437494745,9.0,9.0,11.0,9.0,,,9.14,8.64,8.95,1.77,6.0,12.0,8.86,9.5,1.0,0.89999999955,0
2023-07-06,Fancies,10.0,Regular Day,26.4,0.0,14.866666666666667,-0.03333333333333144,9.7,26.0,15.0,0.0,4.400000000000002,13.977777777777778,24.0,8.0,0.0,1.1,392.48,5,6,187,0,0,27,7,2023,0,1,-0.9749279121818236,-0.2225209339563146,0.9510565162951535,0.30901699437494745,12.0,12.0,12.0,9.0,,,8.86,8.43,8.71,1.95,6.0,12.0,8.39,11.25,1.5,1.1428571423129252,0
2023-07-07,Fancies,11.0,Regular Day,26.0,0.0,14.833333333333334,-1.1333333333333364,9.299999999999997,25.5,12.7,0.0,5.800000000000004,10.0,68.0,7.5,0.0,1.6,385.6666666666667,6,7,188,0,0,27,7,2023,0,1,-0.7818314824680299,0.6234898018587334,0.9510565162951535,0.30901699437494745,6.0,7.0,10.0,7.0,,,8.57,8.57,8.67,2.07,6.0,12.0,8.04,7.5,1.7320508075688772,0.7647058819031142,0
2023-07-08,Fancies,6.0,Regular Day,25.5,0.0,14.816666666666666,-1.3999999999999986,8.700000000000003,25.6,10.8,0.0,5.799999999999997,9.45111111111111,95.0,7.600000000000001,0.0,4.4,377.825,7,8,189,0,0,27,7,2023,1,2,-2.4492935982947064e-16,1.0,0.5877852522924732,-0.8090169943749473,7.0,9.0,10.0,12.0,,,9.0,9.36,9.14,2.65,6.0,13.0,9.28,9.5,2.0816659994661326,0.7272727269421487,0
2023-07-09,Fancies,11.0,Regular Day,25.6,0.0,14.816666666666666,-1.8000000000000007,5.5,24.1,16.3,0.0,3.6000000000000014,4.597777777777778,88.0,6.100000000000001,0.0,5.5,379.3066666666667,1,9,190,0,0,27,7,2023,1,2,0.7818314824680298,0.6234898018587336,0.5877852522924732,-0.8090169943749473,7.0,9.0,5.0,8.0,,,8.86,9.07,9.0,2.67,6.0,13.0,8.96,7.25,1.707825127659933,1.230769229822485,0
2023-07-10,Fancies,4.0,Regular Day,24.1,0.0,14.783333333333333,-0.8666666666666671,10.5,24.1,16.7,0.0,0.6999999999999993,10.495277777777778,88.0,6.100000000000001,0.0,2.1,356.27833333333336,2,10,191,0,0,28,7,2023,0,2,0.9749279121818236,-0.22252093395631434,0.5877852522924732,-0.8090169943749473,13.0,10.0,2.0,3.0,,,8.57,8.93,8.81,2.76,6.0,13.0,8.47,7.0,5.354126134736337,4.5999999908,0
2023-07-11,Fancies,9.0,Regular Day,24.1,0.0,14.766666666666667,-0.03333333333333144,13.600000000000001,25.8,11.7,0.0,1.5,14.0,3.0,7.800000000000001,0.0,0.0,355.8766666666667,3,11,192,0,0,28,7,2023,0,2,0.43388373911755823,-0.900968867902419,0.5877852522924732,-0.8090169943749473,8.0,9.0,12.0,11.0,,,8.29,8.79,8.71,2.43,6.0,13.0,8.85,10.0,1.8257418583505538,0.7391304344612476,0
2023-07-12,Fancies,8.0,Regular Day,25.8,0.0,14.75,0.8999999999999986,14.5,27.4,21.7,0.0,0.6999999999999957,14.0,17.0,9.399999999999999,0.0,0.0,380.55,4,12,193,0,0,28,7,2023,0,2,-0.433883739117558,-0.9009688679024191,0.5877852522924732,-0.8090169943749473,7.0,9.0,9.0,11.0,,,9.0,9.07,8.76,2.38,7.0,13.0,9.39,9.0,1.632993161855452,0.7999999996,0
2023-07-13,Fancies,8.0,Regular Day,27.4,0.0,14.733333333333333,1.6999999999999993,10.999999999999996,27.7,21.3,0.0,1.1000000000000014,14.0,44.0,9.7,0.0,0.3,403.69333333333327,5,13,194,0,0,28,7,2023,0,2,-0.9749279121818236,-0.2225209339563146,0.5877852522924732,-0.8090169943749473,10.0,12.0,12.0,12.0,,,8.86,8.86,8.57,2.54,6.0,13.0,8.54,11.5,1.0,0.9166666662847222,0
2023-07-14,Fancies,2.0,Regular Day,27.7,0.0,14.7,1.2666666666666657,7.199999999999999,27.2,17.1,0.0,2.8999999999999986,9.740833333333333,86.0,9.2,0.0,19.3,407.19,6,14,195,0,0,28,7,2023,0,2,-0.7818314824680299,0.6234898018587334,0.5877852522924732,-0.8090169943749473,11.0,6.0,7.0,10.0,,,9.43,9.0,8.86,2.51,6.0,13.0,9.16,8.5,2.3804761428476167,0.9999999994117647,0
2023-07-15,Fancies,5.0,Regular Day,27.2,0.0,14.7,0.16666666666666785,9.3,26.0,14.2,0.0,4.900000000000002,13.197777777777778,61.0,8.0,0.0,3.8,399.84,7,15,196,0,0,28,7,2023,1,3,-2.4492935982947064e-16,1.0,-0.587785252292473,-0.8090169943749476,6.0,7.0,9.0,10.0,,,8.14,8.57,8.95,2.67,4.0,11.0,7.87,8.0,1.8257418583505538,0.6842105259556787,0
2023-07-16,Fancies,9.0,Regular Day,26.0,0.0,14.666666666666666,-1.5999999999999979,4.699999999999999,24.7,19.6,0.0,4.400000000000002,0.9588888888888889,96.0,6.699999999999999,1.0,15.7,381.3333333333333,1,16,197,0,0,28,7,2023,1,3,0.7818314824680298,0.6234898018587336,-0.587785252292473,-0.8090169943749476,11.0,7.0,9.0,5.0,,,8.29,8.57,8.81,2.69,4.0,11.0,8.15,8.0,2.581988897471611,1.2857142847959182,0
2023-07-17,Fancies,8.0,Regular Day,24.7,0.0,14.65,-1.3333333333333321,11.5,26.2,15.0,0.0,2.799999999999997,13.703333333333333,45.0,8.2,0.0,0.6,361.855,2,17,198,0,0,29,7,2023,0,3,0.9749279121818236,-0.22252093395631434,-0.587785252292473,-0.8090169943749476,4.0,13.0,10.0,2.0,,,8.43,8.5,8.76,2.64,4.0,11.0,8.11,7.25,5.123475382979799,1.416666665486111,0
2023-07-18,Fancies,9.0,Regular Day,26.2,0.0,14.616666666666667,-1.1999999999999993,7.5,26.3,13.4,0.0,4.200000000000003,12.39638888888889,44.0,8.3,0.0,2.7,382.95666666666665,3,18,199,0,0,29,7,2023,0,3,0.43388373911755823,-0.900968867902419,-0.587785252292473,-0.8090169943749476,9.0,8.0,9.0,12.0,,,8.14,8.21,8.57,2.54,4.0,11.0,8.08,9.5,1.7320508075688772,0.809523809138322,0
2023-07-19,Fancies,9.0,Regular Day,26.3,0.0,14.616666666666667,-0.5999999999999943,6.5,24.3,13.5,0.0,3.599999999999998,7.988888888888889,67.0,6.300000000000001,0.0,8.0,384.41833333333335,4,19,200,0,0,29,7,2023,0,3,-0.433883739117558,-0.9009688679024191,-0.587785252292473,-0.8090169943749476,8.0,7.0,9.0,9.0,,,6.86,7.93,8.33,3.08,2.0,11.0,6.56,8.25,0.9574271077563381,0.8333333328703704,0
2023-07-20,Fancies,9.0,Regular Day,24.3,0.0,14.583333333333334,-0.3333333333333357,8.3,24.4,12.6,0.0,3.6999999999999993,12.946944444444444,40.0,6.399999999999999,0.0,2.9,354.375,5,20,201,0,0,29,7,2023,0,3,-0.9749279121818236,-0.2225209339563146,-0.587785252292473,-0.8090169943749476,8.0,10.0,12.0,12.0,,,6.71,7.79,8.14,3.15,2.0,11.0,6.17,10.5,1.9148542155126762,0.7499999996875,0
2023-07-21,Fancies,5.0,Regular Day,24.4,0.0,14.55,0.0,7.399999999999999,24.7,14.6,0.0,3.200000000000003,9.977777777777778,69.0,6.699999999999999,0.0,1.1,355.02,6,21,202,0,0,29,7,2023,0,3,-0.7818314824680299,0.6234898018587334,-0.587785252292473,-0.8090169943749476,2.0,11.0,6.0,7.0,,,6.43,7.93,8.14,2.76,2.0,9.0,6.88,6.5,3.696845502136472,0.9999999992307692,0
2023-07-22,Fancies,6.0,Regular Day,24.7,0.0,14.516666666666667,0.29999999999999716,9.899999999999999,24.2,14.5,0.0,1.3000000000000007,13.60361111111111,70.0,6.199999999999999,0.0,0.0,358.56166666666667,7,22,203,0,0,29,7,2023,1,4,-2.4492935982947064e-16,1.0,-0.9510565162951536,0.30901699437494723,5.0,6.0,7.0,9.0,,,7.0,7.57,8.05,2.58,2.0,9.0,7.16,6.75,1.707825127659933,0.6874999995703125,0
2023-07-23,Fancies,2.0,Regular Day,24.2,0.0,14.5,0.49999999999999645,13.700000000000003,24.4,19.4,0.0,1.6000000000000014,14.0,26.0,6.399999999999999,0.0,0.0,350.9,1,23,204,0,0,29,7,2023,1,4,0.7818314824680298,0.6234898018587336,-0.9510565162951536,0.30901699437494723,9.0,11.0,7.0,9.0,,,7.0,7.64,8.05,2.58,2.0,9.0,7.62,9.0,1.632993161855452,1.24999999921875,0
2023-07-24,Fancies,11.0,Regular Day,24.4,0.0,14.466666666666667,-3.552713678800501e-15,9.100000000000001,24.6,15.1,0.0,1.3999999999999986,7.710555555555556,68.0,6.600000000000001,0.0,0.0,352.9866666666666,2,24,205,0,0,30,7,2023,0,4,0.9749279121818236,-0.22252093395631434,-0.9510565162951536,0.30901699437494723,8.0,4.0,13.0,10.0,10.0,,7.14,7.79,8.05,2.67,2.0,9.0,7.96,8.75,3.774917217635375,0.5217391302079395,0
2023-07-25,Fancies,8.0,Regular Day,24.6,0.0,14.45,-0.5000000000000036,9.799999999999997,24.9,14.0,0.0,4.200000000000003,14.0,29.0,6.899999999999999,0.0,3.6,355.47,3,25,206,0,0,30,7,2023,0,4,0.43388373911755823,-0.900968867902419,-0.9510565162951536,0.30901699437494723,9.0,9.0,8.0,9.0,10.0,,7.29,7.71,7.9,2.75,2.0,9.0,8.22,8.75,0.5,1.0588235287889274,0
2023-07-26,Fancies,9.0,Regular Day,24.9,0.0,14.416666666666666,-0.36666666666666714,13.0,24.7,16.6,0.0,2.9999999999999964,12.712777777777777,31.0,6.699999999999999,0.0,0.0,358.97499999999997,4,26,207,0,0,30,7,2023,0,4,-0.433883739117558,-0.9009688679024191,-0.9510565162951536,0.30901699437494723,9.0,8.0,7.0,9.0,8.0,,7.71,7.29,7.86,1.89,5.0,9.0,7.42,8.25,0.9574271077563381,1.0624999993359374,0
2023-07-27,Fancies,8.0,Regular Day,24.7,0.0,14.383333333333333,3.166666666666668,13.199999999999996,28.5,25.5,0.0,0.6000000000000014,14.0,72.0,10.5,0.0,0.2,355.2683333333333,5,27,208,0,0,30,7,2023,0,4,-0.9749279121818236,-0.2225209339563146,-0.9510565162951536,0.30901699437494723,9.0,8.0,10.0,12.0,12.0,,7.86,7.29,7.81,1.68,5.0,9.0,7.06,9.75,1.707825127659933,0.772727272376033,0
2023-07-28,Fancies,9.0,Regular Day,28.5,0.0,14.35,2.833333333333332,10.600000000000001,29.6,15.9,0.0,4.399999999999999,14.0,37.0,11.600000000000001,0.0,0.3,408.97499999999997,6,28,209,0,0,30,7,2023,0,4,-0.7818314824680299,0.6234898018587334,-0.9510565162951536,0.30901699437494723,5.0,2.0,11.0,6.0,6.0,,6.86,6.64,7.57,2.67,2.0,9.0,5.8,6.0,3.7416573867739413,0.4117647056401384,0
2023-07-29,Fancies,6.0,Regular Day,29.6,0.0,14.316666666666666,1.5333333333333314,10.300000000000004,28.3,24.5,0.0,1.1999999999999957,12.998611111111112,50.0,10.3,1.0,8.4,423.77333333333337,7,29,210,0,0,30,7,2023,1,5,-2.4492935982947064e-16,1.0,-2.4492935982947064e-16,1.0,6.0,5.0,6.0,7.0,11.0,,7.29,7.14,7.48,3.09,2.0,11.0,7.1,6.0,0.816496580927726,0.8461538455029586,0
2023-07-30,Fancies,5.0,Regular Day,28.3,0.0,14.283333333333333,-1.2666666666666657,9.5,24.7,23.9,0.0,0.0,13.983888888888888,7.0,6.699999999999999,0.0,0.3,404.21833333333336,1,30,211,0,0,30,7,2023,1,5,0.7818314824680298,0.6234898018587336,-2.4492935982947064e-16,1.0,2.0,9.0,11.0,7.0,9.0,,7.14,7.07,7.48,3.02,2.0,11.0,7.32,7.25,3.8622100754188224,0.611111110771605,0
2023-07-31,Fancies,8.0,Regular Day,24.7,0.0,14.25,-1.6666666666666679,11.200000000000003,23.5,15.4,0.0,1.1999999999999993,13.96888888888889,22.0,5.5,0.0,0.0,351.97499999999997,2,31,212,0,1,31,7,2023,0,5,0.9749279121818236,-0.22252093395631434,-2.4492935982947064e-16,1.0,11.0,8.0,4.0,13.0,9.0,,7.14,7.14,7.57,3.02,2.0,11.0,7.74,9.0,3.9157800414902435,1.11764705816609,0
2023-08-01,Fancies,9.0,Regular Day,23.5,0.0,14.216666666666667,-0.6666666666666679,11.2,23.0,15.5,0.0,-0.6000000000000014,12.806111111111111,19.0,5.0,0.0,0.0,334.0916666666667,3,1,213,1,0,31,8,2023,0,1,0.43388373911755823,-0.900968867902419,0.9510565162951535,0.30901699437494745,8.0,9.0,9.0,8.0,7.0,,7.0,7.14,7.48,2.94,2.0,11.0,7.81,8.5,0.5773502691896257,0.9999999994117647,0
2023-08-02,Fancies,6.0,Regular Day,23.0,0.0,14.183333333333334,-2.266666666666662,12.600000000000001,21.3,18.8,0.0,0.1999999999999993,13.938888888888888,18.0,3.3000000000000007,0.0,0.0,326.2166666666667,4,2,214,0,0,31,8,2023,0,1,-0.433883739117558,-0.9009688679024191,0.9510565162951535,0.30901699437494745,9.0,9.0,8.0,7.0,10.0,,7.57,7.64,7.38,2.88,2.0,11.0,8.11,8.25,0.9574271077563381,1.1999999992,0
2023-08-03,Fancies,8.0,Regular Day,21.3,0.0,14.15,-1.8000000000000007,9.100000000000001,21.9,19.8,0.0,0.5,12.720555555555556,43.0,3.8999999999999986,0.0,2.0,301.39500000000004,5,3,215,0,0,31,8,2023,0,1,-0.9749279121818236,-0.2225209339563146,0.9510565162951535,0.30901699437494745,8.0,9.0,8.0,10.0,11.0,,7.57,7.71,7.38,2.88,2.0,11.0,7.58,8.75,0.9574271077563381,0.944444443919753,0
2023-08-04,Fancies,11.0,Regular Day,21.9,0.0,14.133333333333333,-1.466666666666665,6.100000000000001,22.1,19.0,0.0,0.3999999999999986,1.5725,83.0,4.100000000000001,0.0,1.0,309.52,6,4,216,0,0,31,8,2023,0,1,-0.7818314824680299,0.6234898018587334,0.9510565162951535,0.30901699437494745,9.0,5.0,2.0,11.0,8.0,,8.0,7.43,7.1,2.0,5.0,11.0,6.93,6.75,4.031128874149275,1.0769230760946744,0
2023-08-05,Fancies,9.0,Regular Day,22.1,0.0,14.1,0.40000000000000213,12.600000000000001,24.0,15.8,0.0,1.8999999999999986,10.848611111111111,74.0,6.0,0.0,0.1,311.61,7,5,217,0,0,31,8,2023,1,1,-2.4492935982947064e-16,1.0,0.9510565162951535,0.30901699437494745,6.0,6.0,5.0,6.0,9.0,,7.57,7.43,7.29,1.51,5.0,9.0,7.2,5.75,0.5,1.0909090899173552,0
2023-08-06,Fancies,6.0,Regular Day,24.0,0.0,14.066666666666666,0.1999999999999993,11.399999999999999,24.5,17.2,0.0,2.8999999999999986,12.934166666666666,66.0,6.5,0.0,0.1,337.6,1,6,218,0,0,31,8,2023,1,1,0.7818314824680298,0.6234898018587336,0.9510565162951535,0.30901699437494745,5.0,2.0,9.0,11.0,6.0,,7.71,7.43,7.29,1.6,5.0,9.0,7.65,6.75,4.031128874149275,0.34999999982499996,0
2023-08-07,Fancies,5.0,Regular Day,24.5,0.0,14.033333333333333,0.5666666666666664,7.899999999999999,25.3,25.9,0.0,3.700000000000003,11.827777777777778,76.0,7.300000000000001,0.0,6.7,343.81666666666666,2,7,219,0,0,32,8,2023,0,1,0.9749279121818236,-0.22252093395631434,0.9510565162951535,0.30901699437494745,8.0,11.0,8.0,4.0,9.0,,7.29,7.21,7.19,1.6,5.0,9.0,7.24,7.75,2.8722813232690143,1.5833333320138887,0
2023-08-08,Fancies,6.0,Regular Day,25.3,0.0,14.0,1.7333333333333343,7.099999999999998,25.0,27.0,0.0,-1.1999999999999993,13.415277777777778,66.0,7.0,0.0,10.6,354.2,3,8,220,0,0,32,8,2023,0,2,0.43388373911755823,-0.900968867902419,0.5877852522924732,-0.8090169943749473,9.0,8.0,9.0,9.0,6.0,,7.29,7.14,7.19,1.6,5.0,9.0,7.43,8.75,0.5,0.944444443919753,0
2023-08-09,Fancies,5.0,Regular Day,25.0,0.0,13.95,2.2666666666666693,10.2,25.3,19.7,0.0,0.5,13.818333333333333,10.0,7.300000000000001,0.0,0.0,348.75,4,9,221,0,0,32,8,2023,0,2,-0.433883739117558,-0.9009688679024191,0.5877852522924732,-0.8090169943749473,6.0,9.0,9.0,8.0,5.0,,7.57,7.57,7.62,2.07,5.0,11.0,8.32,8.0,1.4142135623730951,0.8823529406574394,0
2023-08-10,Fancies,8.0,Regular Day,25.3,0.0,13.916666666666666,0.7666666666666693,8.399999999999999,24.1,20.8,0.0,0.8999999999999986,3.5902777777777777,81.0,6.100000000000001,0.0,8.1,352.09166666666664,5,10,222,0,0,32,8,2023,0,2,-0.9749279121818236,-0.2225209339563146,0.5877852522924732,-0.8090169943749473,8.0,8.0,9.0,8.0,11.0,,8.0,7.79,7.81,2.0,5.0,11.0,8.49,8.25,0.5,0.941176470034602,0
2023-08-11,Fancies,9.0,Regular Day,24.1,0.0,13.883333333333333,0.3999999999999986,10.600000000000001,24.2,16.6,0.0,0.5999999999999979,12.803333333333333,36.0,6.199999999999999,0.0,0.5,334.58833333333337,6,11,223,0,0,32,8,2023,0,2,-0.7818314824680299,0.6234898018587334,0.5877852522924732,-0.8090169943749473,11.0,9.0,5.0,2.0,11.0,,8.14,8.07,7.67,1.77,6.0,11.0,7.87,6.75,4.031128874149275,2.8571428530612244,0
2023-08-12,Fancies,6.0,Regular Day,24.2,0.0,13.85,0.8333333333333357,9.7,25.4,18.0,0.0,1.5999999999999979,12.3925,33.0,7.399999999999999,0.0,1.9,335.16999999999996,7,12,224,0,0,32,8,2023,1,2,-2.4492935982947064e-16,1.0,0.5877852522924732,-0.8090169943749473,9.0,6.0,6.0,5.0,8.0,,7.71,7.64,7.52,2.14,5.0,11.0,7.15,6.5,1.7320508075688772,1.363636362396694,0
2023-08-13,Fancies,10.0,Regular Day,25.4,0.0,13.8,2.3000000000000007,8.500000000000004,27.3,16.8,0.0,2.0999999999999943,13.5525,33.0,9.3,0.0,0.0,350.52,1,13,225,0,0,32,8,2023,1,2,0.7818314824680298,0.6234898018587336,0.5877852522924732,-0.8090169943749473,6.0,5.0,2.0,9.0,11.0,,7.29,7.5,7.38,2.14,5.0,11.0,6.86,5.5,2.886751345948129,0.999999999090909,0
2023-08-14,Fancies,3.0,Regular Day,27.3,0.0,13.766666666666667,2.033333333333335,12.400000000000002,26.1,17.6,0.0,2.8999999999999986,12.019166666666667,78.0,8.100000000000001,0.0,0.0,375.83000000000004,2,14,226,0,0,33,8,2023,0,2,0.9749279121818236,-0.22252093395631434,0.5877852522924732,-0.8090169943749473,5.0,8.0,11.0,8.0,6.0,,7.14,7.21,7.19,2.27,5.0,11.0,6.4,8.0,2.449489742783178,0.6842105259556787,0
2023-08-15,Fancies,5.0,Regular Day,26.1,0.0,13.733333333333333,2.266666666666662,10.899999999999999,27.4,17.7,0.0,3.6000000000000014,10.905555555555555,61.0,9.399999999999999,0.0,12.5,358.44,3,15,227,0,0,33,8,2023,0,3,0.43388373911755823,-0.900968867902419,-0.587785252292473,-0.8090169943749476,6.0,9.0,8.0,9.0,10.0,,7.14,7.21,7.14,2.27,5.0,11.0,6.8,8.0,1.4142135623730951,0.8823529406574394,0
2023-08-16,Fancies,8.0,Regular Day,27.4,0.0,13.683333333333334,0.36666666666666714,9.3,24.4,14.5,0.0,5.099999999999998,11.0,70.0,6.399999999999999,0.0,11.5,374.92333333333335,4,16,228,0,0,33,8,2023,0,3,-0.433883739117558,-0.9009688679024191,-0.587785252292473,-0.8090169943749476,5.0,6.0,9.0,9.0,5.0,,6.86,7.21,7.33,1.77,5.0,9.0,7.35,7.25,2.0615528128088303,0.611111110771605,0
2023-08-17,Fancies,6.0,Regular Day,24.4,0.0,13.65,-0.6000000000000014,9.0,23.9,15.2,0.0,2.5,9.07,67.0,5.899999999999999,0.0,1.7,333.06,5,17,229,0,0,33,8,2023,0,3,-0.9749279121818236,-0.2225209339563146,-0.587785252292473,-0.8090169943749476,8.0,8.0,8.0,9.0,8.0,,6.43,7.21,7.33,1.51,5.0,9.0,7.01,8.25,0.5,0.941176470034602,0
2023-08-18,Fancies,10.0,Regular Day,23.9,0.0,13.633333333333333,1.466666666666665,6.0,25.1,20.3,0.0,-0.3999999999999986,12.460277777777778,29.0,7.100000000000001,0.0,1.9,325.83666666666664,6,18,230,0,0,33,8,2023,0,3,-0.7818314824680299,0.6234898018587334,-0.587785252292473,-0.8090169943749476,9.0,11.0,9.0,5.0,11.0,,7.0,7.57,7.71,2.0,5.0,10.0,7.76,8.5,2.516611478423583,1.4285714275510204,0
2023-08-19,Fancies,3.0,Regular Day,25.1,0.0,13.583333333333334,-0.36666666666666714,11.1,21.6,17.0,0.0,-0.8000000000000007,13.368055555555555,2.0,3.6000000000000014,0.0,0.0,340.9416666666667,7,19,231,0,0,33,8,2023,1,3,-2.4492935982947064e-16,1.0,-0.587785252292473,-0.8090169943749476,6.0,9.0,6.0,6.0,8.0,,6.71,7.21,7.33,2.43,3.0,10.0,6.57,6.75,1.5,1.2499999989583332,0
2023-08-20,Fancies,3.0,Regular Day,21.6,0.0,13.55,0.03333333333333144,13.7,23.3,15.0,0.0,1.1000000000000014,13.265555555555556,19.0,5.300000000000001,0.0,0.0,292.68,1,20,232,0,0,33,8,2023,1,3,0.7818314824680298,0.6234898018587336,-0.587785252292473,-0.8090169943749476,10.0,6.0,5.0,2.0,11.0,,6.57,6.93,7.19,2.51,3.0,10.0,6.18,5.75,3.304037933599835,2.28571428244898,0
2023-08-21,Fancies,7.0,Regular Day,23.3,0.0,13.5,3.7666666666666657,13.200000000000003,25.8,17.3,0.0,1.8999999999999986,11.761666666666667,62.0,7.800000000000001,0.0,0.0,314.55,2,21,233,0,0,34,8,2023,0,3,0.9749279121818236,-0.22252093395631434,-0.587785252292473,-0.8090169943749476,3.0,5.0,8.0,11.0,8.0,,7.0,7.07,7.14,2.45,3.0,10.0,6.63,6.75,3.5,0.4210526313573407,0
2023-08-22,Fancies,5.0,Regular Day,25.8,0.0,13.466666666666667,3.8666666666666636,5.600000000000001,24.9,18.8,0.0,2.6000000000000014,11.501111111111111,95.0,6.899999999999999,0.0,0.0,347.44,3,22,234,0,0,34,8,2023,0,4,0.43388373911755823,-0.900968867902419,-0.9510565162951536,0.30901699437494723,5.0,6.0,9.0,8.0,4.0,,6.71,6.93,7.05,2.43,3.0,10.0,6.47,7.0,1.8257418583505538,0.6470588231487889,0
2023-08-23,Fancies,3.0,Regular Day,24.9,0.0,13.416666666666666,1.2333333333333378,11.100000000000001,21.6,16.9,0.0,0.1999999999999993,11.49638888888889,40.0,3.6000000000000014,0.0,0.0,334.075,4,23,235,0,0,34,8,2023,0,4,-0.433883739117558,-0.9009688679024191,-0.9510565162951536,0.30901699437494723,8.0,5.0,6.0,9.0,8.0,,6.86,6.86,7.1,2.61,3.0,10.0,7.36,7.0,1.8257418583505538,0.8666666660888889,0
2023-08-24,Fancies,4.0,Regular Day,21.6,0.0,13.383333333333333,0.8333333333333321,8.2,22.3,17.3,0.0,-0.8000000000000007,2.817222222222222,96.0,4.300000000000001,0.0,2.5,289.08,5,24,236,0,0,34,8,2023,0,4,-0.9749279121818236,-0.2225209339563146,-0.9510565162951536,0.30901699437494723,6.0,8.0,8.0,8.0,7.0,,6.43,6.43,6.95,2.99,3.0,10.0,6.27,7.5,1.0,0.874999999453125,0
2023-08-25,Fancies,10.0,Regular Day,22.3,0.0,13.35,1.8000000000000043,8.700000000000003,24.7,16.1,0.0,2.5,7.628055555555555,77.0,6.699999999999999,0.0,1.6,297.705,6,25,237,0,0,34,8,2023,0,4,-0.7818314824680299,0.6234898018587334,-0.9510565162951536,0.30901699437494723,10.0,9.0,11.0,9.0,5.0,,5.43,6.21,6.86,2.76,3.0,10.0,5.45,9.75,0.9574271077563381,0.9499999995249999,0
2023-08-26,Fancies,5.0,Regular Day,24.7,0.0,13.3,2.566666666666663,10.3,25.7,10.9,0.0,4.599999999999998,12.341666666666667,26.0,7.699999999999999,1.0,1.7,328.51,7,26,238,0,0,34,8,2023,1,4,-2.4492935982947064e-16,1.0,-0.9510565162951536,0.30901699437494723,3.0,6.0,9.0,6.0,8.0,,6.0,6.36,6.81,2.58,3.0,10.0,5.84,6.0,2.449489742783178,0.5999999996,0
2023-08-27,Fancies,9.0,Regular Day,25.7,0.0,13.266666666666667,2.0333333333333314,9.8,24.2,12.0,0.0,3.5000000000000036,12.275555555555556,42.0,6.199999999999999,0.0,0.7,340.9533333333333,1,27,239,0,0,34,8,2023,1,4,0.7818314824680298,0.6234898018587336,-0.9510565162951536,0.30901699437494723,3.0,10.0,6.0,5.0,6.0,,6.0,6.29,6.62,2.58,3.0,10.0,5.63,6.0,2.943920288775949,1.1818181807438015,0
2023-08-28,Fancies,2.0,Regular Day,24.2,0.0,13.216666666666667,1.2333333333333378,7.600000000000001,22.6,17.2,0.0,1.6999999999999993,3.499722222222222,94.0,4.600000000000001,0.0,0.4,319.8433333333333,2,28,240,0,0,35,8,2023,0,4,0.9749279121818236,-0.22252093395631434,-0.9510565162951536,0.30901699437494723,7.0,3.0,5.0,8.0,8.0,,5.29,6.14,6.48,2.63,3.0,10.0,4.97,5.75,2.217355782608345,0.7692307686390532,0
2023-08-29,Fancies,7.0,Regular Day,22.6,0.0,13.183333333333334,-0.2666666666666657,5.700000000000003,23.3,14.4,0.0,2.8999999999999986,6.090277777777778,93.0,5.300000000000001,0.0,3.2,297.9433333333334,3,29,241,0,0,35,8,2023,0,5,0.43388373911755823,-0.900968867902419,-2.4492935982947064e-16,1.0,5.0,5.0,6.0,9.0,9.0,,5.0,5.86,6.29,2.65,3.0,10.0,4.73,6.25,1.8929694486000912,0.6666666662222221,0
2023-08-30,Fancies,13.0,Regular Day,23.3,0.0,13.133333333333333,1.466666666666665,9.2,24.1,18.4,0.0,1.3999999999999986,7.885,92.0,6.100000000000001,0.0,1.0,306.00666666666666,4,30,242,0,0,35,8,2023,0,5,-0.433883739117558,-0.9009688679024191,-2.4492935982947064e-16,1.0,3.0,8.0,5.0,6.0,9.0,,5.0,5.93,6.24,2.65,3.0,10.0,6.05,5.5,2.0816659994661326,0.999999999090909,0
2023-08-31,Fancies,7.0,Regular Day,24.1,0.0,13.1,1.1666666666666643,7.100000000000001,21.8,18.1,0.0,0.5,7.491388888888889,82.0,3.8000000000000007,0.0,0.0,315.71000000000004,5,31,243,0,1,35,8,2023,0,5,-0.9749279121818236,-0.2225209339563146,-2.4492935982947064e-16,1.0,4.0,6.0,8.0,8.0,8.0,,5.29,5.86,6.05,2.5,3.0,10.0,5.78,6.5,1.9148542155126762,0.624999999609375,0
2023-09-01,Fancies,8.0,Regular Day,21.8,0.0,13.066666666666666,-0.8666666666666671,9.799999999999999,19.2,13.7,0.0,1.0,12.287222222222223,1.0,1.1999999999999993,0.0,0.0,284.85333333333335,6,1,244,1,0,35,9,2023,0,1,-0.7818314824680299,0.6234898018587334,0.9510565162951535,0.30901699437494745,10.0,10.0,9.0,11.0,11.0,,6.14,5.79,6.19,2.61,3.0,10.0,6.59,10.0,0.816496580927726,0.9999999995,0
2023-09-02,Fancies,7.0,Regular Day,19.2,0.0,13.016666666666667,-1.2666666666666693,13.9,19.4,15.3,0.0,1.6999999999999993,12.139444444444445,4.0,1.3999999999999986,0.0,0.0,249.92000000000002,7,2,245,0,0,35,9,2023,1,1,-2.4492935982947064e-16,1.0,0.9510565162951535,0.30901699437494745,5.0,3.0,6.0,9.0,5.0,,5.43,5.71,6.05,2.99,2.0,10.0,5.44,5.75,2.5,0.5333333329777777,0
2023-09-03,Fancies,11.0,Regular Day,19.4,0.0,12.983333333333333,1.966666666666665,14.899999999999999,23.9,15.5,0.0,1.3000000000000043,12.050555555555556,42.0,5.899999999999999,0.0,0.0,251.87666666666664,1,3,246,0,0,35,9,2023,1,1,0.7818314824680298,0.6234898018587336,0.9510565162951535,0.30901699437494745,9.0,3.0,10.0,6.0,5.0,,5.71,5.86,6.1,3.04,2.0,10.0,5.83,7.0,3.1622776601683795,0.74999999953125,0
2023-09-04,Fancies,7.0,Labor Day,23.9,0.0,12.933333333333334,5.600000000000001,13.399999999999999,27.9,11.8,0.0,1.3000000000000043,11.0,33.0,9.899999999999999,0.0,0.0,309.1066666666666,2,4,247,0,0,36,9,2023,0,1,0.9749279121818236,-0.22252093395631434,0.9510565162951535,0.30901699437494745,2.0,7.0,3.0,5.0,11.0,,7.14,6.21,6.48,3.8,2.0,13.0,7.62,4.25,2.217355782608345,1.12499999859375,1
2023-09-05,Fancies,8.0,Regular Day,27.9,0.0,12.9,4.366666666666667,12.7,26.9,18.6,0.0,3.0,11.181111111111111,81.0,8.899999999999999,0.0,0.3,359.90999999999997,3,5,248,0,0,36,9,2023,0,1,0.43388373911755823,-0.900968867902419,0.9510565162951535,0.30901699437494745,7.0,5.0,5.0,6.0,9.0,,7.57,6.29,6.43,3.55,2.0,13.0,7.47,5.75,0.9574271077563381,1.0909090899173552,0
2023-09-06,Fancies,8.0,Regular Day,26.9,0.0,12.85,4.166666666666668,12.0,28.0,14.3,0.0,2.8999999999999986,12.0,33.0,10.0,0.0,0.0,345.66499999999996,4,6,249,0,0,36,9,2023,0,1,-0.433883739117558,-0.9009688679024191,0.9510565162951535,0.30901699437494745,13.0,3.0,8.0,5.0,9.0,,7.29,6.14,6.38,3.4,2.0,13.0,7.6,7.25,4.349329450233296,1.230769229822485,0
2023-09-07,Fancies,5.0,Regular Day,28.0,0.0,12.8,5.300000000000001,10.400000000000002,27.4,15.5,0.0,3.1999999999999957,10.51361111111111,51.0,9.399999999999999,0.0,0.0,358.40000000000003,5,7,250,0,0,36,9,2023,0,1,-0.9749279121818236,-0.2225209339563146,0.9510565162951535,0.30901699437494745,7.0,4.0,6.0,8.0,7.0,,7.57,6.43,6.43,3.26,2.0,13.0,7.45,6.25,1.707825127659933,0.7857142851530612,0
2023-09-08,Fancies,6.0,Regular Day,27.4,0.0,12.766666666666667,4.866666666666664,10.299999999999997,26.5,15.5,0.0,4.400000000000006,11.23,80.0,8.5,0.0,5.6,349.8066666666667,6,8,251,0,0,36,9,2023,0,2,-0.7818314824680299,0.6234898018587334,0.5877852522924732,-0.8090169943749473,8.0,10.0,10.0,9.0,12.0,,7.86,7.0,6.48,3.48,2.0,13.0,8.34,9.25,0.9574271077563381,0.9473684205540166,0
2023-09-09,Fancies,4.0,Regular Day,26.5,0.0,12.716666666666667,4.866666666666664,10.2,24.4,17.3,0.0,5.599999999999998,11.665555555555555,80.0,6.399999999999999,0.0,4.5,336.9916666666667,7,9,252,0,0,36,9,2023,1,2,-2.4492935982947064e-16,1.0,0.5877852522924732,-0.8090169943749473,7.0,5.0,3.0,6.0,8.0,,8.57,7.0,6.67,2.44,7.0,13.0,8.0,5.25,1.707825127659933,1.3333333318518517,0
2023-09-10,Fancies,9.0,Regular Day,24.4,0.0,12.666666666666666,2.7333333333333307,6.700000000000003,22.7,11.9,0.0,3.599999999999998,5.466666666666667,85.0,4.699999999999999,1.0,5.2,309.0666666666666,1,10,253,0,0,36,9,2023,1,2,0.7818314824680298,0.6234898018587336,0.5877852522924732,-0.8090169943749473,11.0,9.0,3.0,10.0,3.0,,8.71,7.21,6.81,2.36,7.0,13.0,8.0,8.25,3.593976442141304,1.5384615372781063,0
2023-09-11,Fancies,4.0,Regular Day,22.7,0.0,12.633333333333333,2.033333333333335,8.600000000000001,22.9,14.0,0.0,4.299999999999997,8.875555555555556,76.0,4.899999999999999,0.0,3.9,286.77666666666664,2,11,254,0,0,37,9,2023,0,2,0.9749279121818236,-0.22252093395631434,0.5877852522924732,-0.8090169943749473,7.0,2.0,7.0,3.0,11.0,,8.0,7.57,6.81,1.41,7.0,11.0,8.0,4.75,2.6299556396765835,0.8999999991,0
2023-09-12,Fancies,4.0,Regular Day,22.9,0.0,12.583333333333334,2.4666666666666686,10.2,23.3,16.6,0.0,2.1999999999999993,12.0,30.0,5.300000000000001,0.0,0.1,288.1583333333333,3,12,255,0,0,37,9,2023,0,2,0.43388373911755823,-0.900968867902419,0.5877852522924732,-0.8090169943749473,8.0,7.0,5.0,5.0,11.0,,7.71,7.64,6.76,1.8,5.0,11.0,7.25,6.25,1.5,1.4999999984999999,0
2023-09-13,Fancies,6.0,Regular Day,23.3,0.0,12.55,2.966666666666665,7.0,23.9,14.3,0.0,3.0,10.0,82.0,5.899999999999999,0.0,11.9,292.415,4,13,256,0,0,37,9,2023,0,2,-0.433883739117558,-0.9009688679024191,0.5877852522924732,-0.8090169943749473,8.0,13.0,3.0,8.0,12.0,,7.43,7.36,6.57,1.9,5.0,11.0,6.94,8.0,4.08248290463863,1.9090909073553717,0
2023-09-14,Fancies,5.0,Regular Day,23.9,0.0,12.516666666666667,0.7666666666666657,8.2,21.9,15.3,0.0,-0.40000000000000213,12.0,17.0,3.8999999999999986,0.0,0.0,299.1483333333333,5,14,257,0,0,37,9,2023,0,2,-0.9749279121818236,-0.2225209339563146,0.5877852522924732,-0.8090169943749473,5.0,7.0,4.0,6.0,10.0,,7.0,7.29,6.62,2.31,4.0,11.0,6.2,5.5,1.2909944487358056,1.1999999987999999,0
2023-09-15,Fancies,12.0,Regular Day,21.9,0.0,12.466666666666667,-1.0666666666666664,9.700000000000001,18.8,18.1,0.0,-1.5,12.0,1.0,0.8000000000000007,0.0,0.0,273.02,6,15,258,0,0,37,9,2023,0,3,-0.7818314824680299,0.6234898018587334,-0.587785252292473,-0.8090169943749476,6.0,8.0,10.0,10.0,10.0,,6.71,7.29,6.9,1.8,4.0,9.0,6.9,8.5,1.9148542155126762,0.6999999996499999,0
2023-09-16,Fancies,4.0,Regular Day,18.8,0.0,12.433333333333334,-0.5999999999999979,12.700000000000001,19.1,16.6,0.0,-2.5,12.0,1.0,1.1000000000000014,0.0,0.0,233.74666666666667,7,16,259,0,0,37,9,2023,1,3,-2.4492935982947064e-16,1.0,-0.587785252292473,-0.8090169943749476,4.0,7.0,5.0,3.0,5.0,,6.29,7.43,6.76,2.06,4.0,9.0,6.18,4.75,1.707825127659933,1.37499999828125,0
2023-09-17,Fancies,3.0,Regular Day,19.1,0.0,12.383333333333333,0.06666666666666643,13.1,19.5,17.1,0.0,-0.1999999999999993,8.672222222222222,37.0,1.5,0.0,0.2,236.52166666666668,1,17,260,0,0,37,9,2023,1,3,0.7818314824680298,0.6234898018587336,-0.587785252292473,-0.8090169943749476,9.0,11.0,9.0,3.0,2.0,,5.71,7.21,6.71,2.06,4.0,9.0,5.63,8.0,3.4641016151377544,1.6666666652777777,0
2023-09-18,Fancies,5.0,Regular Day,19.5,0.0,12.35,-0.7666666666666657,4.900000000000002,20.0,18.1,0.0,-0.3000000000000007,5.8125,90.0,2.0,0.0,22.4,240.825,2,18,261,0,0,38,9,2023,0,3,0.9749279121818236,-0.22252093395631434,-0.587785252292473,-0.8090169943749476,4.0,7.0,2.0,7.0,12.0,,5.43,6.71,6.86,1.81,4.0,9.0,5.72,5.0,2.449489742783178,1.2222222208641975,0
2023-09-19,Fancies,7.0,Regular Day,20.0,0.0,12.3,-2.2333333333333343,10.2,19.0,17.1,0.0,-1.1999999999999993,11.945277777777777,1.0,1.0,0.0,0.0,246.0,3,19,262,0,0,38,9,2023,0,3,0.43388373911755823,-0.900968867902419,-0.587785252292473,-0.8090169943749476,4.0,8.0,7.0,5.0,9.0,,5.43,6.57,6.9,1.81,4.0,9.0,5.54,6.0,1.8257418583505538,0.9999999991666666,0
2023-09-20,Fancies,7.0,Regular Day,19.0,0.0,12.25,-1.8000000000000007,12.700000000000001,18.5,11.0,0.0,-0.6000000000000014,11.917777777777777,23.0,0.5,0.0,0.0,232.75,4,20,263,0,0,38,9,2023,0,3,-0.433883739117558,-0.9009688679024191,-0.587785252292473,-0.8090169943749476,6.0,8.0,13.0,3.0,12.0,,6.29,6.86,7.0,3.09,4.0,12.0,7.16,7.5,4.203173404306164,0.874999999453125,0
2023-09-21,Fancies,6.0,Regular Day,18.5,0.0,12.216666666666667,-0.5666666666666664,11.999999999999998,18.8,11.9,0.0,0.8000000000000007,11.466666666666667,53.0,0.8000000000000007,0.0,0.0,226.00833333333333,5,21,264,0,0,38,9,2023,0,3,-0.9749279121818236,-0.2225209339563146,-0.587785252292473,-0.8090169943749476,5.0,5.0,7.0,4.0,7.0,,6.29,6.64,6.95,3.09,4.0,12.0,6.37,5.25,1.2583057392117916,0.9090909082644627,0
2023-09-22,Fancies,6.0,Regular Day,18.8,0.1999999999999993,12.166666666666666,-0.466666666666665,8.4,17.8,27.2,0.0,-3.1000000000000014,7.335555555555556,100.0,0.0,0.0,0.0,228.73333333333332,6,22,265,0,0,38,9,2023,0,4,-0.7818314824680299,0.6234898018587334,-0.9510565162951536,0.30901699437494723,12.0,6.0,8.0,10.0,9.0,,5.43,6.07,6.67,3.05,3.0,12.0,5.53,9.0,2.581988897471611,0.9999999994444444,0
2023-09-23,Fancies,7.0,Regular Day,17.8,0.6000000000000014,12.116666666666667,-1.8999999999999986,2.3999999999999986,17.4,33.2,0.0,-1.8000000000000007,0.0,100.0,0.0,1.0,31.0,215.67666666666668,7,23,266,0,0,38,9,2023,1,4,-2.4492935982947064e-16,1.0,-0.9510565162951536,0.30901699437494723,4.0,4.0,7.0,5.0,9.0,,5.57,5.93,6.81,2.99,3.0,12.0,5.39,5.0,1.4142135623730951,0.666666666111111,0
2023-09-24,Fancies,2.0,Regular Day,17.4,0.0,12.083333333333334,0.533333333333335,5.0,20.4,26.7,0.0,1.8999999999999986,4.318611111111111,90.0,2.3999999999999986,1.0,20.0,210.25,1,24,267,0,0,38,9,2023,1,4,0.7818314824680298,0.6234898018587336,-0.9510565162951536,0.30901699437494723,3.0,9.0,11.0,9.0,10.0,,6.0,5.86,6.81,2.94,3.0,12.0,5.8,8.0,3.4641016151377544,0.5999999997,0
2023-09-25,Fancies,7.0,Regular Day,20.4,0.0,12.033333333333333,-1.2333333333333343,3.5,18.7,20.0,0.0,1.0,2.6983333333333333,99.0,0.6999999999999993,0.0,1.7,245.48,2,25,268,0,0,39,9,2023,0,4,0.9749279121818236,-0.22252093395631434,-0.9510565162951536,0.30901699437494723,5.0,4.0,7.0,2.0,9.0,,6.14,5.79,6.52,2.97,3.0,12.0,6.1,4.5,2.0816659994661326,0.9999999988888888,0
2023-09-26,Fancies,6.0,Regular Day,18.7,1.0,11.983333333333333,-2.6333333333333364,2.5999999999999996,17.0,24.6,0.0,-2.3000000000000007,0.06527777777777778,99.0,0.0,0.0,2.3,224.0883333333333,3,26,269,0,0,39,9,2023,0,4,0.43388373911755823,-0.900968867902419,-0.9510565162951536,0.30901699437494723,7.0,4.0,8.0,7.0,9.0,,6.29,5.86,6.48,2.93,3.0,12.0,6.07,6.5,1.7320508075688772,0.7333333328444444,0
2023-09-27,Fancies,6.0,Regular Day,17.0,1.8999999999999986,11.95,-3.799999999999997,5.9,16.1,18.8,0.0,-1.6999999999999993,11.725,54.0,0.0,0.0,0.0,203.14999999999998,4,27,270,0,0,39,9,2023,0,4,-0.433883739117558,-0.9009688679024191,-0.9510565162951536,0.30901699437494723,7.0,6.0,8.0,13.0,12.0,,5.43,5.86,6.38,1.51,3.0,7.0,6.05,8.5,3.1091263510296048,0.6190476187528344,0
2023-09-28,Fancies,9.0,Regular Day,16.1,1.6000000000000014,11.916666666666666,-3.4666666666666686,6.299999999999999,16.4,20.8,0.0,-1.0,1.1258333333333332,82.0,0.0,0.0,0.2,191.85833333333335,5,28,271,0,0,39,9,2023,0,4,-0.9749279121818236,-0.2225209339563146,-0.9510565162951536,0.30901699437494723,6.0,5.0,5.0,7.0,6.0,,5.86,6.07,6.38,1.46,3.0,7.0,6.29,5.75,0.9574271077563381,0.9166666659027777,0
2023-09-29,Fancies,8.0,Regular Day,16.4,0.3000000000000007,11.866666666666667,-2.833333333333332,4.699999999999999,17.7,20.1,0.0,0.3000000000000007,1.1975,100.0,0.0,0.0,16.7,194.61333333333332,6,29,272,0,0,39,9,2023,0,5,-0.7818314824680299,0.6234898018587334,-2.4492935982947064e-16,1.0,6.0,12.0,6.0,8.0,7.0,,5.71,5.57,5.95,1.8,2.0,7.0,5.22,8.0,2.8284271247461903,1.2857142847959182,0
2023-09-30,Fancies,11.0,Regular Day,17.7,0.5,11.833333333333334,-1.8000000000000007,5.1,17.5,17.6,0.0,-0.10000000000000142,2.81,88.0,0.0,0.0,0.0,209.45,7,30,273,0,1,39,9,2023,1,5,-2.4492935982947064e-16,1.0,-2.4492935982947064e-16,1.0,7.0,4.0,4.0,7.0,7.0,,6.0,5.79,5.95,1.83,2.0,7.0,5.66,5.5,1.7320508075688772,0.999999999090909,0
2023-10-01,Fancies,9.0,Regular Day,17.5,0.0,11.783333333333333,0.5,10.6,19.2,14.1,0.0,0.3000000000000007,11.606666666666667,8.0,1.1999999999999993,0.0,0.0,206.20833333333334,1,1,274,1,0,39,10,2023,1,1,0.7818314824680298,0.6234898018587336,0.9510565162951535,0.30901699437494745,2.0,3.0,9.0,11.0,13.0,,5.86,5.93,5.86,1.77,2.0,7.0,5.75,6.25,4.425306015783918,0.249999999875,0
2023-10-02,Fancies,4.0,Regular Day,19.2,0.0,11.75,2.133333333333333,10.100000000000001,19.9,11.6,0.0,1.5,9.696944444444444,16.0,1.8999999999999986,0.0,0.0,225.6,2,2,275,0,0,40,10,2023,0,1,0.9749279121818236,-0.22252093395631434,0.9510565162951535,0.30901699437494745,7.0,5.0,4.0,7.0,8.0,,5.71,5.93,5.76,1.7,2.0,7.0,5.81,5.75,1.5,1.0909090899173552,0
2023-10-03,Fancies,6.0,Regular Day,19.9,0.0,11.7,1.9333333333333336,12.799999999999999,19.0,10.7,0.0,2.0,11.452777777777778,1.0,1.0,0.0,0.0,232.82999999999996,3,3,276,0,0,40,10,2023,0,1,0.43388373911755823,-0.900968867902419,0.9510565162951535,0.30901699437494745,6.0,7.0,4.0,8.0,7.0,,6.14,6.21,5.95,2.12,2.0,9.0,6.61,6.25,1.707825127659933,1.0833333324305554,0
2023-10-04,Fancies,4.0,Regular Day,19.0,0.0,11.666666666666666,1.4000000000000021,13.4,19.4,11.0,0.0,2.1999999999999993,11.450277777777778,0.0,1.3999999999999986,0.0,0.0,221.66666666666666,4,4,277,0,0,40,10,2023,0,1,-0.433883739117558,-0.9009688679024191,0.9510565162951535,0.30901699437494745,6.0,7.0,6.0,8.0,10.0,,6.43,5.93,6.05,2.23,2.0,9.0,6.96,6.75,0.9574271077563381,0.9285714279081632,0
2023-10-05,Fancies,5.0,Regular Day,19.4,0.0,11.616666666666667,-0.06666666666666643,12.3,18.3,14.2,0.0,1.8999999999999986,11.196944444444444,13.0,0.3000000000000007,0.0,0.0,225.36333333333332,5,5,278,0,0,40,10,2023,0,1,-0.9749279121818236,-0.2225209339563146,0.9510565162951535,0.30901699437494745,9.0,6.0,5.0,5.0,11.0,,7.0,6.43,6.38,2.83,2.0,11.0,7.97,6.25,1.8929694486000912,1.4999999984999999,0
2023-10-06,Fancies,4.0,Regular Day,18.3,0.0,11.566666666666666,0.8999999999999986,8.899999999999999,20.6,10.3,0.0,2.900000000000002,6.804722222222222,85.0,2.6000000000000014,0.0,0.9,211.67000000000002,6,6,279,0,0,40,10,2023,0,1,-0.7818314824680299,0.6234898018587334,0.9510565162951535,0.30901699437494745,8.0,6.0,12.0,6.0,6.0,,8.0,6.86,6.38,1.83,6.0,11.0,8.23,8.0,2.8284271247461903,0.777777777345679,0
2023-10-07,Fancies,7.0,Regular Day,20.6,0.0,11.533333333333333,0.3000000000000007,6.9,19.1,26.0,0.0,2.099999999999998,8.224166666666667,82.0,1.1000000000000014,0.0,4.5,237.58666666666667,7,7,280,0,0,40,10,2023,1,1,-2.4492935982947064e-16,1.0,0.9510565162951535,0.30901699437494745,11.0,7.0,4.0,4.0,11.0,,7.57,6.79,6.38,2.37,4.0,11.0,7.17,6.5,3.3166247903554,2.2499999971875,0
2023-10-08,Fancies,7.0,Regular Day,19.1,4.5,11.483333333333333,-4.166666666666668,7.499999999999998,13.5,22.6,0.0,-4.399999999999999,11.020277777777778,16.0,0.0,0.0,0.0,219.33166666666668,1,8,281,0,0,40,10,2023,1,2,0.7818314824680298,0.6234898018587336,0.5877852522924732,-0.8090169943749473,9.0,2.0,3.0,9.0,4.0,,7.57,6.71,6.48,2.37,4.0,11.0,6.88,5.75,3.774917217635375,0.9166666659027777,0
2023-10-09,Fancies,5.0,Columbus Day,13.5,5.699999999999999,11.45,-1.5666666666666664,9.9,12.3,20.0,0.0,-4.700000000000001,8.768611111111111,44.0,0.0,0.0,0.1,154.575,2,9,282,0,0,41,10,2023,0,2,0.9749279121818236,-0.22252093395631434,0.5877852522924732,-0.8090169943749473,4.0,7.0,5.0,4.0,9.0,,7.29,6.5,6.38,2.69,4.0,11.0,6.16,5.0,1.4142135623730951,1.2222222208641975,1
2023-10-10,Fancies,5.0,Regular Day,12.3,4.4,11.4,0.3000000000000007,9.999999999999998,13.6,15.5,0.0,-1.0999999999999979,10.821666666666667,42.0,0.0,0.0,0.5,140.22,3,10,283,0,0,41,10,2023,0,2,0.43388373911755823,-0.900968867902419,0.5877852522924732,-0.8090169943749473,6.0,6.0,7.0,4.0,8.0,,6.71,6.43,6.38,2.69,4.0,11.0,5.87,5.75,1.2583057392117916,1.0909090899173552,0
2023-10-11,Fancies,10.0,Regular Day,13.6,2.5999999999999996,11.366666666666667,0.9333333333333336,11.6,15.4,11.3,0.0,-1.8000000000000007,10.852777777777778,28.0,0.0,0.0,0.0,154.58666666666667,4,11,284,0,0,41,10,2023,0,2,-0.433883739117558,-0.9009688679024191,0.5877852522924732,-0.8090169943749473,4.0,6.0,7.0,6.0,8.0,,6.14,6.29,6.0,2.79,4.0,11.0,5.4,5.75,1.2583057392117916,0.7692307686390532,0
2023-10-12,Fancies,10.0,Regular Day,15.4,2.8000000000000007,11.316666666666666,0.7333333333333325,13.2,15.2,9.3,0.0,-1.3000000000000007,10.837777777777777,37.0,0.0,0.0,0.0,174.27666666666667,5,12,285,0,0,41,10,2023,0,2,-0.9749279121818236,-0.2225209339563146,0.5877852522924732,-0.8090169943749473,5.0,9.0,6.0,5.0,2.0,,5.57,6.29,6.14,1.9,4.0,9.0,5.8,6.25,1.8929694486000912,1.2727272715702478,0
2023-10-13,Fancies,7.0,Regular Day,15.2,3.5,11.283333333333333,-1.2666666666666657,8.7,14.5,12.6,0.0,-2.1999999999999993,10.81861111111111,8.0,0.0,0.0,0.0,171.50666666666666,6,13,286,0,0,41,10,2023,0,2,-0.7818314824680299,0.6234898018587334,0.5877852522924732,-0.8090169943749473,4.0,8.0,6.0,12.0,5.0,,5.29,6.64,6.33,1.38,4.0,7.0,6.1,7.5,3.415650255319866,0.6666666662962962,0
2023-10-14,Fancies,12.0,Regular Day,14.5,6.4,11.233333333333333,-3.533333333333333,8.200000000000001,11.6,14.7,0.0,-1.4000000000000004,0.2791666666666667,60.0,0.0,0.0,3.2,162.88333333333333,7,14,287,0,0,41,10,2023,1,2,-2.4492935982947064e-16,1.0,0.5877852522924732,-0.8090169943749473,7.0,11.0,7.0,4.0,9.0,,5.43,6.5,6.33,1.27,4.0,7.0,5.83,7.25,2.8722813232690143,1.6363636348760329,0
2023-10-15,Fancies,11.0,Regular Day,11.6,5.199999999999999,11.2,-3.5333333333333314,7.600000000000001,12.8,23.3,0.0,-3.6000000000000014,9.069166666666666,62.0,0.0,0.0,5.0,129.92,1,15,288,0,0,41,10,2023,1,3,0.7818314824680298,0.6234898018587336,-0.587785252292473,-0.8090169943749476,7.0,9.0,2.0,3.0,8.0,,5.29,6.43,6.24,1.25,4.0,7.0,5.62,5.25,3.304037933599835,3.1999999936,0
2023-10-16,Fancies,7.0,Regular Day,12.8,6.699999999999999,11.15,-0.033333333333333215,9.899999999999999,11.3,14.9,0.0,-2.5999999999999996,10.050833333333333,25.0,0.0,0.0,0.3,142.72,2,16,289,0,0,42,10,2023,0,3,0.9749279121818236,-0.22252093395631434,-0.587785252292473,-0.8090169943749476,5.0,4.0,7.0,5.0,9.0,,6.14,6.71,6.38,2.04,4.0,10.0,6.71,5.25,1.2583057392117916,0.749999999375,0
2023-10-17,Fancies,7.0,Regular Day,11.3,5.699999999999999,11.116666666666667,1.166666666666666,9.599999999999998,12.3,11.2,0.0,-2.3999999999999986,10.749444444444444,18.0,0.0,0.0,0.2,125.61833333333335,3,17,290,0,0,42,10,2023,0,3,0.43388373911755823,-0.900968867902419,-0.587785252292473,-0.8090169943749476,5.0,6.0,6.0,7.0,9.0,,6.86,6.79,6.57,2.41,4.0,10.0,7.54,6.0,0.816496580927726,0.8461538455029586,0
2023-10-18,Fancies,8.0,Regular Day,12.3,4.6,11.066666666666666,1.3333333333333321,10.099999999999998,13.4,6.9,0.0,-1.1999999999999993,10.556666666666667,41.0,0.0,0.0,0.0,136.12,4,18,291,0,0,42,10,2023,0,3,-0.433883739117558,-0.9009688679024191,-0.587785252292473,-0.8090169943749476,10.0,4.0,6.0,7.0,9.0,,7.29,6.71,6.62,2.06,5.0,10.0,7.4,6.75,2.5,1.0769230760946744,0
2023-10-19,Fancies,12.0,Regular Day,13.4,5.4,11.033333333333333,-1.0999999999999979,12.3,12.6,15.7,0.0,-1.6999999999999993,10.714444444444444,25.0,0.0,0.0,0.0,147.84666666666666,5,19,292,0,0,42,10,2023,0,3,-0.9749279121818236,-0.2225209339563146,-0.587785252292473,-0.8090169943749476,10.0,5.0,9.0,6.0,5.0,,8.0,6.79,6.86,2.71,5.0,12.0,8.55,7.5,2.3804761428476167,0.9999999993333333,0
2023-10-20,Fancies,8.0,Regular Day,12.6,2.0,10.983333333333333,0.7333333333333343,4.699999999999999,16.0,17.8,0.0,0.0,0.6897222222222222,95.0,0.0,0.0,8.8,138.39,6,20,293,0,0,42,10,2023,0,3,-0.7818314824680299,0.6234898018587334,-0.587785252292473,-0.8090169943749476,7.0,4.0,8.0,6.0,6.0,,8.57,6.93,7.29,2.88,5.0,12.0,9.16,6.25,1.707825127659933,0.7857142851530612,0
2023-10-21,Fancies,5.0,Regular Day,16.0,3.0,10.933333333333334,0.8333333333333339,5.700000000000001,15.0,29.8,0.0,-2.6999999999999993,7.0,71.0,0.0,1.0,3.3,174.93333333333334,7,21,294,0,0,42,10,2023,1,3,-2.4492935982947064e-16,1.0,-0.587785252292473,-0.8090169943749476,12.0,7.0,11.0,7.0,2.0,,8.86,7.14,7.29,2.54,5.0,12.0,8.62,9.25,2.6299556396765835,1.0555555549691358,0
2023-10-22,Fancies,12.0,Regular Day,15.0,5.1,10.9,-1.7333333333333343,7.300000000000001,12.9,26.7,0.0,-5.0,9.263333333333334,18.0,0.0,0.0,0.1,163.5,1,22,295,0,0,42,10,2023,1,4,0.7818314824680298,0.6234898018587336,-0.9510565162951536,0.30901699437494723,11.0,7.0,9.0,2.0,11.0,,9.14,7.21,7.33,2.12,7.0,12.0,8.22,7.25,3.8622100754188224,1.6363636348760329,0
2023-10-23,Fancies,8.0,Regular Day,12.9,6.6,10.85,-2.7666666666666657,8.499999999999998,11.4,17.4,0.0,-2.3999999999999986,10.643333333333333,14.0,0.0,0.0,0.0,139.965,2,23,296,0,0,43,10,2023,0,4,0.9749279121818236,-0.22252093395631434,-0.9510565162951536,0.30901699437494723,7.0,5.0,4.0,7.0,8.0,,8.86,7.5,7.43,2.12,7.0,12.0,8.16,5.75,1.5,1.0909090899173552,0
2023-10-24,Fancies,5.0,Regular Day,11.4,6.800000000000001,10.816666666666666,-1.9666666666666668,13.8,11.2,9.4,0.0,-1.8000000000000007,10.625555555555556,1.0,0.0,0.0,0.0,123.31,3,24,297,0,0,43,10,2023,0,4,0.43388373911755823,-0.900968867902419,-0.9510565162951536,0.30901699437494723,7.0,5.0,6.0,6.0,9.0,,9.14,8.0,7.57,2.41,7.0,12.0,9.12,6.0,0.816496580927726,0.9999999991666666,0
2023-10-25,Fancies,7.0,Regular Day,11.2,3.5,10.783333333333333,0.6333333333333329,12.1,14.5,14.0,0.0,-2.3000000000000007,10.57638888888889,29.0,0.0,0.0,0.0,120.77333333333333,4,25,298,0,0,43,10,2023,0,4,-0.433883739117558,-0.9009688679024191,-0.9510565162951536,0.30901699437494723,8.0,10.0,4.0,6.0,8.0,,9.29,8.29,7.57,2.29,7.0,12.0,8.84,7.0,2.581988897471611,1.7999999982,0
2023-10-26,Fancies,9.0,Regular Day,14.5,0.6000000000000014,10.733333333333333,3.7666666666666657,12.999999999999998,17.4,12.5,0.0,0.10000000000000142,10.575,23.0,0.0,0.0,0.0,155.63333333333333,5,26,299,0,0,43,10,2023,0,4,-0.9749279121818236,-0.2225209339563146,-0.9510565162951536,0.30901699437494723,12.0,10.0,5.0,9.0,9.0,,8.29,8.14,7.29,2.43,5.0,12.0,7.88,9.0,2.943920288775949,1.5714285703061224,0
2023-10-27,Fancies,4.0,Regular Day,17.4,0.0,10.7,4.6999999999999975,9.1,19.0,12.6,0.0,0.8999999999999986,6.844722222222222,62.0,1.0,0.0,0.0,186.17999999999998,6,27,300,0,0,43,10,2023,0,4,-0.7818314824680299,0.6234898018587334,-0.9510565162951536,0.30901699437494723,8.0,7.0,4.0,8.0,6.0,,8.43,8.5,7.43,2.64,5.0,12.0,8.91,6.75,1.8929694486000912,1.2499999989583332,0
2023-10-28,Fancies,10.0,Regular Day,19.0,0.0,10.666666666666666,7.366666666666669,10.7,20.8,15.3,0.0,-0.3000000000000007,10.383333333333333,4.0,2.8000000000000007,0.0,0.0,202.66666666666666,7,28,301,0,0,43,10,2023,1,4,-2.4492935982947064e-16,1.0,-0.9510565162951536,0.30901699437494723,5.0,12.0,7.0,11.0,5.0,,8.57,8.71,7.62,2.57,5.0,12.0,8.68,8.75,3.304037933599835,0.944444443919753,0
2023-10-29,Fancies,9.0,Regular Day,20.8,0.0,10.633333333333333,5.233333333333334,7.299999999999999,18.0,13.0,0.0,1.0,5.471666666666667,74.0,0.0,0.0,0.0,221.17333333333332,1,29,302,0,0,43,10,2023,1,5,0.7818314824680298,0.6234898018587336,-2.4492935982947064e-16,1.0,12.0,11.0,7.0,9.0,8.0,,8.29,8.71,7.57,2.87,5.0,12.0,7.76,9.75,2.217355782608345,1.4374999991015625,0
2023-10-30,Fancies,7.0,Regular Day,18.0,0.3999999999999986,10.583333333333334,2.466666666666667,11.399999999999999,17.6,21.9,0.0,0.10000000000000142,8.105833333333333,67.0,0.0,0.0,1.0,190.5,2,30,303,0,0,44,10,2023,0,5,0.9749279121818236,-0.22252093395631434,-2.4492935982947064e-16,1.0,8.0,7.0,5.0,4.0,9.0,,8.14,8.5,7.71,2.91,5.0,12.0,7.57,6.0,1.8257418583505538,1.6666666648148147,0
2023-10-31,Fancies,12.0,Halloween,17.6,7.300000000000001,10.55,-2.466666666666667,5.800000000000001,10.7,20.5,0.0,-2.8000000000000007,0.21555555555555556,100.0,0.0,0.0,0.7,185.68000000000004,3,31,304,0,1,44,10,2023,0,5,0.43388373911755823,-0.900968867902419,-2.4492935982947064e-16,1.0,5.0,7.0,5.0,6.0,6.0,,7.71,8.43,7.9,2.43,5.0,12.0,7.93,5.75,0.9574271077563381,1.0909090899173552,1
2023-11-01,Fancies,3.0,Regular Day,10.7,10.0,10.5,-5.200000000000001,3.6000000000000005,8.0,25.6,0.0,-2.6000000000000005,8.511388888888888,64.0,0.0,0.0,4.5,112.35,4,1,305,1,0,44,11,2023,0,1,-0.433883739117558,-0.9009688679024191,0.9510565162951535,0.30901699437494745,7.0,8.0,10.0,4.0,8.0,,7.14,8.21,7.9,2.79,4.0,12.0,6.95,7.25,2.5,1.0714285706632651,0
2023-11-02,Fancies,9.0,Regular Day,8.0,13.3,10.466666666666667,-7.199999999999998,9.1,4.7,13.0,0.0,-3.0999999999999996,10.0725,7.0,0.0,0.0,0.0,83.73333333333333,5,2,306,0,0,44,11,2023,0,1,-0.9749279121818236,-0.2225209339563146,0.9510565162951535,0.30901699437494745,9.0,12.0,10.0,5.0,11.0,,7.86,8.07,8.05,2.79,4.0,12.0,7.71,9.0,2.943920288775949,1.3999999990666665,0
2023-11-03,Fancies,6.0,Regular Day,4.7,11.0,10.433333333333334,-3.833333333333334,11.2,7.0,10.7,0.0,-3.4000000000000004,10.063611111111111,1.0,0.0,0.0,0.0,49.03666666666667,6,3,307,0,0,44,11,2023,0,1,-0.7818314824680299,0.6234898018587334,0.9510565162951535,0.30901699437494745,4.0,8.0,7.0,4.0,9.0,,7.43,7.93,8.14,2.23,4.0,10.0,8.03,5.75,2.0615528128088303,1.0909090899173552,0
2023-11-04,Fancies,10.0,Regular Day,7.0,7.9,10.4,-0.29999999999999893,12.3,10.1,11.1,0.0,-1.9000000000000004,7.056111111111111,62.0,0.0,0.0,0.0,72.8,7,4,308,0,0,44,11,2023,1,1,-2.4492935982947064e-16,1.0,0.9510565162951535,0.30901699437494745,10.0,5.0,12.0,7.0,6.0,,7.29,7.93,8.24,2.21,4.0,10.0,7.77,8.5,3.1091263510296048,0.7894736837950138,0
2023-11-05,Fancies,11.0,Regular Day,10.1,6.300000000000001,10.366666666666667,0.5333333333333332,14.0,11.7,9.0,0.0,-2.6999999999999993,9.94138888888889,28.0,0.0,0.0,0.0,104.70333333333333,1,5,309,0,0,44,11,2023,1,1,0.7818314824680298,0.6234898018587336,0.9510565162951535,0.30901699437494745,9.0,12.0,11.0,7.0,5.0,,8.29,8.29,8.57,2.56,4.0,12.0,8.83,9.75,2.217355782608345,1.1666666660185185,0
2023-11-06,Fancies,8.0,Regular Day,11.7,7.5,10.316666666666666,-2.4000000000000004,10.1,10.5,16.6,0.0,-1.299999999999999,9.751666666666667,49.0,0.0,0.0,0.0,120.70499999999998,2,6,310,0,0,45,11,2023,0,1,0.9749279121818236,-0.22252093395631434,0.9510565162951535,0.30901699437494745,7.0,8.0,7.0,5.0,6.0,,7.71,7.93,8.24,3.25,3.0,12.0,7.37,6.75,1.2583057392117916,1.2499999989583332,0
2023-11-07,Fancies,5.0,Regular Day,10.5,2.4000000000000004,10.283333333333333,0.8999999999999986,10.499999999999998,15.6,18.6,0.0,-1.8999999999999986,7.900555555555556,88.0,0.0,0.0,0.0,107.975,3,7,311,0,0,45,11,2023,0,1,0.43388373911755823,-0.900968867902419,0.9510565162951535,0.30901699437494745,12.0,5.0,7.0,5.0,5.0,,7.71,7.71,8.19,3.25,3.0,12.0,7.78,7.25,3.304037933599835,1.416666665486111,0
2023-11-08,Fancies,7.0,Regular Day,15.6,6.5,10.25,-4.800000000000001,10.399999999999999,11.5,17.3,0.0,-2.0,9.758055555555556,19.0,0.0,0.0,0.0,159.9,4,8,312,0,0,45,11,2023,0,2,-0.433883739117558,-0.9009688679024191,0.5877852522924732,-0.8090169943749473,3.0,7.0,8.0,10.0,8.0,,8.0,7.57,8.14,2.94,3.0,12.0,7.33,7.0,2.943920288775949,0.5555555552469136,0
2023-11-09,Fancies,3.0,Regular Day,11.5,4.800000000000001,10.2,-0.9333333333333336,14.499999999999998,13.2,17.6,0.0,-0.8999999999999986,9.741944444444444,27.0,0.0,0.0,0.0,117.3,5,9,313,0,0,45,11,2023,0,2,-0.9749279121818236,-0.2225209339563146,0.5877852522924732,-0.8090169943749473,9.0,9.0,12.0,10.0,9.0,,8.0,7.93,8.05,2.94,3.0,12.0,8.0,10.0,1.4142135623730951,0.8181818178099173,0
2023-11-10,Fancies,9.0,Veterans Day,13.2,6.800000000000001,10.166666666666666,-0.16666666666666607,8.500000000000002,11.2,16.1,0.0,-0.5,0.0,87.0,0.0,0.0,4.2,134.2,6,10,314,0,0,45,11,2023,0,2,-0.7818314824680299,0.6234898018587334,0.5877852522924732,-0.8090169943749473,6.0,4.0,8.0,7.0,6.0,,8.29,7.86,8.05,3.15,3.0,12.0,8.75,6.25,1.707825127659933,0.6666666662222221,1
2023-11-11,Fancies,10.0,Regular Day,11.2,10.2,10.15,1.2999999999999998,10.4,7.8,12.6,0.0,-3.8000000000000007,9.702777777777778,31.0,0.0,0.0,0.0,113.67999999999999,7,11,315,0,0,45,11,2023,1,2,-2.4492935982947064e-16,1.0,0.5877852522924732,-0.8090169943749473,10.0,10.0,5.0,12.0,10.0,,8.43,7.86,8.1,3.1,3.0,12.0,8.56,9.25,2.9860788111948193,1.1764705875432526,0
2023-11-12,Fancies,7.0,Regular Day,7.8,11.8,10.116666666666667,-3.666666666666665,7.199999999999999,6.2,13.3,0.0,-3.8,9.688055555555556,32.0,0.0,0.0,0.0,78.91,1,12,316,0,0,45,11,2023,1,2,0.7818314824680298,0.6234898018587336,0.5877852522924732,-0.8090169943749473,11.0,9.0,12.0,11.0,3.0,,7.43,7.86,8.0,2.88,3.0,11.0,7.67,10.75,1.2583057392117916,0.8695652170132325,0
2023-11-13,Fancies,5.0,Regular Day,6.2,14.0,10.083333333333334,-4.200000000000001,12.1,4.0,10.6,0.0,-3.0999999999999996,9.67388888888889,2.0,0.0,0.0,0.0,62.51666666666667,2,13,317,0,0,46,11,2023,0,2,0.9749279121818236,-0.22252093395631434,0.5877852522924732,-0.8090169943749473,8.0,7.0,8.0,7.0,5.0,,8.0,7.86,7.95,2.16,5.0,11.0,7.5,7.5,0.5773502691896257,0.9999999993333333,0
2023-11-14,Fancies,7.0,Regular Day,4.0,10.3,10.05,1.0,8.8,7.7,22.6,0.0,-5.0,9.660277777777777,1.0,0.0,0.0,0.0,40.2,3,14,318,0,0,46,11,2023,0,2,0.43388373911755823,-0.900968867902419,0.5877852522924732,-0.8090169943749473,5.0,12.0,5.0,7.0,8.0,,7.14,7.43,7.52,2.79,3.0,11.0,6.38,7.25,3.304037933599835,1.416666665486111,0
2023-11-15,Fancies,5.0,Regular Day,7.7,11.9,10.016666666666667,-0.6666666666666661,12.0,6.1,10.7,0.0,-2.9000000000000004,9.0,71.0,0.0,0.0,0.0,77.12833333333334,4,15,319,0,0,46,11,2023,0,3,-0.433883739117558,-0.9009688679024191,-0.587785252292473,-0.8090169943749476,7.0,3.0,7.0,8.0,6.0,,7.57,7.79,7.57,2.82,3.0,11.0,7.03,6.25,2.217355782608345,0.6666666662222221,0
2023-11-16,Fancies,5.0,Regular Day,6.1,7.5,9.983333333333333,-0.6333333333333346,13.0,10.5,13.5,0.0,-2.3999999999999986,9.634444444444444,38.0,0.0,0.0,0.0,60.898333333333326,5,16,320,0,0,46,11,2023,0,3,-0.9749279121818236,-0.2225209339563146,-0.587785252292473,-0.8090169943749476,3.0,9.0,9.0,12.0,10.0,,7.57,7.79,7.81,2.82,3.0,11.0,7.78,8.25,3.774917217635375,0.5714285711564626,0
2023-11-17,Fancies,8.0,Regular Day,10.5,4.5,9.966666666666667,3.4000000000000004,11.1,13.5,19.5,0.0,-2.3000000000000007,9.0,48.0,0.0,0.0,0.0,104.65,6,17,321,0,0,46,11,2023,0,3,-0.7818314824680299,0.6234898018587334,-0.587785252292473,-0.8090169943749476,9.0,6.0,4.0,8.0,3.0,,7.0,7.64,7.57,2.38,3.0,10.0,7.58,6.75,2.217355782608345,1.2499999989583332,0
2023-11-18,Fancies,8.0,Regular Day,13.5,4.800000000000001,9.916666666666666,3.6999999999999993,8.100000000000001,13.2,21.7,0.0,-1.4000000000000004,8.610277777777778,55.0,0.0,0.0,0.1,133.875,7,18,322,0,0,46,11,2023,1,3,-2.4492935982947064e-16,1.0,-0.587785252292473,-0.8090169943749476,10.0,10.0,10.0,5.0,3.0,,6.57,7.5,7.43,2.44,3.0,10.0,6.94,8.75,2.5,1.3333333324444443,0
2023-11-19,Fancies,11.0,Regular Day,13.2,11.0,9.883333333333333,-1.200000000000001,10.3,7.0,17.4,0.0,-4.300000000000001,9.599166666666667,0.0,0.0,0.0,0.0,130.45999999999998,1,19,323,0,0,46,11,2023,1,3,0.7818314824680298,0.6234898018587336,-0.587785252292473,-0.8090169943749476,7.0,11.0,9.0,12.0,7.0,,6.86,7.14,7.52,2.34,3.0,10.0,6.95,9.75,2.217355782608345,0.8571428567346938,0
2023-11-20,Fancies,7.0,Regular Day,7.0,12.5,9.866666666666667,-2.2666666666666657,7.8999999999999995,5.5,14.4,0.0,-3.8999999999999995,9.0,23.0,0.0,0.0,0.0,69.06666666666666,2,20,324,0,0,47,11,2023,0,3,0.9749279121818236,-0.22252093395631434,-0.587785252292473,-0.8090169943749476,5.0,8.0,7.0,8.0,5.0,,6.57,7.29,7.43,2.44,3.0,10.0,6.46,7.0,1.4142135623730951,0.8666666660888889,0
2023-11-21,Fancies,9.0,Regular Day,5.5,12.2,9.833333333333334,-3.499999999999999,8.6,5.8,25.1,0.0,-3.5999999999999996,2.4466666666666668,86.0,0.0,0.0,5.8,54.083333333333336,3,21,325,0,0,47,11,2023,0,3,0.43388373911755823,-0.900968867902419,-0.587785252292473,-0.8090169943749476,7.0,5.0,12.0,5.0,3.0,,6.86,7.0,7.24,2.04,5.0,10.0,6.1,7.25,3.304037933599835,0.7058823525259516,0
2023-11-22,Fancies,11.0,Regular Day,5.8,4.300000000000001,9.816666666666666,2.533333333333333,5.199999999999999,13.7,27.3,0.0,-2.0999999999999996,4.9127777777777775,92.0,0.0,0.0,32.6,56.93666666666666,4,22,326,0,0,47,11,2023,0,4,-0.433883739117558,-0.9009688679024191,-0.9510565162951536,0.30901699437494723,5.0,7.0,3.0,7.0,4.0,,6.71,7.14,7.43,1.89,5.0,10.0,6.57,5.5,1.9148542155126762,1.1999999987999999,0
2023-11-23,Fancies,6.0,Thanksgiving Day,13.7,8.3,9.783333333333333,3.0333333333333323,5.800000000000001,9.7,20.6,0.0,-2.6000000000000014,9.474166666666667,34.0,0.0,0.0,0.1,134.03166666666667,5,23,327,0,0,47,11,2023,0,4,-0.9749279121818236,-0.2225209339563146,-0.9510565162951536,0.30901699437494723,5.0,3.0,9.0,9.0,10.0,,6.43,7.0,7.33,1.4,5.0,8.0,6.93,6.5,3.0,0.4444444441975308,1
2023-11-24,Fancies,7.0,Regular Day,9.7,11.0,9.75,0.2666666666666666,8.2,7.0,13.0,0.0,-3.6999999999999993,8.498611111111112,51.0,0.0,0.0,0.0,94.57499999999999,6,24,328,0,0,47,11,2023,0,4,-0.7818314824680299,0.6234898018587334,-0.9510565162951536,0.30901699437494723,8.0,9.0,6.0,4.0,5.0,,7.0,7.0,7.43,2.24,5.0,11.0,7.95,6.75,2.217355782608345,1.6999999982999998,0
2023-11-25,Fancies,7.0,Regular Day,7.0,16.0,9.733333333333333,-4.733333333333333,8.3,2.0,20.9,0.0,-3.3,9.391666666666667,54.0,0.0,0.0,0.0,68.13333333333333,7,25,329,0,0,47,11,2023,1,4,-2.4492935982947064e-16,1.0,-0.9510565162951536,0.30901699437494723,8.0,10.0,10.0,10.0,9.0,,7.29,6.93,7.43,2.06,5.0,11.0,7.71,9.5,1.0,0.89999999955,0
2023-11-26,Fancies,9.0,Regular Day,2.0,13.7,9.716666666666667,-4.733333333333333,12.2,4.3,16.1,0.0,-2.1999999999999993,2.7319444444444443,82.0,0.0,1.0,2.2,19.433333333333334,1,26,330,0,0,47,11,2023,1,4,0.7818314824680298,0.6234898018587336,-0.9510565162951536,0.30901699437494723,11.0,7.0,11.0,9.0,2.0,,7.57,7.21,7.29,2.15,5.0,11.0,8.03,9.5,1.9148542155126762,0.89999999955,0
2023-11-27,Fancies,10.0,Regular Day,4.3,9.2,9.666666666666666,-0.5999999999999996,9.100000000000001,8.8,26.6,0.0,-2.0,9.39,35.0,0.0,0.0,4.8,41.56666666666666,2,27,331,0,0,48,11,2023,0,4,0.9749279121818236,-0.22252093395631434,-0.9510565162951536,0.30901699437494723,7.0,5.0,8.0,7.0,7.0,,8.43,7.5,7.67,2.15,5.0,11.0,8.77,6.75,1.2583057392117916,0.7999999994666667,0
2023-11-28,Fancies,7.0,Regular Day,8.8,16.2,9.65,-2.0999999999999996,4.5,1.8,26.8,0.0,-4.6,9.376944444444444,7.0,0.0,0.0,0.0,84.92000000000002,3,28,332,0,0,48,11,2023,0,4,0.43388373911755823,-0.900968867902419,-0.9510565162951536,0.30901699437494723,9.0,7.0,5.0,12.0,13.0,,8.57,7.71,7.52,1.9,6.0,11.0,8.08,8.25,2.9860788111948193,0.941176470034602,0
2023-11-29,Fancies,10.0,Regular Day,1.8,19.4,9.616666666666667,-4.666666666666666,7.0,-1.4,20.3,0.0,-5.1,9.173055555555555,8.0,0.0,0.0,0.0,17.310000000000002,4,29,333,0,0,48,11,2023,0,5,-0.433883739117558,-0.9009688679024191,-2.4492935982947064e-16,1.0,11.0,5.0,7.0,3.0,7.0,,8.43,7.57,7.57,1.99,6.0,11.0,7.81,6.5,3.415650255319866,1.5999999984,0
2023-11-30,Fancies,3.0,Regular Day,-1.4,14.6,9.6,-0.6000000000000001,12.5,3.4,14.3,0.0,-4.3,8.936111111111112,42.0,0.0,0.0,0.0,-13.44,5,30,334,0,1,48,11,2023,0,5,-0.9749279121818236,-0.2225209339563146,-2.4492935982947064e-16,1.0,6.0,5.0,3.0,9.0,8.0,,8.29,7.36,7.43,2.06,6.0,11.0,7.61,5.75,2.5,0.9166666659027777,0
2023-12-01,Fancies,15.0,Regular Day,3.4,11.0,9.583333333333334,3.0666666666666664,5.8999999999999995,7.0,15.8,0.0,-2.8,1.4738888888888888,68.0,0.0,0.0,0.5,32.583333333333336,6,1,335,1,0,48,12,2023,0,1,-0.7818314824680299,0.6234898018587334,0.9510565162951535,0.30901699437494745,7.0,8.0,9.0,6.0,7.0,,8.0,7.5,7.33,1.73,6.0,11.0,7.96,7.5,1.2909944487358056,0.9999999993333333,0
2023-12-02,Fancies,4.0,Regular Day,7.0,5.800000000000001,9.566666666666666,7.3,7.5,12.2,15.0,0.0,0.3999999999999986,7.903333333333333,91.0,0.0,0.0,4.4,66.96666666666667,7,2,336,0,0,48,12,2023,1,1,-2.4492935982947064e-16,1.0,0.9510565162951535,0.30901699437494745,7.0,8.0,10.0,10.0,11.0,,8.43,7.86,7.43,1.81,6.0,11.0,8.47,8.75,1.5,0.749999999625,0
2023-12-03,Fancies,6.0,Regular Day,12.2,6.199999999999999,9.55,7.166666666666667,4.0,11.8,17.1,0.0,0.9000000000000004,0.0,100.0,0.0,0.0,13.2,116.51,1,3,337,0,0,48,12,2023,1,1,0.7818314824680298,0.6234898018587336,0.9510565162951535,0.30901699437494745,9.0,11.0,7.0,11.0,7.0,,8.14,7.86,7.52,1.86,6.0,11.0,8.1,9.5,1.9148542155126762,1.1111111104938272,0
2023-12-04,Fancies,6.0,Regular Day,11.8,8.3,9.533333333333333,5.833333333333332,7.3,9.7,15.9,0.0,-1.3000000000000007,8.288055555555555,91.0,0.0,0.0,0.0,112.49333333333334,2,4,338,0,0,49,12,2023,0,1,0.9749279121818236,-0.22252093395631434,0.9510565162951535,0.30901699437494745,10.0,7.0,5.0,8.0,8.0,,8.0,8.21,7.67,1.63,6.0,10.0,8.58,7.5,2.0816659994661326,1.3076923066863904,0
2023-12-05,Fancies,8.0,Regular Day,9.7,12.6,9.516666666666667,3.7666666666666666,6.4,5.4,14.2,0.0,-3.0,4.9863888888888885,54.0,0.0,0.0,0.0,92.31166666666667,3,5,339,0,0,49,12,2023,0,1,0.43388373911755823,-0.900968867902419,0.9510565162951535,0.30901699437494745,7.0,9.0,7.0,5.0,8.0,,7.57,8.07,7.67,2.44,3.0,10.0,7.18,7.0,1.632993161855452,1.333333332222222,0
2023-12-06,Fancies,10.0,Regular Day,5.4,14.5,9.5,0.40000000000000036,5.8,3.5,19.2,0.0,-3.0999999999999996,5.461666666666667,66.0,0.0,0.0,0.0,51.300000000000004,4,6,340,0,0,49,12,2023,0,1,-0.433883739117558,-0.9009688679024191,0.9510565162951535,0.30901699437494745,10.0,11.0,5.0,7.0,5.0,,8.71,8.57,7.95,3.68,3.0,15.0,9.14,8.25,2.753785273643051,1.7499999985416665,0
2023-12-07,Fancies,7.0,Regular Day,3.5,16.5,9.483333333333333,0.7666666666666666,7.6,1.5,17.2,1.0,-4.0,1.2672222222222222,77.0,0.0,0.0,0.5,33.19166666666666,5,7,341,0,0,49,12,2023,0,1,-0.9749279121818236,-0.2225209339563146,0.9510565162951535,0.30901699437494745,3.0,6.0,5.0,3.0,6.0,,8.29,8.29,7.67,4.07,3.0,15.0,7.85,4.25,1.5,1.12499999859375,0
2023-12-08,Fancies,9.0,Regular Day,1.5,13.9,9.466666666666667,2.8999999999999995,12.200000000000001,4.1,11.4,0.0,-3.2,8.815555555555555,51.0,0.0,0.0,0.0,14.2,6,8,342,0,0,49,12,2023,0,2,-0.7818314824680299,0.6234898018587334,0.5877852522924732,-0.8090169943749473,15.0,7.0,8.0,9.0,4.0,,7.86,7.93,7.62,4.14,3.0,15.0,7.39,9.75,3.593976442141304,1.2941176462975779,0
2023-12-09,Fancies,7.0,Regular Day,4.1,9.4,9.45,4.7333333333333325,9.0,8.6,11.2,0.0,-2.3000000000000007,8.798333333333334,39.0,0.0,0.0,0.0,38.74499999999999,7,9,343,0,0,49,12,2023,1,2,-2.4492935982947064e-16,1.0,0.5877852522924732,-0.8090169943749473,4.0,7.0,8.0,10.0,9.0,,7.29,7.86,7.67,4.07,3.0,15.0,7.04,7.25,2.5,0.611111110771605,0
2023-12-10,Fancies,5.0,Regular Day,8.6,4.699999999999999,9.433333333333334,5.200000000000001,8.599999999999998,13.3,26.3,0.0,-1.0,2.636388888888889,78.0,0.0,1.0,22.8,81.12666666666667,1,10,344,0,0,49,12,2023,1,2,0.7818314824680298,0.6234898018587336,0.5877852522924732,-0.8090169943749473,6.0,9.0,11.0,7.0,4.0,,7.43,7.79,7.71,4.08,3.0,15.0,7.28,8.25,2.217355782608345,0.8333333328703704,0
2023-12-11,Fancies,10.0,Regular Day,13.3,9.4,9.433333333333334,1.7666666666666666,13.400000000000002,8.6,28.5,0.0,-1.700000000000001,7.336388888888889,70.0,0.0,0.0,34.0,125.46333333333334,2,11,345,0,0,50,12,2023,0,2,0.9749279121818236,-0.22252093395631434,0.5877852522924732,-0.8090169943749473,6.0,10.0,7.0,5.0,4.0,,7.43,7.71,7.95,4.08,3.0,15.0,7.96,7.0,2.160246899469287,1.333333332222222,0
2023-12-12,Fancies,7.0,Regular Day,8.6,15.4,9.416666666666666,-2.766666666666667,8.4,2.6,15.7,0.0,-4.199999999999999,9.092777777777778,2.0,0.0,0.0,0.0,80.98333333333332,3,12,346,0,0,50,12,2023,0,2,0.43388373911755823,-0.900968867902419,0.5877852522924732,-0.8090169943749473,8.0,7.0,9.0,7.0,6.0,,8.0,7.79,8.05,3.61,4.0,15.0,7.72,7.75,0.9574271077563381,0.9374999994140625,0
2023-12-13,Fancies,4.0,Regular Day,2.6,13.7,9.416666666666666,1.6,7.5,4.3,18.8,0.0,-5.1000000000000005,9.078611111111112,26.0,0.0,0.0,0.0,24.483333333333334,4,13,347,0,0,50,12,2023,0,2,-0.433883739117558,-0.9009688679024191,0.5877852522924732,-0.8090169943749473,10.0,10.0,11.0,5.0,5.0,,7.14,7.93,8.1,2.04,4.0,10.0,8.04,9.0,2.70801280154532,1.24999999921875,0
2023-12-14,Fancies,8.0,Regular Day,4.3,16.5,9.4,1.4,7.6000000000000005,1.5,15.1,0.0,-4.300000000000001,9.064722222222223,9.0,0.0,0.0,0.0,40.42,5,14,348,0,0,50,12,2023,0,2,-0.9749279121818236,-0.2225209339563146,0.5877852522924732,-0.8090169943749473,7.0,3.0,6.0,5.0,12.0,,7.57,7.93,8.05,1.51,6.0,10.0,7.78,5.25,1.707825127659933,0.9090909082644627,0
2023-12-15,Fancies,8.0,Regular Day,1.5,13.8,9.4,5.766666666666667,10.8,4.2,16.3,0.0,-4.0,9.148888888888889,3.0,0.0,0.0,0.0,14.100000000000001,6,15,349,0,0,50,12,2023,0,3,-0.7818314824680299,0.6234898018587334,-0.587785252292473,-0.8090169943749476,9.0,15.0,7.0,8.0,4.0,,7.43,7.64,7.76,1.72,5.0,10.0,7.09,9.75,3.593976442141304,1.5999999989333333,0
2023-12-16,Fancies,4.0,Regular Day,4.2,11.5,9.383333333333333,5.6,11.1,6.5,12.6,0.0,-2.5,8.939166666666667,30.0,0.0,0.0,0.0,39.41,7,16,350,0,0,50,12,2023,1,3,-2.4492935982947064e-16,1.0,-0.587785252292473,-0.8090169943749476,7.0,4.0,7.0,8.0,3.0,,8.0,7.64,7.9,1.83,5.0,10.0,7.81,6.5,1.7320508075688772,0.7333333328444444,0
2023-12-17,Fancies,9.0,Regular Day,6.5,8.6,9.383333333333333,3.499999999999999,6.3999999999999995,9.4,14.9,0.0,-1.0999999999999996,0.0,100.0,0.0,0.0,9.8,60.99166666666666,1,17,351,0,0,50,12,2023,1,3,0.7818314824680298,0.6234898018587336,-0.587785252292473,-0.8090169943749476,5.0,6.0,9.0,11.0,5.0,,7.86,7.64,7.81,1.86,5.0,10.0,7.61,7.75,2.753785273643051,0.549999999725,0
2023-12-18,Fancies,8.0,Regular Day,9.4,4.699999999999999,9.383333333333333,3.566666666666668,8.3,13.3,34.7,0.0,-1.3000000000000007,3.4230555555555555,77.0,0.0,0.0,92.6,88.20333333333333,2,18,352,0,0,51,12,2023,0,3,0.9749279121818236,-0.22252093395631434,-0.587785252292473,-0.8090169943749476,10.0,6.0,10.0,7.0,7.0,,7.0,7.21,7.48,2.08,4.0,10.0,6.71,8.25,2.0615528128088303,0.941176470034602,0
2023-12-19,Fancies,4.0,Regular Day,13.3,13.4,9.383333333333333,-3.466666666666667,5.800000000000001,4.6,23.7,0.0,-4.800000000000001,8.757222222222222,53.0,0.0,0.0,0.0,124.79833333333333,3,19,353,0,0,51,12,2023,0,3,0.43388373911755823,-0.900968867902419,-0.587785252292473,-0.8090169943749476,7.0,8.0,7.0,9.0,7.0,,7.14,7.57,7.57,2.12,4.0,10.0,7.03,7.75,0.9574271077563381,0.9374999994140625,0
2023-12-20,Fancies,9.0,Regular Day,4.6,17.0,9.366666666666667,-1.8000000000000003,9.7,1.0,16.6,0.0,-4.3,9.083055555555555,4.0,0.0,0.0,0.0,43.086666666666666,4,20,354,0,0,51,12,2023,0,3,-0.433883739117558,-0.9009688679024191,-0.587785252292473,-0.8090169943749476,4.0,10.0,10.0,11.0,6.0,,7.0,7.07,7.62,2.0,4.0,10.0,7.27,8.75,3.2015621187164243,0.6666666663492063,0
2023-12-21,Fancies,10.0,Regular Day,1.0,15.3,9.366666666666667,-0.7666666666666666,6.8,2.7,12.5,0.0,-3.6999999999999997,9.070833333333333,2.0,0.0,0.0,0.0,9.366666666666667,5,21,355,0,0,51,12,2023,0,3,-0.9749279121818236,-0.2225209339563146,-0.587785252292473,-0.8090169943749476,8.0,7.0,3.0,6.0,6.0,,6.57,7.07,7.48,2.3,4.0,10.0,6.45,6.0,2.160246899469287,1.6666666648148147,0
2023-12-22,Fancies,8.0,Regular Day,2.7,17.8,9.366666666666667,0.16666666666666669,8.399999999999999,0.2,9.7,0.0,-2.9999999999999996,7.735555555555556,62.0,0.0,0.0,0.0,25.290000000000003,6,22,356,0,0,51,12,2023,0,4,-0.7818314824680299,0.6234898018587334,-0.9510565162951536,0.30901699437494723,8.0,9.0,15.0,7.0,7.0,,7.14,7.29,7.48,2.34,4.0,10.0,7.09,9.75,3.593976442141304,0.772727272376033,0
2023-12-23,Fancies,8.0,Regular Day,0.2,14.4,9.366666666666667,3.533333333333333,7.3,3.6,7.6,0.0,-2.6999999999999993,4.420277777777778,96.0,0.0,0.0,0.0,1.8733333333333335,7,23,357,0,0,51,12,2023,1,4,-2.4492935982947064e-16,1.0,-0.9510565162951536,0.30901699437494723,4.0,7.0,4.0,7.0,2.0,,6.86,7.43,7.38,2.04,4.0,9.0,7.32,5.5,1.7320508075688772,0.999999999090909,0
2023-12-24,Fancies,4.0,Christmas Eve,3.6,12.5,9.383333333333333,4.033333333333333,10.399999999999999,5.5,8.2,0.0,-1.5,5.876388888888889,83.0,0.0,0.0,0.7,33.78,1,24,358,0,0,51,12,2023,1,4,0.7818314824680298,0.6234898018587336,-0.9510565162951536,0.30901699437494723,9.0,5.0,6.0,9.0,7.0,,6.43,7.14,7.24,2.3,4.0,9.0,6.49,7.25,2.0615528128088303,0.9333333327111111,1
2023-12-25,Fancies,10.0,Christmas Day,5.5,10.4,9.366666666666667,4.033333333333333,7.3999999999999995,7.6,9.1,0.0,-2.0999999999999996,5.853888888888889,71.0,0.0,0.0,0.0,51.516666666666666,2,25,359,0,0,52,12,2023,0,4,0.9749279121818236,-0.22252093395631434,-0.9510565162951536,0.30901699437494723,8.0,10.0,6.0,10.0,6.0,,7.14,7.07,7.19,2.19,4.0,9.0,7.12,8.5,1.9148542155126762,1.1249999992968749,1
2023-12-26,Fancies,4.0,Regular Day,7.6,10.1,9.383333333333333,5.200000000000001,5.200000000000001,7.9,10.6,0.0,-1.5,2.942222222222222,92.0,0.0,0.0,0.0,71.31333333333333,3,26,360,0,0,52,12,2023,0,4,0.43388373911755823,-0.900968867902419,-0.9510565162951536,0.30901699437494723,4.0,7.0,8.0,7.0,6.0,,7.43,7.29,7.52,2.44,4.0,10.0,7.84,6.5,1.7320508075688772,0.7333333328444444,0
2023-12-27,Fancies,8.0,Regular Day,7.9,9.1,9.4,5.966666666666667,4.300000000000001,8.9,15.7,0.0,-2.0,0.03944444444444444,100.0,0.0,0.0,2.4,74.26,4,27,361,0,0,52,12,2023,0,4,-0.433883739117558,-0.9009688679024191,-0.9510565162951536,0.30901699437494723,9.0,4.0,10.0,10.0,9.0,,7.43,7.21,7.19,2.44,4.0,10.0,7.88,8.25,2.8722813232690143,0.649999999675,0
2023-12-28,Fancies,7.0,Regular Day,8.9,6.9,9.383333333333333,6.933333333333334,3.4000000000000004,11.1,16.0,0.0,-0.40000000000000036,0.0,92.0,0.0,0.0,21.3,83.51166666666667,5,28,362,0,0,52,12,2023,0,4,-0.9749279121818236,-0.2225209339563146,-0.9510565162951536,0.30901699437494723,10.0,8.0,7.0,3.0,8.0,,8.0,7.29,7.38,1.91,4.0,10.0,7.91,7.0,2.943920288775949,1.7999999982,0
2023-12-29,Fancies,9.0,Regular Day,11.1,8.2,9.4,0.8666666666666671,5.2,9.8,12.3,0.0,-1.8000000000000007,8.534722222222221,60.0,0.0,0.0,0.0,104.34,6,29,363,0,0,52,12,2023,0,5,-0.7818314824680299,0.6234898018587334,-2.4492935982947064e-16,1.0,8.0,8.0,9.0,15.0,11.0,,7.29,7.21,7.29,2.36,4.0,10.0,6.93,10.0,3.366501646120693,0.6666666663888888,0
2023-12-30,Fancies,7.0,Regular Day,9.8,12.2,9.416666666666666,-0.7000000000000002,5.500000000000001,5.8,24.9,0.0,-5.000000000000001,7.605277777777777,65.0,0.0,0.0,0.0,92.28333333333333,7,30,364,0,0,52,12,2023,1,5,-2.4492935982947064e-16,1.0,-2.4492935982947064e-16,1.0,8.0,4.0,7.0,4.0,9.0,,7.57,7.21,7.48,2.57,4.0,10.0,7.7,5.75,2.0615528128088303,1.0909090899173552,0
2023-12-31,Fancies,7.0,New Years Eve,5.8,12.4,9.433333333333334,-0.033333333333333215,6.4,5.6,17.7,0.0,-4.6,7.776111111111111,62.0,0.0,0.0,0.0,54.71333333333333,1,31,365,0,1,52,12,2023,1,5,0.7818314824680298,0.6234898018587336,-2.4492935982947064e-16,1.0,4.0,9.0,5.0,6.0,4.0,,7.57,7.0,7.29,2.57,4.0,10.0,6.77,6.0,2.160246899469287,1.1818181807438015,1
2024-01-01,Fancies,9.0,New Year,5.6,13.7,9.433333333333334,0.2999999999999998,9.1,4.3,11.7,0.0,-3.0999999999999996,6.43,69.0,0.0,0.0,0.1,52.82666666666667,2,1,1,1,0,1,1,2024,0,1,0.9749279121818236,-0.22252093395631434,0.9510565162951535,0.30901699437494745,10.0,8.0,10.0,6.0,6.0,,7.43,7.29,7.19,2.51,4.0,10.0,7.08,8.5,1.9148542155126762,1.1249999992968749,1
2024-01-02,Fancies,9.0,Regular Day,4.3,15.8,9.433333333333334,1.5333333333333332,8.2,2.2,15.9,0.0,-2.9000000000000004,9.28138888888889,20.0,0.0,0.0,0.0,40.56333333333333,3,2,2,0,0,1,1,2024,0,1,0.43388373911755823,-0.900968867902419,0.9510565162951535,0.30901699437494745,4.0,4.0,7.0,8.0,4.0,,7.0,7.21,7.19,2.24,4.0,10.0,7.06,5.75,2.0615528128088303,0.5333333329777777,0
2024-01-03,Fancies,8.0,Regular Day,2.2,16.5,9.45,1.8333333333333333,8.4,1.5,12.3,0.0,-3.5000000000000004,8.88861111111111,31.0,0.0,0.0,0.0,20.79,4,3,3,0,0,1,1,2024,0,1,-0.433883739117558,-0.9009688679024191,0.9510565162951535,0.30901699437494745,8.0,9.0,4.0,10.0,5.0,,7.14,7.29,7.19,2.34,4.0,10.0,7.55,7.75,2.6299556396765835,1.2142857134183673,0
2024-01-04,Fancies,5.0,Regular Day,1.5,14.6,9.466666666666667,2.9,5.3,3.4,23.8,0.0,-5.5,6.130833333333333,78.0,0.0,0.0,1.1,14.2,5,4,4,0,0,1,1,2024,0,1,-0.9749279121818236,-0.2225209339563146,0.9510565162951535,0.30901699437494745,7.0,10.0,8.0,7.0,4.0,,7.0,7.5,7.19,2.31,4.0,10.0,7.41,8.0,1.4142135623730951,1.1333333325777777,0
2024-01-05,Fancies,6.0,Regular Day,3.4,19.1,9.483333333333333,0.8,7.5,-1.1,22.4,0.0,-4.3,9.323611111111111,14.0,0.0,0.0,0.0,32.24333333333333,6,5,5,0,0,1,1,2024,0,1,-0.7818314824680299,0.6234898018587334,0.9510565162951535,0.30901699437494745,9.0,8.0,8.0,9.0,7.0,,7.43,7.36,7.29,1.9,4.0,10.0,7.31,8.5,0.5773502691896257,0.9999999994117647,0
2024-01-06,Fancies,10.0,Regular Day,-1.1,17.4,9.5,0.13333333333333336,8.899999999999999,0.6,21.5,0.0,-3.5999999999999996,0.0,89.0,0.0,0.0,8.8,-10.450000000000001,7,6,6,0,0,1,1,2024,1,1,-2.4492935982947064e-16,1.0,0.9510565162951535,0.30901699437494745,7.0,8.0,4.0,7.0,7.0,,7.29,7.43,7.24,1.7,4.0,9.0,7.73,6.5,1.7320508075688772,1.363636362396694,0
2024-01-07,Fancies,9.0,Regular Day,0.6,11.6,9.516666666666667,3.1999999999999997,5.9,6.4,29.9,0.0,-3.0,2.721111111111111,88.0,0.0,0.0,10.2,5.71,1,7,7,0,0,1,1,2024,1,1,0.7818314824680298,0.6234898018587336,0.9510565162951535,0.30901699437494745,7.0,4.0,9.0,5.0,5.0,,8.0,7.79,7.33,1.0,7.0,9.0,8.05,6.25,2.217355782608345,0.7857142851530612,0
2024-01-08,Fancies,10.0,Regular Day,6.4,14.1,9.533333333333333,1.8666666666666667,7.1,3.9,18.4,0.0,-4.0,9.348888888888888,7.0,0.0,0.0,0.0,61.013333333333335,2,8,8,0,0,2,1,2024,0,2,0.9749279121818236,-0.22252093395631434,0.5877852522924732,-0.8090169943749473,9.0,10.0,8.0,10.0,5.0,,8.0,7.71,7.52,1.0,7.0,9.0,8.04,9.25,0.9574271077563381,1.0555555549691358,0
2024-01-09,Fancies,7.0,Regular Day,3.9,13.4,9.55,2.9333333333333327,13.299999999999999,4.6,38.6,0.0,-5.199999999999999,0.0,81.0,0.0,0.0,9.9,37.245000000000005,3,9,9,0,0,2,1,2024,0,2,0.43388373911755823,-0.900968867902419,0.5877852522924732,-0.8090169943749473,9.0,4.0,4.0,7.0,10.0,,7.71,7.36,7.38,1.5,5.0,9.0,7.28,6.0,2.449489742783178,1.1818181807438015,0
2024-01-10,Fancies,7.0,Regular Day,4.6,7.300000000000001,9.583333333333334,4.866666666666666,7.8,10.7,43.1,0.0,-3.0,6.340277777777778,64.0,0.0,0.0,53.4,44.083333333333336,4,10,10,0,0,2,1,2024,0,2,-0.433883739117558,-0.9009688679024191,0.5877852522924732,-0.8090169943749473,8.0,8.0,9.0,4.0,10.0,,7.29,7.21,7.29,1.5,5.0,9.0,6.96,7.25,2.217355782608345,1.230769229822485,0
2024-01-11,Fancies,3.0,Regular Day,10.7,13.0,9.6,1.233333333333333,7.8999999999999995,5.0,22.9,0.0,-4.3999999999999995,9.431944444444444,17.0,0.0,0.0,0.0,102.71999999999998,5,11,11,0,0,2,1,2024,0,2,-0.9749279121818236,-0.2225209339563146,0.5877852522924732,-0.8090169943749473,5.0,7.0,10.0,8.0,7.0,,7.71,7.36,7.57,1.8,5.0,10.0,7.72,7.5,2.0816659994661326,0.6666666662962962,0
2024-01-12,Fancies,10.0,Regular Day,5.0,13.3,9.616666666666667,3.0,9.2,4.7,18.5,0.0,-4.199999999999999,8.61,41.0,0.0,0.0,0.0,48.083333333333336,6,12,12,0,0,2,1,2024,0,2,-0.7818314824680299,0.6234898018587334,0.5877852522924732,-0.8090169943749473,6.0,9.0,8.0,8.0,12.0,,8.0,7.71,7.57,1.83,5.0,10.0,8.04,7.75,1.2583057392117916,0.9374999994140625,0
2024-01-13,Fancies,9.0,Regular Day,4.7,6.6,9.633333333333333,6.4,10.899999999999999,11.4,34.9,0.0,-2.5999999999999996,6.8436111111111115,69.0,0.0,1.0,24.9,45.276666666666664,7,13,13,0,0,2,1,2024,1,2,-2.4492935982947064e-16,1.0,0.5877852522924732,-0.8090169943749473,10.0,7.0,8.0,4.0,11.0,,8.14,7.71,7.67,1.95,5.0,10.0,8.53,7.25,2.5,1.416666665486111,0
2024-01-14,Fancies,8.0,Regular Day,11.4,15.8,9.666666666666666,-0.8999999999999999,9.799999999999999,2.2,37.2,0.0,-7.3999999999999995,9.4275,19.0,0.0,1.0,0.1,110.2,1,14,14,0,0,2,1,2024,1,2,0.7818314824680298,0.6234898018587336,0.5877852522924732,-0.8090169943749473,9.0,7.0,4.0,9.0,7.0,,7.86,7.93,7.81,1.95,5.0,10.0,8.15,7.25,2.362907813126304,1.230769229822485,0
2024-01-15,Fancies,5.0,MLK Day,2.2,20.5,9.683333333333334,-2.0333333333333337,3.3000000000000003,-2.5,17.2,1.0,-3.9,1.0,88.0,0.0,0.0,0.4,21.303333333333335,2,15,15,0,0,3,1,2024,0,3,0.9749279121818236,-0.22252093395631434,-0.587785252292473,-0.8090169943749476,10.0,9.0,10.0,8.0,7.0,,7.71,7.86,7.71,1.98,5.0,10.0,7.86,9.25,0.9574271077563381,1.0555555549691358,1
2024-01-16,Fancies,2.0,Regular Day,-2.5,18.7,9.7,1.9333333333333333,6.6,-0.7,21.7,1.0,-2.7,0.0,100.0,0.0,0.0,10.5,-24.25,3,16,16,0,0,3,1,2024,0,3,0.43388373911755823,-0.900968867902419,-0.587785252292473,-0.8090169943749476,7.0,9.0,4.0,4.0,8.0,,7.43,7.57,7.38,2.51,3.0,10.0,6.65,6.0,2.449489742783178,1.9999999974999998,0
2024-01-17,Fancies,14.0,Regular Day,-0.7,23.7,9.733333333333333,-4.3,6.6000000000000005,-5.7,22.4,0.0,-6.000000000000001,9.571944444444444,8.0,0.0,0.0,0.0,-6.813333333333333,4,17,17,0,0,3,1,2024,0,3,-0.433883739117558,-0.9009688679024191,-0.587785252292473,-0.8090169943749476,7.0,8.0,8.0,9.0,12.0,,8.0,7.64,7.48,2.58,3.0,10.0,7.48,8.0,0.816496580927726,0.8823529406574394,0
2024-01-18,Fancies,8.0,Regular Day,-5.7,20.4,9.75,-2.7666666666666666,8.5,-2.4,17.8,0.0,-4.2,4.05,66.0,0.0,0.0,0.0,-55.575,5,18,18,0,0,3,1,2024,0,3,-0.9749279121818236,-0.2225209339563146,-0.587785252292473,-0.8090169943749476,3.0,5.0,7.0,10.0,8.0,,7.86,7.79,7.52,2.48,3.0,10.0,7.86,6.25,2.9860788111948193,0.470588235017301,0
2024-01-19,Fancies,3.0,Regular Day,-2.4,18.6,9.783333333333333,-0.13333333333333336,2.4,-0.6,16.8,1.0,-3.3,0.0,100.0,0.0,0.0,8.3,-23.48,6,19,19,0,0,3,1,2024,0,3,-0.7818314824680299,0.6234898018587334,-0.587785252292473,-0.8090169943749476,10.0,6.0,9.0,8.0,5.0,,7.71,7.86,7.71,2.43,3.0,10.0,7.9,8.25,1.707825127659933,0.941176470034602,0
2024-01-20,Fancies,7.0,Regular Day,-0.6,23.5,9.8,-0.4333333333333327,5.4,-5.5,26.8,1.0,-4.199999999999999,9.271666666666667,35.0,0.0,0.0,0.1,-5.88,7,20,20,0,0,3,1,2024,1,3,-2.4492935982947064e-16,1.0,-0.587785252292473,-0.8090169943749476,9.0,10.0,7.0,8.0,12.0,,7.0,7.57,7.48,2.38,3.0,10.0,7.17,8.5,1.2909944487358056,1.266666665822222,0
2024-01-21,Fancies,8.0,Regular Day,-5.5,23.0,9.85,1.4333333333333336,6.4,-5.0,21.5,0.0,-6.1,9.675555555555556,16.0,0.0,0.0,0.0,-54.175,1,21,21,0,0,3,1,2024,1,3,0.7818314824680298,0.6234898018587336,-0.587785252292473,-0.8090169943749476,8.0,9.0,7.0,4.0,8.0,,6.29,7.07,7.38,3.04,2.0,10.0,5.88,7.0,2.160246899469287,1.5454545440495866,0
2024-01-22,Fancies,6.0,Regular Day,-5.0,21.9,9.883333333333333,-1.5999999999999996,10.6,-3.9,11.3,0.0,-4.7,9.355,23.0,0.0,0.0,0.0,-49.416666666666664,2,22,22,0,0,4,1,2024,0,4,0.9749279121818236,-0.22252093395631434,-0.9510565162951536,0.30901699437494723,5.0,10.0,9.0,10.0,5.0,,7.29,7.5,7.67,4.23,2.0,14.0,7.91,8.5,2.3804761428476167,0.7894736837950138,0
2024-01-23,Fancies,9.0,Regular Day,-3.9,16.3,9.9,2.6,10.899999999999999,1.7,13.6,0.0,-2.999999999999999,8.174166666666666,54.0,0.0,0.0,0.0,-38.61,3,23,23,0,0,4,1,2024,0,4,0.43388373911755823,-0.900968867902419,-0.9510565162951536,0.30901699437494723,2.0,7.0,9.0,4.0,7.0,,8.0,7.71,7.71,3.79,2.0,14.0,7.93,5.5,3.1091263510296048,0.6923076917751478,0
2024-01-24,Fancies,9.0,Regular Day,1.7,13.1,9.933333333333334,7.2,9.1,4.9,10.3,0.0,-1.3000000000000007,0.0,98.0,0.0,0.0,0.3,16.886666666666667,4,24,24,0,0,4,1,2024,0,4,-0.433883739117558,-0.9009688679024191,-0.9510565162951536,0.30901699437494723,14.0,7.0,8.0,8.0,9.0,,7.0,7.5,7.43,4.08,2.0,14.0,6.7,9.25,3.2015621187164243,1.3124999991796875,0
2024-01-25,Fancies,11.0,Regular Day,4.9,4.6,9.966666666666667,11.766666666666667,6.0,13.4,22.4,0.0,1.0999999999999996,0.0,98.0,0.0,0.0,9.4,48.83666666666667,5,25,25,0,0,4,1,2024,0,4,-0.9749279121818236,-0.2225209339563146,-0.9510565162951536,0.30901699437494723,8.0,3.0,5.0,7.0,4.0,,6.71,7.29,7.43,3.99,2.0,14.0,6.77,5.75,2.217355782608345,0.9166666659027777,0
2024-01-26,Fancies,8.0,Regular Day,13.4,5.1,9.983333333333333,8.966666666666667,8.4,12.9,14.2,0.0,1.0,2.006388888888889,97.0,0.0,0.0,4.5,133.77666666666667,6,26,26,0,0,4,1,2024,0,4,-0.7818314824680299,0.6234898018587334,-0.9510565162951536,0.30901699437494723,3.0,10.0,6.0,9.0,10.0,,6.71,7.21,7.48,3.99,2.0,14.0,7.08,7.0,3.1622776601683795,0.8666666660888889,0
2024-01-27,Fancies,8.0,Regular Day,12.9,9.4,10.033333333333333,8.299999999999999,8.200000000000001,8.6,12.2,0.0,0.09999999999999964,6.042222222222223,95.0,0.0,0.0,0.0,129.43,7,27,27,0,0,4,1,2024,1,4,-2.4492935982947064e-16,1.0,-0.9510565162951536,0.30901699437494723,7.0,9.0,10.0,7.0,9.0,,6.86,6.93,7.33,3.93,2.0,14.0,6.81,8.25,1.5,0.941176470034602,0
2024-01-28,Fancies,7.0,Regular Day,8.6,12.4,10.066666666666666,5.633333333333334,2.6999999999999993,5.6,24.4,0.0,-3.5999999999999996,0.0,100.0,0.0,1.0,21.4,86.57333333333332,1,28,28,0,0,4,1,2024,1,4,0.7818314824680298,0.6234898018587336,-0.9510565162951536,0.30901699437494723,8.0,8.0,9.0,7.0,7.0,,7.86,7.07,7.33,3.34,3.0,14.0,7.36,8.0,0.816496580927726,0.999999999375,0
2024-01-29,Fancies,7.0,Regular Day,5.6,13.7,10.1,4.733333333333333,3.0,4.3,23.4,0.0,-5.8,6.3575,93.0,0.0,0.0,0.5,56.559999999999995,2,29,29,0,0,5,1,2024,0,5,0.9749279121818236,-0.22252093395631434,-2.4492935982947064e-16,1.0,6.0,5.0,10.0,9.0,12.0,,7.14,7.21,7.38,2.12,3.0,9.0,7.77,7.5,2.3804761428476167,0.5789473681163435,0
2024-01-30,Fancies,10.0,Regular Day,4.3,16.4,10.116666666666667,4.166666666666666,8.7,1.6,11.9,0.0,-3.6,6.2575,57.0,0.0,0.0,0.0,43.501666666666665,3,30,30,0,0,5,1,2024,0,5,0.43388373911755823,-0.900968867902419,-2.4492935982947064e-16,1.0,9.0,2.0,7.0,9.0,3.0,,7.57,7.79,7.67,2.57,3.0,11.0,8.58,6.75,3.304037933599835,0.6874999995703125,0
2024-01-31,Fancies,6.0,Regular Day,1.6,14.0,10.15,4.733333333333333,3.9000000000000004,4.0,10.0,0.0,-3.2,1.9583333333333333,97.0,0.0,0.0,0.0,16.240000000000002,4,31,31,0,1,5,1,2024,0,5,-0.433883739117558,-0.9009688679024191,-2.4492935982947064e-16,1.0,9.0,14.0,7.0,8.0,9.0,,8.29,7.64,7.76,1.6,6.0,11.0,8.43,9.5,3.1091263510296048,1.5333333323111111,0
2024-02-01,Fancies,3.0,Regular Day,4.0,14.9,10.183333333333334,3.1,11.4,3.1,16.3,0.0,-4.1000000000000005,9.813611111111111,28.0,0.0,0.0,0.0,40.733333333333334,5,1,32,1,0,5,2,2024,0,1,-0.9749279121818236,-0.2225209339563146,0.9510565162951535,0.30901699437494745,11.0,8.0,3.0,5.0,6.0,,8.43,7.57,7.67,1.51,6.0,11.0,8.32,6.75,3.5,2.37499999703125,0
2024-02-02,Fancies,7.0,Regular Day,3.1,13.1,10.233333333333333,6.0,3.0999999999999996,4.9,18.5,0.0,-2.5999999999999996,0.0,100.0,0.0,0.0,5.0,31.723333333333333,6,2,33,0,0,5,2,2024,0,1,-0.7818314824680299,0.6234898018587334,0.9510565162951535,0.30901699437494745,8.0,3.0,10.0,6.0,10.0,,8.29,7.5,7.57,1.6,6.0,11.0,7.99,6.75,2.9860788111948193,0.6874999995703125,0
2024-02-03,Fancies,12.0,Regular Day,4.9,14.9,10.266666666666667,2.0666666666666664,8.7,3.1,15.5,0.0,-4.300000000000001,9.844444444444445,22.0,0.0,0.0,0.0,50.30666666666667,7,3,34,0,0,5,2,2024,1,1,-2.4492935982947064e-16,1.0,0.9510565162951535,0.30901699437494745,8.0,7.0,9.0,10.0,11.0,,8.43,7.64,7.43,1.4,7.0,11.0,7.74,8.5,1.2909944487358056,0.7894736837950138,0
2024-02-04,Fancies,12.0,Regular Day,3.1,16.5,10.3,-0.9333333333333331,10.8,1.5,10.2,0.0,-3.6999999999999997,9.860833333333334,0.0,0.0,0.0,0.0,31.930000000000003,1,4,35,0,0,5,2,2024,1,1,0.7818314824680298,0.6234898018587336,0.9510565162951535,0.30901699437494745,7.0,8.0,8.0,9.0,8.0,,8.57,8.21,7.57,1.51,7.0,11.0,8.31,8.0,0.816496580927726,0.8823529406574394,0
2024-02-05,Fancies,6.0,Regular Day,1.5,16.3,10.333333333333334,3.0,10.100000000000001,1.7,11.6,0.0,-4.0,9.903055555555556,0.0,0.0,0.0,0.0,15.5,2,5,36,0,0,6,2,2024,0,1,0.9749279121818236,-0.22252093395631434,0.9510565162951535,0.30901699437494745,7.0,6.0,5.0,10.0,5.0,,8.14,7.64,7.52,1.77,6.0,11.0,7.73,7.0,2.160246899469287,0.8666666660888889,0
2024-02-06,Fancies,2.0,Regular Day,1.7,17.7,10.366666666666667,1.0666666666666667,10.2,0.3,13.4,0.0,-4.7,9.91,0.0,0.0,0.0,0.0,17.623333333333335,3,6,37,0,0,6,2,2024,0,1,0.43388373911755823,-0.900968867902419,0.9510565162951535,0.30901699437494745,10.0,9.0,2.0,7.0,7.0,,7.0,7.29,7.52,2.16,3.0,10.0,6.55,7.0,3.559026084010437,2.111111108765432,0
2024-02-07,Fancies,5.0,Regular Day,0.3,16.8,10.416666666666666,1.2666666666666664,11.3,1.2,12.4,0.0,-3.6999999999999993,9.913333333333334,20.0,0.0,0.0,0.0,3.1249999999999996,4,7,38,0,0,6,2,2024,0,1,-0.433883739117558,-0.9009688679024191,0.9510565162951535,0.30901699437494745,6.0,9.0,14.0,7.0,3.0,,6.86,7.57,7.38,2.12,3.0,10.0,6.66,9.0,3.559026084010437,0.7142857139455782,0
2024-02-08,Fancies,5.0,Regular Day,1.2,14.6,10.45,6.9,14.3,3.4,9.8,0.0,-3.0,9.931666666666667,36.0,0.0,0.0,0.0,12.54,5,8,39,0,0,6,2,2024,0,2,-0.9749279121818236,-0.2225209339563146,0.5877852522924732,-0.8090169943749473,3.0,11.0,8.0,3.0,9.0,,7.43,7.93,7.52,2.88,3.0,12.0,8.0,6.25,3.947573094109004,1.2727272715702478,0
2024-02-09,Fancies,9.0,Regular Day,3.4,11.0,10.483333333333333,6.9,10.399999999999999,7.0,12.4,0.0,-3.0,7.089722222222222,67.0,0.0,0.0,0.0,35.64333333333333,6,9,40,0,0,6,2,2024,0,2,-0.7818314824680299,0.6234898018587334,0.5877852522924732,-0.8090169943749473,7.0,8.0,3.0,10.0,10.0,,8.14,8.21,7.71,3.34,3.0,12.0,9.0,7.0,2.943920288775949,1.1538461529585797,0
2024-02-10,Fancies,7.0,Regular Day,7.0,8.9,10.516666666666667,6.799999999999999,9.8,9.1,11.7,0.0,-1.3000000000000007,1.5694444444444444,93.0,0.0,0.0,0.3,73.61666666666667,7,10,41,0,0,6,2,2024,1,2,-2.4492935982947064e-16,1.0,0.5877852522924732,-0.8090169943749473,12.0,8.0,7.0,9.0,7.0,,8.0,8.21,7.76,3.42,3.0,12.0,8.25,9.0,2.160246899469287,1.24999999921875,0
2024-02-11,Fancies,5.0,Regular Day,9.1,8.1,10.566666666666666,5.8,4.7,9.9,12.0,0.0,-1.5999999999999996,0.03916666666666667,99.0,0.0,0.0,0.0,96.15666666666667,1,11,42,0,0,6,2,2024,1,2,0.7818314824680298,0.6234898018587336,0.5877852522924732,-0.8090169943749473,12.0,7.0,8.0,8.0,5.0,,6.86,7.71,7.76,3.93,2.0,12.0,6.69,8.75,2.217355782608345,1.1874999992578124,0
2024-02-12,Fancies,6.0,Regular Day,9.9,11.5,10.6,3.966666666666667,6.8,6.5,8.4,0.0,-2.5,1.5683333333333334,90.0,0.0,0.0,0.0,104.94,2,12,43,0,0,7,2,2024,0,2,0.9749279121818236,-0.22252093395631434,0.5877852522924732,-0.8090169943749473,6.0,7.0,6.0,5.0,7.0,,6.71,7.43,7.33,3.99,2.0,12.0,6.26,6.0,0.816496580927726,1.1818181807438015,0
2024-02-13,Fancies,9.0,Regular Day,6.5,14.0,10.65,1.5666666666666664,4.9,4.0,28.3,1.0,-2.6999999999999997,4.879166666666666,83.0,0.0,0.0,20.3,69.22500000000001,3,13,44,0,0,7,2,2024,0,2,0.43388373911755823,-0.900968867902419,0.5877852522924732,-0.8090169943749473,2.0,10.0,9.0,2.0,5.0,,7.0,7.0,7.19,3.74,2.0,12.0,5.95,5.75,4.349329450233296,1.0909090899173552,0
2024-02-14,Fancies,6.0,Valentines Day,4.0,16.5,10.683333333333334,0.6,5.7,1.5,24.2,0.0,-5.4,10.3675,9.0,0.0,0.0,0.0,42.733333333333334,4,14,45,0,0,7,2,2024,0,2,-0.433883739117558,-0.9009688679024191,0.5877852522924732,-0.8090169943749473,5.0,6.0,9.0,14.0,5.0,,7.29,7.07,7.48,3.82,2.0,12.0,6.71,8.5,4.041451884327381,0.47826086935727785,1
2024-02-15,Fancies,7.0,Regular Day,1.5,18.7,10.716666666666667,-1.2999999999999998,10.4,-0.7,15.9,0.0,-4.6,9.356944444444444,39.0,0.0,0.0,0.0,16.075,5,15,46,0,0,7,2,2024,0,3,-0.9749279121818236,-0.2225209339563146,-0.587785252292473,-0.8090169943749476,5.0,3.0,11.0,8.0,8.0,,6.57,7.0,7.48,3.21,2.0,12.0,6.78,6.75,3.5,0.4210526313573407,0
2024-02-16,Fancies,7.0,Regular Day,-0.7,14.8,10.766666666666667,-2.033333333333333,6.4,3.2,24.1,0.0,-5.4,10.258611111111112,25.0,0.0,0.0,0.0,-7.536666666666667,6,16,47,0,0,7,2,2024,0,3,-0.7818314824680299,0.6234898018587334,-0.587785252292473,-0.8090169943749476,9.0,7.0,8.0,3.0,8.0,,5.57,6.86,7.33,2.15,2.0,9.0,6.34,6.75,2.6299556396765835,1.4545454532231403,0
2024-02-17,Fancies,5.0,Regular Day,3.2,16.3,10.8,-0.43333333333333335,4.6,1.7,27.1,1.0,-5.1,7.053333333333334,74.0,0.0,1.0,5.2,34.56,7,17,48,0,0,7,2,2024,1,3,-2.4492935982947064e-16,1.0,-0.587785252292473,-0.8090169943749476,7.0,12.0,8.0,7.0,11.0,,5.57,6.79,7.33,2.15,2.0,9.0,6.25,8.5,2.3804761428476167,1.266666665822222,0
2024-02-18,Fancies,7.0,Regular Day,1.7,18.2,10.833333333333334,-0.16666666666666666,11.1,-0.2,25.2,0.0,-6.2,10.511111111111111,57.0,0.0,0.0,0.0,18.416666666666668,1,18,49,0,0,7,2,2024,1,3,0.7818314824680298,0.6234898018587336,-0.587785252292473,-0.8090169943749476,5.0,12.0,7.0,8.0,7.0,,6.57,6.71,7.33,1.81,5.0,9.0,6.94,8.0,2.943920288775949,1.1333333325777777,0
2024-02-19,Fancies,3.0,Presidents Day,-0.2,16.1,10.9,1.5999999999999999,9.399999999999999,1.9,15.0,0.0,-3.6999999999999997,10.571388888888889,9.0,0.0,0.0,0.0,-2.18,2,19,50,0,0,8,2,2024,0,3,0.9749279121818236,-0.22252093395631434,-0.587785252292473,-0.8090169943749476,6.0,6.0,7.0,6.0,9.0,,6.71,6.71,7.19,1.7,5.0,9.0,6.7,6.25,0.5,0.9230769223668639,1
2024-02-20,Fancies,5.0,Regular Day,1.9,18.0,10.933333333333334,-0.7000000000000001,9.7,-0.0,12.3,0.0,-3.3,10.560277777777777,24.0,0.0,0.0,0.0,20.773333333333333,3,20,51,0,0,8,2,2024,0,3,0.43388373911755823,-0.900968867902419,-0.587785252292473,-0.8090169943749476,9.0,2.0,10.0,9.0,11.0,,7.0,7.0,7.0,1.53,5.0,9.0,6.78,7.5,3.696845502136472,0.5789473681163435,0
2024-02-21,Fancies,7.0,Regular Day,-0.0,17.5,10.966666666666667,-0.7000000000000002,9.4,0.5,13.7,0.0,-3.7,10.61888888888889,55.0,0.0,0.0,0.0,-0.0,4,21,52,0,0,8,2,2024,0,3,-0.433883739117558,-0.9009688679024191,-0.587785252292473,-0.8090169943749476,6.0,5.0,6.0,9.0,6.0,,6.71,7.0,6.95,1.25,5.0,9.0,6.83,6.5,1.7320508075688772,0.7333333328444444,0
2024-02-22,Fancies,6.0,Regular Day,0.5,15.9,11.016666666666667,1.1,10.2,2.1,17.6,0.0,-3.5,7.581388888888889,64.0,0.0,0.0,0.2,5.508333333333334,5,22,53,0,0,8,2,2024,0,4,-0.9749279121818236,-0.2225209339563146,-0.9510565162951536,0.30901699437494723,7.0,5.0,3.0,11.0,7.0,,6.43,6.5,6.81,1.4,5.0,9.0,6.38,6.5,3.415650255319866,0.8571428565306122,0
2024-02-23,Fancies,8.0,Regular Day,2.1,10.7,11.05,3.9666666666666663,7.9,7.3,17.0,1.0,-1.5999999999999996,1.8194444444444444,100.0,0.0,0.0,9.0,23.205000000000002,6,23,54,0,0,8,2,2024,0,4,-0.7818314824680299,0.6234898018587334,-0.9510565162951536,0.30901699437494723,7.0,9.0,7.0,8.0,7.0,,6.71,6.14,6.81,1.25,5.0,9.0,6.53,7.75,0.9574271077563381,1.0666666659555555,0
2024-02-24,Fancies,8.0,Regular Day,7.3,14.0,11.083333333333334,1.833333333333333,5.5,4.0,15.9,0.0,-2.6999999999999993,4.345555555555555,85.0,0.0,0.0,1.6,80.90833333333333,7,24,55,0,0,8,2,2024,1,4,-2.4492935982947064e-16,1.0,-0.9510565162951536,0.30901699437494723,5.0,7.0,12.0,8.0,9.0,,6.29,5.93,6.62,1.89,3.0,9.0,5.65,8.0,2.943920288775949,0.5999999997,0
2024-02-25,Fancies,10.0,Regular Day,4.0,18.8,11.133333333333333,-3.6333333333333337,12.5,-0.8,16.1,0.0,-3.6,10.716944444444444,3.0,0.0,0.0,0.0,44.53333333333333,1,25,56,0,0,8,2,2024,1,4,0.7818314824680298,0.6234898018587336,-0.9510565162951536,0.30901699437494723,7.0,5.0,12.0,7.0,10.0,,5.71,6.14,6.38,1.5,3.0,7.0,5.49,7.75,2.9860788111948193,0.631578947036011,0
2024-02-26,Fancies,4.0,Regular Day,-0.8,13.2,11.166666666666666,-1.2000000000000002,16.2,4.8,14.5,0.0,-2.3000000000000007,10.711944444444445,33.0,0.0,0.0,0.0,-8.933333333333334,2,26,57,0,0,9,2,2024,0,4,0.9749279121818236,-0.22252093395631434,-0.9510565162951536,0.30901699437494723,3.0,6.0,6.0,7.0,7.0,,5.86,6.29,6.43,1.57,3.0,7.0,5.86,5.5,1.7320508075688772,0.6923076917751478,0
2024-02-27,Fancies,9.0,Regular Day,4.8,8.2,11.216666666666667,2.333333333333333,13.599999999999998,9.8,24.9,0.0,-3.1999999999999993,8.851666666666667,79.0,0.0,0.0,0.0,53.839999999999996,3,27,58,0,0,9,2,2024,0,4,0.43388373911755823,-0.900968867902419,-0.9510565162951536,0.30901699437494723,5.0,9.0,2.0,10.0,10.0,,5.71,6.36,6.57,1.5,3.0,7.0,5.9,6.5,3.696845502136472,1.1666666656944444,0
2024-02-28,Fancies,9.0,Regular Day,9.8,4.0,11.266666666666667,6.166666666666667,6.6,14.0,27.9,0.0,-2.8000000000000007,1.4194444444444445,100.0,0.0,0.0,14.5,110.41333333333336,4,28,59,0,0,9,2,2024,0,4,-0.433883739117558,-0.9009688679024191,-0.9510565162951536,0.30901699437494723,7.0,6.0,5.0,6.0,3.0,,5.86,6.29,6.62,1.68,3.0,8.0,6.42,6.0,0.816496580927726,1.1818181807438015,0
2024-02-29,Fancies,7.0,Regular Day,14.0,13.5,11.316666666666666,-1.0,16.1,4.5,32.7,0.0,-2.9000000000000004,10.909166666666666,32.0,0.0,0.0,7.7,158.43333333333334,5,29,60,0,1,9,2,2024,0,5,-0.9749279121818236,-0.2225209339563146,-2.4492935982947064e-16,1.0,6.0,7.0,5.0,3.0,15.0,,6.29,6.36,6.43,1.8,3.0,8.0,6.82,5.25,1.707825127659933,1.62499999796875,0
2024-03-01,Fancies,7.0,Regular Day,4.5,15.9,11.35,2.2666666666666666,9.8,2.1,15.3,0.0,-4.0,10.129444444444445,27.0,0.0,0.0,0.0,51.074999999999996,6,1,61,1,0,9,3,2024,0,1,-0.7818314824680299,0.6234898018587334,0.9510565162951535,0.30901699437494745,8.0,7.0,9.0,7.0,4.0,,6.71,6.71,6.33,2.29,3.0,10.0,7.61,7.75,0.9574271077563381,0.9374999994140625,0
2024-03-02,Fancies,5.0,Regular Day,2.1,10.5,11.4,4.966666666666667,9.3,7.5,25.5,0.0,-1.4000000000000004,0.0,100.0,0.0,1.0,34.1,23.94,7,2,62,0,0,9,3,2024,1,1,-2.4492935982947064e-16,1.0,0.9510565162951535,0.30901699437494745,8.0,5.0,7.0,12.0,6.0,,6.86,6.57,6.24,2.04,4.0,10.0,6.71,8.0,2.943920288775949,0.6842105259556787,0
2024-03-03,Fancies,9.0,Regular Day,7.5,5.9,11.433333333333334,4.333333333333333,12.2,12.1,14.6,0.0,-1.0999999999999979,10.924166666666666,39.0,0.0,0.0,0.0,85.75,1,3,63,0,0,9,3,2024,1,1,0.7818314824680298,0.6234898018587336,0.9510565162951535,0.30901699437494745,10.0,7.0,5.0,12.0,6.0,,7.43,6.57,6.57,1.99,4.0,10.0,7.28,8.5,3.1091263510296048,0.9999999994117647,0
2024-03-04,Fancies,9.0,Regular Day,12.1,8.0,11.483333333333333,0.4333333333333318,13.6,10.0,17.7,0.0,-0.8999999999999986,8.598333333333333,50.0,0.0,0.0,0.0,138.94833333333332,2,4,64,0,0,10,3,2024,0,1,0.9749279121818236,-0.22252093395631434,0.9510565162951535,0.30901699437494745,4.0,3.0,6.0,6.0,8.0,,7.71,6.79,6.76,2.06,4.0,10.0,7.71,4.75,1.5,0.5833333328472222,0
2024-03-05,Fancies,6.0,Regular Day,10.0,9.7,11.516666666666667,0.2666666666666675,4.499999999999999,8.3,20.8,0.0,-1.5999999999999996,0.0,100.0,0.0,0.0,8.6,115.16666666666667,3,5,65,0,0,10,3,2024,0,1,0.43388373911755823,-0.900968867902419,0.9510565162951535,0.30901699437494745,9.0,5.0,9.0,2.0,10.0,,7.86,6.79,6.86,1.95,4.0,10.0,7.53,6.25,3.4034296427770228,1.2727272715702478,0
2024-03-06,Fancies,6.0,Regular Day,8.3,10.0,11.566666666666666,1.6000000000000005,4.6000000000000005,8.0,17.2,0.0,-1.8000000000000007,0.0,100.0,0.0,0.0,39.6,96.00333333333334,4,6,66,0,0,10,3,2024,0,1,-0.433883739117558,-0.9009688679024191,0.9510565162951535,0.30901699437494745,9.0,7.0,6.0,5.0,7.0,,7.71,6.79,6.76,1.98,4.0,10.0,7.4,6.75,1.707825127659933,1.4545454532231403,0
2024-03-07,Fancies,6.0,Regular Day,8.0,7.300000000000001,11.6,0.2666666666666675,4.0,10.7,21.6,0.0,-2.4000000000000004,1.3902777777777777,98.0,0.0,0.0,5.1,92.8,5,7,67,0,0,10,3,2024,0,1,-0.9749279121818236,-0.2225209339563146,0.9510565162951535,0.30901699437494745,7.0,6.0,7.0,5.0,9.0,,7.29,6.79,6.67,2.21,4.0,10.0,6.8,6.25,0.9574271077563381,1.0833333324305554,0
2024-03-08,Fancies,10.0,Regular Day,10.7,10.2,11.65,-1.033333333333334,9.2,7.8,16.5,0.0,-2.8000000000000007,10.160277777777777,75.0,0.0,0.0,0.0,124.655,6,8,68,0,0,10,3,2024,0,2,-0.7818314824680299,0.6234898018587334,0.5877852522924732,-0.8090169943749473,7.0,8.0,7.0,9.0,7.0,,7.14,6.93,6.86,2.04,4.0,9.0,7.35,7.75,0.9574271077563381,0.9374999994140625,0
2024-03-09,Fancies,7.0,Regular Day,7.8,11.9,11.683333333333334,-4.199999999999999,6.1000000000000005,6.1,23.0,0.0,-3.6000000000000005,0.0,100.0,0.0,0.0,3.5,91.13,7,9,69,0,0,10,3,2024,1,2,-2.4492935982947064e-16,1.0,0.5877852522924732,-0.8090169943749473,5.0,8.0,5.0,7.0,5.0,,7.86,7.36,7.0,1.57,5.0,9.0,7.76,6.25,1.5,1.0833333324305554,0
2024-03-10,Fancies,11.0,Regular Day,6.1,8.6,11.733333333333333,-3.0999999999999996,6.8999999999999995,9.4,34.0,0.0,-1.5,10.371944444444445,60.0,0.0,1.0,26.4,71.57333333333332,1,10,70,0,0,10,3,2024,1,2,0.7818314824680298,0.6234898018587336,0.5877852522924732,-0.8090169943749473,9.0,10.0,7.0,5.0,10.0,,7.43,7.43,6.86,1.62,5.0,9.0,7.32,7.75,2.217355782608345,1.5833333320138887,0
2024-03-11,Fancies,9.0,Regular Day,9.4,13.0,11.766666666666667,-4.133333333333333,9.6,5.0,37.0,0.0,-7.0,11.633055555555556,26.0,0.0,0.0,0.0,110.60666666666668,2,11,71,0,0,11,3,2024,0,2,0.9749279121818236,-0.22252093395631434,0.5877852522924732,-0.8090169943749473,9.0,4.0,3.0,6.0,7.0,,7.0,7.36,6.86,1.53,5.0,9.0,6.99,5.5,2.6457513110645907,1.444444442839506,0
2024-03-12,Fancies,12.0,Regular Day,5.0,7.4,11.816666666666666,4.033333333333333,13.799999999999999,10.6,22.7,0.0,-3.799999999999999,11.676111111111112,17.0,0.0,0.0,0.0,59.08333333333333,3,12,72,0,0,11,3,2024,0,2,0.43388373911755823,-0.900968867902419,0.5877852522924732,-0.8090169943749473,6.0,9.0,5.0,9.0,4.0,,6.86,7.36,6.81,1.57,5.0,9.0,6.74,7.25,2.0615528128088303,1.0714285706632651,0
2024-03-13,Fancies,8.0,Regular Day,10.6,4.6,11.85,3.533333333333335,14.700000000000001,13.4,14.2,0.0,-2.5,11.71888888888889,67.0,0.0,0.0,0.0,125.60999999999999,4,13,73,0,0,11,3,2024,0,2,-0.433883739117558,-0.9009688679024191,0.5877852522924732,-0.8090169943749473,6.0,9.0,7.0,6.0,8.0,,7.29,7.5,6.95,1.98,5.0,10.0,7.56,7.0,1.4142135623730951,1.1538461529585797,0
2024-03-14,Fancies,5.0,Regular Day,13.4,3.5999999999999996,11.9,4.966666666666667,16.2,14.4,12.6,0.0,-0.3999999999999986,11.748055555555556,25.0,0.0,0.0,0.0,159.46,5,14,74,0,0,11,3,2024,0,2,-0.9749279121818236,-0.2225209339563146,0.5877852522924732,-0.8090169943749473,6.0,7.0,6.0,7.0,8.0,,7.57,7.43,7.05,1.72,6.0,10.0,7.42,6.5,0.5773502691896257,0.9999999992307692,0
2024-03-15,Fancies,6.0,Regular Day,14.4,1.3999999999999986,11.95,2.3000000000000025,10.4,16.6,22.7,0.0,-2.1999999999999993,2.2205555555555554,93.0,0.0,0.0,0.7,172.07999999999998,6,15,75,0,0,11,3,2024,0,3,-0.7818314824680299,0.6234898018587334,-0.587785252292473,-0.8090169943749476,10.0,7.0,8.0,7.0,4.0,,7.86,7.5,7.24,2.12,6.0,11.0,8.31,8.0,1.4142135623730951,1.1333333325777777,0
2024-03-16,Fancies,2.0,Regular Day,16.6,6.4,11.983333333333333,1.1333333333333329,9.900000000000002,11.6,19.5,0.0,-1.200000000000001,10.7375,64.0,0.0,0.0,0.0,198.92333333333335,7,16,76,0,0,11,3,2024,1,3,-2.4492935982947064e-16,1.0,-0.587785252292473,-0.8090169943749476,7.0,5.0,8.0,5.0,9.0,,7.86,7.86,7.52,2.12,6.0,11.0,8.49,6.25,1.5,0.9230769223668639,0
2024-03-17,Fancies,5.0,Regular Day,11.6,5.6,12.033333333333333,6.066666666666667,9.7,12.4,27.4,0.0,-3.0999999999999996,11.826944444444445,47.0,0.0,0.0,0.0,139.58666666666667,1,17,77,0,0,11,3,2024,1,3,0.7818314824680298,0.6234898018587336,-0.587785252292473,-0.8090169943749476,11.0,9.0,10.0,7.0,8.0,,8.71,8.07,7.86,2.43,6.0,12.0,9.36,9.25,1.707825127659933,1.1764705875432526,0
2024-03-18,Fancies,6.0,Regular Day,12.4,9.3,12.066666666666666,2.166666666666667,8.4,8.7,21.9,0.0,-3.4000000000000004,11.85361111111111,63.0,0.0,0.0,0.0,149.62666666666667,2,18,78,0,0,12,3,2024,0,3,0.9749279121818236,-0.22252093395631434,-0.587785252292473,-0.8090169943749476,9.0,9.0,4.0,3.0,4.0,,9.0,8.0,7.9,2.16,6.0,12.0,9.02,6.25,3.2015621187164243,2.571428567755102,0
2024-03-19,Fancies,5.0,Regular Day,8.7,14.0,12.116666666666667,-2.9333333333333336,8.799999999999999,4.0,25.3,0.0,-5.8,11.353055555555555,32.0,0.0,0.0,0.0,105.41499999999999,3,19,79,0,0,12,3,2024,0,3,0.43388373911755823,-0.900968867902419,-0.587785252292473,-0.8090169943749476,12.0,6.0,9.0,5.0,9.0,,8.86,7.86,7.86,2.41,5.0,12.0,8.02,8.0,3.1622776601683795,1.2857142847959182,0
2024-03-20,Fancies,9.0,Regular Day,4.0,9.3,12.166666666666666,-1.166666666666666,12.0,8.7,31.4,0.0,-6.699999999999999,11.7275,51.0,0.0,0.0,0.6,48.666666666666664,4,20,80,0,0,12,3,2024,0,3,-0.433883739117558,-0.9009688679024191,-0.587785252292473,-0.8090169943749476,8.0,6.0,9.0,7.0,10.0,,8.29,7.79,7.76,2.56,5.0,12.0,7.51,7.5,1.2909944487358056,0.874999999453125,0
2024-03-21,Fancies,8.0,Regular Day,8.7,15.1,12.2,-5.2333333333333325,11.7,2.9,29.4,0.0,-6.9,11.934444444444445,14.0,0.0,0.0,0.1,106.13999999999999,5,21,81,0,0,12,3,2024,0,3,-0.9749279121818236,-0.2225209339563146,-0.587785252292473,-0.8090169943749476,5.0,6.0,7.0,6.0,8.0,,7.57,7.57,7.48,3.51,2.0,12.0,6.13,6.0,0.816496580927726,0.8461538455029586,0
2024-03-22,Fancies,6.0,Regular Day,2.9,15.9,12.25,-4.299999999999999,10.899999999999999,2.1,15.3,0.0,-3.0999999999999996,8.961666666666666,23.0,0.0,0.0,0.0,35.525,6,22,82,0,0,12,3,2024,0,4,-0.7818314824680299,0.6234898018587334,-0.9510565162951536,0.30901699437494723,6.0,10.0,7.0,8.0,8.0,,6.71,7.29,7.24,3.25,2.0,12.0,5.85,7.75,1.707825127659933,1.0666666659555555,0
2024-03-23,Fancies,4.0,Regular Day,2.1,9.0,12.283333333333333,2.0,9.7,9.0,25.7,0.0,-2.6999999999999993,0.6247222222222222,98.0,0.0,1.0,54.7,25.795,7,23,83,0,0,12,3,2024,1,4,-2.4492935982947064e-16,1.0,-0.9510565162951536,0.30901699437494723,2.0,7.0,5.0,8.0,4.0,,6.29,7.07,7.33,3.09,2.0,12.0,5.89,5.5,2.6457513110645907,0.6923076917751478,0
2024-03-24,Fancies,8.0,Regular Day,9.0,14.7,12.333333333333334,-3.033333333333333,10.3,3.3,30.0,0.0,-3.8000000000000007,12.0,17.0,0.0,0.0,0.0,111.0,1,24,84,0,0,12,3,2024,1,4,0.7818314824680298,0.6234898018587336,-0.9510565162951536,0.30901699437494723,5.0,11.0,9.0,10.0,10.0,,5.29,7.0,7.14,1.8,2.0,8.0,5.67,8.75,2.6299556396765835,0.8421052627146814,0
2024-03-25,Fancies,8.0,Regular Day,3.3,13.4,12.383333333333333,-4.2666666666666675,8.299999999999999,4.6,19.2,0.0,-3.3999999999999995,12.0,0.0,0.0,0.0,0.0,40.864999999999995,2,25,85,0,0,13,3,2024,0,4,0.9749279121818236,-0.22252093395631434,-0.9510565162951536,0.30901699437494723,6.0,9.0,9.0,4.0,4.0,,5.43,7.21,7.14,2.07,2.0,9.0,6.5,7.0,2.449489742783178,1.1538461529585797,0
2024-03-26,Fancies,4.0,Regular Day,4.6,12.3,12.416666666666666,-2.833333333333333,9.3,5.7,15.6,0.0,-2.5999999999999996,6.488611111111111,53.0,0.0,0.0,0.0,57.11666666666666,3,26,86,0,0,13,3,2024,0,4,0.43388373911755823,-0.900968867902419,-0.9510565162951536,0.30901699437494723,5.0,12.0,6.0,9.0,8.0,,5.86,7.36,7.19,2.27,2.0,9.0,6.87,8.0,3.1622776601683795,1.1333333325777777,0
2024-03-27,Fancies,6.0,Regular Day,5.7,9.7,12.466666666666667,0.6333333333333337,11.4,8.3,14.3,0.0,-1.1000000000000014,2.4583333333333335,90.0,0.0,0.0,0.4,71.06,4,27,87,0,0,13,3,2024,0,4,-0.433883739117558,-0.9009688679024191,-0.9510565162951536,0.30901699437494723,9.0,8.0,6.0,9.0,7.0,,5.86,7.07,7.14,2.27,2.0,9.0,6.66,8.0,1.4142135623730951,1.1333333325777777,0
2024-03-28,Fancies,7.0,Regular Day,8.3,9.3,12.516666666666667,-2.0666666666666664,2.8999999999999995,8.7,15.9,0.0,-2.0999999999999996,0.0,99.0,0.0,0.0,30.9,103.88833333333335,5,28,88,0,0,13,3,2024,0,4,-0.9749279121818236,-0.2225209339563146,-0.9510565162951536,0.30901699437494723,8.0,5.0,6.0,7.0,9.0,,6.14,6.86,7.1,1.77,4.0,9.0,5.99,6.5,1.2909944487358056,0.9999999992307692,0
2024-03-29,Fancies,7.0,Regular Day,8.7,9.6,12.55,-3.6999999999999993,11.1,8.4,29.4,0.0,-6.5,12.0,50.0,0.0,0.0,3.1,109.185,6,29,89,0,0,13,3,2024,0,5,-0.7818314824680299,0.6234898018587334,-2.4492935982947064e-16,1.0,6.0,6.0,10.0,7.0,7.0,,6.57,6.64,7.05,1.81,4.0,9.0,6.49,7.25,1.8929694486000912,0.7058823525259516,0
2024-03-30,Fancies,8.0,Regular Day,8.4,9.5,12.6,-7.066666666666668,12.9,8.5,22.6,0.0,-3.9000000000000004,8.004444444444445,38.0,0.0,0.0,0.1,105.84,7,30,90,0,0,13,3,2024,1,5,-2.4492935982947064e-16,1.0,-2.4492935982947064e-16,1.0,4.0,2.0,7.0,5.0,7.0,,6.86,6.57,7.0,1.86,4.0,9.0,6.87,4.5,2.0816659994661326,0.4999999995833333,0
2024-03-31,Fancies,3.0,Regular Day,8.5,7.4,12.633333333333333,-4.499999999999998,12.499999999999998,10.6,13.4,0.0,-2.6999999999999993,11.540555555555555,70.0,0.0,1.0,14.4,107.38333333333333,1,31,91,0,1,13,3,2024,1,5,0.7818314824680298,0.6234898018587336,-2.4492935982947064e-16,1.0,8.0,5.0,11.0,9.0,9.0,,6.71,6.0,6.9,2.06,4.0,9.0,6.15,8.25,2.5,0.649999999675,0
2024-04-01,Fancies,8.0,Regular Day,10.6,8.5,12.683333333333334,0.5999999999999996,5.8,9.5,15.6,0.0,-1.799999999999999,2.0844444444444443,87.0,0.0,0.0,18.5,134.44333333333333,2,1,92,1,0,14,4,2024,0,1,0.9749279121818236,-0.22252093395631434,0.9510565162951535,0.30901699437494745,8.0,6.0,9.0,9.0,9.0,,6.29,5.86,6.9,1.8,4.0,8.0,6.11,8.0,1.4142135623730951,0.777777777345679,0
2024-04-02,Fancies,7.0,Regular Day,9.5,10.2,12.716666666666667,-3.2249999999999988,2.999999999999999,7.8,20.5,0.0,-1.6999999999999993,0.0,95.0,0.0,0.0,19.3,120.80833333333334,3,2,93,0,0,14,4,2024,0,1,0.43388373911755823,-0.900968867902419,0.9510565162951535,0.30901699437494745,4.0,5.0,12.0,6.0,8.0,,6.14,6.0,6.95,1.68,4.0,8.0,6.34,6.75,3.593976442141304,0.4999999997222222,0
2024-04-03,Fancies,8.0,Regular Day,7.8,9.1,12.766666666666667,-7.050000000000001,5.3,8.9,27.7,0.0,-0.7999999999999989,0.0,100.0,0.0,0.0,27.1,99.58,4,3,94,0,0,14,4,2024,0,1,-0.433883739117558,-0.9009688679024191,0.9510565162951535,0.30901699437494745,6.0,9.0,8.0,6.0,5.0,,6.29,6.07,6.81,1.7,4.0,8.0,6.5,7.25,1.5,1.0714285706632651,0
2024-04-04,Fancies,7.0,Regular Day,8.9,9.9,12.8,-4.825000000000001,11.1,8.1,26.2,0.0,-0.5999999999999996,8.679166666666667,62.0,0.0,0.0,13.7,113.92000000000002,5,4,95,0,0,14,4,2024,0,1,-0.9749279121818236,-0.2225209339563146,0.9510565162951535,0.30901699437494745,7.0,8.0,5.0,6.0,6.0,,6.86,6.5,6.86,1.46,4.0,8.0,6.88,6.5,1.2909944487358056,1.363636362396694,0
2024-04-05,Fancies,5.0,Regular Day,8.1,10.9,12.85,-6.200000000000001,8.2,7.1,25.4,0.0,-5.799999999999999,10.0,53.0,0.0,0.0,1.0,104.085,6,5,96,0,0,14,4,2024,0,1,-0.7818314824680299,0.6234898018587334,0.9510565162951535,0.30901699437494745,7.0,6.0,6.0,10.0,10.0,,6.14,6.36,6.48,1.95,3.0,8.0,5.91,7.25,1.8929694486000912,0.8124999994921874,0
2024-04-06,Fancies,6.0,Regular Day,7.1,11.2,12.9,-2.925,9.3,6.8,28.7,0.0,-6.0,9.4625,44.0,0.0,0.0,0.2,91.59,7,6,97,0,0,14,4,2024,1,1,-2.4492935982947064e-16,1.0,0.9510565162951535,0.30901699437494745,8.0,4.0,2.0,7.0,9.0,,6.14,6.5,6.43,1.95,3.0,8.0,6.43,5.25,2.753785273643051,1.3333333318518517,0
2024-04-07,Fancies,8.0,Regular Day,6.8,9.9,12.933333333333334,1.6999999999999993,12.4,8.1,21.1,0.0,-4.200000000000001,10.429722222222223,34.0,0.0,0.0,0.0,87.94666666666667,1,7,98,0,0,14,4,2024,1,1,0.7818314824680298,0.6234898018587336,0.9510565162951535,0.30901699437494745,3.0,8.0,5.0,11.0,10.0,,6.57,6.64,6.19,1.72,3.0,8.0,6.57,6.75,3.5,0.6874999995703125,0
2024-04-08,Fancies,8.0,Regular Day,8.1,8.6,12.983333333333333,3.2249999999999996,17.9,9.4,13.1,0.0,-2.1999999999999993,11.535555555555556,30.0,0.0,0.0,0.0,105.16499999999999,2,8,99,0,0,15,4,2024,0,2,0.9749279121818236,-0.22252093395631434,0.5877852522924732,-0.8090169943749473,8.0,8.0,6.0,9.0,7.0,,6.86,6.57,6.19,1.77,3.0,8.0,6.93,7.75,1.2583057392117916,1.0666666659555555,0
2024-04-09,Fancies,8.0,Regular Day,9.4,3.9000000000000004,13.016666666666667,4.65,17.8,14.1,15.6,0.0,0.5,11.034444444444444,76.0,0.0,0.0,0.0,122.35666666666668,3,9,100,0,0,15,4,2024,0,2,0.43388373911755823,-0.900968867902419,0.5877852522924732,-0.8090169943749473,7.0,4.0,5.0,12.0,7.0,,6.86,6.5,6.29,1.77,3.0,8.0,6.95,7.0,3.559026084010437,0.6470588231487889,0
2024-04-10,Fancies,7.0,Regular Day,14.1,2.0999999999999996,13.066666666666666,3.799999999999999,14.2,15.9,14.1,0.0,0.3999999999999986,9.385555555555555,78.0,0.0,0.0,0.6,184.23999999999998,4,10,101,0,0,15,4,2024,0,2,-0.433883739117558,-0.9009688679024191,0.5877852522924732,-0.8090169943749473,8.0,6.0,9.0,8.0,3.0,,6.57,6.43,6.24,1.9,3.0,8.0,6.46,7.75,1.2583057392117916,0.8235294112802768,0
2024-04-11,Fancies,7.0,Regular Day,15.9,2.4000000000000004,13.1,3.325000000000001,7.1,15.6,23.3,0.0,-0.8000000000000007,4.730555555555555,96.0,0.0,0.0,2.7,208.29,5,11,102,0,0,15,4,2024,0,2,-0.9749279121818236,-0.2225209339563146,0.5877852522924732,-0.8090169943749473,7.0,7.0,8.0,5.0,10.0,,6.29,6.57,6.43,1.8,3.0,8.0,6.35,6.75,1.2583057392117916,1.0769230760946744,0
2024-04-12,Fancies,8.0,Regular Day,15.6,1.3999999999999986,13.15,0.9500000000000028,3.6000000000000014,16.6,35.0,0.0,-2.3000000000000007,9.330277777777777,66.0,0.0,0.0,20.0,205.14000000000001,6,12,103,0,0,15,4,2024,0,2,-0.7818314824680299,0.6234898018587334,0.5877852522924732,-0.8090169943749473,5.0,7.0,6.0,6.0,9.0,,7.0,6.57,6.57,1.15,5.0,8.0,6.76,6.0,0.816496580927726,0.9999999991666666,0
2024-04-13,Fancies,7.0,Regular Day,16.6,5.4,13.183333333333334,-4.275,7.5,12.6,37.4,0.0,-5.0,5.929166666666666,75.0,0.0,1.0,0.3,218.84333333333336,7,13,104,0,0,15,4,2024,1,2,-2.4492935982947064e-16,1.0,0.5877852522924732,-0.8090169943749473,6.0,8.0,4.0,2.0,8.0,,7.0,6.57,6.67,1.15,5.0,8.0,7.07,5.0,2.581988897471611,2.3333333294444443,0
2024-04-14,Fancies,2.0,Regular Day,12.6,4.4,13.233333333333333,-3.9000000000000004,15.900000000000002,13.6,28.0,0.0,-4.100000000000001,12.558055555555555,15.0,0.0,0.0,0.0,166.73999999999998,1,14,105,0,0,15,4,2024,1,2,0.7818314824680298,0.6234898018587336,0.5877852522924732,-0.8090169943749473,8.0,3.0,8.0,5.0,5.0,,7.14,6.86,6.81,1.21,5.0,8.0,7.3,6.0,2.449489742783178,0.8461538455029586,0
2024-04-15,Fancies,8.0,Regular Day,13.6,0.0,13.266666666666667,1.5,15.299999999999999,19.4,24.5,0.0,0.1999999999999993,12.450555555555555,58.0,1.3999999999999986,0.0,0.4,180.42666666666668,2,15,106,0,0,16,4,2024,0,3,0.9749279121818236,-0.22252093395631434,-0.587785252292473,-0.8090169943749476,8.0,8.0,8.0,6.0,2.0,,7.0,6.93,6.71,1.15,5.0,8.0,7.23,7.5,1.0,1.1428571420408162,0
2024-04-16,Fancies,5.0,Regular Day,19.4,1.8999999999999986,13.316666666666666,0.125,12.5,16.1,21.4,0.0,-1.8000000000000007,12.688888888888888,4.0,0.0,0.0,0.0,258.3433333333333,3,16,107,0,0,16,4,2024,0,3,0.43388373911755823,-0.900968867902419,-0.587785252292473,-0.8090169943749476,8.0,7.0,4.0,5.0,14.0,,7.0,6.93,6.67,1.15,5.0,8.0,7.17,6.0,1.8257418583505538,1.6666666648148147,0
2024-04-17,Fancies,11.0,Regular Day,16.1,4.699999999999999,13.35,-0.4750000000000014,10.3,13.3,14.3,0.0,-1.6999999999999993,5.586111111111111,67.0,0.0,0.0,2.2,214.935,4,17,108,0,0,16,4,2024,0,3,-0.433883739117558,-0.9009688679024191,-0.587785252292473,-0.8090169943749476,7.0,8.0,6.0,9.0,8.0,,7.43,7.0,6.76,0.79,6.0,8.0,7.38,7.5,1.2909944487358056,0.9999999993333333,0
2024-04-18,Fancies,8.0,Regular Day,13.3,5.0,13.4,-0.8500000000000014,5.0,13.0,18.5,0.0,-2.3000000000000007,8.005833333333333,90.0,0.0,0.0,0.0,178.22000000000003,5,18,109,0,0,16,4,2024,0,3,-0.9749279121818236,-0.2225209339563146,-0.587785252292473,-0.8090169943749476,7.0,7.0,7.0,8.0,3.0,,7.57,6.93,6.9,0.53,7.0,8.0,7.28,7.25,0.5,0.9333333327111111,0
2024-04-19,Fancies,9.0,Regular Day,13.0,8.2,13.433333333333334,-2.799999999999999,9.3,9.8,18.2,0.0,-1.5,8.744722222222222,74.0,0.0,0.0,0.0,174.63333333333333,6,19,110,0,0,16,4,2024,0,3,-0.7818314824680299,0.6234898018587334,-0.587785252292473,-0.8090169943749476,8.0,5.0,7.0,6.0,7.0,,6.71,6.86,6.62,2.14,2.0,8.0,5.96,6.5,1.2909944487358056,0.9999999992307692,0
2024-04-20,Fancies,8.0,Regular Day,9.8,5.9,13.483333333333333,0.625,11.7,12.1,21.3,0.0,-2.1999999999999993,5.078888888888889,72.0,0.0,0.0,1.6,132.13666666666666,7,20,111,0,0,16,4,2024,1,3,-2.4492935982947064e-16,1.0,-0.587785252292473,-0.8090169943749476,7.0,6.0,8.0,4.0,8.0,,6.71,6.86,6.62,2.14,2.0,8.0,6.47,6.25,1.707825127659933,1.0833333324305554,0
2024-04-21,Fancies,9.0,Regular Day,12.1,8.4,13.516666666666667,-4.9,10.899999999999999,9.6,15.5,0.0,-3.6999999999999993,3.0955555555555554,84.0,0.0,0.0,0.0,163.55166666666668,1,21,112,0,0,16,4,2024,1,3,0.7818314824680298,0.6234898018587336,-0.587785252292473,-0.8090169943749476,2.0,8.0,3.0,8.0,6.0,,6.29,6.71,6.67,2.14,2.0,8.0,6.1,5.25,3.2015621187164243,0.9090909082644627,0
2024-04-22,Fancies,8.0,Regular Day,9.6,8.9,13.55,-5.225,12.900000000000002,9.1,16.5,0.0,-3.3000000000000007,12.733888888888888,38.0,0.0,0.0,0.0,130.08,2,22,113,0,0,17,4,2024,0,4,0.9749279121818236,-0.22252093395631434,-0.9510565162951536,0.30901699437494723,8.0,8.0,8.0,8.0,9.0,,6.86,6.93,6.9,2.79,2.0,11.0,7.33,8.0,0.0,0.999999999375,0
2024-04-23,Fancies,10.0,Regular Day,9.1,7.800000000000001,13.6,-3.0000000000000018,12.599999999999998,10.2,20.5,0.0,-1.0999999999999979,13.294166666666667,4.0,0.0,0.0,0.0,123.75999999999999,3,23,114,0,0,17,4,2024,0,4,0.43388373911755823,-0.900968867902419,-0.9510565162951536,0.30901699437494723,5.0,8.0,7.0,4.0,9.0,,7.0,7.0,6.95,2.83,2.0,11.0,7.5,6.0,1.8257418583505538,1.1818181807438015,0
2024-04-24,Fancies,8.0,Regular Day,10.2,3.8000000000000007,13.633333333333333,1.4499999999999993,13.2,14.2,21.3,0.0,-2.5,9.837777777777777,72.0,0.0,0.0,0.9,139.05999999999997,4,24,115,0,0,17,4,2024,0,4,-0.433883739117558,-0.9009688679024191,-0.9510565162951536,0.30901699437494723,11.0,7.0,8.0,6.0,11.0,10.0,7.14,7.29,7.05,2.91,2.0,11.0,7.87,8.0,2.160246899469287,1.2857142847959182,0
2024-04-25,Fancies,6.0,Regular Day,14.2,7.4,13.666666666666666,-1.375,9.700000000000001,10.6,17.6,0.0,-2.6000000000000014,13.324722222222222,32.0,0.0,0.0,0.0,194.06666666666663,5,25,116,0,0,17,4,2024,0,4,-0.9749279121818236,-0.2225209339563146,-0.9510565162951536,0.30901699437494723,8.0,7.0,7.0,7.0,8.0,10.0,7.29,7.43,7.05,2.93,2.0,11.0,7.9,7.25,0.5,1.0714285706632651,0
2024-04-26,Fancies,2.0,Regular Day,10.6,10.1,13.716666666666667,-3.125,13.0,7.9,15.7,0.0,-2.3000000000000007,12.835833333333333,11.0,0.0,0.0,0.0,145.39666666666668,6,26,117,0,0,17,4,2024,0,4,-0.7818314824680299,0.6234898018587334,-0.9510565162951536,0.30901699437494723,9.0,8.0,5.0,7.0,8.0,8.0,8.29,7.5,7.33,1.8,5.0,11.0,8.18,7.25,1.707825127659933,1.416666665486111,0
2024-04-27,Fancies,7.0,Regular Day,7.9,9.3,13.75,-2.7500000000000018,7.8999999999999995,8.7,16.1,0.0,-4.299999999999999,2.8858333333333333,85.0,0.0,0.0,0.0,108.625,7,27,118,0,0,17,4,2024,1,4,-2.4492935982947064e-16,1.0,-0.9510565162951536,0.30901699437494723,8.0,7.0,6.0,8.0,7.0,12.0,8.29,7.5,7.33,1.8,5.0,11.0,8.13,7.25,0.9574271077563381,1.0714285706632651,0
2024-04-28,Fancies,9.0,Regular Day,8.7,2.1999999999999993,13.783333333333333,0.9500000000000011,17.200000000000003,15.8,14.0,0.0,1.8999999999999986,12.87861111111111,83.0,0.0,0.0,0.0,119.91499999999999,1,28,119,0,0,17,4,2024,1,4,0.7818314824680298,0.6234898018587336,-0.9510565162951536,0.30901699437494723,9.0,2.0,8.0,3.0,7.0,6.0,9.0,7.64,7.48,1.15,8.0,11.0,8.6,5.5,3.5118845842842465,0.999999999090909,0
2024-04-29,Fancies,3.0,Regular Day,15.8,0.0,13.816666666666666,4.600000000000001,14.7,22.2,13.1,0.0,2.900000000000002,13.297222222222222,71.0,4.199999999999999,0.0,0.5,218.30333333333334,2,29,120,0,0,18,4,2024,0,5,0.9749279121818236,-0.22252093395631434,-2.4492935982947064e-16,1.0,8.0,8.0,8.0,8.0,10.0,11.0,8.57,7.71,7.48,0.79,8.0,10.0,8.45,8.0,0.0,0.999999999375,0
2024-04-30,Fancies,10.0,Regular Day,22.2,0.0,13.866666666666667,6.449999999999999,11.3,22.4,15.5,0.0,1.0999999999999979,13.325277777777778,82.0,4.399999999999999,0.0,0.0,307.84,3,30,121,0,1,18,4,2024,0,5,0.43388373911755823,-0.900968867902419,-2.4492935982947064e-16,1.0,10.0,5.0,8.0,7.0,6.0,9.0,8.29,7.64,7.43,1.25,6.0,10.0,7.84,7.5,2.0816659994661326,0.9999999993333333,0
2024-05-01,Fancies,4.0,Regular Day,22.4,0.0,13.9,3.4250000000000007,12.6,19.2,17.9,0.0,0.0,12.0,67.0,1.1999999999999993,0.0,0.0,311.36,4,1,122,1,0,18,5,2024,0,1,-0.433883739117558,-0.9009688679024191,0.9510565162951535,0.30901699437494745,8.0,11.0,7.0,8.0,3.0,9.0,7.29,7.21,7.29,2.63,2.0,10.0,6.38,8.5,1.7320508075688772,1.266666665822222,0
2024-05-02,Fancies,3.0,Regular Day,19.2,0.0,13.933333333333334,3.875,19.6,19.1,20.5,0.0,-1.8000000000000007,12.579166666666667,70.0,1.1000000000000014,0.0,0.1,267.52,5,2,123,0,0,18,5,2024,0,1,-0.9749279121818236,-0.2225209339563146,0.9510565162951535,0.30901699437494745,6.0,8.0,7.0,7.0,7.0,7.0,7.14,7.21,7.33,2.61,2.0,10.0,6.53,7.0,0.816496580927726,0.9999999992857143,0
2024-05-03,Fancies,7.0,Regular Day,19.1,2.6999999999999993,13.966666666666667,1.1750000000000007,11.700000000000001,15.3,20.3,0.0,0.8999999999999986,11.135,85.0,0.0,0.0,0.0,266.7633333333334,6,3,124,0,0,18,5,2024,0,1,-0.7818314824680299,0.6234898018587334,0.9510565162951535,0.30901699437494745,2.0,9.0,8.0,5.0,12.0,10.0,7.14,7.71,7.38,2.61,2.0,10.0,7.15,6.0,3.1622776601683795,0.8461538455029586,0
2024-05-04,Fancies,6.0,Regular Day,15.3,7.300000000000001,14.0,-3.5249999999999986,5.0,10.7,17.3,0.0,-2.9000000000000004,2.562777777777778,92.0,0.0,1.0,3.2,214.20000000000002,7,4,125,0,0,18,5,2024,1,1,-2.4492935982947064e-16,1.0,0.9510565162951535,0.30901699437494745,7.0,8.0,7.0,6.0,12.0,11.0,6.43,7.36,7.14,2.99,2.0,10.0,6.11,7.0,0.816496580927726,1.1538461529585797,0
2024-05-05,Fancies,10.0,Regular Day,10.7,5.699999999999999,14.05,-3.1999999999999993,7.1,12.3,17.4,0.0,-1.299999999999999,2.0,100.0,0.0,0.0,2.5,150.335,1,5,126,0,0,18,5,2024,1,1,0.7818314824680298,0.6234898018587336,0.9510565162951535,0.30901699437494745,9.0,9.0,2.0,8.0,6.0,8.0,6.43,7.71,7.24,2.99,2.0,10.0,7.08,7.0,3.366501646120693,1.7999999982,0
2024-05-06,Fancies,2.0,Regular Day,12.3,0.3999999999999986,14.083333333333334,1.0500000000000007,9.499999999999998,17.6,12.2,0.0,2.900000000000002,2.7405555555555554,86.0,0.0,0.0,0.8,173.22500000000002,2,6,127,0,0,19,5,2024,0,1,0.9749279121818236,-0.22252093395631434,0.9510565162951535,0.30901699437494745,3.0,8.0,8.0,8.0,2.0,9.0,5.86,7.21,7.1,3.02,2.0,10.0,6.31,6.75,2.5,0.6874999995703125,0
2024-05-07,Fancies,3.0,Regular Day,17.6,0.0,14.116666666666667,2.025000000000002,10.499999999999998,19.6,15.4,0.0,2.200000000000003,11.0,65.0,1.6000000000000014,0.0,0.0,248.45333333333338,3,7,128,0,0,19,5,2024,0,1,0.43388373911755823,-0.900968867902419,0.9510565162951535,0.30901699437494745,10.0,10.0,5.0,8.0,5.0,6.0,5.43,6.86,6.9,3.21,2.0,10.0,5.49,8.25,2.362907813126304,1.5384615372781063,0
2024-05-08,Fancies,9.0,Regular Day,19.6,0.0,14.15,4.475000000000001,13.6,21.7,21.7,0.0,1.3999999999999986,11.09388888888889,73.0,3.6999999999999993,0.0,1.0,277.34000000000003,4,8,129,0,0,19,5,2024,0,2,-0.433883739117558,-0.9009688679024191,0.5877852522924732,-0.8090169943749473,4.0,8.0,11.0,7.0,5.0,9.0,6.14,6.71,6.86,2.85,3.0,10.0,5.86,7.5,2.886751345948129,0.6666666662962962,0
2024-05-09,Fancies,6.0,Regular Day,21.7,0.0,14.183333333333334,3.349999999999998,9.3,19.7,15.8,0.0,0.8000000000000007,3.276111111111111,87.0,1.6999999999999993,0.0,0.0,307.7783333333333,5,9,130,0,0,19,5,2024,0,2,-0.9749279121818236,-0.2225209339563146,0.5877852522924732,-0.8090169943749473,3.0,6.0,8.0,7.0,9.0,6.0,6.0,6.57,6.81,2.83,3.0,10.0,5.9,6.0,2.160246899469287,0.5999999996,0
2024-05-10,Fancies,9.0,Regular Day,19.7,6.199999999999999,14.216666666666667,-3.424999999999999,7.0,11.8,23.7,0.0,-1.5,0.0,97.0,0.0,0.0,7.2,280.0683333333333,6,10,131,0,0,19,5,2024,0,2,-0.7818314824680299,0.6234898018587334,0.5877852522924732,-0.8090169943749473,7.0,2.0,9.0,8.0,7.0,5.0,6.14,6.64,7.19,3.02,3.0,10.0,6.92,6.5,3.1091263510296048,0.5294117643944637,0
2024-05-11,Fancies,5.0,Regular Day,11.8,6.5,14.25,-4.175000000000001,9.5,11.5,15.7,0.0,-1.5999999999999996,12.487777777777778,70.0,0.0,0.0,0.0,168.15,7,11,132,0,0,19,5,2024,1,2,-2.4492935982947064e-16,1.0,0.5877852522924732,-0.8090169943749473,6.0,7.0,8.0,7.0,5.0,11.0,6.0,6.21,6.9,3.21,2.0,10.0,5.69,7.0,0.816496580927726,0.8666666660888889,0
2024-05-12,Fancies,4.0,Regular Day,11.5,7.199999999999999,14.283333333333333,-5.049999999999997,5.699999999999999,10.8,14.8,0.0,-1.1999999999999993,6.051666666666667,93.0,0.0,0.0,5.8,164.25833333333333,1,12,133,0,0,19,5,2024,1,2,0.7818314824680298,0.6234898018587336,0.5877852522924732,-0.8090169943749473,10.0,9.0,9.0,2.0,6.0,11.0,5.0,5.71,6.81,2.83,2.0,10.0,5.02,7.5,3.696845502136472,1.7272727257024791,0
2024-05-13,Fancies,7.0,Regular Day,10.8,5.800000000000001,14.316666666666666,-3.150000000000002,14.7,12.2,17.0,0.0,-1.1999999999999993,13.134444444444444,24.0,0.0,0.0,0.0,154.62,2,13,134,0,0,20,5,2024,0,2,0.9749279121818236,-0.22252093395631434,0.5877852522924732,-0.8090169943749473,2.0,3.0,8.0,8.0,9.0,8.0,5.71,5.79,6.71,3.15,2.0,10.0,6.01,5.25,3.2015621187164243,0.3124999998046875,0
2024-05-14,Fancies,4.0,Regular Day,12.2,1.8000000000000007,14.35,0.125,11.8,16.2,18.0,0.0,0.29999999999999716,9.31861111111111,82.0,0.0,0.0,1.4,175.07,3,14,135,0,0,20,5,2024,0,2,0.43388373911755823,-0.900968867902419,0.5877852522924732,-0.8090169943749473,3.0,10.0,10.0,5.0,6.0,11.0,6.14,5.79,6.62,2.91,2.0,10.0,6.01,7.0,3.559026084010437,0.8666666660888889,0
2024-05-15,Fancies,8.0,Regular Day,16.2,2.1999999999999993,14.383333333333333,-2.1999999999999993,4.199999999999999,15.8,29.0,0.0,-1.8999999999999986,4.473055555555556,95.0,0.0,0.0,11.1,233.01,4,15,136,0,0,20,5,2024,0,3,-0.433883739117558,-0.9009688679024191,-0.587785252292473,-0.8090169943749476,9.0,4.0,8.0,11.0,7.0,6.0,6.43,6.29,6.62,3.1,2.0,10.0,6.76,8.0,2.943920288775949,0.6842105259556787,0
2024-05-16,Fancies,5.0,Regular Day,15.8,1.3999999999999986,14.416666666666666,-3.3999999999999986,2.700000000000001,16.6,26.8,0.0,-0.9000000000000021,0.0,100.0,0.0,0.0,3.3,227.78333333333333,5,16,137,0,0,20,5,2024,0,3,-0.9749279121818236,-0.2225209339563146,-0.587785252292473,-0.8090169943749476,6.0,3.0,6.0,8.0,7.0,10.0,6.29,6.14,6.48,3.15,2.0,10.0,6.32,5.75,2.0615528128088303,0.6428571423979591,0
2024-05-17,Fancies,7.0,Regular Day,16.6,0.6999999999999993,14.433333333333334,-1.0749999999999993,6.999999999999998,17.3,18.0,0.0,-0.5,0.2663888888888889,100.0,0.0,0.0,0.4,239.59333333333336,6,17,138,0,0,20,5,2024,0,3,-0.7818314824680299,0.6234898018587334,-0.587785252292473,-0.8090169943749476,9.0,7.0,2.0,9.0,5.0,5.0,5.43,5.79,6.24,2.76,2.0,9.0,5.74,6.75,3.304037933599835,1.4545454532231403,0
2024-05-18,Fancies,5.0,Regular Day,17.3,2.3000000000000007,14.45,-3.275000000000002,7.0,15.7,10.2,0.0,0.8000000000000007,1.0766666666666667,87.0,0.0,1.0,4.3,249.98499999999999,7,18,139,0,0,20,5,2024,1,3,-2.4492935982947064e-16,1.0,-0.587785252292473,-0.8090169943749476,5.0,6.0,7.0,8.0,7.0,8.0,6.14,6.07,6.19,2.34,3.0,9.0,6.05,6.5,1.2909944487358056,0.7333333328444444,0
2024-05-19,Fancies,3.0,Regular Day,15.7,1.8000000000000007,14.483333333333333,-2.1750000000000007,10.200000000000001,16.2,16.3,0.0,0.0,6.221111111111111,80.0,0.0,0.0,0.8,227.38833333333332,1,19,140,0,0,20,5,2024,1,3,0.7818314824680298,0.6234898018587336,-0.587785252292473,-0.8090169943749476,4.0,10.0,9.0,9.0,3.0,11.0,6.29,5.64,5.9,2.14,4.0,9.0,5.54,8.0,2.70801280154532,0.777777777345679,0
2024-05-20,Fancies,3.0,Regular Day,16.2,2.1999999999999993,14.516666666666667,-0.34999999999999787,13.500000000000002,15.8,15.5,0.0,0.7999999999999972,14.0,41.0,0.0,0.0,0.0,235.17000000000002,2,20,141,0,0,21,5,2024,0,3,0.9749279121818236,-0.22252093395631434,-0.587785252292473,-0.8090169943749476,7.0,2.0,3.0,8.0,5.0,8.0,6.14,5.93,5.9,1.95,4.0,9.0,6.16,5.0,2.943920288775949,0.8181818174380164,0
2024-05-21,Fancies,5.0,Regular Day,15.8,0.3000000000000007,14.533333333333333,2.2749999999999986,16.5,17.7,15.1,0.0,3.8000000000000007,14.0,47.0,0.0,0.0,0.0,229.62666666666667,3,21,142,0,0,21,5,2024,0,3,0.43388373911755823,-0.900968867902419,-0.587785252292473,-0.8090169943749476,4.0,3.0,10.0,10.0,7.0,11.0,6.0,6.07,5.86,2.0,4.0,9.0,5.87,6.75,3.774917217635375,0.34999999982499996,0
2024-05-22,Fancies,9.0,Regular Day,17.7,0.0,14.566666666666666,3.5666666666666664,14.999999999999998,19.7,16.9,0.0,3.200000000000003,14.0,30.0,1.6999999999999993,0.0,0.0,257.83,4,22,143,0,0,21,5,2024,0,4,-0.433883739117558,-0.9009688679024191,-0.9510565162951536,0.30901699437494723,8.0,9.0,4.0,8.0,6.0,8.0,5.71,6.07,6.1,1.6,4.0,8.0,6.15,7.25,2.217355782608345,1.416666665486111,0
2024-05-23,Fancies,7.0,Regular Day,19.7,0.0,14.6,4.5,8.399999999999999,21.7,15.5,0.0,3.900000000000002,10.133611111111112,76.0,3.6999999999999993,0.0,20.3,287.62,5,23,144,0,0,21,5,2024,0,4,-0.9749279121818236,-0.2225209339563146,-0.9510565162951536,0.30901699437494723,5.0,6.0,3.0,6.0,8.0,4.0,5.71,6.0,6.0,1.6,4.0,8.0,5.86,5.0,1.4142135623730951,1.2222222208641975,0
2024-05-24,Fancies,8.0,Regular Day,21.7,0.0,14.616666666666667,5.166666666666664,12.0,22.8,13.0,0.0,2.0,11.030555555555555,61.0,4.800000000000001,0.0,4.0,317.1816666666667,6,24,145,0,0,21,5,2024,0,4,-0.7818314824680299,0.6234898018587334,-0.9510565162951536,0.30901699437494723,7.0,9.0,7.0,2.0,8.0,8.0,5.57,5.5,5.71,1.81,3.0,8.0,5.15,6.25,2.9860788111948193,1.7777777758024689,0
2024-05-25,Fancies,5.0,Regular Day,22.8,0.0,14.65,4.599999999999998,12.1,22.0,14.8,0.0,2.8000000000000007,14.0,65.0,4.0,0.0,1.2,334.02000000000004,7,25,146,0,0,21,5,2024,1,4,-2.4492935982947064e-16,1.0,-0.9510565162951536,0.30901699437494723,5.0,5.0,6.0,7.0,10.0,7.0,5.0,5.57,5.71,1.91,3.0,8.0,4.61,5.75,0.9574271077563381,0.7692307686390532,0
2024-05-26,Fancies,9.0,Regular Day,22.0,0.0,14.666666666666666,3.9333333333333336,12.100000000000001,21.7,12.7,0.0,3.599999999999998,13.054722222222223,79.0,3.6999999999999993,0.0,0.0,322.66666666666663,1,26,147,0,0,21,5,2024,1,4,0.7818314824680298,0.6234898018587336,-0.9510565162951536,0.30901699437494723,3.0,4.0,10.0,9.0,4.0,5.0,5.14,5.71,5.48,1.86,3.0,8.0,4.71,6.5,3.5118845842842465,0.3684210524376731,0
2024-05-27,Fancies,10.0,Memorial Day,21.7,0.0,14.683333333333334,3.6666666666666643,8.7,20.2,26.1,0.0,1.3000000000000007,3.4280555555555554,99.0,2.1999999999999993,0.0,3.2,318.62833333333333,2,27,148,0,0,22,5,2024,0,4,0.9749279121818236,-0.22252093395631434,-0.9510565162951536,0.30901699437494723,3.0,7.0,2.0,3.0,9.0,8.0,5.29,5.71,5.71,2.14,3.0,9.0,5.78,3.75,2.217355782608345,1.9999999960000001,1
2024-05-28,Fancies,8.0,Regular Day,20.2,0.0,14.716666666666667,3.133333333333333,9.100000000000001,22.2,21.3,0.0,-0.3000000000000007,13.0,22.0,4.199999999999999,0.0,1.4,297.27666666666664,3,28,149,0,0,22,5,2024,0,4,0.43388373911755823,-0.900968867902419,-0.9510565162951536,0.30901699437494723,5.0,4.0,3.0,10.0,9.0,6.0,5.57,5.79,5.9,2.23,3.0,9.0,6.09,5.5,3.1091263510296048,0.6923076917751478,0
2024-05-29,Fancies,4.0,Regular Day,22.2,0.0,14.733333333333333,2.0,11.000000000000002,20.7,15.0,0.0,1.0999999999999979,14.0,14.0,2.6999999999999993,0.0,0.3,327.08,4,29,150,0,0,22,5,2024,0,5,-0.433883739117558,-0.9009688679024191,-2.4492935982947064e-16,1.0,9.0,8.0,9.0,4.0,7.0,8.0,5.71,5.71,5.95,2.36,3.0,9.0,6.56,7.5,2.3804761428476167,1.3076923066863904,0
2024-05-30,Fancies,9.0,Regular Day,20.7,0.0,14.75,1.1333333333333329,9.099999999999998,18.3,17.1,0.0,-1.3999999999999986,13.068888888888889,27.0,0.3000000000000007,0.0,3.2,305.325,5,30,151,0,0,22,5,2024,0,5,-0.9749279121818236,-0.2225209339563146,-2.4492935982947064e-16,1.0,7.0,5.0,6.0,3.0,7.0,9.0,5.71,5.71,5.9,2.36,3.0,9.0,6.17,5.25,1.707825127659933,1.3333333318518517,0
2024-05-31,Fancies,5.0,Regular Day,18.3,0.0,14.766666666666667,0.6333333333333364,13.1,18.0,19.0,0.0,-2.8999999999999986,14.0,16.0,0.0,0.0,0.0,270.23,6,31,152,0,1,22,5,2024,0,5,-0.7818314824680299,0.6234898018587334,-2.4492935982947064e-16,1.0,8.0,7.0,9.0,7.0,5.0,9.0,6.57,6.07,5.86,2.3,3.0,9.0,6.88,7.75,0.9574271077563381,0.9374999994140625,0
2024-06-01,Fancies,5.0,Regular Day,18.0,0.0,14.8,0.7999999999999972,15.799999999999999,19.7,13.0,0.0,-0.29999999999999716,14.004166666666666,17.0,1.6999999999999993,0.0,0.0,266.40000000000003,7,1,153,1,0,22,6,2024,1,1,-2.4492935982947064e-16,1.0,0.9510565162951535,0.30901699437494745,5.0,5.0,5.0,6.0,9.0,8.0,7.57,6.29,6.24,1.99,5.0,10.0,7.66,5.25,0.5,0.9090909082644627,0
2024-06-02,Fancies,6.0,Regular Day,19.7,0.0,14.8,1.6000000000000014,12.1,21.1,15.2,0.0,-1.3000000000000007,9.100277777777778,95.0,3.1000000000000014,0.0,0.0,291.56,1,2,154,0,0,22,6,2024,1,1,0.7818314824680298,0.6234898018587336,0.9510565162951535,0.30901699437494745,9.0,3.0,4.0,10.0,9.0,11.0,8.0,6.57,6.48,1.63,5.0,10.0,7.74,6.5,3.5118845842842465,0.8571428565306122,0
2024-06-03,Fancies,8.0,Regular Day,21.1,0.0,14.816666666666666,3.033333333333335,9.7,22.9,12.1,0.0,1.8000000000000007,9.957777777777778,65.0,4.899999999999999,0.0,9.8,312.63166666666666,2,3,155,0,0,23,6,2024,0,1,0.9749279121818236,-0.22252093395631434,0.9510565162951535,0.30901699437494745,10.0,3.0,7.0,2.0,6.0,5.0,7.29,6.29,6.24,2.14,4.0,10.0,6.81,5.5,3.696845502136472,1.444444442839506,0
2024-06-04,Fancies,6.0,Regular Day,22.9,0.0,14.85,1.6333333333333329,10.2,22.1,13.8,0.0,2.5,13.858055555555556,49.0,4.100000000000001,0.0,0.1,340.065,3,4,156,0,0,23,6,2024,0,1,0.43388373911755823,-0.900968867902419,0.9510565162951535,0.30901699437494745,8.0,5.0,4.0,3.0,6.0,5.0,7.57,6.57,6.38,2.23,4.0,10.0,7.36,5.0,2.160246899469287,1.8571428544897959,0
2024-06-05,Fancies,2.0,Regular Day,22.1,0.0,14.85,-0.3000000000000007,9.400000000000002,21.0,17.6,0.0,2.0,10.268055555555556,97.0,3.0,0.0,2.4,328.185,4,5,157,0,0,23,6,2024,0,1,-0.433883739117558,-0.9009688679024191,0.9510565162951535,0.30901699437494745,4.0,9.0,8.0,9.0,6.0,11.0,7.14,6.43,6.19,2.41,4.0,10.0,6.77,7.5,2.3804761428476167,0.7647058819031142,0
2024-06-06,Fancies,7.0,Regular Day,21.0,0.0,14.866666666666667,1.8666666666666671,7.799999999999997,23.7,21.1,0.0,2.400000000000002,10.35,96.0,5.699999999999999,0.0,27.9,312.2,5,6,158,0,0,23,6,2024,0,1,-0.9749279121818236,-0.2225209339563146,0.9510565162951535,0.30901699437494745,9.0,7.0,5.0,6.0,10.0,9.0,7.14,6.43,6.19,2.41,4.0,10.0,6.33,6.75,1.707825127659933,1.4545454532231403,0
2024-06-07,Fancies,4.0,National Donut Day,23.7,0.0,14.883333333333333,3.666666666666668,10.600000000000001,24.4,23.7,0.0,-0.5,12.292777777777777,32.0,6.399999999999999,0.0,0.0,352.73499999999996,6,7,159,0,0,23,6,2024,0,1,-0.7818314824680299,0.6234898018587334,0.9510565162951535,0.30901699437494745,5.0,8.0,7.0,9.0,7.0,9.0,6.71,6.64,6.29,2.29,4.0,10.0,6.24,7.25,1.707825127659933,0.8124999994921874,1
2024-06-08,Fancies,7.0,Regular Day,24.4,0.0,14.883333333333333,2.8333333333333357,11.7,22.7,20.5,0.0,-1.5,14.0,22.0,4.699999999999999,0.0,0.0,363.1533333333333,7,8,160,0,0,23,6,2024,1,2,-2.4492935982947064e-16,1.0,0.5877852522924732,-0.8090169943749473,5.0,5.0,5.0,5.0,11.0,7.0,6.43,7.0,6.33,1.9,4.0,9.0,6.68,5.0,0.0,0.9999999989999999,0
2024-06-09,Fancies,2.0,Regular Day,22.7,0.0,14.916666666666666,1.7333333333333343,9.600000000000001,23.0,25.6,0.0,-1.8999999999999986,11.579166666666667,46.0,5.0,0.0,0.2,338.6083333333333,1,9,161,0,0,23,6,2024,1,2,0.7818314824680298,0.6234898018587336,0.5877852522924732,-0.8090169943749473,6.0,9.0,3.0,4.0,9.0,12.0,6.14,7.07,6.43,1.77,4.0,9.0,6.51,5.5,2.6457513110645907,2.142857139795918,0
2024-06-10,Fancies,8.0,Regular Day,23.0,0.0,14.916666666666666,-0.9999999999999964,9.600000000000001,21.6,20.9,0.0,-2.8000000000000007,13.116944444444444,32.0,3.6000000000000014,0.0,0.0,343.0833333333333,2,10,162,0,0,24,6,2024,0,2,0.9749279121818236,-0.22252093395631434,0.5877852522924732,-0.8090169943749473,8.0,10.0,3.0,7.0,12.0,8.0,5.86,6.57,6.14,2.27,2.0,9.0,5.38,7.0,2.943920288775949,1.7999999982,0
2024-06-11,Fancies,5.0,Regular Day,21.6,0.0,14.933333333333334,-2.4666666666666686,8.4,19.3,12.0,0.0,0.6999999999999993,11.959444444444445,57.0,1.3000000000000007,0.0,5.4,322.56,3,11,163,0,0,24,6,2024,0,2,0.43388373911755823,-0.900968867902419,0.5877852522924732,-0.8090169943749473,6.0,8.0,5.0,4.0,8.0,3.0,5.57,6.57,6.24,1.9,2.0,8.0,5.79,5.75,1.707825127659933,1.5555555538271604,0
2024-06-12,Fancies,8.0,Regular Day,19.3,0.0,14.933333333333334,-1.3666666666666671,13.9,19.8,9.6,0.0,-0.6999999999999993,14.0,41.0,1.8000000000000007,0.0,0.0,288.21333333333337,4,12,164,0,0,24,6,2024,0,2,-0.433883739117558,-0.9009688679024191,0.5877852522924732,-0.8090169943749473,2.0,4.0,9.0,8.0,5.0,11.0,5.43,6.29,6.1,1.99,2.0,8.0,5.34,5.75,3.304037933599835,0.3529411762629758,0
2024-06-13,Fancies,6.0,Regular Day,19.8,0.0,14.95,1.2999999999999972,12.0,22.3,22.0,0.0,1.6000000000000014,13.777777777777779,21.0,4.300000000000001,0.0,0.1,296.01,5,13,165,0,0,24,6,2024,0,2,-0.9749279121818236,-0.2225209339563146,0.5877852522924732,-0.8090169943749473,7.0,9.0,7.0,5.0,6.0,11.0,5.71,6.43,6.19,2.06,2.0,8.0,5.76,7.0,1.632993161855452,1.333333332222222,0
2024-06-14,Fancies,5.0,Regular Day,22.3,0.0,14.95,3.5,11.600000000000001,24.5,17.3,0.0,3.299999999999997,13.578611111111112,34.0,6.5,0.0,2.5,333.385,6,14,166,0,0,24,6,2024,0,2,-0.7818314824680299,0.6234898018587334,0.5877852522924732,-0.8090169943749473,4.0,5.0,8.0,7.0,2.0,12.0,5.14,5.93,6.14,2.48,2.0,8.0,4.82,6.0,1.8257418583505538,0.5999999996,0
2024-06-15,Fancies,6.0,Regular Day,24.5,0.0,14.95,2.4666666666666686,10.399999999999999,22.8,14.3,0.0,0.10000000000000142,13.604722222222222,34.0,4.800000000000001,1.0,13.0,366.275,7,15,167,0,0,24,6,2024,1,3,-2.4492935982947064e-16,1.0,-0.587785252292473,-0.8090169943749476,7.0,5.0,5.0,5.0,5.0,10.0,5.14,5.79,6.38,2.48,2.0,8.0,5.61,5.5,1.0,1.1999999987999999,0
2024-06-16,Fancies,9.0,Regular Day,22.8,0.0,14.966666666666667,0.49999999999999645,12.3,20.9,16.5,0.0,2.1000000000000014,14.0,42.0,2.8999999999999986,0.0,0.0,341.24,1,16,168,0,0,24,6,2024,1,3,0.7818314824680298,0.6234898018587336,-0.587785252292473,-0.8090169943749476,2.0,6.0,9.0,3.0,6.0,10.0,5.0,5.57,6.38,2.45,2.0,8.0,5.46,5.0,3.1622776601683795,0.666666666111111,0
2024-06-17,Fancies,7.0,Regular Day,20.9,0.0,14.95,0.33333333333333215,11.799999999999997,22.6,19.7,0.0,1.4000000000000021,14.0,50.0,4.600000000000001,0.0,0.0,312.455,2,17,169,0,0,25,6,2024,0,3,0.9749279121818236,-0.22252093395631434,-0.587785252292473,-0.8090169943749476,8.0,8.0,10.0,3.0,5.0,5.0,5.86,5.86,6.33,2.27,2.0,8.0,6.09,7.25,2.9860788111948193,1.230769229822485,0
2024-06-18,Fancies,6.0,Regular Day,22.6,0.0,14.95,0.23333333333333783,10.200000000000003,24.3,17.9,0.0,3.8999999999999986,14.0,52.0,6.300000000000001,0.0,0.0,337.87,3,18,170,0,0,25,6,2024,0,3,0.43388373911755823,-0.900968867902419,-0.587785252292473,-0.8090169943749476,5.0,6.0,8.0,5.0,9.0,2.0,5.71,5.64,6.29,2.21,2.0,8.0,6.07,6.0,1.4142135623730951,0.8461538455029586,0
2024-06-19,Fancies,8.0,Juneteenth Day,24.3,0.0,14.966666666666667,1.5333333333333314,11.7,24.0,17.2,0.0,3.6000000000000014,14.0,44.0,6.0,0.0,0.0,363.69,4,19,171,0,0,25,6,2024,0,3,-0.433883739117558,-0.9009688679024191,-0.587785252292473,-0.8090169943749476,8.0,2.0,4.0,9.0,8.0,12.0,5.86,5.64,6.14,2.12,2.0,8.0,5.8,5.75,3.304037933599835,0.7692307686390532,1
2024-06-20,Fancies,8.0,Regular Day,24.0,0.0,14.966666666666667,2.333333333333332,12.899999999999999,24.8,15.2,0.0,3.1000000000000014,14.0,58.0,6.800000000000001,0.0,0.0,359.2,5,20,172,0,0,25,6,2024,0,3,-0.9749279121818236,-0.2225209339563146,-0.587785252292473,-0.8090169943749476,6.0,7.0,9.0,7.0,6.0,9.0,5.71,5.71,6.19,2.06,2.0,8.0,5.85,7.25,1.2583057392117916,0.8124999994921874,0
2024-06-21,Fancies,1.0,Regular Day,24.8,0.0,14.966666666666667,2.8000000000000007,13.8,26.1,16.1,0.0,2.5,14.0,23.0,8.100000000000001,0.0,0.0,371.17333333333335,6,21,173,0,0,25,6,2024,0,3,-0.7818314824680299,0.6234898018587334,-0.587785252292473,-0.8090169943749476,5.0,4.0,5.0,8.0,4.0,12.0,6.71,5.93,6.19,1.6,5.0,9.0,6.64,5.5,1.7320508075688772,0.6923076917751478,0
2024-06-22,Fancies,3.0,Regular Day,26.1,0.0,14.966666666666667,1.7333333333333307,14.399999999999999,28.2,17.6,0.0,3.0,14.0,20.0,10.2,0.0,0.0,390.63000000000005,7,22,174,0,0,25,6,2024,1,4,-2.4492935982947064e-16,1.0,-0.9510565162951536,0.30901699437494723,6.0,7.0,5.0,5.0,8.0,7.0,6.57,5.86,6.05,1.51,5.0,9.0,6.73,5.75,0.9574271077563381,1.2999999987,0
2024-06-23,Fancies,3.0,Regular Day,28.2,0.0,14.95,1.6999999999999993,11.400000000000002,29.5,26.7,0.0,-0.4000000000000057,13.14611111111111,67.0,11.5,0.0,0.0,421.59,1,23,175,0,0,25,6,2024,1,4,0.7818314824680298,0.6234898018587336,-0.9510565162951536,0.30901699437494723,9.0,2.0,6.0,9.0,8.0,9.0,6.71,5.86,5.95,1.38,5.0,9.0,6.55,6.5,3.3166247903554,0.7333333328444444,0
2024-06-24,Fancies,1.0,Regular Day,29.5,0.0,14.95,-0.23333333333333783,5.600000000000001,26.4,27.9,0.0,1.3999999999999986,13.0,46.0,8.399999999999999,0.0,3.7,441.025,2,24,176,0,0,26,6,2024,0,4,0.9749279121818236,-0.22252093395631434,-0.9510565162951536,0.30901699437494723,7.0,8.0,8.0,10.0,4.0,9.0,6.71,6.29,6.14,1.38,5.0,9.0,6.91,8.25,1.2583057392117916,0.8333333328703704,0
2024-06-25,Fancies,5.0,Regular Day,26.4,0.0,14.966666666666667,-0.10000000000000142,12.600000000000001,25.1,20.1,0.0,0.20000000000000284,14.0,17.0,7.100000000000001,0.0,0.0,395.12,3,25,177,0,0,26,6,2024,0,4,0.43388373911755823,-0.900968867902419,-0.9510565162951536,0.30901699437494723,6.0,5.0,6.0,8.0,6.0,10.0,7.0,6.36,6.1,1.41,5.0,9.0,7.18,6.25,1.2583057392117916,0.7857142851530612,0
2024-06-26,Fancies,5.0,Regular Day,25.1,0.0,14.95,3.6333333333333293,11.700000000000003,27.4,18.5,0.0,2.3999999999999986,14.0,88.0,9.399999999999999,0.0,0.0,375.245,4,26,178,0,0,26,6,2024,0,4,-0.433883739117558,-0.9009688679024191,-0.9510565162951536,0.30901699437494723,8.0,8.0,2.0,4.0,7.0,9.0,6.43,6.14,5.9,2.64,1.0,9.0,5.64,5.5,3.0,2.666666662222222,0
2024-06-27,Fancies,9.0,Regular Day,27.4,0.0,14.95,1.6666666666666679,9.0,26.0,18.9,0.0,0.8999999999999986,10.926666666666666,86.0,8.0,0.0,3.7,409.62999999999994,5,27,179,0,0,26,6,2024,0,4,-0.9749279121818236,-0.2225209339563146,-0.9510565162951536,0.30901699437494723,8.0,6.0,7.0,9.0,7.0,9.0,6.0,5.86,5.81,2.94,1.0,9.0,4.98,7.5,1.2909944487358056,0.874999999453125,0
2024-06-28,Fancies,8.0,Regular Day,26.0,0.0,14.933333333333334,-1.3000000000000007,9.200000000000003,22.5,16.0,0.0,-0.40000000000000213,14.0,27.0,4.5,0.0,0.0,388.26666666666665,6,28,180,0,0,26,6,2024,0,4,-0.7818314824680299,0.6234898018587334,-0.9510565162951536,0.30901699437494723,1.0,5.0,4.0,5.0,8.0,12.0,5.14,5.93,5.67,2.79,1.0,8.0,4.48,3.75,1.8929694486000912,0.6666666659259258,0
2024-06-29,Fancies,1.0,Regular Day,22.5,0.0,14.933333333333334,-0.93333333333333,9.100000000000001,23.1,26.0,0.0,1.6999999999999993,13.655,84.0,5.100000000000001,0.0,2.1,336.0,7,29,181,0,0,26,6,2024,1,5,-2.4492935982947064e-16,1.0,-2.4492935982947064e-16,1.0,3.0,6.0,7.0,5.0,3.0,6.0,4.29,5.43,5.33,3.04,1.0,8.0,3.61,5.25,1.707825127659933,0.749999999375,0
2024-06-30,Fancies,6.0,Regular Day,23.1,0.0,14.916666666666666,1.1333333333333329,6.199999999999999,26.2,19.5,0.0,4.200000000000003,5.628333333333333,81.0,8.2,0.0,5.6,344.575,1,30,182,0,1,26,6,2024,1,5,0.7818314824680298,0.6234898018587336,-2.4492935982947064e-16,1.0,3.0,9.0,2.0,6.0,8.0,7.0,4.14,5.43,5.29,2.97,1.0,8.0,3.96,5.0,3.1622776601683795,1.4999999981249998,0
2024-07-01,Fancies,6.0,Regular Day,26.2,0.0,14.9,-1.1666666666666643,10.7,22.7,20.1,0.0,5.5000000000000036,14.0,41.0,4.699999999999999,0.0,8.1,390.38,2,1,183,1,0,27,7,2024,0,1,0.9749279121818236,-0.22252093395631434,0.9510565162951535,0.30901699437494745,1.0,7.0,8.0,8.0,7.0,7.0,3.71,5.21,5.43,2.5,1.0,8.0,4.22,6.0,3.366501646120693,0.4999999996875,0
2024-07-02,Fancies,5.0,Regular Day,22.7,0.0,14.883333333333333,-2.3999999999999986,12.100000000000001,22.2,14.1,0.0,2.3000000000000007,13.668333333333333,31.0,4.199999999999999,0.0,0.0,337.85166666666663,3,2,184,0,0,27,7,2024,0,1,0.43388373911755823,-0.900968867902419,0.9510565162951535,0.30901699437494745,5.0,6.0,5.0,6.0,8.0,13.0,3.86,5.43,5.52,2.79,1.0,9.0,5.41,5.5,0.5773502691896257,0.999999999090909,0
2024-07-03,Fancies,8.0,Regular Day,22.2,0.0,14.883333333333333,-1.7333333333333343,11.8,22.0,18.4,0.0,1.5,13.259722222222223,55.0,4.0,0.0,0.0,330.40999999999997,4,3,185,0,0,27,7,2024,0,1,-0.433883739117558,-0.9009688679024191,0.9510565162951535,0.30901699437494745,5.0,8.0,8.0,2.0,7.0,8.0,4.86,5.64,5.71,2.85,1.0,9.0,6.06,5.75,2.8722813232690143,1.2999999987,0
2024-07-04,Fancies,6.0,Independence Day,22.0,0.0,14.866666666666667,-0.26666666666666927,12.5,24.4,15.9,0.0,4.899999999999999,13.712777777777777,91.0,6.399999999999999,0.0,0.1,327.06666666666666,5,4,186,0,0,27,7,2024,0,1,-0.9749279121818236,-0.2225209339563146,0.9510565162951535,0.30901699437494745,9.0,8.0,6.0,7.0,5.0,7.0,4.57,5.29,5.43,3.15,1.0,9.0,4.8,7.5,1.2909944487358056,1.3076923066863904,1
2024-07-05,Fancies,5.0,Regular Day,24.4,0.0,14.866666666666667,1.7666666666666693,11.599999999999998,27.8,16.7,0.0,5.200000000000003,13.619444444444444,62.0,9.8,0.0,0.4,362.74666666666667,6,5,187,0,0,27,7,2024,0,1,-0.7818314824680299,0.6234898018587334,0.9510565162951535,0.30901699437494745,8.0,1.0,5.0,4.0,6.0,10.0,5.0,5.07,5.62,3.11,1.0,9.0,5.1,4.5,2.886751345948129,0.9999999988888888,0
2024-07-06,Fancies,5.0,Regular Day,27.8,0.0,14.833333333333334,2.066666666666663,10.8,28.7,17.0,0.0,6.600000000000001,14.0,71.0,10.7,0.0,0.6,412.3666666666667,7,6,188,0,0,27,7,2024,1,1,-2.4492935982947064e-16,1.0,0.9510565162951535,0.30901699437494745,1.0,3.0,6.0,7.0,8.0,11.0,5.71,5.0,5.52,2.56,1.0,9.0,5.32,4.25,2.753785273643051,0.30769230745562126,0
2024-07-07,Fancies,5.0,Regular Day,28.7,0.0,14.833333333333334,1.5,8.100000000000001,28.5,12.0,0.0,5.699999999999996,13.138055555555555,62.0,10.5,0.0,0.4,425.7166666666667,1,7,189,0,0,27,7,2024,1,1,0.7818314824680298,0.6234898018587336,0.9510565162951535,0.30901699437494745,6.0,3.0,9.0,2.0,8.0,6.0,5.71,4.93,5.52,2.56,1.0,9.0,5.24,5.0,3.1622776601683795,0.8181818174380164,0
2024-07-08,Fancies,1.0,Regular Day,28.5,0.0,14.816666666666666,1.5999999999999979,9.300000000000004,27.5,12.0,0.0,4.599999999999994,12.831944444444444,65.0,9.5,0.0,0.2,422.275,2,8,190,0,0,28,7,2024,0,2,0.9749279121818236,-0.22252093395631434,0.5877852522924732,-0.8090169943749473,6.0,1.0,7.0,8.0,8.0,11.0,6.14,4.93,5.52,2.67,1.0,9.0,5.93,5.5,3.1091263510296048,0.46666666635555554,0
2024-07-09,Fancies,3.0,Regular Day,27.5,0.0,14.783333333333333,2.7333333333333307,10.0,27.7,17.0,0.0,4.799999999999997,12.550277777777778,96.0,9.7,0.0,0.0,406.5416666666667,3,9,191,0,0,28,7,2024,0,2,0.43388373911755823,-0.900968867902419,0.5877852522924732,-0.8090169943749473,5.0,5.0,6.0,5.0,7.0,4.0,5.71,4.79,5.52,2.36,1.0,8.0,5.95,5.25,0.5,0.9090909082644627,0
2024-07-10,Fancies,10.0,Regular Day,27.7,0.0,14.783333333333333,1.7666666666666693,7.099999999999998,27.6,29.6,0.0,3.0000000000000036,13.280555555555555,73.0,9.600000000000001,0.0,0.1,409.49833333333333,4,10,192,0,0,28,7,2024,0,2,-0.433883739117558,-0.9009688679024191,0.5877852522924732,-0.8090169943749473,8.0,5.0,8.0,8.0,7.0,9.0,5.29,5.07,5.52,2.14,1.0,8.0,5.71,7.25,1.5,0.8124999994921874,0
2024-07-11,Fancies,9.0,Regular Day,27.6,0.0,14.766666666666667,1.0,9.700000000000003,27.5,22.9,0.0,2.299999999999997,14.0,40.0,9.5,0.0,2.7,407.56000000000006,5,11,193,0,0,28,7,2024,0,2,-0.9749279121818236,-0.2225209339563146,0.5877852522924732,-0.8090169943749473,6.0,9.0,8.0,6.0,8.0,8.0,5.86,5.21,5.48,1.07,5.0,8.0,5.53,7.25,1.5,1.0714285706632651,0
2024-07-12,Fancies,11.0,Regular Day,27.5,0.0,14.733333333333333,-0.3999999999999986,6.899999999999999,25.6,18.7,0.0,3.3999999999999986,8.211388888888889,91.0,7.600000000000001,0.0,11.9,405.16666666666663,6,12,194,0,0,28,7,2024,0,2,-0.7818314824680299,0.6234898018587334,0.5877852522924732,-0.8090169943749473,5.0,8.0,1.0,5.0,7.0,8.0,5.71,5.36,5.29,1.11,5.0,8.0,5.4,4.75,2.8722813232690143,2.1666666630555556,0
2024-07-13,Fancies,9.0,Regular Day,25.6,0.0,14.733333333333333,-0.6333333333333329,8.399999999999999,25.3,18.2,0.0,5.0,8.913055555555555,76.0,7.300000000000001,0.0,13.3,377.17333333333335,7,13,195,0,0,28,7,2024,1,2,-2.4492935982947064e-16,1.0,0.5877852522924732,-0.8090169943749473,5.0,1.0,3.0,6.0,2.0,2.0,5.0,5.36,5.0,2.08,1.0,8.0,4.3,3.75,2.217355782608345,0.6666666659259258,0
2024-07-14,Fancies,3.0,Regular Day,25.3,0.0,14.7,0.5666666666666664,9.100000000000001,26.4,11.5,0.0,5.899999999999999,13.751388888888888,43.0,8.399999999999999,0.0,3.8,371.90999999999997,1,14,196,0,0,28,7,2024,1,2,0.7818314824680298,0.6234898018587336,0.5877852522924732,-0.8090169943749473,5.0,6.0,3.0,9.0,8.0,5.0,4.71,5.21,4.86,2.21,1.0,8.0,3.98,5.75,2.5,0.9166666659027777,0
2024-07-15,Fancies,6.0,Regular Day,26.4,0.0,14.666666666666666,2.1000000000000014,11.999999999999996,28.4,14.8,0.0,4.0,14.0,32.0,10.399999999999999,0.0,0.2,387.2,2,15,197,0,0,29,7,2024,0,3,0.9749279121818236,-0.22252093395631434,-0.587785252292473,-0.8090169943749476,1.0,6.0,1.0,7.0,5.0,9.0,5.0,5.57,4.95,2.77,1.0,10.0,5.48,3.75,3.2015621187164243,0.8749999989062499,0
2024-07-16,Fancies,2.0,Regular Day,28.4,0.0,14.65,1.6666666666666679,10.899999999999999,29.2,19.0,0.0,4.100000000000001,12.106111111111112,23.0,11.2,0.0,3.2,416.06,3,16,198,0,0,29,7,2024,0,3,0.43388373911755823,-0.900968867902419,-0.587785252292473,-0.8090169943749476,3.0,5.0,5.0,6.0,11.0,8.0,5.43,5.57,5.0,3.15,1.0,10.0,6.36,4.75,1.2583057392117916,0.7272727266115702,0
2024-07-17,Fancies,5.0,Regular Day,29.2,0.0,14.633333333333333,1.6999999999999993,9.999999999999996,29.2,18.0,0.0,4.800000000000004,13.766111111111112,48.0,11.2,0.0,1.1,427.2933333333333,4,17,199,0,0,29,7,2024,0,3,-0.433883739117558,-0.9009688679024191,-0.587785252292473,-0.8090169943749476,10.0,8.0,5.0,8.0,8.0,9.0,6.29,5.79,5.48,3.77,1.0,11.0,7.52,7.75,2.0615528128088303,1.3846153835502957,0
2024-07-18,Fancies,8.0,Regular Day,29.2,0.0,14.616666666666667,1.600000000000005,6.699999999999999,26.5,16.0,0.0,5.199999999999999,10.221388888888889,92.0,8.5,0.0,2.6,426.8066666666667,5,18,200,0,0,29,7,2024,0,3,-0.9749279121818236,-0.2225209339563146,-0.587785252292473,-0.8090169943749476,9.0,6.0,9.0,8.0,9.0,9.0,6.86,6.36,5.76,3.85,1.0,11.0,7.89,8.0,1.4142135623730951,0.8823529406574394,0
2024-07-19,Fancies,10.0,Regular Day,26.5,0.0,14.583333333333334,-0.43333333333333357,11.8,24.3,17.4,0.0,0.1999999999999993,13.009166666666667,42.0,6.300000000000001,0.0,0.0,386.45833333333337,6,19,201,0,0,29,7,2024,0,3,-0.7818314824680299,0.6234898018587334,-0.587785252292473,-0.8090169943749476,11.0,5.0,8.0,1.0,8.0,9.0,6.57,6.14,5.76,4.08,1.0,11.0,6.67,6.25,4.272001872658765,1.7777777758024689,0
2024-07-20,Fancies,12.0,Regular Day,24.3,0.0,14.55,-1.3000000000000007,9.600000000000001,23.4,14.5,0.0,1.1999999999999993,7.785277777777778,81.0,5.399999999999999,0.0,0.3,353.56500000000005,7,20,202,0,0,29,7,2024,1,3,-2.4492935982947064e-16,1.0,-0.587785252292473,-0.8090169943749476,9.0,5.0,1.0,3.0,9.0,5.0,7.29,6.14,6.0,3.3,3.0,11.0,6.5,4.5,3.415650255319866,3.49999999125,0
2024-07-21,Fancies,4.0,Regular Day,23.4,0.0,14.516666666666667,0.3999999999999986,10.8,24.3,11.6,0.0,4.0,13.0,62.0,6.300000000000001,0.0,1.0,339.69,1,21,203,0,0,29,7,2024,1,3,0.7818314824680298,0.6234898018587336,-0.587785252292473,-0.8090169943749476,3.0,5.0,6.0,3.0,8.0,6.0,7.14,5.93,5.86,3.53,2.0,11.0,5.38,4.25,1.5,0.8888888879012344,0
2024-07-22,Fancies,6.0,Regular Day,24.3,0.0,14.5,0.3999999999999986,6.900000000000002,24.3,14.2,0.0,2.5,6.247777777777777,97.0,6.300000000000001,0.0,0.2,352.35,2,22,204,0,0,30,7,2024,0,4,0.9749279121818236,-0.22252093395631434,-0.9510565162951536,0.30901699437494723,6.0,1.0,6.0,1.0,10.0,2.0,6.43,5.71,5.86,3.36,2.0,11.0,5.28,3.5,2.886751345948129,0.9999999985714286,0
2024-07-23,Fancies,4.0,Regular Day,24.3,0.0,14.483333333333333,0.9999999999999964,9.299999999999997,25.6,14.8,0.0,2.8000000000000043,11.42361111111111,90.0,7.600000000000001,0.0,1.5,351.945,3,23,205,0,0,30,7,2024,0,4,0.43388373911755823,-0.900968867902419,-0.9510565162951536,0.30901699437494723,2.0,3.0,5.0,5.0,8.0,11.0,6.29,5.86,5.81,3.25,2.0,11.0,5.96,3.75,1.5,0.49999999949999996,0
2024-07-24,Fancies,8.0,Regular Day,25.6,0.0,14.45,-0.3000000000000007,5.600000000000001,25.1,7.9,0.0,4.0,5.9225,95.0,7.100000000000001,0.0,4.4,369.92,4,24,206,0,0,30,7,2024,0,4,-0.433883739117558,-0.9009688679024191,-0.9510565162951536,0.30901699437494723,5.0,10.0,8.0,5.0,6.0,8.0,6.14,6.21,5.9,3.02,2.0,10.0,6.97,7.0,2.449489742783178,1.1538461529585797,0
2024-07-25,Fancies,3.0,Regular Day,25.1,0.0,14.416666666666666,-0.36666666666666714,5.199999999999999,24.7,12.4,0.0,3.3000000000000007,4.4061111111111115,91.0,6.699999999999999,0.0,5.8,361.85833333333335,5,25,207,0,0,30,7,2024,0,4,-0.9749279121818236,-0.2225209339563146,-0.9510565162951536,0.30901699437494723,8.0,9.0,6.0,9.0,2.0,9.0,6.57,6.71,6.43,3.64,2.0,12.0,8.23,8.0,1.4142135623730951,1.1333333325777777,0
2024-07-26,Fancies,2.0,Regular Day,24.7,0.0,14.383333333333333,-2.333333333333332,11.899999999999999,23.0,17.7,0.0,0.3000000000000007,12.422222222222222,52.0,5.0,0.0,0.0,355.2683333333333,6,26,208,0,0,30,7,2024,0,4,-0.7818314824680299,0.6234898018587334,-0.9510565162951536,0.30901699437494723,10.0,11.0,5.0,8.0,7.0,8.0,6.71,6.64,6.33,3.5,2.0,12.0,7.17,8.5,2.6457513110645907,1.6153846141420118,0
2024-07-27,Fancies,3.0,Regular Day,23.0,0.0,14.35,-3.4666666666666686,10.799999999999997,23.3,12.0,0.0,1.0,11.074444444444444,42.0,5.300000000000001,0.0,0.0,330.05,7,27,209,0,0,30,7,2024,1,4,-2.4492935982947064e-16,1.0,-0.9510565162951536,0.30901699437494723,12.0,9.0,5.0,1.0,9.0,9.0,6.71,7.0,6.33,3.5,2.0,12.0,6.88,6.75,4.7871355387816905,3.4999999941666666,0
2024-07-28,Fancies,6.0,Regular Day,23.3,0.0,14.316666666666666,-3.166666666666668,13.0,23.6,14.8,0.0,2.6999999999999993,12.739166666666666,28.0,5.600000000000001,0.0,0.0,333.5783333333333,1,28,210,0,0,30,7,2024,1,4,0.7818314824680298,0.6234898018587336,-0.9510565162951536,0.30901699437494723,4.0,3.0,5.0,6.0,3.0,6.0,7.0,7.07,6.29,3.11,4.0,12.0,6.16,4.5,1.2909944487358056,0.6363636357851239,0
2024-07-29,Fancies,1.0,Regular Day,23.6,0.0,14.3,-1.5666666666666664,7.700000000000003,24.4,16.4,0.0,3.1999999999999957,10.128333333333334,90.0,6.399999999999999,0.0,0.7,337.48,2,29,211,0,0,31,7,2024,0,5,0.9749279121818236,-0.22252093395631434,-2.4492935982947064e-16,1.0,6.0,6.0,1.0,6.0,10.0,5.0,7.43,6.93,6.29,2.99,4.0,12.0,6.62,4.75,2.5,1.7142857118367347,0
2024-07-30,Fancies,4.0,Regular Day,24.4,0.0,14.266666666666667,0.03333333333333144,7.199999999999999,25.2,24.2,0.0,1.9000000000000021,12.411944444444444,58.0,7.199999999999999,0.0,1.1,348.1066666666667,3,30,212,0,0,31,7,2024,0,5,0.43388373911755823,-0.900968867902419,-2.4492935982947064e-16,1.0,4.0,2.0,3.0,5.0,4.0,8.0,6.71,6.5,6.14,3.4,3.0,12.0,5.71,3.5,1.2909944487358056,0.7499999990624999,0
2024-07-31,Fancies,6.0,Regular Day,25.2,0.0,14.25,2.4333333333333336,8.899999999999999,26.1,17.9,0.0,4.100000000000001,10.515555555555556,69.0,8.100000000000001,0.0,3.8,359.09999999999997,4,31,213,0,1,31,7,2024,0,5,-0.433883739117558,-0.9009688679024191,-2.4492935982947064e-16,1.0,8.0,5.0,10.0,8.0,3.0,9.0,5.57,5.86,6.0,3.46,2.0,12.0,4.79,7.75,2.0615528128088303,0.7222222218209876,0
2024-08-01,Fancies,3.0,Regular Day,26.1,0.0,14.216666666666667,4.933333333333337,13.400000000000002,28.5,12.3,0.0,2.5,13.94361111111111,13.0,10.5,0.0,0.0,371.055,5,1,214,1,0,31,8,2024,0,1,-0.9749279121818236,-0.2225209339563146,0.9510565162951535,0.30901699437494745,3.0,8.0,9.0,6.0,7.0,6.0,4.29,5.43,5.9,2.06,2.0,8.0,4.34,6.5,2.6457513110645907,0.7333333328444444,0
2024-08-02,Fancies,8.0,Regular Day,28.5,0.0,14.166666666666666,4.699999999999999,9.499999999999996,28.4,19.1,0.0,3.9000000000000057,12.469722222222222,52.0,10.399999999999999,0.0,4.4,403.75,6,2,215,0,0,31,8,2024,0,1,-0.7818314824680299,0.6234898018587334,0.9510565162951535,0.30901699437494745,2.0,10.0,11.0,5.0,6.0,8.0,4.57,5.64,5.95,2.15,2.0,8.0,4.75,7.0,4.242640687119285,0.74999999953125,0
2024-08-03,Fancies,8.0,Regular Day,28.4,0.0,14.133333333333333,3.7333333333333343,8.400000000000002,27.3,17.3,0.0,5.0,13.91388888888889,63.0,9.3,1.0,3.7,401.38666666666666,7,3,216,0,0,31,8,2024,1,1,-2.4492935982947064e-16,1.0,0.9510565162951535,0.30901699437494745,3.0,12.0,9.0,5.0,10.0,11.0,3.86,5.29,5.95,2.41,1.0,8.0,3.82,7.25,4.031128874149275,1.0714285706632651,0
2024-08-04,Fancies,6.0,Regular Day,27.3,0.0,14.1,1.0000000000000036,4.700000000000003,24.6,19.4,0.0,3.8999999999999986,9.959722222222222,97.0,6.600000000000001,1.0,17.7,384.93,1,4,217,0,0,31,8,2024,1,1,0.7818314824680298,0.6234898018587336,0.9510565162951535,0.30901699437494745,6.0,4.0,3.0,5.0,2.0,9.0,3.86,5.43,6.0,2.41,1.0,8.0,3.86,4.5,1.2909944487358056,1.2499999984374999,0
2024-08-05,Fancies,7.0,Regular Day,24.6,0.0,14.066666666666666,1.5,10.7,25.8,16.4,0.0,4.800000000000001,12.873333333333333,20.0,7.800000000000001,0.0,0.2,346.04,2,5,218,0,0,32,8,2024,0,1,0.9749279121818236,-0.22252093395631434,0.9510565162951535,0.30901699437494745,1.0,6.0,6.0,1.0,3.0,6.0,3.57,5.5,5.81,1.9,1.0,6.0,4.4,3.5,2.886751345948129,0.9999999985714286,0
2024-08-06,Fancies,4.0,Regular Day,25.8,0.0,14.033333333333333,2.366666666666667,7.699999999999999,27.1,16.4,0.0,4.699999999999999,13.86111111111111,33.0,9.100000000000001,0.0,2.5,362.06,3,6,219,0,0,32,8,2024,0,1,0.43388373911755823,-0.900968867902419,0.9510565162951535,0.30901699437494745,4.0,4.0,2.0,3.0,9.0,5.0,3.57,5.14,5.52,1.9,1.0,6.0,4.05,3.25,0.9574271077563381,1.5999999968,0
2024-08-07,Fancies,7.0,Regular Day,27.1,0.0,14.0,0.7333333333333343,6.100000000000001,24.0,15.2,0.0,5.400000000000002,6.096388888888889,96.0,6.0,0.0,7.3,379.40000000000003,4,7,220,0,0,32,8,2024,0,1,-0.433883739117558,-0.9009688679024191,0.9510565162951535,0.30901699437494745,6.0,8.0,5.0,10.0,6.0,6.0,4.43,5.0,5.38,2.37,1.0,8.0,5.04,7.25,2.217355782608345,0.9333333327111111,0
2024-08-08,Fancies,4.0,Regular Day,24.0,0.0,13.966666666666667,0.36666666666666714,4.0,23.4,19.4,0.0,3.1999999999999993,0.0,100.0,5.399999999999999,0.0,7.7,335.2,5,8,221,0,0,32,8,2024,0,2,-0.9749279121818236,-0.2225209339563146,0.5877852522924732,-0.8090169943749473,3.0,3.0,8.0,9.0,9.0,5.0,5.14,4.71,5.33,2.61,1.0,8.0,5.78,5.75,3.2015621187164243,0.3529411762629758,0
2024-08-09,Fancies,3.0,Regular Day,23.4,0.0,13.916666666666666,2.2666666666666693,5.100000000000001,25.6,41.8,0.0,1.1999999999999993,7.446666666666666,98.0,7.600000000000001,0.0,8.2,325.65,6,9,222,0,0,32,8,2024,0,2,-0.7818314824680299,0.6234898018587334,0.5877852522924732,-0.8090169943749473,8.0,2.0,10.0,11.0,5.0,8.0,5.14,4.86,5.48,2.61,1.0,8.0,5.83,7.75,4.031128874149275,0.47619047596371883,0
2024-08-10,Fancies,3.0,Regular Day,25.6,0.0,13.883333333333333,2.0,7.100000000000001,25.8,17.8,0.0,2.299999999999997,12.724722222222223,45.0,7.800000000000001,0.0,7.5,355.41333333333336,7,10,223,0,0,32,8,2024,1,2,-2.4492935982947064e-16,1.0,0.5877852522924732,-0.8090169943749473,8.0,3.0,12.0,9.0,4.0,9.0,6.0,4.93,5.52,1.91,3.0,8.0,6.12,8.0,3.7416573867739413,0.5238095235600907,0
2024-08-11,Fancies,5.0,Regular Day,25.8,0.0,13.85,-0.1666666666666643,6.600000000000001,24.4,12.7,0.0,1.5,11.926666666666666,51.0,6.399999999999999,0.0,1.8,357.33,1,11,224,0,0,32,8,2024,1,2,0.7818314824680298,0.6234898018587336,0.5877852522924732,-0.8090169943749473,6.0,6.0,4.0,3.0,7.0,6.0,6.0,4.93,5.62,1.91,3.0,8.0,5.59,4.75,1.5,1.7142857118367347,0
2024-08-12,Fancies,8.0,Regular Day,24.4,0.0,13.816666666666666,-2.3999999999999986,10.5,22.6,17.4,0.0,0.6000000000000014,13.209166666666667,37.0,4.600000000000001,0.0,0.0,337.12666666666667,2,12,225,0,0,33,8,2024,0,2,0.9749279121818236,-0.22252093395631434,0.5877852522924732,-0.8090169943749473,7.0,1.0,6.0,6.0,4.0,10.0,6.14,4.86,5.71,1.95,3.0,8.0,5.94,5.0,2.70801280154532,0.666666666111111,0
2024-08-13,Fancies,3.0,Regular Day,22.6,0.0,13.766666666666667,-2.166666666666668,10.399999999999999,21.9,13.2,0.0,0.0,13.625555555555556,32.0,3.8999999999999986,0.0,0.0,311.1266666666667,3,13,226,0,0,33,8,2024,0,2,0.43388373911755823,-0.900968867902419,0.5877852522924732,-0.8090169943749473,4.0,4.0,4.0,2.0,8.0,3.0,6.29,4.93,5.52,1.7,4.0,8.0,5.46,3.5,1.0,1.333333331111111,0
2024-08-14,Fancies,1.0,Regular Day,21.9,0.0,13.75,-2.3333333333333357,11.0,22.8,10.5,0.0,0.9000000000000021,13.520833333333334,13.0,4.800000000000001,0.0,0.1,301.125,4,14,227,0,0,33,8,2024,0,2,-0.433883739117558,-0.9009688679024191,0.5877852522924732,-0.8090169943749473,7.0,6.0,8.0,5.0,5.0,5.0,5.57,5.0,5.19,1.9,3.0,8.0,4.84,6.5,1.2909944487358056,0.9999999992307692,0
2024-08-15,Fancies,6.0,Regular Day,22.8,0.0,13.716666666666667,-0.6333333333333329,12.0,23.4,9.6,0.0,1.8999999999999986,13.421388888888888,10.0,5.399999999999999,0.0,0.0,312.74,5,15,228,0,0,33,8,2024,0,3,-0.9749279121818236,-0.2225209339563146,-0.587785252292473,-0.8090169943749476,4.0,3.0,3.0,8.0,7.0,8.0,4.86,5.0,4.76,1.77,3.0,7.0,4.38,4.5,2.3804761428476167,0.6363636357851239,0
2024-08-16,Fancies,3.0,Regular Day,23.4,0.0,13.666666666666666,0.10000000000000142,13.199999999999996,24.6,17.6,0.0,2.6000000000000014,13.405277777777778,13.0,6.600000000000001,0.0,0.0,319.79999999999995,6,16,229,0,0,33,8,2024,0,3,-0.7818314824680299,0.6234898018587334,-0.587785252292473,-0.8090169943749476,3.0,8.0,2.0,10.0,5.0,6.0,4.71,4.93,4.81,1.7,3.0,7.0,4.54,5.75,3.8622100754188224,0.9166666659027777,0
2024-08-17,Fancies,8.0,Regular Day,24.6,0.0,13.633333333333333,0.1666666666666643,7.600000000000001,23.8,19.6,0.0,0.8000000000000007,10.2175,79.0,5.800000000000001,0.0,0.1,335.38,7,17,230,0,0,33,8,2024,1,3,-2.4492935982947064e-16,1.0,-0.587785252292473,-0.8090169943749476,3.0,8.0,3.0,12.0,3.0,10.0,4.86,5.43,4.9,1.95,3.0,8.0,5.4,6.5,4.358898943540674,0.7333333328444444,0
2024-08-18,Fancies,6.0,Regular Day,23.8,0.0,13.583333333333334,1.8333333333333321,6.799999999999997,23.8,17.8,0.0,4.800000000000004,10.528055555555556,80.0,5.800000000000001,1.0,4.8,323.28333333333336,1,18,231,0,0,33,8,2024,1,3,0.7818314824680298,0.6234898018587336,-0.587785252292473,-0.8090169943749476,5.0,6.0,6.0,4.0,3.0,3.0,4.71,5.36,4.86,2.06,3.0,8.0,4.8,5.25,0.9574271077563381,1.0999999989,0
2024-08-19,Fancies,7.0,Regular Day,23.8,0.0,13.55,0.8333333333333321,7.899999999999999,24.1,18.4,0.0,4.200000000000003,11.0,63.0,6.100000000000001,0.0,5.1,322.49,2,19,232,0,0,34,8,2024,0,3,0.9749279121818236,-0.22252093395631434,-0.587785252292473,-0.8090169943749476,8.0,7.0,1.0,6.0,5.0,3.0,3.86,5.0,4.52,2.19,1.0,8.0,3.85,5.5,3.1091263510296048,2.142857139795918,0
2024-08-20,Fancies,7.0,Regular Day,24.1,0.0,13.516666666666667,-1.9333333333333336,6.899999999999999,20.1,18.1,0.0,2.1000000000000014,12.416666666666666,37.0,2.1000000000000014,0.0,0.5,325.7516666666667,3,20,233,0,0,34,8,2024,0,3,0.43388373911755823,-0.900968867902419,-0.587785252292473,-0.8090169943749476,3.0,4.0,4.0,4.0,9.0,7.0,4.14,5.21,4.67,2.34,1.0,8.0,4.39,3.75,0.5,0.8749999989062499,0
2024-08-21,Fancies,4.0,Regular Day,20.1,0.1999999999999993,13.466666666666667,-3.2333333333333343,10.3,17.8,18.7,0.0,-1.8999999999999986,13.0925,13.0,0.0,0.0,0.0,270.68,4,21,234,0,0,34,8,2024,0,3,-0.433883739117558,-0.9009688679024191,-0.587785252292473,-0.8090169943749476,1.0,7.0,6.0,8.0,7.0,5.0,4.14,4.86,4.71,2.34,1.0,8.0,4.04,5.5,3.1091263510296048,0.5714285710204081,0
2024-08-22,Fancies,8.0,Regular Day,17.8,0.0,13.433333333333334,-1.6666666666666643,11.9,18.7,11.4,0.0,-0.5,12.552777777777777,19.0,0.6999999999999993,0.0,0.0,239.11333333333334,5,22,235,0,0,34,8,2024,0,4,-0.9749279121818236,-0.2225209339563146,-0.9510565162951536,0.30901699437494723,6.0,4.0,3.0,3.0,8.0,3.0,4.86,4.86,4.95,2.67,1.0,8.0,5.03,4.0,1.4142135623730951,1.666666663888889,0
2024-08-23,Fancies,6.0,Regular Day,18.7,0.0,13.383333333333333,-1.1666666666666679,13.6,20.3,12.3,0.0,0.9000000000000021,12.808333333333334,8.0,2.3000000000000007,0.0,0.0,250.26833333333332,6,23,236,0,0,34,8,2024,0,4,-0.7818314824680299,0.6234898018587334,-0.9510565162951536,0.30901699437494723,3.0,3.0,8.0,2.0,5.0,4.0,5.0,4.86,4.95,2.71,1.0,8.0,5.27,4.0,2.70801280154532,0.5999999993999999,0
2024-08-24,Fancies,7.0,Regular Day,20.3,0.0,13.35,-1.2999999999999936,13.000000000000002,21.6,13.3,0.0,0.8999999999999986,12.65638888888889,32.0,3.6000000000000014,0.0,0.0,271.005,7,24,237,0,0,34,8,2024,1,4,-2.4492935982947064e-16,1.0,-0.9510565162951536,0.30901699437494723,8.0,3.0,8.0,3.0,9.0,10.0,4.86,4.86,5.24,2.54,1.0,8.0,5.71,5.5,2.886751345948129,0.999999999090909,0
2024-08-25,Fancies,11.0,Regular Day,21.6,0.0,13.3,-0.4333333333333371,12.8,22.7,16.2,0.0,1.1000000000000014,12.37138888888889,29.0,4.699999999999999,0.0,0.0,287.28000000000003,1,25,238,0,0,34,8,2024,1,4,0.7818314824680298,0.6234898018587336,-0.9510565162951536,0.30901699437494723,6.0,5.0,6.0,6.0,10.0,5.0,5.43,5.07,5.38,2.51,1.0,8.0,6.03,5.75,0.5,0.9166666659027777,0
2024-08-26,Fancies,5.0,Regular Day,22.7,0.0,13.266666666666667,0.7333333333333307,11.100000000000001,22.9,12.9,0.0,3.1999999999999957,12.395555555555555,24.0,4.899999999999999,0.0,1.7,301.15333333333336,2,26,239,0,0,35,8,2024,0,4,0.9749279121818236,-0.22252093395631434,-0.9510565162951536,0.30901699437494723,7.0,8.0,7.0,1.0,8.0,9.0,5.86,4.86,5.29,1.77,3.0,8.0,5.52,5.75,3.2015621187164243,1.87499999765625,0
2024-08-27,Fancies,5.0,Regular Day,22.9,0.0,13.216666666666667,1.2333333333333378,12.399999999999999,22.6,15.3,0.0,3.5,10.141666666666667,44.0,4.600000000000001,0.0,0.0,302.66166666666663,3,27,240,0,0,35,8,2024,0,4,0.43388373911755823,-0.900968867902419,-0.9510565162951536,0.30901699437494723,7.0,3.0,4.0,4.0,4.0,2.0,6.14,5.14,5.52,1.95,3.0,8.0,6.14,4.5,1.7320508075688772,1.2499999984374999,0
2024-08-28,Fancies,8.0,Regular Day,22.6,0.0,13.2,3.033333333333335,13.700000000000003,26.6,13.9,0.0,3.0,12.224722222222223,51.0,8.600000000000001,0.0,0.1,298.32,4,28,241,0,0,35,8,2024,0,4,-0.433883739117558,-0.9009688679024191,-0.9510565162951536,0.30901699437494723,4.0,1.0,7.0,6.0,9.0,7.0,6.57,5.36,5.43,1.4,4.0,8.0,6.11,4.5,2.6457513110645907,0.3846153843195266,0
2024-08-29,Fancies,8.0,Regular Day,26.6,0.0,13.15,2.6666666666666643,7.399999999999999,25.3,18.6,0.0,3.5000000000000036,10.350277777777778,55.0,7.300000000000001,0.0,4.3,349.79,5,29,242,0,0,35,8,2024,0,5,-0.9749279121818236,-0.2225209339563146,-2.4492935982947064e-16,1.0,8.0,6.0,4.0,3.0,5.0,13.0,6.43,5.64,5.38,1.27,4.0,8.0,6.33,5.25,2.217355782608345,1.9999999971428573,0
2024-08-30,Fancies,4.0,Regular Day,25.3,0.0,13.116666666666667,1.466666666666665,4.899999999999999,22.1,16.9,0.0,1.0,4.368055555555555,94.0,4.100000000000001,0.0,12.9,331.8516666666667,6,30,243,0,0,35,8,2024,0,5,-0.7818314824680299,0.6234898018587334,-2.4492935982947064e-16,1.0,6.0,3.0,3.0,8.0,5.0,7.0,7.14,6.07,5.62,2.12,4.0,11.0,7.5,5.0,2.449489742783178,0.8181818174380164,0
2024-08-31,Fancies,7.0,Regular Day,22.1,0.0,13.066666666666666,2.333333333333332,7.5,22.4,12.0,0.0,2.8000000000000007,7.081944444444445,69.0,4.399999999999999,0.0,0.9,288.77333333333337,7,31,244,0,1,35,8,2024,1,5,-2.4492935982947064e-16,1.0,-2.4492935982947064e-16,1.0,7.0,8.0,3.0,8.0,6.0,8.0,6.86,5.86,5.52,2.27,4.0,11.0,6.87,6.5,2.3804761428476167,1.363636362396694,0
2024-09-01,Fancies,7.0,Regular Day,22.4,0.0,13.033333333333333,3.4333333333333336,7.799999999999997,24.1,15.3,0.0,3.200000000000003,9.0,85.0,6.100000000000001,1.0,3.2,291.94666666666666,1,1,245,1,0,35,9,2024,1,1,0.7818314824680298,0.6234898018587336,0.9510565162951535,0.30901699437494745,11.0,6.0,5.0,6.0,8.0,7.0,6.57,6.0,5.57,2.37,4.0,11.0,6.4,7.0,2.70801280154532,1.5454545440495866,0
2024-09-02,Fancies,8.0,Labor Day,24.1,0.0,12.983333333333333,1.5666666666666664,6.600000000000001,23.5,16.2,0.0,1.5999999999999979,11.0,69.0,5.5,0.0,0.0,312.8983333333333,2,2,246,0,0,36,9,2024,0,1,0.9749279121818236,-0.22252093395631434,0.9510565162951535,0.30901699437494745,5.0,7.0,8.0,7.0,6.0,11.0,7.14,6.5,5.62,2.12,5.0,11.0,6.8,6.75,1.2583057392117916,0.7999999994666667,1
2024-09-03,Fancies,3.0,Regular Day,23.5,0.0,12.933333333333334,-3.599999999999998,9.2,18.7,17.1,0.0,-1.1000000000000014,12.114444444444445,0.0,0.6999999999999993,0.0,0.0,303.93333333333334,3,3,247,0,0,36,9,2024,0,1,0.43388373911755823,-0.900968867902419,0.9510565162951535,0.30901699437494745,5.0,7.0,3.0,4.0,2.0,7.0,7.14,6.64,5.81,2.12,5.0,11.0,7.1,4.75,1.707825127659933,1.7142857118367347,0
2024-09-04,Fancies,10.0,Regular Day,18.7,0.1999999999999993,12.9,-4.733333333333331,11.5,17.8,12.8,0.0,0.1999999999999993,12.0,9.0,0.0,0.0,0.0,241.23,4,4,248,0,0,36,9,2024,0,1,-0.433883739117558,-0.9009688679024191,0.9510565162951535,0.30901699437494745,8.0,4.0,1.0,7.0,7.0,8.0,6.86,6.71,5.86,2.41,4.0,11.0,6.33,5.0,3.1622776601683795,1.4999999981249998,0
2024-09-05,Fancies,3.0,Regular Day,17.8,0.0,12.85,-4.833333333333332,10.700000000000001,19.0,16.6,0.0,0.3999999999999986,12.049444444444445,26.0,1.0,0.0,0.0,228.73,5,5,249,0,0,36,9,2024,0,1,-0.9749279121818236,-0.2225209339563146,0.9510565162951535,0.30901699437494745,8.0,8.0,6.0,4.0,4.0,8.0,6.86,6.64,6.05,2.41,4.0,11.0,6.5,6.5,1.9148542155126762,1.5999999984,0
2024-09-06,Fancies,10.0,Regular Day,19.0,0.0,12.816666666666666,-2.3999999999999986,6.699999999999999,19.7,13.2,0.0,1.8000000000000007,2.7169444444444446,68.0,1.6999999999999993,0.0,0.6,243.51666666666665,6,6,250,0,0,36,9,2024,0,1,-0.7818314824680299,0.6234898018587334,0.9510565162951535,0.30901699437494745,4.0,6.0,3.0,3.0,7.0,5.0,6.29,6.71,6.14,1.6,4.0,8.0,6.62,4.0,1.4142135623730951,1.666666663888889,0
2024-09-07,Fancies,3.0,Regular Day,19.7,0.0,12.766666666666667,-0.6333333333333364,7.400000000000002,21.0,18.1,0.0,0.3999999999999986,8.3975,94.0,3.0,0.0,1.5,251.50333333333333,7,7,251,0,0,36,9,2024,1,1,-2.4492935982947064e-16,1.0,0.9510565162951535,0.30901699437494745,7.0,7.0,8.0,3.0,2.0,6.0,6.71,6.79,6.14,1.6,4.0,8.0,6.97,6.25,2.217355782608345,1.2727272715702478,0
2024-09-08,Fancies,6.0,Regular Day,21.0,0.8999999999999986,12.733333333333333,-2.4333333333333336,9.8,17.1,16.6,0.0,-2.3000000000000007,12.0,10.0,0.0,0.0,0.0,267.4,1,8,252,0,0,36,9,2024,1,2,0.7818314824680298,0.6234898018587336,0.5877852522924732,-0.8090169943749473,7.0,11.0,6.0,5.0,8.0,4.0,6.43,6.5,6.14,2.07,3.0,8.0,5.97,7.25,2.6299556396765835,1.6363636348760329,0
2024-09-09,Fancies,5.0,Regular Day,17.1,0.5,12.683333333333334,-2.4666666666666686,13.100000000000001,17.5,13.9,0.0,-1.0,12.0,2.0,0.0,0.0,0.0,216.88500000000002,2,9,253,0,0,37,9,2024,0,2,0.9749279121818236,-0.22252093395631434,0.5877852522924732,-0.8090169943749473,8.0,5.0,7.0,8.0,5.0,9.0,6.71,6.93,6.57,2.43,3.0,10.0,6.98,7.0,1.4142135623730951,0.8666666660888889,0
2024-09-10,Fancies,6.0,Regular Day,17.5,0.0,12.65,-0.966666666666665,11.500000000000002,19.9,11.6,0.0,0.3999999999999986,12.0,0.0,1.8999999999999986,0.0,0.0,221.375,3,10,254,0,0,37,9,2024,0,2,0.43388373911755823,-0.900968867902419,0.5877852522924732,-0.8090169943749473,3.0,5.0,7.0,3.0,8.0,4.0,6.0,6.57,6.43,2.71,3.0,10.0,5.99,4.5,1.9148542155126762,0.7999999992,0
2024-09-11,Fancies,5.0,Regular Day,19.9,0.0,12.616666666666667,-0.9333333333333336,12.6,19.9,14.0,0.0,1.6000000000000014,12.0,15.0,1.8999999999999986,0.0,0.0,251.07166666666666,4,11,255,0,0,37,9,2024,0,2,-0.433883739117558,-0.9009688679024191,0.5877852522924732,-0.8090169943749473,10.0,8.0,4.0,1.0,6.0,4.0,6.86,6.86,6.76,2.91,3.0,10.0,6.99,5.75,4.031128874149275,3.5999999928,0
2024-09-12,Fancies,1.0,Regular Day,19.9,0.0,12.566666666666666,-1.1333333333333329,12.4,19.8,14.0,0.0,1.3999999999999986,12.0,4.0,1.8000000000000007,0.0,0.0,250.07666666666665,5,12,256,0,0,37,9,2024,0,2,-0.9749279121818236,-0.2225209339563146,0.5877852522924732,-0.8090169943749473,3.0,8.0,8.0,6.0,5.0,6.0,6.29,6.57,6.52,3.25,3.0,10.0,5.99,6.25,2.362907813126304,0.7857142851530612,0
2024-09-13,Fancies,10.0,Regular Day,19.8,0.0,12.533333333333333,-0.13333333333333286,10.8,21.0,12.2,0.0,2.099999999999998,12.0,14.0,3.0,0.0,0.0,248.16,6,13,257,0,0,37,9,2024,0,2,-0.7818314824680299,0.6234898018587334,0.5877852522924732,-0.8090169943749473,10.0,4.0,6.0,3.0,6.0,5.0,6.14,6.21,6.52,3.24,3.0,10.0,5.99,5.75,3.095695936834452,1.5555555538271604,0
2024-09-14,Fancies,10.0,Regular Day,21.0,0.0,12.483333333333333,0.9333333333333336,12.5,20.8,15.6,0.0,-0.3000000000000007,11.0,34.0,2.8000000000000007,0.0,0.0,262.15,7,14,258,0,0,37,9,2024,1,2,-2.4492935982947064e-16,1.0,0.5877852522924732,-0.8090169943749473,3.0,7.0,7.0,8.0,9.0,12.0,5.71,6.21,6.43,3.15,3.0,10.0,5.75,6.25,2.217355782608345,0.6666666662222221,0
2024-09-15,Fancies,8.0,Regular Day,20.8,0.0,12.433333333333334,1.1999999999999993,9.5,20.9,19.2,0.0,0.0,12.0,43.0,2.8999999999999986,0.0,0.1,258.61333333333334,1,15,259,0,0,37,9,2024,1,3,0.7818314824680298,0.6234898018587336,-0.587785252292473,-0.8090169943749476,6.0,7.0,11.0,6.0,7.0,4.0,6.14,6.29,6.38,2.91,3.0,10.0,5.81,7.5,2.3804761428476167,0.7647058819031142,0
2024-09-16,Fancies,7.0,Regular Day,20.9,0.0,12.4,0.06666666666666643,9.7,19.5,19.0,0.0,-0.3999999999999986,9.199444444444444,93.0,1.5,0.0,0.0,259.15999999999997,2,16,260,0,0,38,9,2024,0,3,0.9749279121818236,-0.22252093395631434,-0.587785252292473,-0.8090169943749476,5.0,8.0,5.0,7.0,6.0,3.0,5.43,6.07,6.43,2.37,3.0,10.0,5.61,6.25,1.5,1.0833333324305554,0
2024-09-17,Fancies,7.0,Regular Day,19.5,0.0,12.35,0.533333333333335,6.899999999999999,21.3,22.3,0.0,0.3000000000000007,9.686111111111112,98.0,3.3000000000000007,0.0,0.8,240.825,3,17,261,0,0,38,9,2024,0,3,0.43388373911755823,-0.900968867902419,-0.587785252292473,-0.8090169943749476,6.0,3.0,5.0,7.0,8.0,5.0,5.14,5.57,6.1,2.79,1.0,10.0,4.46,5.25,1.707825127659933,0.749999999375,0
2024-09-18,Fancies,8.0,Regular Day,21.3,0.0,12.3,0.966666666666665,5.300000000000001,22.2,21.0,0.0,0.1999999999999993,6.428055555555556,99.0,4.199999999999999,0.0,1.2,261.99,4,18,262,0,0,38,9,2024,0,3,-0.433883739117558,-0.9009688679024191,-0.587785252292473,-0.8090169943749476,5.0,10.0,8.0,4.0,8.0,7.0,5.14,6.0,6.29,2.79,1.0,10.0,5.84,6.75,2.753785273643051,1.2499999989583332,0
2024-09-19,Fancies,6.0,Regular Day,22.2,0.0,12.266666666666667,1.5999999999999979,10.600000000000001,21.9,15.9,0.0,1.3000000000000007,11.922777777777778,66.0,3.8999999999999986,0.0,0.0,272.32,5,19,263,0,0,38,9,2024,0,3,-0.9749279121818236,-0.2225209339563146,-0.587785252292473,-0.8090169943749476,1.0,3.0,8.0,8.0,1.0,7.0,6.14,6.21,6.43,3.13,1.0,10.0,6.88,5.0,3.559026084010437,0.24999999984375,0
2024-09-20,Fancies,6.0,Regular Day,21.9,0.0,12.216666666666667,2.0333333333333314,9.2,21.4,14.8,0.0,0.7000000000000028,11.73638888888889,22.0,3.3999999999999986,0.0,1.7,267.54499999999996,6,20,264,0,0,38,9,2024,0,3,-0.7818314824680299,0.6234898018587334,-0.587785252292473,-0.8090169943749476,10.0,10.0,4.0,6.0,3.0,6.0,6.43,6.29,6.29,3.21,1.0,10.0,7.16,7.5,3.0,1.9999999979999998,0
2024-09-21,Fancies,11.0,Regular Day,21.4,0.0,12.166666666666666,1.7333333333333343,9.8,20.0,12.9,0.0,1.2999999999999972,10.395555555555555,37.0,2.0,0.0,0.2,260.3666666666666,7,21,265,0,0,38,9,2024,1,3,-2.4492935982947064e-16,1.0,-0.587785252292473,-0.8090169943749476,10.0,3.0,7.0,7.0,3.0,6.0,6.71,6.21,6.38,3.15,1.0,10.0,7.12,6.75,2.8722813232690143,0.9285714279081632,0
2024-09-22,Fancies,8.0,Regular Day,20.0,0.0,12.133333333333333,-0.09999999999999787,9.1,19.2,17.6,0.0,0.1999999999999993,11.84,44.0,1.1999999999999993,0.0,0.0,242.66666666666666,1,22,266,0,0,38,9,2024,1,4,0.7818314824680298,0.6234898018587336,-0.9510565162951536,0.30901699437494723,8.0,6.0,7.0,11.0,1.0,7.0,6.86,6.5,6.48,3.13,1.0,10.0,7.09,8.0,2.160246899469287,0.777777777345679,0
2024-09-23,Fancies,6.0,Regular Day,19.2,0.8000000000000007,12.1,-2.6666666666666643,6.099999999999998,17.2,14.2,0.0,-1.1999999999999993,6.291111111111111,73.0,0.0,0.0,0.4,232.32,2,23,267,0,0,39,9,2024,0,4,0.9749279121818236,-0.22252093395631434,-0.9510565162951536,0.30901699437494723,7.0,5.0,8.0,5.0,5.0,2.0,7.29,6.36,6.48,3.04,1.0,10.0,7.32,6.25,1.5,0.9230769223668639,0
2024-09-24,Fancies,7.0,Regular Day,17.2,0.0,12.05,-1.9333333333333336,5.299999999999999,18.0,15.0,0.0,-0.5999999999999979,4.454166666666667,97.0,0.0,0.0,0.0,207.26,3,24,268,0,0,39,9,2024,0,4,0.43388373911755823,-0.900968867902419,-0.9510565162951536,0.30901699437494723,7.0,6.0,3.0,5.0,5.0,7.0,8.0,6.57,6.38,1.53,6.0,10.0,6.99,5.25,1.707825127659933,1.62499999796875,0
2024-09-25,Fancies,5.0,Regular Day,18.0,0.0,12.016666666666667,-0.533333333333335,3.6999999999999993,19.1,18.2,0.0,0.10000000000000142,0.0,99.0,1.1000000000000014,0.0,1.7,216.3,4,25,269,0,0,39,9,2024,0,4,-0.433883739117558,-0.9009688679024191,-0.9510565162951536,0.30901699437494723,8.0,5.0,10.0,8.0,9.0,6.0,7.43,6.29,6.48,1.4,6.0,10.0,6.74,7.75,2.0615528128088303,0.7222222218209876,0
2024-09-26,Fancies,12.0,Regular Day,19.1,0.0,11.966666666666667,2.3000000000000007,8.400000000000002,22.2,14.9,0.0,3.299999999999997,4.535555555555556,100.0,4.199999999999999,0.0,0.6,228.56333333333336,5,26,270,0,0,39,9,2024,0,4,-0.9749279121818236,-0.2225209339563146,-0.9510565162951536,0.30901699437494723,6.0,1.0,3.0,8.0,8.0,6.0,7.57,6.86,6.67,1.72,6.0,11.0,7.81,4.5,3.1091263510296048,0.6363636357851239,0
2024-09-27,Fancies,2.0,Regular Day,22.2,0.0,11.933333333333334,1.7333333333333343,1.8000000000000007,21.6,15.9,0.0,3.1999999999999993,0.0,100.0,3.6000000000000014,0.0,2.6,264.92,6,27,271,0,0,39,9,2024,0,4,-0.7818314824680299,0.6234898018587334,-0.9510565162951536,0.30901699437494723,6.0,10.0,10.0,4.0,1.0,9.0,7.57,7.0,6.71,1.72,6.0,11.0,7.85,7.5,3.0,1.1428571420408162,0
2024-09-28,Fancies,3.0,Regular Day,21.6,0.0,11.883333333333333,2.06666666666667,7.300000000000001,22.6,16.9,0.0,3.6999999999999993,6.377777777777778,90.0,4.600000000000001,0.0,4.4,256.68,7,28,272,0,0,39,9,2024,1,4,-2.4492935982947064e-16,1.0,-0.9510565162951536,0.30901699437494723,11.0,10.0,3.0,7.0,6.0,8.0,7.43,7.07,6.62,1.81,6.0,11.0,7.39,7.75,3.593976442141304,2.0999999979,0
2024-09-29,Fancies,5.0,Regular Day,22.6,0.0,11.833333333333334,0.8999999999999986,4.0,20.2,18.0,0.0,3.3999999999999986,0.0,100.0,2.1999999999999993,0.0,11.7,267.43333333333334,1,29,273,0,0,39,9,2024,1,5,0.7818314824680298,0.6234898018587336,-2.4492935982947064e-16,1.0,8.0,8.0,6.0,7.0,6.0,11.0,7.43,7.14,6.81,1.81,6.0,11.0,7.29,7.25,0.9574271077563381,1.230769229822485,0
2024-09-30,Fancies,7.0,Regular Day,20.2,0.0,11.8,0.10000000000000142,5.5,18.8,15.7,0.0,-0.3000000000000007,4.748888888888889,92.0,0.8000000000000007,0.0,0.1,238.36,2,30,274,0,1,40,9,2024,0,5,0.9749279121818236,-0.22252093395631434,-2.4492935982947064e-16,1.0,6.0,7.0,5.0,8.0,5.0,9.0,7.0,7.14,6.57,2.0,5.0,11.0,6.72,6.5,1.2909944487358056,0.9999999992307692,0
2024-10-01,Fancies,3.0,Regular Day,18.8,0.0,11.75,1.1333333333333329,3.1999999999999993,18.9,19.4,0.0,-1.0,4.693888888888889,89.0,0.8999999999999986,0.0,1.7,220.9,3,1,275,1,0,40,10,2024,0,1,0.43388373911755823,-0.900968867902419,0.9510565162951535,0.30901699437494745,7.0,7.0,6.0,3.0,8.0,4.0,7.86,7.93,7.0,2.67,5.0,12.0,8.04,5.75,1.8929694486000912,1.5555555538271604,0
2024-10-02,Fancies,11.0,Regular Day,18.9,0.0,11.716666666666667,1.3333333333333321,4.699999999999999,18.4,13.7,0.0,-0.8000000000000007,10.569166666666666,74.0,0.3999999999999986,0.0,0.0,221.445,4,2,276,0,0,40,10,2024,0,1,-0.433883739117558,-0.9009688679024191,0.9510565162951535,0.30901699437494745,5.0,8.0,5.0,10.0,6.0,6.0,7.29,7.36,6.62,3.45,2.0,12.0,6.53,7.0,2.449489742783178,0.8666666660888889,0
2024-10-03,Fancies,4.0,Regular Day,18.4,0.3000000000000007,11.666666666666666,-0.29999999999999716,10.8,17.7,14.6,0.0,0.6000000000000014,10.310555555555556,37.0,0.0,0.0,0.0,214.66666666666663,5,3,277,0,0,40,10,2024,0,1,-0.9749279121818236,-0.2225209339563146,0.9510565162951535,0.30901699437494745,12.0,6.0,1.0,3.0,5.0,4.0,6.14,6.86,6.62,3.34,2.0,12.0,5.65,5.5,4.795831523312719,4.49999998875,0
2024-10-04,Fancies,4.0,Regular Day,17.7,0.3000000000000007,11.616666666666667,-0.6666666666666679,11.5,17.7,12.4,0.0,1.5,9.612777777777778,52.0,0.0,0.0,0.0,205.615,6,4,278,0,0,40,10,2024,0,1,-0.7818314824680299,0.6234898018587334,0.9510565162951535,0.30901699437494745,2.0,6.0,10.0,10.0,5.0,5.0,5.71,6.64,6.57,3.25,2.0,12.0,5.49,7.0,3.8297084310253524,0.3999999998,0
2024-10-05,Fancies,4.0,Regular Day,17.7,0.0,11.583333333333334,0.09999999999999787,8.599999999999998,19.8,13.8,0.0,0.3000000000000007,11.11111111111111,36.0,1.8000000000000007,0.0,0.1,205.025,7,5,279,0,0,40,10,2024,1,1,-2.4492935982947064e-16,1.0,0.9510565162951535,0.30901699437494745,3.0,11.0,10.0,3.0,5.0,4.0,5.86,6.64,6.67,3.29,2.0,12.0,5.86,6.75,4.349329450233296,1.0769230760946744,0
2024-10-06,Fancies,4.0,Regular Day,19.8,0.6000000000000014,11.533333333333333,-1.4000000000000021,11.999999999999998,17.4,12.8,0.0,-0.5999999999999979,11.108333333333333,9.0,0.0,0.0,0.0,228.36,1,6,280,0,0,40,10,2024,1,1,0.7818314824680298,0.6234898018587336,0.9510565162951535,0.30901699437494745,5.0,8.0,8.0,6.0,1.0,7.0,5.29,6.36,6.52,3.4,2.0,12.0,5.15,6.75,1.5,0.9285714279081632,0
2024-10-07,Fancies,4.0,Regular Day,17.4,0.0,11.5,1.6333333333333329,7.0,19.3,15.9,0.0,-0.8999999999999986,8.0925,56.0,1.3000000000000007,0.0,0.2,200.1,2,7,281,0,0,41,10,2024,0,1,0.9749279121818236,-0.22252093395631434,0.9510565162951535,0.30901699437494745,7.0,6.0,7.0,5.0,3.0,7.0,6.14,6.57,6.81,4.02,2.0,12.0,6.61,6.25,0.9574271077563381,1.0833333324305554,0
2024-10-08,Fancies,8.0,Regular Day,19.3,2.5999999999999996,11.45,1.5333333333333332,9.600000000000001,15.4,11.3,0.0,-1.6999999999999993,10.934722222222222,12.0,0.0,0.0,0.0,220.98499999999999,3,8,282,0,0,41,10,2024,0,2,0.43388373911755823,-0.900968867902419,0.5877852522924732,-0.8090169943749473,3.0,7.0,7.0,6.0,10.0,5.0,5.0,6.43,6.95,3.11,2.0,11.0,5.96,5.75,1.8929694486000912,0.7692307686390532,0
2024-10-09,Fancies,9.0,Regular Day,15.4,2.8000000000000007,11.416666666666666,1.9000000000000004,10.4,15.2,18.4,0.0,-3.1000000000000014,10.93138888888889,6.0,0.0,0.0,0.0,175.81666666666666,4,9,283,0,0,41,10,2024,0,2,-0.433883739117558,-0.9009688679024191,0.5877852522924732,-0.8090169943749473,11.0,5.0,8.0,5.0,9.0,5.0,5.29,6.29,6.67,2.87,3.0,11.0,5.47,7.25,2.8722813232690143,1.230769229822485,0
2024-10-10,Fancies,5.0,Regular Day,15.2,5.1,11.366666666666667,-1.5666666666666664,7.9,12.9,16.1,0.0,-3.0,10.927777777777777,6.0,0.0,0.0,0.0,172.77333333333334,5,10,284,0,0,41,10,2024,0,2,-0.9749279121818236,-0.2225209339563146,0.5877852522924732,-0.8090169943749473,4.0,12.0,6.0,1.0,11.0,10.0,5.43,5.79,6.38,2.76,3.0,11.0,5.1,5.75,4.645786621588784,2.28571428244898,0
2024-10-11,Fancies,9.0,Regular Day,12.9,5.800000000000001,11.316666666666666,-2.2666666666666675,13.099999999999998,12.2,14.8,0.0,-3.0,10.84,0.0,0.0,0.0,0.0,145.985,6,11,285,0,0,41,10,2024,0,2,-0.7818314824680299,0.6234898018587334,0.5877852522924732,-0.8090169943749473,4.0,2.0,6.0,10.0,9.0,10.0,5.29,5.5,6.19,2.81,3.0,11.0,4.83,5.5,3.415650255319866,0.374999999765625,0
2024-10-12,Fancies,11.0,Regular Day,12.2,0.6999999999999993,11.283333333333333,1.533333333333335,11.8,17.3,15.4,0.0,-1.7000000000000028,10.823055555555555,5.0,0.0,0.0,0.0,137.65666666666667,7,12,286,0,0,41,10,2024,1,2,-2.4492935982947064e-16,1.0,0.5877852522924732,-0.8090169943749473,4.0,3.0,11.0,10.0,3.0,7.0,4.86,5.36,6.05,2.73,3.0,11.0,4.62,7.0,4.08248290463863,0.3333333331746032,0
2024-10-13,Fancies,8.0,Regular Day,17.3,0.0,11.233333333333333,3.166666666666668,12.8,18.3,21.4,0.0,-1.0,10.805833333333334,19.0,0.3000000000000007,0.0,0.0,194.33666666666667,1,13,287,0,0,41,10,2024,1,2,0.7818314824680298,0.6234898018587336,0.5877852522924732,-0.8090169943749473,4.0,5.0,8.0,8.0,6.0,12.0,5.57,5.43,6.1,2.82,4.0,11.0,5.46,6.25,2.0615528128088303,0.5624999996484374,0
2024-10-14,Fancies,12.0,Columbus Day,18.3,0.0,11.2,2.866666666666667,8.0,19.2,29.1,0.0,-1.6000000000000014,10.698611111111111,44.0,1.1999999999999993,0.0,0.0,204.96,2,14,288,0,0,42,10,2024,0,2,0.9749279121818236,-0.22252093395631434,0.5877852522924732,-0.8090169943749473,4.0,7.0,6.0,7.0,2.0,11.0,5.29,5.71,6.14,2.21,4.0,9.0,6.35,6.0,1.4142135623730951,0.8461538455029586,1
2024-10-15,Fancies,7.0,Regular Day,19.2,7.4,11.15,-0.7333333333333343,8.0,10.6,22.4,0.0,-4.799999999999999,9.846111111111112,56.0,0.0,0.0,0.0,214.08,3,15,289,0,0,42,10,2024,0,3,0.43388373911755823,-0.900968867902419,-0.587785252292473,-0.8090169943749476,8.0,3.0,7.0,7.0,5.0,7.0,5.43,5.21,6.1,2.15,4.0,9.0,6.01,6.25,2.217355782608345,0.7857142851530612,0
2024-10-16,Fancies,7.0,Regular Day,10.6,8.2,11.116666666666667,-1.333333333333334,9.2,9.8,19.0,0.0,-4.6,10.754166666666666,14.0,0.0,0.0,0.0,117.83666666666667,4,16,290,0,0,42,10,2024,0,3,-0.433883739117558,-0.9009688679024191,-0.587785252292473,-0.8090169943749476,9.0,11.0,5.0,8.0,8.0,7.0,6.14,5.71,6.24,2.41,4.0,9.0,6.76,8.25,2.5,1.5384615372781063,0
2024-10-17,Fancies,10.0,Regular Day,9.8,8.1,11.083333333333334,-2.166666666666668,9.5,9.9,16.6,0.0,-3.5999999999999996,10.401666666666667,47.0,0.0,0.0,0.0,108.61666666666667,5,17,291,0,0,42,10,2024,0,3,-0.9749279121818236,-0.2225209339563146,-0.587785252292473,-0.8090169943749476,5.0,4.0,12.0,6.0,10.0,8.0,7.14,6.29,6.24,2.79,4.0,11.0,7.82,6.75,3.593976442141304,0.4999999997222222,0
2024-10-18,Fancies,7.0,Regular Day,9.9,6.300000000000001,11.033333333333333,-1.9999999999999982,12.799999999999999,11.7,15.2,0.0,-3.599999999999998,10.719444444444445,5.0,0.0,0.0,0.0,109.23,6,18,292,0,0,42,10,2024,0,3,-0.7818314824680299,0.6234898018587334,-0.587785252292473,-0.8090169943749476,9.0,4.0,2.0,6.0,12.0,12.0,7.71,6.5,6.24,2.43,4.0,11.0,7.86,5.25,2.9860788111948193,1.62499999796875,0
2024-10-19,Fancies,7.0,Regular Day,11.7,5.1,11.0,-2.3666666666666654,14.7,12.9,9.6,0.0,-1.0999999999999979,10.701666666666666,0.0,0.0,0.0,0.0,128.7,7,19,293,0,0,42,10,2024,1,3,-2.4492935982947064e-16,1.0,-0.587785252292473,-0.8090169943749476,11.0,4.0,3.0,11.0,4.0,8.0,8.86,6.86,6.52,2.27,5.0,12.0,8.9,7.25,4.349329450233296,1.0714285706632651,0
2024-10-20,Fancies,4.0,Regular Day,12.9,4.1,10.95,-0.2666666666666657,15.500000000000002,13.9,10.6,0.0,-2.400000000000002,10.684166666666666,1.0,0.0,0.0,0.0,141.255,1,20,294,0,0,42,10,2024,1,3,0.7818314824680298,0.6234898018587336,-0.587785252292473,-0.8090169943749476,8.0,4.0,5.0,8.0,6.0,5.0,8.71,7.14,6.52,2.36,5.0,12.0,8.42,6.25,2.0615528128088303,0.9230769223668639,0
2024-10-21,Fancies,7.0,Regular Day,13.9,2.3000000000000007,10.916666666666666,1.0666666666666647,15.900000000000002,15.7,11.0,0.0,-2.0,10.66611111111111,0.0,0.0,0.0,0.0,151.74166666666667,2,21,295,0,0,43,10,2024,0,3,0.9749279121818236,-0.22252093395631434,-0.587785252292473,-0.8090169943749476,12.0,4.0,7.0,6.0,4.0,12.0,8.43,6.86,6.62,2.44,5.0,12.0,8.07,7.25,3.4034296427770228,1.230769229822485,0
2024-10-22,Fancies,3.0,Regular Day,15.7,0.0,10.883333333333333,4.333333333333334,15.6,18.5,10.5,0.0,0.1999999999999993,10.648333333333333,0.0,0.5,0.0,0.0,170.8683333333333,3,22,296,0,0,43,10,2024,0,4,0.43388373911755823,-0.900968867902419,-0.9510565162951536,0.30901699437494723,7.0,8.0,3.0,7.0,8.0,8.0,9.14,7.29,6.52,1.95,7.0,12.0,8.55,6.25,2.217355782608345,1.4999999984999999,0
2024-10-23,Fancies,4.0,Regular Day,18.5,0.0,10.833333333333334,5.133333333333335,11.4,18.3,17.0,0.0,-1.1000000000000014,10.463888888888889,7.0,0.3000000000000007,0.0,0.0,200.41666666666669,4,23,297,0,0,43,10,2024,0,4,-0.433883739117558,-0.9009688679024191,-0.9510565162951536,0.30901699437494723,7.0,9.0,11.0,5.0,3.0,5.0,8.86,7.5,6.76,2.12,7.0,12.0,8.16,8.0,2.581988897471611,0.999999999375,0
2024-10-24,Fancies,8.0,Regular Day,18.3,0.8999999999999986,10.783333333333333,3.2333333333333343,5.9,17.1,19.9,0.0,-2.8999999999999986,10.474722222222223,3.0,0.0,0.0,0.1,197.335,5,24,298,0,0,43,10,2024,0,4,-0.9749279121818236,-0.2225209339563146,-0.9510565162951536,0.30901699437494723,10.0,5.0,4.0,12.0,2.0,7.0,8.29,7.71,6.95,1.98,7.0,12.0,7.87,7.75,3.8622100754188224,0.9374999994140625,0
2024-10-25,Fancies,3.0,Regular Day,17.1,5.800000000000001,10.75,-1.4333333333333336,11.600000000000001,12.2,17.0,0.0,-3.4000000000000004,10.59361111111111,2.0,0.0,0.0,0.0,183.82500000000002,6,25,299,0,0,43,10,2024,0,4,-0.7818314824680299,0.6234898018587334,-0.9510565162951536,0.30901699437494723,7.0,9.0,4.0,2.0,3.0,9.0,7.71,7.71,6.9,2.56,4.0,12.0,6.9,5.5,3.1091263510296048,2.666666662222222,0
2024-10-26,Fancies,9.0,Regular Day,12.2,3.8000000000000007,10.7,-0.1000000000000032,8.4,14.2,21.0,0.0,-3.9000000000000004,10.39611111111111,18.0,0.0,0.0,0.0,130.54,7,26,300,0,0,43,10,2024,1,4,-2.4492935982947064e-16,1.0,-0.9510565162951536,0.30901699437494723,7.0,11.0,4.0,3.0,6.0,4.0,7.0,7.93,6.9,1.73,4.0,10.0,6.93,6.25,3.593976442141304,2.571428567755102,0
2024-10-27,Fancies,5.0,Regular Day,14.2,7.5,10.666666666666666,-2.933333333333332,9.0,10.5,15.5,0.0,-3.6000000000000014,10.521666666666667,39.0,0.0,0.0,0.0,151.46666666666664,1,27,301,0,0,43,10,2024,1,4,0.7818314824680298,0.6234898018587336,-0.9510565162951536,0.30901699437494723,4.0,8.0,4.0,5.0,1.0,10.0,6.43,7.57,6.9,2.3,3.0,10.0,5.95,5.25,1.8929694486000912,1.3333333318518517,0
2024-10-28,Fancies,6.0,Regular Day,10.5,9.0,10.633333333333333,-3.7666666666666657,13.2,9.0,9.5,0.0,-3.0,10.375277777777777,22.0,0.0,0.0,0.0,111.64999999999999,2,28,302,0,0,44,10,2024,0,4,0.9749279121818236,-0.22252093395631434,-0.9510565162951536,0.30901699437494723,7.0,12.0,4.0,7.0,4.0,9.0,6.0,7.21,6.57,2.45,3.0,10.0,5.46,7.5,3.3166247903554,1.7272727257024791,0
2024-10-29,Fancies,9.0,Regular Day,9.0,5.5,10.6,-2.6333333333333346,15.6,12.5,9.9,0.0,-1.6999999999999993,9.354444444444445,39.0,0.0,0.0,0.0,95.39999999999999,3,29,303,0,0,44,10,2024,0,5,0.43388373911755823,-0.900968867902419,-2.4492935982947064e-16,1.0,3.0,7.0,8.0,3.0,6.0,7.0,5.71,7.43,6.76,1.98,3.0,8.0,6.09,5.25,2.6299556396765835,0.9090909082644627,0
2024-10-30,Fancies,8.0,Regular Day,12.5,2.3000000000000007,10.55,2.533333333333333,13.899999999999999,15.7,10.5,0.0,-0.29999999999999716,9.449722222222222,63.0,0.0,0.0,0.0,131.875,4,30,304,0,0,44,10,2024,0,5,-0.433883739117558,-0.9009688679024191,-2.4492935982947064e-16,1.0,4.0,7.0,9.0,11.0,3.0,12.0,5.14,7.0,6.71,2.12,3.0,8.0,5.32,7.75,2.9860788111948193,0.549999999725,0
2024-10-31,Fancies,9.0,Halloween,15.7,0.0,10.516666666666667,6.4,10.6,19.6,15.6,0.0,-0.3999999999999986,10.082222222222223,45.0,1.6000000000000014,0.0,0.0,165.11166666666668,5,31,305,0,1,44,10,2024,0,5,-0.9749279121818236,-0.2225209339563146,-2.4492935982947064e-16,1.0,8.0,10.0,5.0,4.0,8.0,3.0,5.43,6.86,6.95,2.51,3.0,9.0,6.24,6.75,2.753785273643051,1.9999999977777776,1
2024-11-01,Fancies,5.0,Regular Day,19.6,0.0,10.483333333333333,9.5,6.299999999999997,21.4,23.6,0.0,-2.099999999999998,6.8630555555555555,68.0,3.3999999999999986,0.0,0.0,205.47333333333333,6,1,306,1,0,44,11,2024,0,1,-0.7818314824680299,0.6234898018587334,0.9510565162951535,0.30901699437494745,3.0,7.0,9.0,4.0,8.0,9.0,5.57,6.64,7.0,2.44,3.0,9.0,5.93,5.75,2.753785273643051,0.7692307686390532,0
2024-11-02,Fancies,8.0,Regular Day,21.4,3.8000000000000007,10.433333333333334,3.3666666666666654,11.200000000000001,14.2,16.1,0.0,-3.700000000000003,9.975833333333334,22.0,0.0,0.0,0.0,223.2733333333333,7,2,307,0,0,44,11,2024,1,1,-2.4492935982947064e-16,1.0,0.9510565162951535,0.30901699437494745,9.0,7.0,11.0,4.0,6.0,6.0,5.43,6.21,7.1,2.37,3.0,9.0,5.95,7.75,2.9860788111948193,1.0666666659555555,0
2024-11-03,Fancies,7.0,Regular Day,14.2,8.8,10.4,-1.1999999999999993,9.6,9.2,13.2,0.0,-3.5,9.967222222222222,26.0,0.0,0.0,0.0,147.68,1,3,308,0,0,44,11,2024,1,1,0.7818314824680298,0.6234898018587336,0.9510565162951535,0.30901699437494745,5.0,4.0,8.0,4.0,7.0,10.0,6.29,6.36,7.14,2.43,3.0,9.0,6.71,5.25,1.8929694486000912,0.749999999375,0
2024-11-04,Fancies,5.0,Regular Day,9.2,7.9,10.366666666666667,-1.0666666666666664,10.7,10.1,14.7,0.0,-2.6999999999999993,9.110555555555555,75.0,0.0,0.0,0.0,95.37333333333333,2,4,309,0,0,45,11,2024,0,1,0.9749279121818236,-0.22252093395631434,0.9510565162951535,0.30901699437494745,6.0,7.0,12.0,4.0,4.0,11.0,6.86,6.43,7.1,2.27,3.0,9.0,7.03,7.25,3.4034296427770228,0.8124999994921874,0
2024-11-05,Fancies,3.0,Regular Day,10.1,2.4000000000000004,10.333333333333334,2.6999999999999993,11.2,15.6,18.3,0.0,-0.7999999999999972,9.78888888888889,43.0,0.0,0.0,0.0,104.36666666666667,3,5,310,0,0,45,11,2024,0,1,0.43388373911755823,-0.900968867902419,0.9510565162951535,0.30901699437494745,9.0,3.0,7.0,8.0,7.0,8.0,7.0,6.36,7.29,2.38,3.0,9.0,7.52,6.75,2.6299556396765835,0.7999999994666667,0
2024-11-06,Fancies,8.0,Regular Day,15.6,0.0,10.3,5.4,8.799999999999997,20.1,20.4,0.0,-0.8999999999999986,9.338055555555556,27.0,2.1000000000000014,0.0,0.0,160.68,4,6,311,0,0,45,11,2024,0,1,-0.433883739117558,-0.9009688679024191,0.9510565162951535,0.30901699437494745,8.0,4.0,7.0,9.0,4.0,5.0,7.29,6.21,7.1,1.89,5.0,9.0,6.89,7.0,2.160246899469287,0.74999999953125,0
2024-11-07,Fancies,4.0,Regular Day,20.1,0.0,10.266666666666667,5.199999999999999,8.5,21.5,20.9,0.0,-1.2999999999999972,9.129166666666666,68.0,3.5,0.0,0.0,206.36000000000004,5,7,312,0,0,45,11,2024,0,1,-0.9749279121818236,-0.2225209339563146,0.9510565162951535,0.30901699437494745,9.0,8.0,10.0,5.0,3.0,7.0,7.14,6.29,6.95,1.77,5.0,9.0,7.17,8.0,2.160246899469287,1.1333333325777777,0
2024-11-08,Fancies,5.0,Regular Day,21.5,2.9000000000000004,10.233333333333333,0.9666666666666668,12.2,15.1,20.8,0.0,-4.199999999999999,9.753055555555555,0.0,0.0,0.0,0.0,220.01666666666665,6,8,313,0,0,45,11,2024,0,2,-0.7818314824680299,0.6234898018587334,0.5877852522924732,-0.8090169943749473,5.0,3.0,7.0,9.0,3.0,3.0,7.43,6.5,6.9,1.51,5.0,9.0,7.13,6.0,2.581988897471611,0.4999999996875,0
2024-11-09,Fancies,9.0,Regular Day,15.1,6.300000000000001,10.2,0.3333333333333339,11.499999999999998,11.7,21.8,0.0,-4.899999999999999,9.747222222222222,6.0,0.0,0.0,0.0,154.01999999999998,7,9,314,0,0,45,11,2024,1,2,-2.4492935982947064e-16,1.0,0.5877852522924732,-0.8090169943749473,8.0,9.0,7.0,11.0,5.0,9.0,7.29,6.36,6.57,1.7,5.0,9.0,6.6,8.75,1.707825127659933,0.944444443919753,0
2024-11-10,Fancies,5.0,Regular Day,11.7,9.3,10.166666666666666,2.1999999999999993,11.5,8.7,13.8,0.0,-2.4000000000000004,1.2883333333333333,86.0,0.0,0.0,0.0,118.94999999999999,1,10,315,0,0,45,11,2024,1,2,0.7818314824680298,0.6234898018587336,0.5877852522924732,-0.8090169943749473,7.0,5.0,4.0,8.0,8.0,10.0,6.43,6.36,6.38,2.15,3.0,9.0,5.7,6.0,1.8257418583505538,0.9999999991666666,0
2024-11-11,Fancies,6.0,Veterans Day,8.7,0.8000000000000007,10.116666666666667,7.333333333333334,8.000000000000002,17.2,23.0,0.0,-2.3000000000000007,9.403333333333334,64.0,0.0,0.0,9.8,88.015,2,11,316,0,0,46,11,2024,0,2,0.9749279121818236,-0.22252093395631434,0.5877852522924732,-0.8090169943749473,5.0,6.0,7.0,12.0,3.0,7.0,6.43,6.64,6.43,2.15,3.0,9.0,6.27,7.5,3.1091263510296048,0.5789473681163435,1
2024-11-12,Fancies,9.0,Regular Day,17.2,6.199999999999999,10.083333333333334,3.5999999999999996,9.6,11.8,26.7,0.0,-3.1999999999999993,9.678888888888888,5.0,0.0,0.0,0.0,173.43333333333334,3,12,317,0,0,46,11,2024,0,2,0.43388373911755823,-0.900968867902419,0.5877852522924732,-0.8090169943749473,3.0,9.0,3.0,7.0,1.0,5.0,5.71,6.36,6.14,1.98,3.0,8.0,5.7,5.5,3.0,1.1999999987999999,0
2024-11-13,Fancies,5.0,Regular Day,11.8,12.5,10.05,-1.2000000000000002,8.799999999999999,5.5,20.2,0.0,-3.8,9.664722222222222,6.0,0.0,0.0,0.0,118.59000000000002,4,13,318,0,0,46,11,2024,0,2,-0.433883739117558,-0.9009688679024191,0.5877852522924732,-0.8090169943749473,8.0,8.0,4.0,7.0,6.0,7.0,5.71,6.5,6.05,1.98,3.0,8.0,5.53,6.75,1.8929694486000912,1.4545454532231403,0
2024-11-14,Fancies,1.0,Regular Day,5.5,12.5,10.016666666666667,-1.2666666666666657,9.5,5.5,12.2,0.0,-3.1999999999999993,1.5075,81.0,0.0,0.0,0.0,55.09166666666667,5,14,319,0,0,46,11,2024,0,2,-0.9749279121818236,-0.2225209339563146,0.5877852522924732,-0.8090169943749473,4.0,9.0,8.0,10.0,3.0,5.0,5.86,6.5,6.14,2.19,3.0,9.0,6.4,7.75,2.6299556396765835,0.7222222218209876,0
2024-11-15,Fancies,6.0,Regular Day,5.5,9.4,10.0,-2.533333333333335,7.499999999999999,8.6,15.8,0.0,-3.6999999999999993,7.851944444444444,78.0,0.0,0.0,0.0,55.0,6,15,320,0,0,46,11,2024,0,3,-0.7818314824680299,0.6234898018587334,-0.587785252292473,-0.8090169943749476,5.0,5.0,3.0,7.0,8.0,5.0,5.57,6.5,6.19,2.15,3.0,9.0,6.05,5.0,1.632993161855452,0.9999999989999999,0
2024-11-16,Fancies,8.0,Regular Day,8.6,7.4,9.966666666666667,0.5,9.8,10.6,19.7,0.0,-4.300000000000001,9.625277777777777,2.0,0.0,0.0,0.0,85.71333333333332,7,16,321,0,0,46,11,2024,1,3,-2.4492935982947064e-16,1.0,-0.587785252292473,-0.8090169943749476,9.0,8.0,9.0,7.0,6.0,8.0,5.71,6.5,6.14,2.14,3.0,9.0,6.04,8.25,0.9574271077563381,1.0624999993359374,0
2024-11-17,Fancies,2.0,Regular Day,10.6,7.800000000000001,9.933333333333334,0.6999999999999993,12.799999999999999,10.2,15.9,0.0,-3.599999999999998,8.156666666666666,44.0,0.0,0.0,0.0,105.29333333333334,1,17,322,0,0,46,11,2024,1,3,0.7818314824680298,0.6234898018587336,-0.587785252292473,-0.8090169943749476,5.0,7.0,5.0,4.0,7.0,8.0,6.57,6.5,6.43,2.07,4.0,9.0,6.78,5.25,1.2583057392117916,1.3333333318518517,0
2024-11-18,Fancies,6.0,Regular Day,10.2,6.699999999999999,9.9,3.0999999999999996,12.4,11.3,12.5,0.0,-2.6000000000000014,9.445277777777777,68.0,0.0,0.0,0.0,100.97999999999999,2,18,323,0,0,47,11,2024,0,3,0.9749279121818236,-0.22252093395631434,-0.587785252292473,-0.8090169943749476,6.0,5.0,6.0,7.0,7.0,11.0,6.14,6.29,6.48,2.04,4.0,9.0,6.33,6.0,0.816496580927726,0.8461538455029586,0
2024-11-19,Fancies,4.0,Regular Day,11.3,7.1,9.866666666666667,3.1333333333333346,10.6,10.9,12.7,0.0,-2.799999999999999,9.0,65.0,0.0,0.0,0.0,111.49333333333334,3,19,324,0,0,47,11,2024,0,3,0.43388373911755823,-0.900968867902419,-0.587785252292473,-0.8090169943749476,9.0,3.0,9.0,3.0,4.0,7.0,5.71,5.71,6.14,2.75,1.0,9.0,5.0,6.0,3.4641016151377544,0.9999999991666666,0
2024-11-20,Fancies,4.0,Regular Day,10.9,5.6,9.833333333333334,3.1000000000000014,10.5,12.4,10.2,0.0,-1.8999999999999986,7.416944444444445,72.0,0.0,0.0,0.0,107.18333333333334,4,20,325,0,0,47,11,2024,0,3,-0.433883739117558,-0.9009688679024191,-0.587785252292473,-0.8090169943749476,5.0,8.0,8.0,4.0,8.0,9.0,5.86,5.79,6.29,2.73,1.0,9.0,5.25,6.25,2.0615528128088303,1.0833333324305554,0
2024-11-21,Fancies,6.0,Regular Day,12.4,8.3,9.816666666666666,-1.4666666666666668,8.0,9.7,30.0,0.0,-1.4000000000000004,0.0,96.0,0.0,0.0,32.6,121.72666666666667,5,21,326,0,0,47,11,2024,0,3,-0.9749279121818236,-0.2225209339563146,-0.587785252292473,-0.8090169943749476,1.0,4.0,9.0,8.0,6.0,11.0,5.71,5.79,6.24,2.56,1.0,9.0,5.94,5.5,3.696845502136472,0.29411764688581316,0
2024-11-22,Fancies,3.0,Regular Day,9.7,13.6,9.783333333333333,-2.2666666666666666,5.4,4.4,24.8,0.0,-4.6,5.272222222222222,37.0,0.0,0.0,1.2,94.89833333333333,6,22,327,0,0,47,11,2024,0,4,-0.7818314824680299,0.6234898018587334,-0.9510565162951536,0.30901699437494723,6.0,5.0,5.0,3.0,7.0,6.0,5.29,5.43,6.1,2.93,1.0,9.0,4.95,4.75,1.2583057392117916,1.37499999828125,0
2024-11-23,Fancies,7.0,Regular Day,4.4,12.1,9.766666666666667,-0.833333333333333,9.2,5.9,28.6,0.0,-6.3999999999999995,9.479722222222222,58.0,0.0,0.0,2.7,42.97333333333334,7,23,328,0,0,47,11,2024,1,4,-2.4492935982947064e-16,1.0,-0.9510565162951536,0.30901699437494723,8.0,9.0,8.0,9.0,11.0,7.0,5.29,5.5,6.1,2.93,1.0,9.0,5.21,8.5,0.5773502691896257,0.9999999994117647,0
2024-11-24,Fancies,7.0,Regular Day,5.9,8.5,9.733333333333333,2.7666666666666666,7.1000000000000005,9.5,23.9,0.0,-5.0,7.201666666666667,55.0,0.0,0.0,0.0,57.42666666666666,1,24,329,0,0,47,11,2024,1,4,0.7818314824680298,0.6234898018587336,-0.9510565162951536,0.30901699437494723,2.0,5.0,7.0,5.0,5.0,7.0,4.57,5.57,5.86,2.44,1.0,8.0,4.91,4.75,2.0615528128088303,0.5833333328472222,0
2024-11-25,Fancies,4.0,Regular Day,9.5,10.3,9.716666666666667,-1.333333333333333,10.100000000000001,7.7,12.5,0.0,-2.8000000000000007,9.301388888888889,25.0,0.0,0.0,0.0,92.30833333333334,2,25,330,0,0,48,11,2024,0,4,0.9749279121818236,-0.22252093395631434,-0.9510565162951536,0.30901699437494723,6.0,6.0,5.0,6.0,5.0,9.0,4.43,5.29,5.67,2.44,1.0,8.0,4.68,5.75,0.5,1.0909090899173552,0
2024-11-26,Fancies,3.0,Regular Day,7.7,6.199999999999999,9.683333333333334,2.4000000000000004,9.8,11.8,18.1,0.0,-2.900000000000002,5.776111111111111,72.0,0.0,0.0,1.2,74.56166666666667,3,26,331,0,0,48,11,2024,0,4,0.43388373911755823,-0.900968867902419,-0.9510565162951536,0.30901699437494723,4.0,9.0,3.0,9.0,8.0,10.0,5.14,5.43,5.52,1.95,2.0,8.0,5.01,6.25,3.2015621187164243,1.0833333324305554,0
2024-11-27,Fancies,6.0,Regular Day,11.8,10.7,9.666666666666666,3.4,9.3,7.3,16.3,0.0,-3.6999999999999993,7.4825,57.0,0.0,0.0,0.0,114.06666666666666,4,27,332,0,0,48,11,2024,0,4,-0.433883739117558,-0.9009688679024191,-0.9510565162951536,0.30901699437494723,4.0,5.0,8.0,8.0,8.0,7.0,4.71,5.29,5.43,2.06,2.0,8.0,4.51,6.25,2.0615528128088303,0.5624999996484374,0
2024-11-28,Fancies,5.0,Thanksgiving Day,7.3,8.5,9.633333333333333,6.233333333333334,8.5,9.5,25.0,0.0,-1.8000000000000007,0.19,99.0,0.0,0.0,14.5,70.32333333333332,5,28,333,0,0,48,11,2024,0,4,-0.9749279121818236,-0.2225209339563146,-0.9510565162951536,0.30901699437494723,6.0,1.0,4.0,9.0,4.0,10.0,4.57,5.14,5.38,1.81,2.0,7.0,5.13,5.0,3.366501646120693,0.5384615380473372,1
2024-11-29,Fancies,6.0,Regular Day,9.5,12.4,9.616666666666667,1.5999999999999996,7.800000000000001,5.6,22.6,0.0,-5.200000000000001,7.196111111111111,24.0,0.0,0.0,0.0,91.35833333333333,6,29,334,0,0,48,11,2024,0,5,-0.7818314824680299,0.6234898018587334,-2.4492935982947064e-16,1.0,3.0,6.0,5.0,5.0,7.0,3.0,5.29,5.29,5.38,1.6,3.0,7.0,5.6,4.75,1.2583057392117916,0.8999999991,0
2024-11-30,Fancies,3.0,Regular Day,5.6,17.3,9.6,-3.2333333333333334,7.1,0.7,19.9,0.0,-5.5,7.926111111111111,24.0,0.0,0.0,0.0,53.76,7,30,335,0,1,48,11,2024,1,5,-2.4492935982947064e-16,1.0,-2.4492935982947064e-16,1.0,7.0,8.0,9.0,8.0,7.0,15.0,5.0,5.14,5.33,1.63,3.0,7.0,5.2,8.0,0.816496580927726,0.8823529406574394,0
2024-12-01,Fancies,2.0,Regular Day,0.7,18.4,9.583333333333334,-5.3,8.5,-0.4,19.4,0.0,-5.3,7.721111111111111,55.0,0.0,0.0,0.0,6.708333333333333,1,1,336,1,0,48,12,2024,1,1,0.7818314824680298,0.6234898018587336,0.9510565162951535,0.30901699437494745,7.0,2.0,5.0,7.0,8.0,4.0,4.86,4.71,5.33,1.77,3.0,7.0,4.65,5.25,2.362907813126304,0.749999999375,0
2024-12-02,Fancies,5.0,Regular Day,-0.4,18.3,9.55,-4.933333333333334,8.2,-0.3,11.6,0.0,-4.8,9.220833333333333,16.0,0.0,0.0,0.0,-3.8200000000000003,2,2,337,0,0,49,12,2024,0,1,0.9749279121818236,-0.22252093395631434,0.9510565162951535,0.30901699437494745,4.0,6.0,6.0,5.0,3.0,6.0,5.14,4.79,5.24,1.77,3.0,7.0,4.99,5.25,0.9574271077563381,0.9090909082644627,0
2024-12-03,Fancies,2.0,Regular Day,-0.3,17.6,9.533333333333333,-3.466666666666667,8.6,0.4,16.8,0.0,-5.0,9.110555555555555,5.0,0.0,0.0,0.0,-2.86,3,3,338,0,0,49,12,2024,0,1,0.43388373911755823,-0.900968867902419,0.9510565162951535,0.30901699437494745,3.0,4.0,9.0,3.0,10.0,6.0,5.0,5.07,5.29,1.73,3.0,7.0,4.99,4.75,2.8722813232690143,0.5833333328472222,0
2024-12-04,Fancies,3.0,Regular Day,0.4,17.7,9.516666666666667,-1.3333333333333335,8.1,0.3,17.9,0.0,-5.3999999999999995,8.86138888888889,26.0,0.0,0.0,0.0,3.806666666666667,4,4,339,0,0,49,12,2024,0,1,-0.433883739117558,-0.9009688679024191,0.9510565162951535,0.30901699437494745,6.0,4.0,5.0,8.0,3.0,8.0,5.43,5.07,5.33,1.51,3.0,7.0,5.24,5.75,1.707825127659933,0.7692307686390532,0
2024-12-05,Fancies,6.0,Regular Day,0.3,13.9,9.5,1.0,6.699999999999999,4.1,37.2,1.0,-5.8999999999999995,5.7091666666666665,76.0,0.0,0.0,3.8,2.85,5,5,340,0,0,49,12,2024,0,1,-0.9749279121818236,-0.2225209339563146,0.9510565162951535,0.30901699437494745,5.0,6.0,1.0,4.0,10.0,10.0,4.86,4.71,5.05,1.57,3.0,7.0,4.68,4.0,2.160246899469287,2.1999999956,0
2024-12-06,Fancies,5.0,Regular Day,4.1,18.5,9.483333333333333,-1.2333333333333334,4.2,-0.5,25.9,0.0,-6.0,9.164722222222222,20.0,0.0,0.0,0.0,38.88166666666666,6,6,341,0,0,49,12,2024,0,1,-0.7818314824680299,0.6234898018587334,0.9510565162951535,0.30901699437494745,6.0,3.0,6.0,5.0,3.0,7.0,4.14,4.71,4.9,1.57,2.0,6.0,4.01,5.0,1.4142135623730951,0.8181818174380164,0
2024-12-07,Fancies,5.0,Regular Day,-0.5,18.2,9.466666666666667,-1.4,8.1,-0.2,15.7,0.0,-5.3999999999999995,8.474444444444444,31.0,0.0,0.0,0.0,-4.733333333333333,7,7,342,0,0,49,12,2024,1,1,-2.4492935982947064e-16,1.0,0.9510565162951535,0.30901699437494745,3.0,7.0,8.0,9.0,6.0,9.0,4.29,4.64,4.86,1.6,2.0,6.0,4.26,6.75,2.6299556396765835,0.5882352937716263,0
2024-12-08,Fancies,3.0,Regular Day,-0.2,11.8,9.45,2.333333333333333,14.1,6.2,19.5,0.0,-5.0,8.141666666666667,83.0,0.0,0.0,0.0,-1.89,1,8,343,0,0,49,12,2024,1,2,0.7818314824680298,0.6234898018587336,0.5877852522924732,-0.8090169943749473,2.0,7.0,2.0,5.0,5.0,7.0,4.14,4.5,4.52,1.77,2.0,6.0,3.69,4.0,2.449489742783178,1.285714283877551,0
2024-12-09,Fancies,6.0,Regular Day,6.2,10.4,9.433333333333334,-0.5,10.8,7.6,15.7,0.0,-2.799999999999999,2.0908333333333333,64.0,0.0,0.0,0.2,58.48666666666667,2,9,344,0,0,50,12,2024,0,2,0.9749279121818236,-0.22252093395631434,0.5877852522924732,-0.8090169943749473,5.0,4.0,6.0,6.0,6.0,5.0,3.71,4.43,4.43,1.6,2.0,6.0,3.52,5.25,0.9574271077563381,0.749999999375,0
2024-12-10,Fancies,4.0,Regular Day,7.6,8.9,9.433333333333334,2.2666666666666666,10.2,9.1,13.1,0.0,-2.0999999999999996,7.121944444444445,77.0,0.0,0.0,0.0,71.69333333333333,3,10,345,0,0,50,12,2024,0,2,0.43388373911755823,-0.900968867902419,0.5877852522924732,-0.8090169943749473,2.0,3.0,4.0,9.0,5.0,10.0,3.86,4.43,4.67,1.77,2.0,6.0,4.14,4.5,3.1091263510296048,0.3846153843195266,0
2024-12-11,Fancies,2.0,Regular Day,9.1,3.5999999999999996,9.416666666666666,9.033333333333333,7.300000000000001,14.4,25.0,0.0,-1.3000000000000007,0.0,100.0,0.0,0.0,31.9,85.69166666666666,4,11,346,0,0,50,12,2024,0,2,-0.433883739117558,-0.9009688679024191,0.5877852522924732,-0.8090169943749473,3.0,6.0,4.0,5.0,1.0,7.0,3.71,4.57,4.62,1.6,2.0,6.0,4.36,4.5,1.2909944487358056,0.9999999988888888,0
2024-12-12,Fancies,7.0,Regular Day,14.4,14.1,9.416666666666666,1.2000000000000002,10.0,3.9,29.3,0.0,-4.1,9.080555555555556,34.0,0.0,0.0,9.8,135.6,5,12,347,0,0,50,12,2024,0,2,-0.9749279121818236,-0.2225209339563146,0.5877852522924732,-0.8090169943749473,6.0,5.0,6.0,1.0,10.0,4.0,4.0,4.43,4.48,1.63,2.0,6.0,4.52,4.5,2.3804761428476167,1.5714285691836736,0
2024-12-13,Fancies,3.0,Regular Day,3.9,18.7,9.4,-0.7999999999999999,7.1,-0.7,12.4,0.0,-4.6,9.066944444444445,27.0,0.0,0.0,0.0,36.660000000000004,6,13,348,0,0,50,12,2024,0,2,-0.7818314824680299,0.6234898018587334,0.5877852522924732,-0.8090169943749473,5.0,6.0,3.0,6.0,10.0,8.0,4.14,4.14,4.52,1.46,2.0,6.0,4.14,5.0,1.4142135623730951,1.2222222208641975,0
2024-12-14,Fancies,4.0,Regular Day,-0.7,19.8,9.4,-0.23333333333333361,8.0,-1.8,12.9,0.0,-4.4,9.053611111111111,46.0,0.0,0.0,0.0,-6.58,7,14,349,0,0,50,12,2024,1,2,-2.4492935982947064e-16,1.0,0.5877852522924732,-0.8090169943749473,5.0,3.0,7.0,8.0,8.0,8.0,4.29,4.29,4.52,1.6,2.0,6.0,4.6,5.75,2.217355782608345,0.5333333329777777,0
2024-12-15,Fancies,7.0,Regular Day,-1.8,17.8,9.383333333333333,-0.7,10.7,0.2,13.7,0.0,-4.6,2.8208333333333333,76.0,0.0,0.0,0.0,-16.89,1,15,350,0,0,50,12,2024,1,3,0.7818314824680298,0.6234898018587336,-0.587785252292473,-0.8090169943749476,3.0,2.0,7.0,2.0,7.0,4.0,4.57,4.36,4.52,1.27,3.0,6.0,4.45,3.5,2.3804761428476167,0.5555555549382716,0
2024-12-16,Fancies,3.0,Regular Day,0.2,10.3,9.383333333333333,1.799999999999999,10.100000000000001,7.7,15.6,1.0,-1.5999999999999996,3.9469444444444446,99.0,0.0,0.0,15.4,1.8766666666666667,2,16,351,0,0,51,12,2024,0,3,0.9749279121818236,-0.22252093395631434,-0.587785252292473,-0.8090169943749476,6.0,5.0,4.0,6.0,7.0,9.0,4.43,4.07,4.43,1.51,2.0,6.0,3.84,5.25,0.9574271077563381,1.0999999989,0
2024-12-17,Fancies,5.0,Regular Day,7.7,5.800000000000001,9.383333333333333,2.466666666666667,8.6,12.2,20.9,0.0,-1.3000000000000007,7.2283333333333335,87.0,0.0,0.0,2.3,72.25166666666667,3,17,352,0,0,51,12,2024,0,3,0.43388373911755823,-0.900968867902419,-0.587785252292473,-0.8090169943749476,4.0,2.0,3.0,4.0,8.0,8.0,4.57,4.21,4.48,1.72,2.0,7.0,4.63,3.25,0.9574271077563381,0.8571428559183674,0
2024-12-18,Fancies,2.0,Regular Day,12.2,9.8,9.366666666666667,0.13333333333333286,12.2,8.2,14.0,0.0,-3.299999999999999,8.679444444444444,18.0,0.0,0.0,0.5,114.27333333333333,4,18,353,0,0,51,12,2024,0,3,-0.433883739117558,-0.9009688679024191,-0.587785252292473,-0.8090169943749476,2.0,3.0,6.0,4.0,6.0,4.0,4.29,4.0,4.48,1.8,2.0,7.0,4.22,3.75,1.707825127659933,0.49999999949999996,0
2024-12-19,Fancies,2.0,Regular Day,8.2,10.6,9.383333333333333,4.6,10.1,7.4,18.5,0.0,-1.9000000000000004,8.670555555555556,57.0,0.0,0.0,2.2,76.94333333333333,5,19,354,0,0,51,12,2024,0,3,-0.9749279121818236,-0.2225209339563146,-0.587785252292473,-0.8090169943749476,7.0,6.0,5.0,6.0,6.0,9.0,4.14,4.07,4.33,1.77,2.0,7.0,4.17,6.0,0.816496580927726,1.1818181807438015,0
2024-12-20,Fancies,8.0,Regular Day,7.4,14.8,9.366666666666667,-0.2666666666666666,6.9,3.2,15.7,0.0,-3.6,0.0,94.0,0.0,0.0,0.7,69.31333333333335,6,20,355,0,0,51,12,2024,0,3,-0.7818314824680299,0.6234898018587334,-0.587785252292473,-0.8090169943749476,3.0,5.0,6.0,3.0,11.0,10.0,4.71,4.43,4.33,1.98,2.0,7.0,4.87,4.25,1.5,0.8888888879012344,0
2024-12-21,Fancies,4.0,Regular Day,3.2,17.7,9.383333333333333,0.26666666666666666,5.5,0.3,23.8,1.0,-3.7,8.0,81.0,0.0,0.0,2.2,30.026666666666667,7,21,356,0,0,51,12,2024,1,3,-2.4492935982947064e-16,1.0,-0.587785252292473,-0.8090169943749476,4.0,5.0,3.0,7.0,8.0,8.0,4.29,4.29,4.29,1.98,2.0,7.0,4.41,4.75,1.707825127659933,0.8999999991,0
2024-12-22,Fancies,6.0,Regular Day,0.3,23.8,9.366666666666667,-5.866666666666666,5.1000000000000005,-5.8,17.9,0.0,-5.8999999999999995,9.20888888888889,5.0,0.0,0.0,0.0,2.81,1,22,357,0,0,51,12,2024,1,4,0.7818314824680298,0.6234898018587336,-0.9510565162951536,0.30901699437494723,7.0,3.0,2.0,7.0,6.0,8.0,4.43,4.5,4.38,1.99,2.0,7.0,4.55,4.75,2.6299556396765835,1.1111111098765432,0
2024-12-23,Fancies,5.0,Regular Day,-5.8,25.1,9.383333333333333,-8.566666666666666,11.799999999999999,-7.1,9.9,0.0,-4.2,8.6475,18.0,0.0,0.0,0.0,-54.42333333333333,2,23,358,0,0,52,12,2024,0,4,0.9749279121818236,-0.22252093395631434,-0.9510565162951536,0.30901699437494723,3.0,6.0,5.0,4.0,7.0,4.0,4.43,4.43,4.19,1.99,2.0,7.0,3.92,4.5,1.2909944487358056,0.9999999988888888,0
2024-12-24,Fancies,5.0,Christmas Eve,-7.1,19.0,9.366666666666667,-4.566666666666666,9.5,-1.0,10.1,1.0,-3.8,3.6302777777777777,80.0,0.0,0.0,0.6,-66.50333333333333,3,24,359,0,0,52,12,2024,0,4,0.43388373911755823,-0.900968867902419,-0.9510565162951536,0.30901699437494723,5.0,4.0,2.0,3.0,5.0,10.0,3.71,4.14,4.05,1.8,2.0,7.0,3.44,3.5,1.2909944487358056,1.7999999964,1
2024-12-25,Fancies,3.0,Christmas Day,-1.0,16.9,9.383333333333333,-1.5999999999999996,7.3,1.1,13.1,0.0,-4.3999999999999995,5.78,83.0,0.0,0.0,0.0,-9.383333333333333,4,25,360,0,0,52,12,2024,0,4,-0.433883739117558,-0.9009688679024191,-0.9510565162951536,0.30901699437494723,2.0,2.0,3.0,6.0,12.0,4.0,4.43,4.36,4.14,2.37,2.0,8.0,4.58,3.25,1.8929694486000912,0.4444444439506172,1
2024-12-26,Fancies,3.0,Regular Day,1.1,18.7,9.4,-3.6333333333333337,9.0,-0.7,9.0,0.0,-3.0999999999999996,9.224444444444444,48.0,0.0,0.0,0.0,10.340000000000002,5,26,361,0,0,52,12,2024,0,4,-0.9749279121818236,-0.2225209339563146,-0.9510565162951536,0.30901699437494723,2.0,7.0,6.0,5.0,2.0,8.0,4.43,4.29,4.19,2.37,2.0,8.0,4.43,5.0,2.160246899469287,0.8181818174380164,0
2024-12-27,Fancies,3.0,Regular Day,-0.7,16.3,9.383333333333333,-2.466666666666666,10.8,1.7,10.1,0.0,-3.3,8.662777777777778,81.0,0.0,0.0,0.0,-6.5683333333333325,6,27,362,0,0,52,12,2024,0,4,-0.7818314824680299,0.6234898018587334,-0.9510565162951536,0.30901699437494723,8.0,3.0,5.0,6.0,3.0,7.0,4.29,4.5,4.38,2.21,2.0,8.0,4.82,5.5,2.0816659994661326,0.999999999090909,0
2024-12-28,Fancies,3.0,Regular Day,1.7,10.0,9.4,-0.9333333333333336,8.9,8.0,12.3,0.0,-0.9000000000000004,0.07888888888888888,99.0,0.0,0.0,4.7,15.98,7,28,363,0,0,52,12,2024,1,4,-2.4492935982947064e-16,1.0,-0.9510565162951536,0.30901699437494723,4.0,4.0,5.0,3.0,5.0,9.0,4.57,4.43,4.38,2.15,2.0,8.0,4.87,4.0,0.816496580927726,0.9999999987499999,0
2024-12-29,Fancies,6.0,Regular Day,8.0,4.199999999999999,9.416666666666666,7.300000000000001,7.4,13.8,22.7,0.0,-2.1000000000000014,8.358333333333333,95.0,0.0,0.0,2.3,75.33333333333333,1,29,364,0,0,52,12,2024,1,5,0.7818314824680298,0.6234898018587336,-2.4492935982947064e-16,1.0,6.0,7.0,3.0,2.0,7.0,7.0,4.57,4.5,4.52,2.15,2.0,8.0,4.9,4.5,2.3804761428476167,2.5999999948,0
2024-12-30,Fancies,7.0,Regular Day,13.8,4.699999999999999,9.433333333333334,7.666666666666668,6.0,13.3,26.9,0.0,-2.5999999999999996,9.04,54.0,0.0,0.0,5.3,130.18,2,30,365,0,0,1,12,2024,0,5,0.9749279121818236,-0.22252093395631434,-2.4492935982947064e-16,1.0,5.0,3.0,6.0,5.0,3.0,7.0,4.71,4.57,4.52,1.98,2.0,8.0,4.43,4.75,1.2583057392117916,0.7272727266115702,0
2024-12-31,Fancies,0.0,New Years Eve,13.3,10.4,9.416666666666666,0.0,10.1,7.6,16.7,0.0,-3.6999999999999993,9.266944444444444,31.0,0.0,0.0,0.6,125.24166666666666,3,31,366,0,1,1,12,2024,0,5,0.43388373911755823,-0.900968867902419,-2.4492935982947064e-16,1.0,5.0,5.0,4.0,2.0,11.0,9.0,4.86,4.29,4.38,1.77,3.0,8.0,4.07,4.0,1.4142135623730951,1.666666663888889,1
2025-01-01,Fancies,3.0,New Year,7.6,9.5,9.433333333333334,4.5,4.5,8.5,33.6,0.0,-1.3000000000000007,5.940277777777778,39.0,0.0,0.0,7.8,71.69333333333333,4,1,1,1,0,1,1,2025,0,1,-0.433883739117558,-0.9009688679024191,0.9510565162951535,0.30901699437494745,3.0,2.0,2.0,3.0,4.0,9.0,4.14,4.29,4.29,1.21,3.0,6.0,3.8,2.5,0.5773502691896257,0.9999999980000001,1
2025-01-02,Fancies,8.0,Regular Day,8.5,14.9,9.45,2.433333333333333,5.6,3.1,27.6,0.0,-6.2,8.581111111111111,14.0,0.0,0.0,0.0,80.32499999999999,5,2,2,0,0,1,1,2025,0,1,-0.9749279121818236,-0.2225209339563146,0.9510565162951535,0.30901699437494745,3.0,2.0,7.0,6.0,4.0,8.0,4.0,4.21,4.19,1.29,3.0,6.0,3.6,4.5,2.3804761428476167,0.3846153843195266,0
2025-01-03,Fancies,0.0,Regular Day,3.1,17.4,9.466666666666667,0.9333333333333333,6.9,0.6,20.0,1.0,-4.5,7.894722222222223,57.0,0.0,0.0,0.3,29.346666666666668,6,3,3,0,0,1,1,2025,0,1,-0.7818314824680299,0.6234898018587334,0.9510565162951535,0.30901699437494745,3.0,8.0,3.0,5.0,4.0,5.0,4.0,4.14,4.33,1.29,3.0,6.0,4.2,4.75,2.362907813126304,1.37499999828125,0
2025-01-04,Fancies,3.0,Regular Day,0.6,19.2,9.483333333333333,-1.7000000000000002,3.6999999999999997,-1.2,30.4,1.0,-3.8,7.706388888888889,46.0,0.0,0.0,0.3,5.6899999999999995,7,4,4,0,0,1,1,2025,1,1,-2.4492935982947064e-16,1.0,0.9510565162951535,0.30901699437494745,3.0,4.0,4.0,5.0,4.0,6.0,4.29,4.43,4.38,1.7,3.0,7.0,4.9,4.0,0.816496580927726,0.7777777769135802,0
2025-01-05,Fancies,3.0,Regular Day,-1.2,21.3,9.5,-1.3999999999999997,5.0,-3.3,22.5,0.0,-6.6,9.33388888888889,15.0,0.0,0.0,0.0,-11.4,1,5,5,0,0,1,1,2025,1,1,0.7818314824680298,0.6234898018587336,0.9510565162951535,0.30901699437494745,6.0,6.0,7.0,3.0,4.0,10.0,3.57,4.07,4.19,2.3,0.0,7.0,3.68,5.5,1.7320508075688772,1.1999999987999999,0
2025-01-06,Fancies,4.0,Regular Day,-3.3,20.7,9.516666666666667,-3.166666666666667,1.6,-2.7,13.7,1.0,-3.9,0.0,100.0,0.0,0.0,7.5,-31.405,2,6,6,0,0,2,1,2025,0,1,0.9749279121818236,-0.22252093395631434,0.9510565162951535,0.30901699437494745,7.0,5.0,3.0,6.0,8.0,9.0,3.57,4.14,4.24,2.3,0.0,7.0,3.51,5.25,1.707825127659933,1.3333333318518517,0
2025-01-07,Fancies,1.0,Regular Day,-2.7,22.3,9.516666666666667,-7.5,7.1,-4.3,29.0,1.0,-5.4,9.367222222222223,38.0,0.0,0.0,1.6,-25.695000000000004,3,7,7,0,0,2,1,2025,0,1,0.43388373911755823,-0.900968867902419,0.9510565162951535,0.30901699437494745,0.0,5.0,5.0,4.0,9.0,10.0,4.29,4.57,4.29,2.81,0.0,8.0,4.63,3.5,2.3804761428476167,0.5555555549382716,0
2025-01-08,Fancies,6.0,Regular Day,-4.3,22.0,9.533333333333333,-6.033333333333333,4.800000000000001,-4.0,27.0,0.0,-6.699999999999999,9.385555555555555,41.0,0.0,0.0,0.0,-40.99333333333333,4,8,8,0,0,2,1,2025,0,2,-0.433883739117558,-0.9009688679024191,0.5877852522924732,-0.8090169943749473,3.0,3.0,2.0,2.0,5.0,7.0,3.86,4.0,4.14,3.24,0.0,8.0,3.47,2.5,0.5773502691896257,1.4999999962500001,0
2025-01-09,Fancies,5.0,Regular Day,-4.0,23.5,9.566666666666666,-7.166666666666667,7.200000000000001,-5.5,26.9,0.0,-6.800000000000001,9.405,4.0,0.0,0.0,0.0,-38.266666666666666,5,9,9,0,0,2,1,2025,0,2,-0.9749279121818236,-0.2225209339563146,0.5877852522924732,-0.8090169943749473,8.0,3.0,2.0,7.0,9.0,7.0,3.86,3.93,4.1,3.24,0.0,8.0,3.35,5.0,2.943920288775949,1.2222222208641975,0
2025-01-10,Fancies,4.0,Regular Day,-5.5,20.2,9.583333333333334,-8.033333333333333,7.3999999999999995,-2.2,24.1,0.0,-4.6,7.605555555555555,47.0,0.0,0.0,0.0,-52.708333333333336,6,10,10,0,0,2,1,2025,0,2,-0.7818314824680299,0.6234898018587334,0.5877852522924732,-0.8090169943749473,0.0,3.0,8.0,3.0,11.0,3.0,3.43,3.71,3.9,3.1,0.0,8.0,3.27,3.5,3.3166247903554,0.2727272724793388,0
2025-01-11,Fancies,4.0,Regular Day,-2.2,19.6,9.6,-5.366666666666667,2.4000000000000004,-1.6,22.9,1.0,-4.9,3.441666666666667,92.0,0.0,0.0,1.9,-21.12,7,11,11,0,0,2,1,2025,1,2,-2.4492935982947064e-16,1.0,0.5877852522924732,-0.8090169943749473,3.0,3.0,4.0,4.0,8.0,10.0,3.0,3.64,3.95,2.71,0.0,8.0,3.45,3.5,0.5773502691896257,0.7499999990624999,0
2025-01-12,Fancies,3.0,Regular Day,-1.6,19.4,9.616666666666667,-3.1,7.9,-1.4,17.8,0.0,-3.8000000000000003,9.469166666666666,5.0,0.0,0.0,0.0,-15.386666666666668,1,12,12,0,0,2,1,2025,1,2,0.7818314824680298,0.6234898018587336,0.5877852522924732,-0.8090169943749473,3.0,6.0,6.0,7.0,12.0,9.0,3.14,3.36,3.76,2.54,0.0,8.0,2.84,5.5,1.7320508075688772,0.6923076917751478,0
2025-01-13,Fancies,6.0,Regular Day,-1.4,17.4,9.666666666666666,-4.4,10.4,0.6,17.3,0.0,-5.0,9.492777777777778,37.0,0.0,0.0,0.0,-13.533333333333331,2,13,13,0,0,3,1,2025,0,2,0.9749279121818236,-0.22252093395631434,0.5877852522924732,-0.8090169943749473,4.0,7.0,5.0,3.0,7.0,8.0,3.57,3.57,3.95,2.76,0.0,8.0,3.63,4.75,1.707825127659933,1.37499999828125,0
2025-01-14,Fancies,4.0,Regular Day,0.6,19.5,9.683333333333334,-4.6,7.1,-1.5,20.5,0.0,-4.3,9.516944444444444,3.0,0.0,0.0,0.0,5.81,3,14,14,0,0,3,1,2025,0,2,0.43388373911755823,-0.900968867902419,0.5877852522924732,-0.8090169943749473,1.0,0.0,5.0,5.0,7.0,5.0,3.14,3.71,4.1,2.12,0.0,6.0,3.97,2.75,2.6299556396765835,0.0999999999,0
2025-01-15,Fancies,3.0,Regular Day,-1.5,21.1,9.7,-2.6333333333333337,7.300000000000001,-3.1,26.1,0.0,-6.5,9.541944444444445,24.0,0.0,0.0,0.0,-14.549999999999999,4,15,15,0,0,3,1,2025,0,3,-0.433883739117558,-0.9009688679024191,-0.587785252292473,-0.8090169943749476,6.0,3.0,3.0,2.0,10.0,2.0,3.71,3.79,3.9,1.6,1.0,6.0,3.98,3.5,1.7320508075688772,1.7999999964,0
2025-01-16,Fancies,4.0,Regular Day,-3.1,21.9,9.733333333333333,-1.2666666666666666,8.299999999999999,-3.9,14.5,1.0,-5.3,5.0725,49.0,0.0,0.0,0.4,-30.173333333333332,5,16,16,0,0,3,1,2025,0,3,-0.9749279121818236,-0.2225209339563146,-0.587785252292473,-0.8090169943749476,5.0,8.0,3.0,2.0,7.0,14.0,3.86,3.86,3.9,1.57,1.0,6.0,3.98,4.5,2.6457513110645907,2.5999999948,0
2025-01-17,Fancies,4.0,Regular Day,-3.9,18.3,9.75,1.1,10.100000000000001,-0.3,13.5,1.0,-4.8,9.009722222222223,37.0,0.0,0.0,0.9,-38.025,6,17,17,0,0,3,1,2025,0,3,-0.7818314824680299,0.6234898018587334,-0.587785252292473,-0.8090169943749476,4.0,0.0,3.0,8.0,7.0,8.0,3.86,3.64,3.76,1.57,1.0,6.0,3.74,3.75,3.304037933599835,0.3636363633057851,0
2025-01-18,Fancies,6.0,Regular Day,-0.3,15.2,9.783333333333333,2.433333333333333,9.8,2.8,15.9,0.0,-2.8,0.0,79.0,0.0,0.0,0.4,-2.935,7,18,18,0,0,3,1,2025,1,3,-2.4492935982947064e-16,1.0,-0.587785252292473,-0.8090169943749476,4.0,3.0,3.0,4.0,4.0,3.0,4.14,3.57,3.81,1.77,1.0,6.0,4.3,3.5,0.5773502691896257,0.9999999985714286,0
2025-01-19,Fancies,2.0,Regular Day,2.8,16.4,9.8,2.066666666666667,3.6999999999999997,1.6,17.1,1.0,-2.9,0.0,61.0,0.0,1.0,3.4,27.44,1,19,19,0,0,3,1,2025,1,3,0.7818314824680298,0.6234898018587336,-0.587785252292473,-0.8090169943749476,3.0,3.0,6.0,6.0,7.0,7.0,4.57,3.86,3.76,1.13,3.0,6.0,4.23,4.5,1.7320508075688772,0.4999999995833333,0
2025-01-20,Fancies,8.0,MLK Day,1.6,22.3,9.833333333333334,0.7666666666666675,7.8,-4.3,21.5,1.0,-4.8999999999999995,9.67361111111111,25.0,0.0,0.0,3.0,15.733333333333334,2,20,20,0,0,4,1,2025,0,3,0.9749279121818236,-0.22252093395631434,-0.587785252292473,-0.8090169943749476,6.0,4.0,7.0,5.0,3.0,8.0,4.14,3.86,3.76,1.07,3.0,6.0,3.92,5.5,1.2909944487358056,0.8333333326388889,1
2025-01-21,Fancies,3.0,Regular Day,-4.3,26.6,9.866666666666667,-2.166666666666666,5.4,-8.6,14.1,0.0,-5.200000000000001,6.565277777777778,76.0,0.0,0.0,0.0,-42.42666666666667,3,21,21,0,0,4,1,2025,0,3,0.43388373911755823,-0.900968867902419,-0.587785252292473,-0.8090169943749476,4.0,1.0,0.0,5.0,4.0,6.0,4.0,3.57,3.81,1.0,3.0,6.0,3.94,2.5,2.3804761428476167,0.9999999980000001,0
2025-01-22,Fancies,4.0,Regular Day,-8.6,26.6,9.9,-6.299999999999999,7.1,-8.6,10.1,1.0,-5.200000000000001,8.983333333333333,71.0,0.0,0.0,0.5,-85.14,4,22,22,0,0,4,1,2025,0,4,-0.433883739117558,-0.9009688679024191,-0.9510565162951536,0.30901699437494723,3.0,6.0,3.0,3.0,8.0,9.0,4.0,3.86,3.86,1.0,3.0,6.0,3.96,3.75,1.5,1.4999999975,0
2025-01-23,Fancies,6.0,Regular Day,-8.6,24.9,9.933333333333334,-6.0,11.5,-6.9,9.1,0.0,-4.800000000000001,9.58361111111111,58.0,0.0,0.0,0.0,-85.42666666666666,5,23,23,0,0,4,1,2025,0,4,-0.9749279121818236,-0.2225209339563146,-0.9510565162951536,0.30901699437494723,4.0,5.0,8.0,3.0,3.0,9.0,4.29,4.07,4.0,1.25,3.0,6.0,4.47,5.0,2.160246899469287,0.8181818174380164,0
2025-01-24,Fancies,7.0,Regular Day,-6.9,21.8,9.95,-1.5,8.8,-3.8,15.9,0.0,-5.8,9.715555555555556,0.0,0.0,0.0,0.0,-68.655,6,24,24,0,0,4,1,2025,0,4,-0.7818314824680299,0.6234898018587334,-0.9510565162951536,0.30901699437494723,4.0,4.0,0.0,3.0,9.0,11.0,4.14,4.0,3.81,1.46,2.0,6.0,3.85,2.75,1.8929694486000912,2.666666657777778,0
2025-01-25,Fancies,3.0,Regular Day,-3.8,21.7,9.983333333333333,-5.333333333333333,10.2,-3.7,14.2,0.0,-5.6,9.727222222222222,27.0,0.0,0.0,0.0,-37.93666666666666,7,25,25,0,0,4,1,2025,1,4,-2.4492935982947064e-16,1.0,-0.9510565162951536,0.30901699437494723,6.0,4.0,3.0,3.0,5.0,8.0,4.43,4.29,3.86,1.99,2.0,8.0,4.89,4.0,1.4142135623730951,1.666666663888889,0
2025-01-26,Fancies,8.0,Regular Day,-3.7,16.0,10.016666666666667,-1.9333333333333336,9.6,2.0,18.6,0.0,-5.199999999999999,6.786944444444444,89.0,0.0,0.0,0.0,-37.061666666666675,1,26,26,0,0,4,1,2025,1,4,0.7818314824680298,0.6234898018587336,-0.9510565162951536,0.30901699437494723,2.0,3.0,3.0,6.0,6.0,8.0,4.29,4.43,4.0,2.06,2.0,8.0,4.42,3.5,1.7320508075688772,0.5555555549382716,0
2025-01-27,Fancies,7.0,Regular Day,2.0,17.7,10.033333333333333,-1.1102230246251565e-16,10.7,0.3,14.9,0.0,-5.6,9.752222222222223,25.0,0.0,0.0,0.0,20.066666666666666,2,27,27,0,0,5,1,2025,0,4,0.9749279121818236,-0.22252093395631434,-0.9510565162951536,0.30901699437494723,8.0,6.0,4.0,7.0,9.0,7.0,4.43,4.29,4.05,1.99,2.0,8.0,4.31,6.25,1.707825127659933,1.2727272715702478,0
2025-01-28,Fancies,3.0,Regular Day,0.3,15.4,10.083333333333334,2.6333333333333337,7.6000000000000005,2.6,30.6,0.0,-7.0,9.53888888888889,43.0,0.0,0.0,0.0,3.025,3,28,28,0,0,5,1,2025,0,4,0.43388373911755823,-0.900968867902419,-0.9510565162951536,0.30901699437494723,3.0,4.0,1.0,0.0,8.0,7.0,4.71,4.36,3.95,2.06,2.0,8.0,4.73,2.0,1.8257418583505538,6.999999930000001,0
2025-01-29,Muffins,2.0,Regular Day,2.6,12.6,10.116666666666667,5.833333333333334,12.7,5.4,31.6,0.0,-6.6,9.779722222222222,18.0,0.0,0.0,0.0,26.303333333333335,4,29,29,0,0,5,1,2025,0,5,-0.433883739117558,-0.9009688679024191,-2.4492935982947064e-16,1.0,4.0,2.0,3.0,6.0,,,3.43,3.29,3.1,3.05,1.0,10.0,3.78,3.75,1.707825127659933,0.6666666659259258,0
2025-01-29,Fancies,2.0,Regular Day,2.6,12.6,10.116666666666667,5.833333333333334,12.7,5.4,31.6,0.0,-6.6,9.779722222222222,18.0,0.0,0.0,0.0,26.303333333333335,4,29,29,0,0,5,1,2025,0,5,-0.433883739117558,-0.9009688679024191,-2.4492935982947064e-16,1.0,4.0,3.0,6.0,3.0,9.0,10.0,5.14,4.57,4.29,2.19,2.0,8.0,5.3,4.0,1.4142135623730951,0.7777777769135802,0
2025-01-30,Fancies,3.0,Regular Day,5.4,16.2,10.15,4.366666666666666,10.2,1.8,24.1,0.0,-4.3,9.794166666666667,27.0,0.0,0.0,0.0,54.81,5,30,30,0,0,5,1,2025,0,5,-0.9749279121818236,-0.2225209339563146,-2.4492935982947064e-16,1.0,6.0,4.0,5.0,8.0,5.0,6.0,4.71,4.5,4.29,2.29,2.0,8.0,4.73,5.75,1.707825127659933,0.7692307686390532,0
2025-01-30,Muffins,5.0,Regular Day,5.4,16.2,10.15,4.366666666666666,10.2,1.8,24.1,0.0,-4.3,9.794166666666667,27.0,0.0,0.0,0.0,54.81,5,30,30,0,0,5,1,2025,0,5,-0.9749279121818236,-0.2225209339563146,-2.4492935982947064e-16,1.0,10.0,4.0,6.0,3.0,,,3.0,3.14,2.95,3.32,0.0,10.0,2.84,5.75,3.095695936834452,1.5555555538271604,0
2025-01-31,Fancies,0.0,Regular Day,1.8,12.5,10.183333333333334,6.233333333333333,8.7,5.5,19.5,0.0,-2.799999999999999,0.0,100.0,0.0,0.0,5.5,18.330000000000002,6,31,31,0,1,5,1,2025,0,5,-0.7818314824680299,0.6234898018587334,-2.4492935982947064e-16,1.0,7.0,4.0,4.0,0.0,8.0,3.0,5.57,4.86,4.52,2.23,3.0,8.0,5.54,3.75,2.8722813232690143,2.749999993125,0
2025-01-31,Muffins,6.0,Regular Day,1.8,12.5,10.183333333333334,6.233333333333333,8.7,5.5,19.5,0.0,-2.799999999999999,0.0,100.0,0.0,0.0,5.5,18.330000000000002,6,31,31,0,1,5,1,2025,0,5,-0.7818314824680299,0.6234898018587334,-2.4492935982947064e-16,1.0,1.0,5.0,4.0,5.0,,,3.86,3.43,3.29,3.76,0.0,10.0,4.13,3.75,1.8929694486000912,0.6666666659259258,0
2025-02-01,Fancies,2.0,Regular Day,5.5,12.0,10.216666666666667,6.0,13.3,6.0,26.2,0.0,-2.4000000000000004,9.825,56.0,0.0,1.0,15.6,56.19166666666667,7,1,32,1,0,5,2,2025,1,1,-2.4492935982947064e-16,1.0,0.9510565162951535,0.30901699437494745,3.0,6.0,4.0,3.0,7.0,7.0,5.43,4.93,4.67,2.07,3.0,8.0,5.91,4.0,1.4142135623730951,1.285714283877551,0
2025-02-01,Muffins,0.0,Regular Day,5.5,12.0,10.216666666666667,6.0,13.3,6.0,26.2,0.0,-2.4000000000000004,9.825,56.0,0.0,1.0,15.6,56.19166666666667,7,1,32,1,0,5,2,2025,1,1,-2.4492935982947064e-16,1.0,0.9510565162951535,0.30901699437494745,0.0,3.0,2.0,3.0,,,3.86,3.43,3.29,3.76,0.0,10.0,3.6,2.0,1.4142135623730951,0.5999999988,0
2025-02-02,Fancies,3.0,Regular Day,6.0,19.8,10.25,-0.7000000000000002,11.100000000000001,-1.8,16.2,0.0,-5.1000000000000005,5.229722222222223,53.0,0.0,0.0,0.0,61.5,1,2,33,0,0,5,2,2025,1,1,0.7818314824680298,0.6234898018587336,0.9510565162951535,0.30901699437494745,8.0,2.0,3.0,3.0,5.0,12.0,5.43,4.86,4.76,2.07,3.0,8.0,5.18,4.0,2.70801280154532,1.666666663888889,0
2025-02-02,Muffins,1.0,Regular Day,6.0,19.8,10.25,-0.7000000000000002,11.100000000000001,-1.8,16.2,0.0,-5.1000000000000005,5.229722222222223,53.0,0.0,0.0,0.0,61.5,1,2,33,0,0,5,2,2025,1,1,0.7818314824680298,0.6234898018587336,0.9510565162951535,0.30901699437494745,8.0,2.0,4.0,1.0,,,3.86,3.36,3.38,3.76,0.0,10.0,3.2,3.75,3.095695936834452,1.9999999960000001,0
2025-02-03,Muffins,3.0,Regular Day,-1.8,14.1,10.3,2.8666666666666663,12.1,3.9,13.8,0.0,-3.1999999999999993,9.858055555555556,87.0,0.0,0.0,0.0,-18.540000000000003,2,3,34,0,0,6,2,2025,0,1,0.9749279121818236,-0.22252093395631434,0.9510565162951535,0.30901699437494745,2.0,2.0,2.0,2.0,,,3.57,3.36,3.33,3.82,0.0,10.0,2.9,2.0,0.0,0.9999999975,0
2025-02-03,Fancies,1.0,Regular Day,-1.8,14.1,10.3,2.8666666666666663,12.1,3.9,13.8,0.0,-3.1999999999999993,9.858055555555556,87.0,0.0,0.0,0.0,-18.540000000000003,2,3,34,0,0,6,2,2025,0,1,0.9749279121818236,-0.22252093395631434,0.9510565162951535,0.30901699437494745,7.0,8.0,6.0,4.0,3.0,12.0,5.14,4.79,4.57,2.41,2.0,8.0,4.39,6.25,1.707825127659933,1.4999999984999999,0
2025-02-04,Muffins,3.0,Regular Day,3.9,10.9,10.333333333333334,4.666666666666666,7.2,7.1,24.2,0.0,-4.4,8.495277777777778,54.0,0.0,0.0,0.0,40.300000000000004,3,4,35,0,0,6,2,2025,0,1,0.43388373911755823,-0.900968867902419,0.9510565162951535,0.30901699437494745,2.0,2.0,3.0,0.0,,,2.86,3.43,3.29,2.73,0.0,8.0,3.42,1.75,1.2583057392117916,1.333333328888889,0
2025-02-04,Fancies,6.0,Regular Day,3.9,10.9,10.333333333333334,4.666666666666666,7.2,7.1,24.2,0.0,-4.4,8.495277777777778,54.0,0.0,0.0,0.0,40.300000000000004,3,4,35,0,0,6,2,2025,0,1,0.43388373911755823,-0.900968867902419,0.9510565162951535,0.30901699437494745,3.0,3.0,4.0,1.0,8.0,6.0,4.71,4.71,4.48,2.5,2.0,8.0,4.04,2.75,1.2583057392117916,1.1999999976,0
2025-02-05,Muffins,6.0,Regular Day,7.1,18.3,10.366666666666667,1.0,4.4,-0.3,14.9,0.0,-3.9,1.023611111111111,79.0,0.0,0.0,0.0,73.60333333333334,4,5,36,0,0,6,2,2025,0,1,-0.433883739117558,-0.9009688679024191,0.9510565162951535,0.30901699437494745,2.0,4.0,2.0,3.0,,,3.57,3.5,3.38,2.82,0.0,8.0,4.07,2.75,0.9574271077563381,1.1999999976,0
2025-02-05,Fancies,6.0,Regular Day,7.1,18.3,10.366666666666667,1.0,4.4,-0.3,14.9,0.0,-3.9,1.023611111111111,79.0,0.0,0.0,0.0,73.60333333333334,4,5,36,0,0,6,2,2025,0,1,-0.433883739117558,-0.9009688679024191,0.9510565162951535,0.30901699437494745,2.0,4.0,3.0,6.0,4.0,2.0,3.71,4.43,4.29,2.81,0.0,8.0,3.03,3.75,1.707825127659933,0.6666666659259258,0
2025-02-06,Muffins,7.0,Regular Day,-0.3,15.1,10.4,3.6666666666666665,8.0,2.9,20.0,1.0,-3.4000000000000004,2.5316666666666667,92.0,0.0,0.0,11.5,-3.12,5,6,37,0,0,6,2,2025,0,1,-0.9749279121818236,-0.2225209339563146,0.9510565162951535,0.30901699437494745,5.0,10.0,4.0,6.0,,,3.57,3.29,3.29,2.82,0.0,8.0,3.05,6.25,2.6299556396765835,1.4999999984999999,0
2025-02-06,Fancies,3.0,Regular Day,-0.3,15.1,10.4,3.6666666666666665,8.0,2.9,20.0,1.0,-3.4000000000000004,2.5316666666666667,92.0,0.0,0.0,11.5,-3.12,5,6,37,0,0,6,2,2025,0,1,-0.9749279121818236,-0.2225209339563146,0.9510565162951535,0.30901699437494745,3.0,6.0,4.0,5.0,5.0,5.0,3.57,4.14,4.19,2.88,0.0,8.0,2.77,4.5,1.2909944487358056,0.9999999988888888,0
2025-02-07,Muffins,4.0,Regular Day,2.9,12.8,10.433333333333334,5.266666666666667,6.9,5.2,27.2,0.0,-5.1000000000000005,9.928888888888888,70.0,0.0,0.0,1.2,30.256666666666668,6,7,38,0,0,6,2,2025,0,1,-0.7818314824680299,0.6234898018587334,0.9510565162951535,0.30901699437494745,6.0,1.0,5.0,4.0,,,2.57,3.21,3.14,2.15,0.0,6.0,2.54,4.0,2.160246899469287,0.7777777769135802,0
2025-02-07,Fancies,6.0,Regular Day,2.9,12.8,10.433333333333334,5.266666666666667,6.9,5.2,27.2,0.0,-5.1000000000000005,9.928888888888888,70.0,0.0,0.0,1.2,30.256666666666668,6,7,38,0,0,6,2,2025,0,1,-0.7818314824680299,0.6234898018587334,0.9510565162951535,0.30901699437494745,0.0,7.0,4.0,4.0,9.0,5.0,2.86,4.21,4.19,2.12,0.0,7.0,2.83,3.75,2.8722813232690143,0.8749999989062499,0
2025-02-08,Muffins,2.0,Regular Day,5.2,19.1,10.483333333333333,2.4,6.0,-1.1,12.1,1.0,-4.1,2.4680555555555554,80.0,0.0,0.0,1.6,54.51333333333333,7,8,39,0,0,6,2,2025,1,2,-2.4492935982947064e-16,1.0,0.5877852522924732,-0.8090169943749473,0.0,0.0,3.0,2.0,,,2.71,3.29,3.19,2.14,0.0,6.0,2.65,1.25,1.5,0.0,0
2025-02-08,Fancies,5.0,Regular Day,5.2,19.1,10.483333333333333,2.4,6.0,-1.1,12.1,1.0,-4.1,2.4680555555555554,80.0,0.0,0.0,1.6,54.51333333333333,7,8,39,0,0,6,2,2025,1,2,-2.4492935982947064e-16,1.0,0.5877852522924732,-0.8090169943749473,2.0,3.0,6.0,4.0,5.0,9.0,2.0,3.71,3.95,1.15,0.0,3.0,2.37,3.75,1.707825127659933,0.49999999949999996,0
2025-02-09,Muffins,2.0,Regular Day,-1.1,15.3,10.516666666666667,2.6000000000000005,7.1000000000000005,2.7,24.8,0.0,-6.0,6.468333333333334,85.0,0.0,1.0,3.9,-11.568333333333335,1,9,40,0,0,6,2,2025,1,2,0.7818314824680298,0.6234898018587336,0.5877852522924732,-0.8090169943749473,1.0,8.0,2.0,4.0,,,2.86,3.36,3.19,2.12,0.0,6.0,2.74,3.75,3.095695936834452,1.4999999975,0
2025-02-09,Fancies,3.0,Regular Day,-1.1,15.3,10.516666666666667,2.6000000000000005,7.1000000000000005,2.7,24.8,0.0,-6.0,6.468333333333334,85.0,0.0,1.0,3.9,-11.568333333333335,1,9,40,0,0,6,2,2025,1,2,0.7818314824680298,0.6234898018587336,0.5877852522924732,-0.8090169943749473,3.0,8.0,2.0,3.0,6.0,7.0,2.43,3.93,4.05,1.9,0.0,6.0,3.28,4.0,2.70801280154532,2.1999999956,0
2025-02-10,Muffins,0.0,Regular Day,2.7,16.6,10.55,-0.9000000000000004,8.1,1.4,14.0,0.0,-5.2,9.985,68.0,0.0,0.0,0.0,28.485000000000003,2,10,41,0,0,7,2,2025,0,2,0.9749279121818236,-0.22252093395631434,0.5877852522924732,-0.8090169943749473,3.0,2.0,2.0,2.0,,,3.43,3.5,3.38,2.37,0.0,6.0,3.56,2.25,0.5,1.249999996875,0
2025-02-10,Fancies,5.0,Regular Day,2.7,16.6,10.55,-0.9000000000000004,8.1,1.4,14.0,0.0,-5.2,9.985,68.0,0.0,0.0,0.0,28.485000000000003,2,10,41,0,0,7,2,2025,0,2,0.9749279121818236,-0.22252093395631434,0.5877852522924732,-0.8090169943749473,1.0,7.0,8.0,6.0,9.0,5.0,3.0,4.07,4.19,2.31,0.0,6.0,3.96,5.5,3.1091263510296048,0.5714285710204081,0
2025-02-11,Muffins,3.0,Regular Day,1.4,18.7,10.6,-4.800000000000001,8.2,-0.7,10.4,1.0,-4.4,2.9458333333333333,80.0,0.0,0.0,0.5,14.839999999999998,3,11,42,0,0,7,2,2025,0,2,0.43388373911755823,-0.900968867902419,0.5877852522924732,-0.8090169943749473,3.0,2.0,2.0,3.0,,,3.71,3.29,3.52,2.69,0.0,7.0,4.42,2.5,0.5773502691896257,0.9999999980000001,0
2025-02-11,Fancies,7.0,Regular Day,1.4,18.7,10.6,-4.800000000000001,8.2,-0.7,10.4,1.0,-4.4,2.9458333333333333,80.0,0.0,0.0,0.5,14.839999999999998,3,11,42,0,0,7,2,2025,0,2,0.43388373911755823,-0.900968867902419,0.5877852522924732,-0.8090169943749473,6.0,3.0,3.0,4.0,5.0,6.0,3.0,3.86,4.14,2.31,0.0,6.0,3.72,4.0,1.4142135623730951,1.285714283877551,0
2025-02-12,Muffins,2.0,Regular Day,-0.7,16.9,10.633333333333333,-1.4333333333333331,4.4,1.1,16.2,1.0,-3.7,0.0,100.0,0.0,0.0,12.9,-7.4433333333333325,4,12,43,0,0,7,2,2025,0,2,-0.433883739117558,-0.9009688679024191,0.5877852522924732,-0.8090169943749473,6.0,2.0,4.0,2.0,,,3.43,3.5,3.48,2.51,0.0,7.0,4.31,3.5,1.9148542155126762,1.333333331111111,0
2025-02-12,Fancies,3.0,Regular Day,-0.7,16.9,10.633333333333333,-1.4333333333333331,4.4,1.1,16.2,1.0,-3.7,0.0,100.0,0.0,0.0,12.9,-7.4433333333333325,4,12,43,0,0,7,2,2025,0,2,-0.433883739117558,-0.9009688679024191,0.5877852522924732,-0.8090169943749473,6.0,2.0,4.0,3.0,1.0,9.0,3.86,3.79,4.24,2.12,1.0,6.0,4.29,3.75,1.707825127659933,1.14285714122449,0
2025-02-13,Muffins,4.0,Regular Day,1.1,12.1,10.683333333333334,3.466666666666667,8.399999999999999,5.9,27.1,0.0,-3.6999999999999993,2.465,100.0,0.0,0.0,9.0,11.751666666666669,5,13,44,0,0,7,2,2025,0,2,-0.9749279121818236,-0.2225209339563146,0.5877852522924732,-0.8090169943749473,7.0,5.0,10.0,4.0,,,3.71,3.64,3.43,2.14,1.0,7.0,3.73,6.5,2.6457513110645907,0.8571428565306122,0
2025-02-13,Fancies,6.0,Regular Day,1.1,12.1,10.683333333333334,3.466666666666667,8.399999999999999,5.9,27.1,0.0,-3.6999999999999993,2.465,100.0,0.0,0.0,9.0,11.751666666666669,5,13,44,0,0,7,2,2025,0,2,-0.9749279121818236,-0.2225209339563146,0.5877852522924732,-0.8090169943749473,3.0,3.0,6.0,4.0,6.0,6.0,4.29,3.93,4.19,1.98,1.0,6.0,4.47,4.0,1.4142135623730951,0.5999999993999999,0
2025-02-14,Muffins,4.0,Valentines Day,5.9,16.9,10.716666666666667,0.20000000000000007,8.3,1.1,25.9,0.0,-5.8999999999999995,10.359166666666667,13.0,0.0,0.0,0.0,63.22833333333334,6,14,45,0,0,7,2,2025,0,2,-0.7818314824680299,0.6234898018587334,0.5877852522924732,-0.8090169943749473,4.0,6.0,1.0,5.0,,,3.86,3.21,3.43,1.95,2.0,7.0,3.3,4.0,2.160246899469287,1.666666663888889,1
2025-02-14,Fancies,10.0,Valentines Day,5.9,16.9,10.716666666666667,0.20000000000000007,8.3,1.1,25.9,0.0,-5.8999999999999995,10.359166666666667,13.0,0.0,0.0,0.0,63.22833333333334,6,14,45,0,0,7,2,2025,0,2,-0.7818314824680299,0.6234898018587334,0.5877852522924732,-0.8090169943749473,6.0,0.0,7.0,4.0,8.0,7.0,4.29,3.57,4.24,1.98,1.0,6.0,4.1,4.25,3.095695936834452,0.5454545449586776,1
2025-02-15,Muffins,3.0,Regular Day,1.1,18.0,10.75,-0.6,9.0,-0.0,14.5,0.0,-4.7,4.013888888888889,98.0,0.0,0.0,4.4,11.825000000000001,7,15,46,0,0,7,2,2025,1,3,-2.4492935982947064e-16,1.0,-0.587785252292473,-0.8090169943749476,2.0,0.0,0.0,3.0,,,3.43,3.07,3.33,2.44,0.0,7.0,2.48,1.25,1.5,0.6666666644444444,0
2025-02-15,Fancies,2.0,Regular Day,1.1,18.0,10.75,-0.6,9.0,-0.0,14.5,0.0,-4.7,4.013888888888889,98.0,0.0,0.0,4.4,11.825000000000001,7,15,46,0,0,7,2,2025,1,3,-2.4492935982947064e-16,1.0,-0.587785252292473,-0.8090169943749476,5.0,2.0,3.0,6.0,2.0,7.0,4.86,3.43,4.1,1.35,3.0,6.0,4.33,4.0,1.8257418583505538,0.7777777769135802,0
2025-02-16,Muffins,1.0,Regular Day,-0.0,8.4,10.8,4.366666666666666,13.2,9.6,39.7,0.0,-3.599999999999998,0.14666666666666667,96.0,0.0,1.0,18.7,-0.0,1,16,47,0,0,7,2,2025,1,3,0.7818314824680298,0.6234898018587336,-0.587785252292473,-0.8090169943749476,2.0,1.0,8.0,2.0,,,3.43,3.14,3.38,2.44,0.0,7.0,2.61,3.25,3.2015621187164243,0.29999999969999996,0
2025-02-16,Fancies,12.0,Regular Day,-0.0,8.4,10.8,4.366666666666666,13.2,9.6,39.7,0.0,-3.599999999999998,0.14666666666666667,96.0,0.0,1.0,18.7,-0.0,1,16,47,0,0,7,2,2025,1,3,0.7818314824680298,0.6234898018587336,-0.587785252292473,-0.8090169943749476,3.0,3.0,8.0,2.0,6.0,5.0,5.0,3.71,4.29,1.53,3.0,7.0,4.99,4.0,2.70801280154532,0.5999999993999999,0
2025-02-17,Muffins,1.0,Presidents Day,9.6,16.4,10.833333333333334,-0.5333333333333332,10.4,1.6,35.5,0.0,-6.9,10.55638888888889,23.0,0.0,0.0,0.0,104.0,2,17,48,0,0,8,2,2025,0,3,0.9749279121818236,-0.22252093395631434,-0.587785252292473,-0.8090169943749476,0.0,3.0,2.0,2.0,,,2.86,3.14,3.29,2.19,0.0,7.0,2.45,1.75,1.2583057392117916,0.7499999981250001,1
2025-02-17,Fancies,11.0,Presidents Day,9.6,16.4,10.833333333333334,-0.5333333333333332,10.4,1.6,35.5,0.0,-6.9,10.55638888888889,23.0,0.0,0.0,0.0,104.0,2,17,48,0,0,8,2,2025,0,3,0.9749279121818236,-0.22252093395631434,-0.587785252292473,-0.8090169943749476,5.0,1.0,7.0,8.0,4.0,7.0,4.57,3.79,4.24,1.62,3.0,7.0,4.5,5.25,3.095695936834452,0.39999999973333333,1
2025-02-18,Muffins,4.0,Regular Day,1.6,21.6,10.866666666666667,-3.566666666666667,8.1,-3.6,22.8,0.0,-5.9,10.315833333333334,51.0,0.0,0.0,0.0,17.386666666666667,3,18,49,0,0,8,2,2025,0,3,0.43388373911755823,-0.900968867902419,-0.587785252292473,-0.8090169943749476,3.0,3.0,2.0,2.0,,,2.43,3.07,3.0,1.4,0.0,4.0,2.84,2.5,0.5773502691896257,1.4999999962500001,0
2025-02-18,Fancies,5.0,Regular Day,1.6,21.6,10.866666666666667,-3.566666666666667,8.1,-3.6,22.8,0.0,-5.9,10.315833333333334,51.0,0.0,0.0,0.0,17.386666666666667,3,18,49,0,0,8,2,2025,0,3,0.43388373911755823,-0.900968867902419,-0.587785252292473,-0.8090169943749476,7.0,6.0,3.0,3.0,4.0,3.0,5.0,4.0,4.24,1.53,3.0,7.0,4.87,4.75,2.0615528128088303,2.1666666630555556,0
2025-02-19,Muffins,7.0,Regular Day,-3.6,23.0,10.9,-5.3,6.1,-5.0,17.0,0.0,-5.199999999999999,2.1980555555555554,70.0,0.0,0.0,0.0,-39.24,4,19,50,0,0,8,2,2025,0,3,-0.433883739117558,-0.9009688679024191,-0.587785252292473,-0.8090169943749476,2.0,6.0,2.0,4.0,,,2.43,2.93,3.14,1.4,0.0,4.0,3.13,3.5,1.9148542155126762,1.333333331111111,0
2025-02-19,Fancies,10.0,Regular Day,-3.6,23.0,10.9,-5.3,6.1,-5.0,17.0,0.0,-5.199999999999999,2.1980555555555554,70.0,0.0,0.0,0.0,-39.24,4,19,50,0,0,8,2,2025,0,3,-0.433883739117558,-0.9009688679024191,-0.587785252292473,-0.8090169943749476,3.0,6.0,2.0,4.0,6.0,5.0,5.57,4.71,4.38,2.44,3.0,10.0,6.15,3.75,1.707825127659933,1.4999999975,0
2025-02-20,Muffins,3.0,Regular Day,-5.0,21.9,10.95,-4.6,6.7,-3.9,22.9,1.0,-6.0,6.725555555555555,71.0,0.0,0.0,0.2,-54.75,5,20,51,0,0,8,2,2025,0,3,-0.9749279121818236,-0.2225209339563146,-0.587785252292473,-0.8090169943749476,4.0,7.0,5.0,10.0,,,2.57,3.14,3.29,1.4,0.0,4.0,3.1,6.5,2.6457513110645907,0.7333333328444444,0
2025-02-20,Fancies,9.0,Regular Day,-5.0,21.9,10.95,-4.6,6.7,-3.9,22.9,1.0,-6.0,6.725555555555555,71.0,0.0,0.0,0.2,-54.75,5,20,51,0,0,8,2,2025,0,3,-0.9749279121818236,-0.2225209339563146,-0.587785252292473,-0.8090169943749476,6.0,3.0,3.0,6.0,3.0,7.0,5.14,4.71,4.33,2.79,2.0,10.0,5.12,4.5,1.7320508075688772,0.9999999988888888,0
2025-02-21,Muffins,8.0,Regular Day,-3.9,20.3,11.0,-3.5,9.0,-2.3,24.7,1.0,-6.699999999999999,10.632222222222222,27.0,0.0,0.0,0.2,-42.9,6,21,52,0,0,8,2,2025,0,3,-0.7818314824680299,0.6234898018587334,-0.587785252292473,-0.8090169943749476,4.0,4.0,6.0,1.0,,,2.43,3.14,2.95,1.51,0.0,4.0,2.57,3.75,2.0615528128088303,1.14285714122449,0
2025-02-21,Fancies,10.0,Regular Day,-3.9,20.3,11.0,-3.5,9.0,-2.3,24.7,1.0,-6.699999999999999,10.632222222222222,27.0,0.0,0.0,0.2,-42.9,6,21,52,0,0,8,2,2025,0,3,-0.7818314824680299,0.6234898018587334,-0.587785252292473,-0.8090169943749476,10.0,6.0,0.0,7.0,7.0,6.0,6.43,5.36,4.52,3.6,2.0,12.0,6.84,5.75,4.193248541803041,2.28571428244898,0
2025-02-22,Muffins,3.0,Regular Day,-2.3,18.9,11.05,-1.9,10.9,-0.9,16.3,0.0,-3.9000000000000004,9.842777777777778,25.0,0.0,0.0,0.0,-25.415,7,22,53,0,0,8,2,2025,1,4,-2.4492935982947064e-16,1.0,-0.9510565162951536,0.30901699437494723,3.0,2.0,0.0,0.0,,,2.57,3.0,2.9,1.27,1.0,4.0,2.18,1.25,1.5,500000000.0,0
2025-02-22,Fancies,3.0,Regular Day,-2.3,18.9,11.05,-1.9,10.9,-0.9,16.3,0.0,-3.9000000000000004,9.842777777777778,25.0,0.0,0.0,0.0,-25.415,7,22,53,0,0,8,2,2025,1,4,-2.4492935982947064e-16,1.0,-0.9510565162951536,0.30901699437494723,2.0,5.0,2.0,3.0,7.0,8.0,7.29,6.07,4.71,3.9,2.0,12.0,7.88,3.0,1.4142135623730951,1.3999999972000001,0
2025-02-23,Muffins,2.0,Regular Day,-0.9,15.8,11.083333333333334,-1.1333333333333333,10.2,2.2,13.2,0.0,-4.1000000000000005,9.78111111111111,50.0,0.0,0.0,0.0,-9.975000000000001,1,23,54,0,0,8,2,2025,1,4,0.7818314824680298,0.6234898018587336,-0.9510565162951536,0.30901699437494723,1.0,2.0,1.0,8.0,,,2.71,3.07,3.0,1.38,1.0,4.0,2.64,3.0,3.366501646120693,0.3333333329629629,0
2025-02-23,Fancies,12.0,Regular Day,-0.9,15.8,11.083333333333334,-1.1333333333333333,10.2,2.2,13.2,0.0,-4.1000000000000005,9.78111111111111,50.0,0.0,0.0,0.0,-9.975000000000001,1,23,54,0,0,8,2,2025,1,4,0.7818314824680298,0.6234898018587336,-0.9510565162951536,0.30901699437494723,12.0,3.0,3.0,8.0,4.0,8.0,7.0,6.0,4.81,4.0,2.0,12.0,7.16,6.5,4.358898943540674,1.363636362396694,0
2025-02-24,Muffins,3.0,Regular Day,2.2,13.7,11.116666666666667,2.133333333333333,12.6,4.3,16.0,0.0,-4.3,10.678888888888888,61.0,0.0,0.0,0.0,24.45666666666667,2,24,55,0,0,9,2,2025,0,4,0.9749279121818236,-0.22252093395631434,-0.9510565162951536,0.30901699437494723,1.0,0.0,3.0,2.0,,,3.43,3.14,3.24,2.07,1.0,7.0,3.73,1.5,1.2909944487358056,0.1999999996,0
2025-02-24,Fancies,10.0,Regular Day,2.2,13.7,11.116666666666667,2.133333333333333,12.6,4.3,16.0,0.0,-4.3,10.678888888888888,61.0,0.0,0.0,0.0,24.45666666666667,2,24,55,0,0,9,2,2025,0,4,0.9749279121818236,-0.22252093395631434,-0.9510565162951536,0.30901699437494723,11.0,5.0,1.0,7.0,3.0,10.0,8.0,6.29,5.19,3.7,2.0,12.0,7.87,6.0,4.163331998932265,1.9999999974999998,0
2025-02-25,Muffins,4.0,Regular Day,4.3,9.0,11.166666666666666,6.166666666666666,12.8,9.0,16.3,0.0,-3.700000000000001,9.707222222222223,70.0,0.0,0.0,0.0,48.01666666666666,3,25,56,0,0,9,2,2025,0,4,0.43388373911755823,-0.900968867902419,-0.9510565162951536,0.30901699437494723,4.0,3.0,3.0,2.0,,,3.29,2.86,3.14,2.06,1.0,7.0,3.54,3.0,0.816496580927726,1.3999999972000001,0
2025-02-25,Fancies,3.0,Regular Day,4.3,9.0,11.166666666666666,6.166666666666666,12.8,9.0,16.3,0.0,-3.700000000000001,9.707222222222223,70.0,0.0,0.0,0.0,48.01666666666666,3,25,56,0,0,9,2,2025,0,4,0.43388373911755823,-0.900968867902419,-0.9510565162951536,0.30901699437494723,5.0,7.0,6.0,3.0,6.0,4.0,8.43,6.71,5.48,3.6,2.0,12.0,8.15,5.25,1.707825127659933,1.3333333318518517,0
2025-02-26,Muffins,8.0,Regular Day,9.0,9.5,11.2,2.5,12.9,8.5,17.9,0.0,-4.6,10.726666666666667,9.0,0.0,0.0,0.0,100.8,4,26,57,0,0,9,2,2025,0,4,-0.433883739117558,-0.9009688679024191,-0.9510565162951536,0.30901699437494723,7.0,2.0,6.0,2.0,,,3.86,3.14,3.24,2.73,1.0,8.0,4.66,4.25,2.6299556396765835,1.12499999859375,0
2025-02-26,Fancies,6.0,Regular Day,9.0,9.5,11.2,2.5,12.9,8.5,17.9,0.0,-4.6,10.726666666666667,9.0,0.0,0.0,0.0,100.8,4,26,57,0,0,9,2,2025,0,4,-0.433883739117558,-0.9009688679024191,-0.9510565162951536,0.30901699437494723,10.0,3.0,6.0,2.0,5.0,9.0,8.43,7.0,5.95,3.6,2.0,12.0,8.61,5.25,3.593976442141304,1.62499999796875,0
2025-02-27,Muffins,2.0,Regular Day,8.5,7.199999999999999,11.25,3.333333333333333,9.2,10.8,18.0,0.0,-3.200000000000001,0.8777777777777778,96.0,0.0,0.0,0.9,95.625,5,27,58,0,0,9,2,2025,0,4,-0.9749279121818236,-0.2225209339563146,-0.9510565162951536,0.30901699437494723,3.0,4.0,7.0,5.0,,,3.86,3.21,3.38,2.73,1.0,8.0,4.24,4.75,1.707825127659933,0.5833333328472222,0
2025-02-27,Fancies,9.0,Regular Day,8.5,7.199999999999999,11.25,3.333333333333333,9.2,10.8,18.0,0.0,-3.200000000000001,0.8777777777777778,96.0,0.0,0.0,0.9,95.625,5,27,58,0,0,9,2,2025,0,4,-0.9749279121818236,-0.2225209339563146,-0.9510565162951536,0.30901699437494723,9.0,6.0,3.0,3.0,6.0,9.0,8.57,6.86,6.0,3.31,3.0,12.0,7.21,5.25,2.8722813232690143,2.4999999958333334,0
2025-02-28,Muffins,7.0,Regular Day,10.8,10.0,11.283333333333333,0.16666666666666696,8.600000000000001,8.0,20.8,0.0,-2.8000000000000007,10.035833333333333,48.0,0.0,0.0,0.1,121.86000000000001,6,28,59,0,1,9,2,2025,0,4,-0.7818314824680299,0.6234898018587334,-0.9510565162951536,0.30901699437494723,8.0,4.0,4.0,6.0,,,4.0,3.21,3.43,2.58,1.0,8.0,3.68,5.5,1.9148542155126762,1.1999999987999999,0
2025-02-28,Fancies,6.0,Regular Day,10.8,10.0,11.283333333333333,0.16666666666666696,8.600000000000001,8.0,20.8,0.0,-2.8000000000000007,10.035833333333333,48.0,0.0,0.0,0.1,121.86000000000001,6,28,59,0,1,9,2,2025,0,4,-0.7818314824680299,0.6234898018587334,-0.9510565162951536,0.30901699437494723,10.0,10.0,6.0,0.0,3.0,7.0,8.57,7.5,6.43,3.31,3.0,12.0,8.41,6.5,4.725815626252608,3.333333327777778,0
2025-03-01,Muffins,4.0,Regular Day,8.0,8.9,11.333333333333334,3.5999999999999996,12.6,9.1,30.6,0.0,-4.800000000000001,9.893055555555556,39.0,0.0,0.0,0.0,90.66666666666667,7,1,60,1,0,9,3,2025,1,1,-2.4492935982947064e-16,1.0,0.9510565162951535,0.30901699437494745,3.0,3.0,2.0,0.0,,,4.29,3.43,3.43,2.29,2.0,8.0,3.51,2.0,1.4142135623730951,2.999999985,0
2025-03-01,Fancies,5.0,Regular Day,8.0,8.9,11.333333333333334,3.5999999999999996,12.6,9.1,30.6,0.0,-4.800000000000001,9.893055555555556,39.0,0.0,0.0,0.0,90.66666666666667,7,1,60,1,0,9,3,2025,1,1,-2.4492935982947064e-16,1.0,0.9510565162951535,0.30901699437494745,3.0,2.0,5.0,2.0,2.0,7.0,8.43,7.86,6.86,3.21,3.0,12.0,8.81,3.0,1.4142135623730951,0.7142857132653061,0
2025-03-02,Fancies,2.0,Regular Day,9.1,19.4,11.383333333333333,-1.2333333333333334,11.2,-1.4,31.0,0.0,-6.6,11.001388888888888,13.0,0.0,0.0,0.0,103.58833333333332,1,2,61,0,0,9,3,2025,1,1,0.7818314824680298,0.6234898018587336,0.9510565162951535,0.30901699437494745,12.0,12.0,3.0,3.0,5.0,5.0,8.14,7.57,6.71,3.63,3.0,12.0,7.35,7.5,5.196152422706632,3.9999999933333332,0
2025-03-02,Muffins,4.0,Regular Day,9.1,19.4,11.383333333333333,-1.2333333333333334,11.2,-1.4,31.0,0.0,-6.6,11.001388888888888,13.0,0.0,0.0,0.0,103.58833333333332,1,2,61,0,0,9,3,2025,1,1,0.7818314824680298,0.6234898018587336,0.9510565162951535,0.30901699437494745,2.0,1.0,2.0,1.0,,,4.29,3.5,3.48,2.29,2.0,8.0,3.63,1.5,0.5773502691896257,0.9999999966666667,0
2025-03-03,Fancies,10.0,Regular Day,-1.4,19.8,11.433333333333334,-4.333333333333333,9.399999999999999,-1.8,12.3,0.0,-3.9,10.9225,18.0,0.0,0.0,0.0,-16.006666666666668,2,3,62,0,0,10,3,2025,0,1,0.9749279121818236,-0.22252093395631434,0.9510565162951535,0.30901699437494745,10.0,11.0,5.0,1.0,2.0,9.0,7.57,7.79,6.71,3.6,3.0,12.0,7.02,6.75,4.645786621588784,3.4999999941666666,0
2025-03-03,Muffins,2.0,Regular Day,-1.4,19.8,11.433333333333334,-4.333333333333333,9.399999999999999,-1.8,12.3,0.0,-3.9,10.9225,18.0,0.0,0.0,0.0,-16.006666666666668,2,3,62,0,0,10,3,2025,0,1,0.9749279121818236,-0.22252093395631434,0.9510565162951535,0.30901699437494745,3.0,1.0,0.0,3.0,,,4.43,3.93,3.57,2.51,2.0,8.0,4.73,1.75,1.5,1.333333328888889,0
2025-03-04,Muffins,5.0,Regular Day,-1.8,13.8,11.466666666666667,-3.5666666666666664,16.6,4.2,19.7,0.0,-4.600000000000001,7.769166666666667,48.0,0.0,0.0,0.0,-20.64,3,4,63,0,0,10,3,2025,0,1,0.43388373911755823,-0.900968867902419,0.9510565162951535,0.30901699437494745,4.0,4.0,3.0,3.0,,,4.29,3.79,3.33,2.63,2.0,8.0,4.04,3.5,0.5773502691896257,1.333333331111111,0
2025-03-04,Fancies,12.0,Regular Day,-1.8,13.8,11.466666666666667,-3.5666666666666664,16.6,4.2,19.7,0.0,-4.600000000000001,7.769166666666667,48.0,0.0,0.0,0.0,-20.64,3,4,63,0,0,10,3,2025,0,1,0.43388373911755823,-0.900968867902419,0.9510565162951535,0.30901699437494745,3.0,5.0,7.0,6.0,3.0,9.0,7.57,8.0,7.0,3.6,3.0,12.0,7.51,5.25,1.707825127659933,0.6153846149112425,0
2025-03-05,Muffins,3.0,Regular Day,4.2,6.9,11.516666666666667,1.5333333333333314,6.3999999999999995,11.1,31.4,0.0,-3.5,1.1866666666666668,75.0,0.0,0.0,7.7,48.370000000000005,4,5,64,0,0,10,3,2025,0,1,-0.433883739117558,-0.9009688679024191,0.9510565162951535,0.30901699437494745,8.0,7.0,2.0,6.0,,,4.14,4.0,3.48,2.41,2.0,8.0,4.78,5.75,2.6299556396765835,1.87499999765625,0
2025-03-05,Fancies,5.0,Regular Day,4.2,6.9,11.516666666666667,1.5333333333333314,6.3999999999999995,11.1,31.4,0.0,-3.5,1.1866666666666668,75.0,0.0,0.0,7.7,48.370000000000005,4,5,64,0,0,10,3,2025,0,1,-0.433883739117558,-0.9009688679024191,0.9510565162951535,0.30901699437494745,6.0,10.0,3.0,6.0,6.0,6.0,7.0,7.71,7.0,3.46,3.0,12.0,7.13,6.25,2.8722813232690143,1.7777777758024689,0
2025-03-06,Muffins,2.0,Regular Day,11.1,8.2,11.55,1.7666666666666675,7.3999999999999995,9.8,29.8,0.0,-2.1999999999999993,10.188055555555556,66.0,0.0,0.0,27.0,128.205,5,6,65,0,0,10,3,2025,0,1,-0.9749279121818236,-0.2225209339563146,0.9510565162951535,0.30901699437494745,2.0,3.0,4.0,7.0,,,4.29,4.07,3.57,2.36,2.0,8.0,4.59,4.0,2.160246899469287,0.45454545413223135,0
2025-03-06,Fancies,5.0,Regular Day,11.1,8.2,11.55,1.7666666666666675,7.3999999999999995,9.8,29.8,0.0,-2.1999999999999993,10.188055555555556,66.0,0.0,0.0,27.0,128.205,5,6,65,0,0,10,3,2025,0,1,-0.9749279121818236,-0.2225209339563146,0.9510565162951535,0.30901699437494745,9.0,9.0,6.0,3.0,5.0,6.0,7.29,7.93,7.0,3.15,3.0,12.0,6.6,6.75,2.8722813232690143,1.9999999977777776,0
2025-03-07,Fancies,9.0,Regular Day,9.8,13.8,11.6,-2.1999999999999993,9.4,4.2,29.6,0.0,-6.199999999999999,11.359722222222222,13.0,0.0,0.0,0.0,113.68,6,7,66,0,0,10,3,2025,0,1,-0.7818314824680299,0.6234898018587334,0.9510565162951535,0.30901699437494745,6.0,10.0,10.0,6.0,5.0,6.0,5.86,7.21,6.95,2.91,2.0,10.0,5.45,8.0,2.309401076758503,0.999999999375,0
2025-03-07,Muffins,8.0,Regular Day,9.8,13.8,11.6,-2.1999999999999993,9.4,4.2,29.6,0.0,-6.199999999999999,11.359722222222222,13.0,0.0,0.0,0.0,113.68,6,7,66,0,0,10,3,2025,0,1,-0.7818314824680299,0.6234898018587334,0.9510565162951535,0.30901699437494745,7.0,8.0,4.0,4.0,,,4.57,4.29,3.67,2.15,2.0,8.0,4.44,5.75,2.0615528128088303,1.87499999765625,0
2025-03-08,Muffins,3.0,Regular Day,4.2,11.8,11.633333333333333,-4.233333333333332,5.6000000000000005,6.2,24.5,0.0,-5.4,10.222777777777777,59.0,0.0,0.0,0.0,48.86,7,8,67,0,0,10,3,2025,1,2,-2.4492935982947064e-16,1.0,0.5877852522924732,-0.8090169943749473,4.0,3.0,3.0,2.0,,,4.43,4.36,3.76,2.3,2.0,8.0,3.83,3.0,0.816496580927726,1.3999999972000001,0
2025-03-08,Fancies,3.0,Regular Day,4.2,11.8,11.633333333333333,-4.233333333333332,5.6000000000000005,6.2,24.5,0.0,-5.4,10.222777777777777,59.0,0.0,0.0,0.0,48.86,7,8,67,0,0,10,3,2025,1,2,-2.4492935982947064e-16,1.0,0.5877852522924732,-0.8090169943749473,5.0,3.0,2.0,5.0,3.0,10.0,5.86,7.14,7.19,2.91,2.0,10.0,6.59,3.75,1.5,1.14285714122449,0
2025-03-09,Muffins,2.0,Regular Day,6.2,13.6,11.683333333333334,-4.433333333333334,14.7,4.4,30.6,0.0,-6.0,11.421388888888888,12.0,0.0,0.0,0.0,72.43666666666667,1,9,68,0,0,10,3,2025,1,2,0.7818314824680298,0.6234898018587336,0.5877852522924732,-0.8090169943749473,4.0,2.0,1.0,2.0,,,4.57,4.43,3.86,2.3,2.0,8.0,4.12,2.25,1.2583057392117916,1.9999999933333334,0
2025-03-09,Fancies,11.0,Regular Day,6.2,13.6,11.683333333333334,-4.433333333333334,14.7,4.4,30.6,0.0,-6.0,11.421388888888888,12.0,0.0,0.0,0.0,72.43666666666667,1,9,68,0,0,10,3,2025,1,2,0.7818314824680298,0.6234898018587336,0.5877852522924732,-0.8090169943749473,2.0,12.0,12.0,3.0,6.0,7.0,7.14,7.64,7.43,3.39,2.0,12.0,7.94,7.25,5.5,0.9333333327111111,0
2025-03-10,Fancies,5.0,Regular Day,4.4,8.4,11.716666666666667,-0.6999999999999993,13.7,9.6,14.8,0.0,-2.3999999999999986,11.576944444444445,1.0,0.0,0.0,0.0,51.553333333333335,2,10,69,0,0,11,3,2025,0,2,0.9749279121818236,-0.22252093395631434,0.5877852522924732,-0.8090169943749473,10.0,10.0,11.0,5.0,4.0,11.0,7.0,7.29,7.52,3.46,2.0,12.0,7.21,9.0,2.70801280154532,1.24999999921875,0
2025-03-10,Muffins,2.0,Regular Day,4.4,8.4,11.716666666666667,-0.6999999999999993,13.7,9.6,14.8,0.0,-2.3999999999999986,11.576944444444445,1.0,0.0,0.0,0.0,51.553333333333335,2,10,69,0,0,11,3,2025,0,2,0.9749279121818236,-0.22252093395631434,0.5877852522924732,-0.8090169943749473,2.0,3.0,1.0,0.0,,,3.86,4.14,3.9,1.77,2.0,7.0,3.84,1.5,1.2909944487358056,4.999999950000001,0
2025-03-11,Muffins,0.0,Regular Day,9.6,8.1,11.766666666666667,-2.5999999999999996,18.0,9.9,12.6,0.0,-2.8000000000000007,11.62,0.0,0.0,0.0,0.0,112.96000000000001,3,11,70,0,0,11,3,2025,0,2,0.43388373911755823,-0.900968867902419,0.5877852522924732,-0.8090169943749473,5.0,4.0,4.0,3.0,,,3.86,4.07,3.81,1.77,2.0,7.0,3.38,4.0,0.816496580927726,1.285714283877551,0
2025-03-11,Fancies,10.0,Regular Day,9.6,8.1,11.766666666666667,-2.5999999999999996,18.0,9.9,12.6,0.0,-2.8000000000000007,11.62,0.0,0.0,0.0,0.0,112.96000000000001,3,11,70,0,0,11,3,2025,0,2,0.43388373911755823,-0.900968867902419,0.5877852522924732,-0.8090169943749473,12.0,3.0,5.0,7.0,2.0,9.0,6.43,7.0,7.48,3.41,2.0,12.0,6.65,6.75,3.8622100754188224,1.2499999989583332,0
2025-03-12,Fancies,5.0,Regular Day,9.9,8.4,11.8,0.4666666666666668,9.2,9.6,15.8,0.0,-3.9000000000000004,11.663611111111111,36.0,0.0,0.0,0.0,116.82000000000001,4,12,71,0,0,11,3,2025,0,2,-0.433883739117558,-0.9009688679024191,0.5877852522924732,-0.8090169943749473,5.0,6.0,10.0,3.0,7.0,12.0,6.86,6.93,7.43,3.53,2.0,12.0,7.24,6.0,2.943920288775949,0.8461538455029586,0
2025-03-12,Muffins,3.0,Regular Day,9.9,8.4,11.8,0.4666666666666668,9.2,9.6,15.8,0.0,-3.9000000000000004,11.663611111111111,36.0,0.0,0.0,0.0,116.82000000000001,4,12,71,0,0,11,3,2025,0,2,-0.433883739117558,-0.9009688679024191,0.5877852522924732,-0.8090169943749473,3.0,8.0,7.0,2.0,,,4.0,4.07,4.0,2.08,2.0,8.0,4.54,5.0,2.943920288775949,1.2222222208641975,0
2025-03-13,Muffins,5.0,Regular Day,9.6,11.2,11.85,0.2333333333333334,8.4,6.8,15.9,0.0,-2.700000000000001,11.3,55.0,0.0,0.0,0.0,113.75999999999999,5,13,72,0,0,11,3,2025,0,2,-0.9749279121818236,-0.2225209339563146,0.5877852522924732,-0.8090169943749473,2.0,2.0,3.0,4.0,,,3.86,4.07,4.0,2.12,2.0,8.0,4.15,2.75,0.9574271077563381,0.571428570612245,0
2025-03-13,Fancies,10.0,Regular Day,9.6,11.2,11.85,0.2333333333333334,8.4,6.8,15.9,0.0,-2.700000000000001,11.3,55.0,0.0,0.0,0.0,113.75999999999999,5,13,72,0,0,11,3,2025,0,2,-0.9749279121818236,-0.2225209339563146,0.5877852522924732,-0.8090169943749473,5.0,9.0,9.0,6.0,3.0,8.0,6.57,6.93,7.48,3.78,2.0,12.0,6.18,7.25,2.0615528128088303,0.9333333327111111,0
2025-03-14,Muffins,7.0,DCP Forecast Test - 14 MAR 2025,6.8,11.5,11.9,-3.3666666666666654,13.1,6.5,12.8,0.0,-1.200000000000001,9.66388888888889,26.0,0.0,0.0,0.0,80.92,6,14,73,0,0,11,3,2025,0,2,-0.7818314824680299,0.6234898018587334,0.5877852522924732,-0.8090169943749473,8.0,7.0,8.0,4.0,,,3.57,4.07,4.05,2.23,2.0,8.0,3.61,6.75,1.8929694486000912,1.2499999989583332,1
2025-03-14,Fancies,12.0,DCP Forecast Test - 14 MAR 2025,6.8,11.5,11.9,-3.3666666666666654,13.1,6.5,12.8,0.0,-1.200000000000001,9.66388888888889,26.0,0.0,0.0,0.0,80.92,6,14,73,0,0,11,3,2025,0,2,-0.7818314824680299,0.6234898018587334,0.5877852522924732,-0.8090169943749473,9.0,6.0,10.0,10.0,4.0,5.0,7.86,6.86,7.43,3.48,3.0,12.0,7.39,8.75,1.8929694486000912,0.749999999625,1
2025-03-15,Muffins,8.0,Regular Day,6.5,10.1,11.933333333333334,-1.5333333333333332,7.6000000000000005,7.9,11.9,0.0,-1.700000000000001,0.0,94.0,0.0,0.0,0.0,77.56666666666666,7,15,74,0,0,11,3,2025,1,3,-2.4492935982947064e-16,1.0,-0.587785252292473,-0.8090169943749476,3.0,4.0,3.0,3.0,,,3.57,4.0,4.1,2.23,2.0,8.0,3.21,3.25,0.5,1.1666666647222221,0
2025-03-15,Fancies,8.0,Regular Day,6.5,10.1,11.933333333333334,-1.5333333333333332,7.6000000000000005,7.9,11.9,0.0,-1.700000000000001,0.0,94.0,0.0,0.0,0.0,77.56666666666666,7,15,74,0,0,11,3,2025,1,3,-2.4492935982947064e-16,1.0,-0.587785252292473,-0.8090169943749476,3.0,5.0,3.0,2.0,7.0,6.0,7.14,6.5,7.14,3.48,3.0,12.0,6.79,3.25,1.2583057392117916,1.5999999968,0
2025-03-16,Muffins,2.0,Regular Day,7.9,4.6,11.983333333333333,-0.8999999999999986,9.1,13.4,28.3,0.0,-2.0999999999999996,2.3377777777777777,100.0,0.0,0.0,0.0,94.66833333333334,1,16,75,0,0,11,3,2025,1,3,0.7818314824680298,0.6234898018587336,-0.587785252292473,-0.8090169943749476,2.0,4.0,2.0,1.0,,,2.86,3.71,3.9,2.48,0.0,8.0,2.41,2.25,1.2583057392117916,1.9999999933333334,0
2025-03-16,Fancies,13.0,Regular Day,7.9,4.6,11.983333333333333,-0.8999999999999986,9.1,13.4,28.3,0.0,-2.0999999999999996,2.3377777777777777,100.0,0.0,0.0,0.0,94.66833333333334,1,16,75,0,0,11,3,2025,1,3,0.7818314824680298,0.6234898018587336,-0.587785252292473,-0.8090169943749476,11.0,2.0,12.0,12.0,3.0,2.0,6.86,7.0,7.38,3.08,3.0,11.0,7.59,9.25,4.856267428111155,0.5416666664409722,0
2025-03-17,Fancies,7.0,Regular Day,13.4,3.9000000000000004,12.016666666666667,3.633333333333333,9.200000000000001,14.1,29.1,0.0,-2.5,4.0536111111111115,88.0,0.0,0.0,31.5,161.02333333333334,2,17,76,0,0,12,3,2025,0,3,0.9749279121818236,-0.22252093395631434,-0.587785252292473,-0.8090169943749476,5.0,10.0,10.0,11.0,5.0,5.0,6.86,6.93,7.14,3.08,3.0,11.0,6.94,9.0,2.70801280154532,0.7142857139455782,0
2025-03-17,Muffins,5.0,Regular Day,13.4,3.9000000000000004,12.016666666666667,3.633333333333333,9.200000000000001,14.1,29.1,0.0,-2.5,4.0536111111111115,88.0,0.0,0.0,31.5,161.02333333333334,2,17,76,0,0,12,3,2025,0,3,0.9749279121818236,-0.22252093395631434,-0.587785252292473,-0.8090169943749476,2.0,2.0,3.0,1.0,,,2.86,3.36,3.71,2.48,0.0,8.0,2.56,2.0,0.816496580927726,0.9999999975,0
2025-03-18,Fancies,12.0,Regular Day,14.1,11.0,12.066666666666666,0.666666666666667,15.4,7.0,20.9,0.0,-3.5,11.848888888888888,21.0,0.0,0.0,0.0,170.14,3,18,77,0,0,12,3,2025,0,3,0.43388373911755823,-0.900968867902419,-0.587785252292473,-0.8090169943749476,10.0,12.0,3.0,5.0,2.0,6.0,7.57,7.0,7.19,3.15,3.0,11.0,7.71,7.5,4.203173404306164,2.7499999965625,0
2025-03-18,Muffins,6.0,Regular Day,14.1,11.0,12.066666666666666,0.666666666666667,15.4,7.0,20.9,0.0,-3.5,11.848888888888888,21.0,0.0,0.0,0.0,170.14,3,18,77,0,0,12,3,2025,0,3,0.43388373911755823,-0.900968867902419,-0.587785252292473,-0.8090169943749476,0.0,5.0,4.0,4.0,,,3.29,3.57,3.81,2.56,0.0,8.0,3.17,3.25,2.217355782608345,0.6249999992187499,0
2025-03-19,Muffins,3.0,Regular Day,7.0,9.4,12.116666666666667,2.0666666666666673,15.6,8.6,13.3,0.0,-2.5999999999999996,11.005555555555556,17.0,0.0,0.0,0.0,84.81666666666666,4,19,78,0,0,12,3,2025,0,3,-0.433883739117558,-0.9009688679024191,-0.587785252292473,-0.8090169943749476,3.0,3.0,8.0,7.0,,,3.14,3.57,3.76,2.27,0.0,7.0,4.13,5.25,2.6299556396765835,0.39999999973333333,0
2025-03-19,Fancies,5.0,Regular Day,7.0,9.4,12.116666666666667,2.0666666666666673,15.6,8.6,13.3,0.0,-2.5999999999999996,11.005555555555556,17.0,0.0,0.0,0.0,84.81666666666666,4,19,78,0,0,12,3,2025,0,3,-0.433883739117558,-0.9009688679024191,-0.587785252292473,-0.8090169943749476,5.0,5.0,6.0,10.0,2.0,5.0,8.0,7.43,7.29,3.56,3.0,12.0,8.78,6.5,2.3804761428476167,0.624999999609375,0
2025-03-20,Muffins,9.0,Regular Day,8.6,8.5,12.15,2.5666666666666664,8.4,9.5,20.4,0.0,-2.1999999999999993,7.811111111111111,98.0,0.0,0.0,0.0,104.49,5,20,79,0,0,12,3,2025,0,3,-0.9749279121818236,-0.2225209339563146,-0.587785252292473,-0.8090169943749476,5.0,2.0,2.0,3.0,,,3.86,3.86,4.0,2.91,0.0,8.0,5.09,3.0,1.4142135623730951,1.3999999972000001,0
2025-03-20,Fancies,16.0,Regular Day,8.6,8.5,12.15,2.5666666666666664,8.4,9.5,20.4,0.0,-2.1999999999999993,7.811111111111111,98.0,0.0,0.0,0.0,104.49,5,20,79,0,0,12,3,2025,0,3,-0.9749279121818236,-0.2225209339563146,-0.587785252292473,-0.8090169943749476,10.0,5.0,9.0,9.0,8.0,9.0,8.71,7.64,7.52,2.81,5.0,12.0,8.59,8.25,2.217355782608345,0.8333333328703704,0
2025-03-21,Muffins,8.0,Regular Day,9.5,9.3,12.2,-1.166666666666666,7.4,8.7,28.1,0.0,-2.5,11.93,41.0,0.0,0.0,10.9,115.89999999999999,6,21,80,0,0,12,3,2025,0,3,-0.7818314824680299,0.6234898018587334,-0.587785252292473,-0.8090169943749476,7.0,8.0,7.0,8.0,,,3.86,3.71,4.0,2.91,0.0,8.0,4.32,7.5,0.5773502691896257,0.9999999993333333,0
2025-03-21,Fancies,11.0,Regular Day,9.5,9.3,12.2,-1.166666666666666,7.4,8.7,28.1,0.0,-2.5,11.93,41.0,0.0,0.0,10.9,115.89999999999999,6,21,80,0,0,12,3,2025,0,3,-0.7818314824680299,0.6234898018587334,-0.587785252292473,-0.8090169943749476,12.0,9.0,6.0,10.0,4.0,8.0,9.0,8.43,7.57,3.16,5.0,13.0,9.69,9.25,2.5,1.3124999991796875,0
2025-03-22,Muffins,4.0,Regular Day,8.7,8.3,12.25,1.5666666666666664,13.0,9.7,25.1,0.0,-4.600000000000001,11.185,59.0,0.0,0.0,0.0,106.57499999999999,7,22,81,0,0,12,3,2025,1,4,-2.4492935982947064e-16,1.0,-0.9510565162951536,0.30901699437494723,8.0,3.0,4.0,3.0,,,4.29,3.93,4.1,2.81,0.0,8.0,4.49,4.5,2.3804761428476167,1.5714285691836736,0
2025-03-22,Fancies,9.0,Regular Day,8.7,8.3,12.25,1.5666666666666664,13.0,9.7,25.1,0.0,-4.600000000000001,11.185,59.0,0.0,0.0,0.0,106.57499999999999,7,22,81,0,0,12,3,2025,1,4,-2.4492935982947064e-16,1.0,-0.9510565162951536,0.30901699437494723,8.0,3.0,5.0,3.0,6.0,6.0,9.29,8.21,7.43,2.81,5.0,13.0,9.02,4.75,2.362907813126304,1.37499999828125,0
2025-03-23,Muffins,5.0,Regular Day,9.7,11.9,12.283333333333333,-0.2999999999999998,13.8,6.1,26.0,0.0,-5.1000000000000005,11.983611111111111,38.0,0.0,0.0,0.0,119.14833333333333,1,23,82,0,0,12,3,2025,1,4,0.7818314824680298,0.6234898018587336,-0.9510565162951536,0.30901699437494723,2.0,2.0,4.0,2.0,,,5.14,4.0,4.19,2.12,2.0,8.0,4.87,2.5,1.0,0.6666666655555555,0
2025-03-23,Fancies,14.0,Regular Day,9.7,11.9,12.283333333333333,-0.2999999999999998,13.8,6.1,26.0,0.0,-5.1000000000000005,11.983611111111111,38.0,0.0,0.0,0.0,119.14833333333333,1,23,82,0,0,12,3,2025,1,4,0.7818314824680298,0.6234898018587336,-0.9510565162951536,0.30901699437494723,13.0,11.0,2.0,12.0,5.0,4.0,9.57,8.21,7.86,2.99,5.0,13.0,9.76,9.5,5.066228051190222,1.7142857130612243,0
2025-03-24,Muffins,4.0,Regular Day,6.1,9.9,12.333333333333334,1.0999999999999996,7.000000000000001,8.1,20.1,0.0,-1.6000000000000014,1.0,99.0,0.0,0.0,16.8,75.23333333333333,2,24,83,0,0,13,3,2025,0,4,0.9749279121818236,-0.22252093395631434,-0.9510565162951536,0.30901699437494723,5.0,2.0,2.0,3.0,,,5.14,4.0,3.95,2.12,2.0,8.0,4.4,3.0,1.4142135623730951,1.3999999972000001,0
2025-03-24,Fancies,8.0,Regular Day,6.1,9.9,12.333333333333334,1.0999999999999996,7.000000000000001,8.1,20.1,0.0,-1.6000000000000014,1.0,99.0,0.0,0.0,16.8,75.23333333333333,2,24,83,0,0,13,3,2025,0,4,0.9749279121818236,-0.22252093395631434,-0.9510565162951536,0.30901699437494723,7.0,5.0,10.0,10.0,5.0,8.0,9.57,8.21,7.81,2.99,5.0,13.0,8.57,8.0,2.449489742783178,0.5999999997,0
2025-03-25,Muffins,7.0,Regular Day,8.1,7.6,12.366666666666667,4.066666666666667,11.3,10.4,23.9,0.0,-4.700000000000001,11.182777777777778,66.0,0.0,0.0,0.0,100.17,3,25,84,0,0,13,3,2025,0,4,0.43388373911755823,-0.900968867902419,-0.9510565162951536,0.30901699437494723,6.0,0.0,5.0,4.0,,,5.71,4.5,4.29,2.56,2.0,9.0,5.55,3.75,2.6299556396765835,0.6666666659259258,0
2025-03-25,Fancies,11.0,Regular Day,8.1,7.6,12.366666666666667,4.066666666666667,11.3,10.4,23.9,0.0,-4.700000000000001,11.182777777777778,66.0,0.0,0.0,0.0,100.17,3,25,84,0,0,13,3,2025,0,4,0.43388373911755823,-0.900968867902419,-0.9510565162951536,0.30901699437494723,12.0,10.0,12.0,3.0,3.0,8.0,10.43,9.0,8.14,3.87,5.0,16.0,10.43,9.25,4.272001872658765,1.4666666656888887,0
2025-03-26,Muffins,4.0,Regular Day,10.4,10.3,12.416666666666666,-1.166666666666667,9.3,7.7,24.2,0.0,-4.6000000000000005,9.22861111111111,64.0,0.0,0.0,0.8,129.13333333333333,4,26,85,0,0,13,3,2025,0,4,-0.433883739117558,-0.9009688679024191,-0.9510565162951536,0.30901699437494723,3.0,3.0,3.0,8.0,,,5.86,4.5,4.33,2.67,2.0,9.0,6.16,4.25,2.5,0.5454545449586776,0
2025-03-26,Fancies,6.0,Regular Day,10.4,10.3,12.416666666666666,-1.166666666666667,9.3,7.7,24.2,0.0,-4.6000000000000005,9.22861111111111,64.0,0.0,0.0,0.8,129.13333333333333,4,26,85,0,0,13,3,2025,0,4,-0.433883739117558,-0.9009688679024191,-0.9510565162951536,0.30901699437494723,5.0,5.0,5.0,6.0,3.0,4.0,10.29,9.14,8.38,3.82,5.0,16.0,10.57,5.25,0.5,0.9090909082644627,0
2025-03-27,Muffins,6.0,Regular Day,7.7,13.2,12.466666666666667,-3.7333333333333334,11.799999999999999,4.8,20.6,0.0,-4.8,12.0,1.0,0.0,0.0,0.0,95.99333333333334,5,27,86,0,0,13,3,2025,0,4,-0.9749279121818236,-0.2225209339563146,-0.9510565162951536,0.30901699437494723,9.0,5.0,2.0,2.0,,,5.29,4.57,4.33,2.56,2.0,9.0,5.62,4.5,3.3166247903554,3.49999999125,0
2025-03-27,Fancies,12.0,Regular Day,7.7,13.2,12.466666666666667,-3.7333333333333334,11.799999999999999,4.8,20.6,0.0,-4.8,12.0,1.0,0.0,0.0,0.0,95.99333333333334,5,27,86,0,0,13,3,2025,0,4,-0.9749279121818236,-0.2225209339563146,-0.9510565162951536,0.30901699437494723,16.0,10.0,5.0,9.0,3.0,6.0,10.43,9.57,8.57,3.74,5.0,16.0,10.18,10.0,4.546060565661952,1.8571428558163263,0
2025-03-28,Fancies,14.0,Regular Day,4.8,8.0,12.5,2.333333333333333,14.200000000000001,10.0,16.6,0.0,-3.3000000000000007,10.74638888888889,45.0,0.0,0.0,0.0,60.0,6,28,87,0,0,13,3,2025,0,4,-0.7818314824680299,0.6234898018587334,-0.9510565162951536,0.30901699437494723,11.0,12.0,9.0,6.0,3.0,7.0,10.57,9.79,9.14,3.87,5.0,16.0,11.13,9.5,2.6457513110645907,1.5333333323111111,0
2025-03-28,Muffins,3.0,Regular Day,4.8,8.0,12.5,2.333333333333333,14.200000000000001,10.0,16.6,0.0,-3.3000000000000007,10.74638888888889,45.0,0.0,0.0,0.0,60.0,6,28,87,0,0,13,3,2025,0,4,-0.7818314824680299,0.6234898018587334,-0.9510565162951536,0.30901699437494723,8.0,7.0,8.0,7.0,,,5.71,4.79,4.38,2.14,3.0,9.0,5.47,7.5,0.5773502691896257,0.9999999993333333,0
2025-03-29,Fancies,3.0,Regular Day,10.0,0.0,12.55,8.233333333333334,13.2,19.0,23.0,0.0,-2.5,11.0,68.0,1.0,0.0,0.0,125.5,7,29,88,0,0,13,3,2025,1,5,-2.4492935982947064e-16,1.0,-2.4492935982947064e-16,1.0,9.0,8.0,3.0,5.0,6.0,7.0,10.71,10.0,9.05,3.73,5.0,16.0,10.35,6.25,2.753785273643051,2.1249999973437497,0
2025-03-29,Muffins,6.0,Regular Day,10.0,0.0,12.55,8.233333333333334,13.2,19.0,23.0,0.0,-2.5,11.0,68.0,1.0,0.0,0.0,125.5,7,29,88,0,0,13,3,2025,1,5,-2.4492935982947064e-16,1.0,-2.4492935982947064e-16,1.0,4.0,8.0,3.0,4.0,,,5.57,4.93,4.48,2.23,3.0,9.0,5.1,4.75,2.217355782608345,1.7142857118367347,0
2025-03-30,Fancies,12.0,Regular Day,19.0,3.0,12.583333333333334,2.9000000000000004,15.799999999999999,15.0,18.9,0.0,0.10000000000000142,9.235277777777778,84.0,0.0,0.0,0.0,239.08333333333334,1,30,89,0,0,13,3,2025,1,5,0.7818314824680298,0.6234898018587336,-2.4492935982947064e-16,1.0,14.0,13.0,11.0,2.0,7.0,8.0,10.57,10.07,9.0,3.69,5.0,16.0,10.51,10.0,5.477225575051661,2.0769230753254435,0
2025-03-30,Muffins,6.0,Regular Day,19.0,3.0,12.583333333333334,2.9000000000000004,15.799999999999999,15.0,18.9,0.0,0.10000000000000142,9.235277777777778,84.0,0.0,0.0,0.0,239.08333333333334,1,30,89,0,0,13,3,2025,1,5,0.7818314824680298,0.6234898018587336,-2.4492935982947064e-16,1.0,5.0,2.0,2.0,4.0,,,5.71,5.43,4.57,2.29,3.0,9.0,5.57,3.25,1.5,1.1666666647222221,0
2025-03-31,Muffins,4.0,Regular Day,15.0,0.0,12.633333333333333,3.133333333333331,9.999999999999998,18.7,29.0,0.0,-0.8999999999999986,10.033888888888889,74.0,0.6999999999999993,0.0,0.3,189.5,2,31,90,0,1,14,3,2025,0,5,0.9749279121818236,-0.22252093395631434,-2.4492935982947064e-16,1.0,4.0,5.0,2.0,2.0,,,5.86,5.5,4.62,2.12,4.0,9.0,5.18,3.25,1.5,2.249999994375,0
2025-03-31,Fancies,1.0,Regular Day,15.0,0.0,12.633333333333333,3.133333333333331,9.999999999999998,18.7,29.0,0.0,-0.8999999999999986,10.033888888888889,74.0,0.6999999999999993,0.0,0.3,189.5,2,31,90,0,1,14,3,2025,0,5,0.9749279121818236,-0.22252093395631434,-2.4492935982947064e-16,1.0,8.0,7.0,5.0,10.0,0.0,3.0,10.71,10.14,9.05,3.45,6.0,16.0,9.38,7.5,2.0816659994661326,0.9999999993333333,0
2025-04-01,Muffins,9.0,Regular Day,18.7,6.199999999999999,12.666666666666666,-3.299999999999997,10.900000000000002,11.8,24.4,0.0,0.5,12.0,39.0,0.0,0.0,20.9,236.86666666666665,3,1,91,1,0,14,4,2025,0,1,0.43388373911755823,-0.900968867902419,0.9510565162951535,0.30901699437494745,7.0,6.0,0.0,5.0,6.0,,5.43,5.57,4.81,1.62,4.0,8.0,5.39,4.5,3.1091263510296048,2.5999999948,0
2025-04-01,Fancies,12.0,Regular Day,18.7,6.199999999999999,12.666666666666666,-3.299999999999997,10.900000000000002,11.8,24.4,0.0,0.5,12.0,39.0,0.0,0.0,20.9,236.86666666666665,3,1,91,1,0,14,4,2025,0,1,0.43388373911755823,-0.900968867902419,0.9510565162951535,0.30901699437494745,11.0,12.0,10.0,12.0,3.0,8.0,10.14,10.29,9.38,2.67,6.0,14.0,10.04,11.25,0.9574271077563381,1.0454545449793389,0
2025-04-02,Fancies,13.0,Regular Day,11.8,11.3,12.716666666666667,-2.2,9.899999999999999,6.7,18.5,0.0,-3.0999999999999996,10.00361111111111,41.0,0.0,0.0,0.0,150.05666666666667,4,2,92,0,0,14,4,2025,0,1,-0.433883739117558,-0.9009688679024191,0.9510565162951535,0.30901699437494745,6.0,5.0,5.0,5.0,8.0,7.0,10.57,10.43,9.62,3.05,6.0,14.0,11.03,5.25,0.5,1.0999999989,0
2025-04-02,Muffins,4.0,Regular Day,11.8,11.3,12.716666666666667,-2.2,9.899999999999999,6.7,18.5,0.0,-3.0999999999999996,10.00361111111111,41.0,0.0,0.0,0.0,150.05666666666667,4,2,92,0,0,14,4,2025,0,1,-0.433883739117558,-0.9009688679024191,0.9510565162951535,0.30901699437494745,4.0,3.0,3.0,3.0,3.0,,4.71,5.29,4.57,1.38,3.0,7.0,4.79,3.25,0.5,1.1666666647222221,0
2025-04-03,Fancies,10.0,Regular Day,6.7,2.3000000000000007,12.766666666666667,4.675000000000001,18.7,15.7,26.0,0.0,0.3999999999999986,4.238611111111111,100.0,0.0,0.0,2.3,85.53666666666668,5,3,93,0,0,14,4,2025,0,1,-0.9749279121818236,-0.2225209339563146,0.9510565162951535,0.30901699437494745,12.0,16.0,10.0,5.0,0.0,8.0,9.71,10.07,9.62,4.19,3.0,14.0,9.02,10.75,4.573474244670748,1.8666666654222221,0
2025-04-03,Muffins,5.0,Regular Day,6.7,2.3000000000000007,12.766666666666667,4.675000000000001,18.7,15.7,26.0,0.0,0.3999999999999986,4.238611111111111,100.0,0.0,0.0,2.3,85.53666666666668,5,3,93,0,0,14,4,2025,0,1,-0.9749279121818236,-0.2225209339563146,0.9510565162951535,0.30901699437494745,6.0,9.0,5.0,2.0,5.0,,5.0,5.14,4.71,1.41,3.0,7.0,5.09,5.5,2.886751345948129,2.142857139795918,0
2025-04-04,Muffins,8.0,Regular Day,15.7,0.0,12.8,5.049999999999999,5.600000000000001,21.0,18.1,0.0,-0.40000000000000213,5.167777777777777,99.0,3.0,0.0,1.7,200.96,6,4,94,0,0,14,4,2025,0,1,-0.7818314824680299,0.6234898018587334,0.9510565162951535,0.30901699437494745,3.0,8.0,7.0,8.0,3.0,,5.14,5.43,4.9,1.46,3.0,7.0,5.32,6.5,2.3804761428476167,0.7333333328444444,0
2025-04-04,Fancies,8.0,Regular Day,15.7,0.0,12.8,5.049999999999999,5.600000000000001,21.0,18.1,0.0,-0.40000000000000213,5.167777777777777,99.0,3.0,0.0,1.7,200.96,6,4,94,0,0,14,4,2025,0,1,-0.7818314824680299,0.6234898018587334,0.9510565162951535,0.30901699437494745,14.0,11.0,12.0,9.0,3.0,7.0,9.43,10.0,9.67,3.91,3.0,14.0,9.77,11.5,2.0816659994661326,1.190476189909297,0
2025-04-05,Fancies,10.0,Regular Day,21.0,4.699999999999999,12.85,0.375,7.200000000000001,13.3,17.2,0.0,-1.0,0.3061111111111111,99.0,0.0,0.0,0.2,269.84999999999997,7,5,95,0,0,14,4,2025,1,1,-2.4492935982947064e-16,1.0,0.9510565162951535,0.30901699437494745,3.0,9.0,8.0,3.0,3.0,5.0,8.43,9.57,9.48,5.06,1.0,14.0,7.57,5.75,3.2015621187164243,1.0909090899173552,0
2025-04-05,Muffins,5.0,Regular Day,21.0,4.699999999999999,12.85,0.375,7.200000000000001,13.3,17.2,0.0,-1.0,0.3061111111111111,99.0,0.0,0.0,0.2,269.84999999999997,7,5,95,0,0,14,4,2025,1,1,-2.4492935982947064e-16,1.0,0.9510565162951535,0.30901699437494745,6.0,4.0,8.0,3.0,1.0,,5.14,5.36,5.0,1.46,3.0,7.0,4.99,5.25,2.217355782608345,0.9090909082644627,0
2025-04-06,Fancies,13.0,Regular Day,13.3,3.0999999999999996,12.883333333333333,1.5999999999999996,8.9,14.9,19.5,0.0,-0.8000000000000007,6.118333333333333,100.0,0.0,0.0,0.0,171.34833333333333,1,6,96,0,0,14,4,2025,1,1,0.7818314824680298,0.6234898018587336,0.9510565162951535,0.30901699437494745,12.0,14.0,13.0,11.0,4.0,6.0,8.57,9.57,9.57,5.16,1.0,14.0,8.68,12.5,1.2909944487358056,1.0833333328819443,0
2025-04-06,Muffins,2.0,Regular Day,13.3,3.0999999999999996,12.883333333333333,1.5999999999999996,8.9,14.9,19.5,0.0,-0.8000000000000007,6.118333333333333,100.0,0.0,0.0,0.0,171.34833333333333,1,6,96,0,0,14,4,2025,1,1,0.7818314824680298,0.6234898018587336,0.9510565162951535,0.30901699437494745,6.0,5.0,2.0,2.0,2.0,,5.43,5.57,5.43,1.99,3.0,9.0,5.99,3.75,2.0615528128088303,2.749999993125,0
2025-04-07,Fancies,4.0,Regular Day,14.9,9.6,12.933333333333334,-1.3249999999999993,9.1,8.4,15.5,0.0,-1.5,0.0,100.0,0.0,0.0,24.3,192.70666666666668,2,7,97,0,0,15,4,2025,0,1,0.9749279121818236,-0.22252093395631434,0.9510565162951535,0.30901699437494745,1.0,8.0,7.0,5.0,1.0,8.0,9.57,10.14,9.95,5.26,1.0,14.0,9.76,5.25,3.095695936834452,0.749999999375,0
2025-04-07,Muffins,4.0,Regular Day,14.9,9.6,12.933333333333334,-1.3249999999999993,9.1,8.4,15.5,0.0,-1.5,0.0,100.0,0.0,0.0,24.3,192.70666666666668,2,7,97,0,0,15,4,2025,0,1,0.9749279121818236,-0.22252093395631434,0.9510565162951535,0.30901699437494745,4.0,4.0,5.0,2.0,0.0,,5.43,5.64,5.48,1.99,3.0,9.0,5.49,3.75,1.2583057392117916,1.14285714122449,0
2025-04-08,Fancies,9.0,Regular Day,8.4,12.0,12.966666666666667,-0.40000000000000036,4.0,6.0,31.0,0.0,-3.2,12.0,56.0,0.0,0.0,2.1,108.92,3,8,98,0,0,15,4,2025,0,2,0.43388373911755823,-0.900968867902419,0.5877852522924732,-0.8090169943749473,12.0,11.0,12.0,10.0,6.0,8.0,9.29,9.71,9.95,5.15,1.0,14.0,9.82,11.25,0.9574271077563381,1.0454545449793389,0
2025-04-08,Muffins,0.0,Regular Day,8.4,12.0,12.966666666666667,-0.40000000000000036,4.0,6.0,31.0,0.0,-3.2,12.0,56.0,0.0,0.0,2.1,108.92,3,8,98,0,0,15,4,2025,0,2,0.43388373911755823,-0.900968867902419,0.5877852522924732,-0.8090169943749473,9.0,7.0,6.0,0.0,3.0,,5.29,5.36,5.48,1.98,3.0,9.0,5.37,5.5,3.872983346207417,2.666666662222222,0
2025-04-09,Fancies,5.0,Regular Day,6.0,14.0,13.016666666666667,-2.1750000000000007,10.6,4.0,18.9,0.0,-2.6999999999999993,12.241388888888888,3.0,0.0,0.0,0.0,78.10000000000001,4,9,99,0,0,15,4,2025,0,2,-0.433883739117558,-0.9009688679024191,0.5877852522924732,-0.8090169943749473,13.0,6.0,5.0,5.0,5.0,8.0,8.43,9.5,9.76,4.72,1.0,13.0,9.37,7.25,3.8622100754188224,1.8999999980999998,0
2025-04-09,Muffins,9.0,Regular Day,6.0,14.0,13.016666666666667,-2.1750000000000007,10.6,4.0,18.9,0.0,-2.6999999999999993,12.241388888888888,3.0,0.0,0.0,0.0,78.10000000000001,4,9,99,0,0,15,4,2025,0,2,-0.433883739117558,-0.9009688679024191,0.5877852522924732,-0.8090169943749473,4.0,4.0,3.0,3.0,6.0,,6.0,5.36,5.52,1.91,4.0,9.0,6.03,3.5,0.5773502691896257,1.333333331111111,0
2025-04-10,Fancies,9.0,Regular Day,4.0,11.4,13.066666666666666,-2.8499999999999996,8.0,6.6,18.9,0.0,-3.9000000000000004,9.838055555555556,63.0,0.0,0.0,0.0,52.266666666666666,5,10,100,0,0,15,4,2025,0,2,-0.9749279121818236,-0.2225209339563146,0.5877852522924732,-0.8090169943749473,10.0,12.0,16.0,10.0,4.0,7.0,9.43,9.57,9.86,4.08,1.0,13.0,9.52,12.0,2.8284271247461903,0.8461538458284024,0
2025-04-10,Muffins,7.0,Regular Day,4.0,11.4,13.066666666666666,-2.8499999999999996,8.0,6.6,18.9,0.0,-3.9000000000000004,9.838055555555556,63.0,0.0,0.0,0.0,52.266666666666666,5,10,100,0,0,15,4,2025,0,2,-0.9749279121818236,-0.2225209339563146,0.5877852522924732,-0.8090169943749473,5.0,6.0,9.0,5.0,4.0,,5.86,5.43,5.38,1.95,4.0,9.0,5.77,6.25,1.8929694486000912,0.7857142851530612,0
2025-04-11,Muffins,7.0,Regular Day,6.6,11.4,13.1,-5.500000000000002,2.6000000000000005,6.6,18.6,0.0,-3.6000000000000005,0.0,100.0,0.0,0.0,8.7,86.46,6,11,101,0,0,15,4,2025,0,2,-0.7818314824680299,0.6234898018587334,0.5877852522924732,-0.8090169943749473,8.0,3.0,8.0,7.0,2.0,,5.29,5.21,5.38,2.43,2.0,9.0,4.83,6.5,2.3804761428476167,0.7333333328444444,0
2025-04-11,Fancies,11.0,Regular Day,6.6,11.4,13.1,-5.500000000000002,2.6000000000000005,6.6,18.6,0.0,-3.6000000000000005,0.0,100.0,0.0,0.0,8.7,86.46,6,11,101,0,0,15,4,2025,0,2,-0.7818314824680299,0.6234898018587334,0.5877852522924732,-0.8090169943749473,8.0,14.0,11.0,12.0,4.0,7.0,9.57,9.5,9.86,4.2,1.0,13.0,10.39,11.25,2.5,0.9565217387145557,0
2025-04-12,Muffins,5.0,Regular Day,6.6,13.5,13.15,-7.774999999999999,3.6,4.5,26.7,0.0,-4.0,0.0,100.0,0.0,0.0,13.5,86.78999999999999,7,12,102,0,0,15,4,2025,1,2,-2.4492935982947064e-16,1.0,0.5877852522924732,-0.8090169943749473,5.0,6.0,4.0,8.0,4.0,,5.29,5.21,5.33,2.43,2.0,9.0,4.62,5.75,1.707825127659933,0.9166666659027777,0
2025-04-12,Fancies,7.0,Regular Day,6.6,13.5,13.15,-7.774999999999999,3.6,4.5,26.7,0.0,-4.0,0.0,100.0,0.0,0.0,13.5,86.78999999999999,7,12,102,0,0,15,4,2025,1,2,-2.4492935982947064e-16,1.0,0.5877852522924732,-0.8090169943749473,10.0,3.0,9.0,8.0,3.0,8.0,10.0,9.21,9.71,3.21,4.0,13.0,8.79,7.5,3.1091263510296048,0.7647058819031142,0
2025-04-13,Fancies,4.0,Regular Day,4.5,10.2,13.183333333333334,-7.849999999999999,10.7,7.8,23.6,0.0,-4.199999999999999,3.792777777777778,92.0,0.0,0.0,0.6,59.325,1,13,103,0,0,15,4,2025,1,2,0.7818314824680298,0.6234898018587336,0.5877852522924732,-0.8090169943749473,13.0,12.0,14.0,13.0,6.0,7.0,9.57,9.07,9.57,3.1,4.0,13.0,8.85,13.0,0.816496580927726,0.9259259255829904,0
2025-04-13,Muffins,7.0,Regular Day,4.5,10.2,13.183333333333334,-7.849999999999999,10.7,7.8,23.6,0.0,-4.199999999999999,3.792777777777778,92.0,0.0,0.0,0.6,59.325,1,13,103,0,0,15,4,2025,1,2,0.7818314824680298,0.6234898018587336,0.5877852522924732,-0.8090169943749473,2.0,6.0,5.0,2.0,2.0,,4.0,4.71,5.05,2.52,0.0,8.0,3.47,3.75,2.0615528128088303,1.14285714122449,0
2025-04-14,Muffins,4.0,Regular Day,7.8,6.699999999999999,13.233333333333333,-5.574999999999999,15.599999999999998,11.3,14.1,0.0,-1.7999999999999972,10.005555555555556,72.0,0.0,0.0,0.0,103.21999999999998,2,14,104,0,0,16,4,2025,0,2,0.9749279121818236,-0.22252093395631434,0.5877852522924732,-0.8090169943749473,4.0,4.0,4.0,5.0,3.0,,4.71,5.07,5.33,3.15,0.0,9.0,4.85,4.25,0.5,0.8888888879012344,0
2025-04-14,Fancies,8.0,Regular Day,7.8,6.699999999999999,13.233333333333333,-5.574999999999999,15.599999999999998,11.3,14.1,0.0,-1.7999999999999972,10.005555555555556,72.0,0.0,0.0,0.0,103.21999999999998,2,14,104,0,0,16,4,2025,0,2,0.9749279121818236,-0.22252093395631434,0.5877852522924732,-0.8090169943749473,4.0,1.0,8.0,7.0,4.0,2.0,8.43,9.0,9.57,3.1,4.0,13.0,7.88,5.0,3.1622776601683795,0.3333333331111111,0
2025-04-15,Muffins,5.0,Regular Day,11.3,3.0,13.266666666666667,-2.5,8.999999999999998,15.0,30.8,0.0,-2.5,4.891111111111111,86.0,0.0,0.0,2.2,149.91333333333336,3,15,105,0,0,16,4,2025,0,3,0.43388373911755823,-0.900968867902419,-0.587785252292473,-0.8090169943749476,0.0,9.0,7.0,6.0,2.0,,5.0,5.14,5.24,3.27,0.0,9.0,5.39,5.5,3.872983346207417,0.6923076917751478,0
2025-04-15,Fancies,9.0,Regular Day,11.3,3.0,13.266666666666667,-2.5,8.999999999999998,15.0,30.8,0.0,-2.5,4.891111111111111,86.0,0.0,0.0,2.2,149.91333333333336,3,15,105,0,0,16,4,2025,0,3,0.43388373911755823,-0.900968867902419,-0.587785252292473,-0.8090169943749476,9.0,12.0,11.0,12.0,3.0,8.0,8.29,8.79,9.24,3.04,4.0,13.0,8.16,11.0,1.4142135623730951,0.9130434778638941,0
2025-04-16,Fancies,4.0,Regular Day,15.0,8.1,13.3,-7.999999999999998,7.6,9.9,30.2,0.0,-5.799999999999999,10.833055555555555,40.0,0.0,0.0,0.0,199.5,4,16,106,0,0,16,4,2025,0,3,-0.433883739117558,-0.9009688679024191,-0.587785252292473,-0.8090169943749476,5.0,13.0,6.0,5.0,4.0,5.0,8.71,8.57,9.24,3.2,4.0,13.0,8.87,7.25,3.8622100754188224,1.6363636348760329,0
2025-04-16,Muffins,6.0,Regular Day,15.0,8.1,13.3,-7.999999999999998,7.6,9.9,30.2,0.0,-5.799999999999999,10.833055555555555,40.0,0.0,0.0,0.0,199.5,4,16,106,0,0,16,4,2025,0,3,-0.433883739117558,-0.9009688679024191,-0.587785252292473,-0.8090169943749476,9.0,4.0,4.0,3.0,4.0,,4.86,5.43,5.19,3.13,0.0,9.0,5.79,5.0,2.70801280154532,1.8571428544897959,0
2025-04-17,Muffins,10.0,Regular Day,9.9,9.0,13.35,-6.975000000000001,12.5,9.0,17.3,0.0,-2.5,12.675833333333333,0.0,0.0,0.0,0.0,132.165,5,17,107,0,0,16,4,2025,0,3,-0.9749279121818236,-0.2225209339563146,-0.587785252292473,-0.8090169943749476,7.0,5.0,6.0,9.0,5.0,,4.86,5.36,5.24,3.13,0.0,9.0,5.59,6.75,1.707825127659933,0.7999999994666667,0
2025-04-17,Fancies,16.0,Regular Day,9.9,9.0,13.35,-6.975000000000001,12.5,9.0,17.3,0.0,-2.5,12.675833333333333,0.0,0.0,0.0,0.0,132.165,5,17,107,0,0,16,4,2025,0,3,-0.9749279121818236,-0.2225209339563146,-0.587785252292473,-0.8090169943749476,9.0,10.0,12.0,16.0,4.0,11.0,8.29,8.86,9.14,3.2,4.0,13.0,8.4,11.75,3.095695936834452,0.6785714283290816,0
2025-04-18,Muffins,9.0,Regular Day,9.0,5.9,13.383333333333333,-1.6750000000000025,14.100000000000001,12.1,22.0,0.0,-2.5,13.039166666666667,43.0,0.0,0.0,0.0,120.44999999999999,6,18,108,0,0,16,4,2025,0,3,-0.7818314824680299,0.6234898018587334,-0.587785252292473,-0.8090169943749476,7.0,8.0,3.0,8.0,3.0,,5.57,5.43,5.33,2.94,0.0,9.0,5.94,6.5,2.3804761428476167,1.363636362396694,0
2025-04-18,Fancies,5.0,Regular Day,9.0,5.9,13.383333333333333,-1.6750000000000025,14.100000000000001,12.1,22.0,0.0,-2.5,13.039166666666667,43.0,0.0,0.0,0.0,120.44999999999999,6,18,108,0,0,16,4,2025,0,3,-0.7818314824680299,0.6234898018587334,-0.587785252292473,-0.8090169943749476,11.0,8.0,14.0,11.0,6.0,8.0,7.0,8.29,8.67,2.77,4.0,11.0,7.3,11.0,2.449489742783178,0.759999999696,0
2025-04-19,Muffins,2.0,Regular Day,12.1,0.0,13.433333333333334,6.649999999999999,12.299999999999999,20.5,23.1,0.0,-0.8999999999999986,10.313333333333333,86.0,2.5,0.0,0.0,162.54333333333332,7,19,109,0,0,16,4,2025,1,3,-2.4492935982947064e-16,1.0,-0.587785252292473,-0.8090169943749476,5.0,5.0,6.0,4.0,2.0,,5.57,5.43,5.33,2.94,0.0,9.0,5.46,5.0,0.816496580927726,0.9999999989999999,0
2025-04-19,Fancies,8.0,Regular Day,12.1,0.0,13.433333333333334,6.649999999999999,12.299999999999999,20.5,23.1,0.0,-0.8999999999999986,10.313333333333333,86.0,2.5,0.0,0.0,162.54333333333332,7,19,109,0,0,16,4,2025,1,3,-2.4492935982947064e-16,1.0,-0.587785252292473,-0.8090169943749476,7.0,10.0,3.0,9.0,2.0,9.0,7.57,8.79,8.67,2.44,4.0,11.0,7.48,7.25,3.095695936834452,1.416666665486111,0
2025-04-20,Muffins,3.0,Regular Day,20.5,0.0,13.466666666666667,8.000000000000002,6.799999999999997,20.6,22.1,0.0,-1.0999999999999979,12.206111111111111,94.0,2.6000000000000014,0.0,0.0,276.06666666666666,1,20,110,0,0,16,4,2025,1,3,0.7818314824680298,0.6234898018587336,-0.587785252292473,-0.8090169943749476,7.0,2.0,6.0,5.0,2.0,,6.29,5.14,5.24,1.7,4.0,9.0,5.34,5.0,2.160246899469287,0.8181818174380164,0
2025-04-20,Fancies,16.0,Regular Day,20.5,0.0,13.466666666666667,8.000000000000002,6.799999999999997,20.6,22.1,0.0,-1.0999999999999979,12.206111111111111,94.0,2.6000000000000014,0.0,0.0,276.06666666666666,1,20,110,0,0,16,4,2025,1,3,0.7818314824680298,0.6234898018587336,-0.587785252292473,-0.8090169943749476,4.0,13.0,12.0,14.0,8.0,8.0,7.57,8.57,8.57,2.44,4.0,11.0,7.86,10.75,4.573474244670748,0.6538461535946746,0
2025-04-21,Muffins,6.0,Regular Day,20.6,6.0,13.5,0.5250000000000004,10.8,12.0,18.1,0.0,-3.1000000000000014,7.149444444444445,82.0,0.0,0.0,0.0,278.1,2,21,111,0,0,17,4,2025,0,3,0.9749279121818236,-0.22252093395631434,-0.587785252292473,-0.8090169943749476,4.0,4.0,4.0,4.0,2.0,,5.86,5.29,5.33,1.21,4.0,7.0,5.51,4.0,0.0,0.9999999987499999,0
2025-04-21,Fancies,8.0,Regular Day,20.6,6.0,13.5,0.5250000000000004,10.8,12.0,18.1,0.0,-3.1000000000000014,7.149444444444445,82.0,0.0,0.0,0.0,278.1,2,21,111,0,0,17,4,2025,0,3,0.9749279121818236,-0.22252093395631434,-0.587785252292473,-0.8090169943749476,8.0,4.0,1.0,8.0,3.0,9.0,7.43,7.93,8.48,2.64,4.0,11.0,6.89,5.25,3.4034296427770228,1.3333333318518517,0
2025-04-22,Fancies,4.0,Regular Day,12.0,0.0,13.55,4.300000000000001,12.4,18.8,17.7,0.0,0.0,12.56611111111111,78.0,0.8000000000000007,0.0,0.5,162.60000000000002,3,22,112,0,0,17,4,2025,0,4,0.43388373911755823,-0.900968867902419,-0.9510565162951536,0.30901699437494723,9.0,9.0,12.0,11.0,4.0,8.0,8.43,8.36,8.67,4.2,4.0,16.0,9.17,10.25,1.5,0.7826086953119092,0
2025-04-22,Muffins,5.0,Regular Day,12.0,0.0,13.55,4.300000000000001,12.4,18.8,17.7,0.0,0.0,12.56611111111111,78.0,0.8000000000000007,0.0,0.5,162.60000000000002,3,22,112,0,0,17,4,2025,0,4,0.43388373911755823,-0.900968867902419,-0.9510565162951536,0.30901699437494723,5.0,0.0,9.0,7.0,4.0,,6.29,5.64,5.52,1.98,4.0,10.0,6.63,5.25,3.8622100754188224,0.3124999998046875,0
2025-04-23,Muffins,7.0,Regular Day,18.8,0.3999999999999986,13.583333333333334,3.275000000000002,11.200000000000001,17.6,14.9,0.0,-0.5,12.0,79.0,0.0,0.0,0.0,255.36666666666667,4,23,113,0,0,17,4,2025,0,4,-0.433883739117558,-0.9009688679024191,-0.9510565162951536,0.30901699437494723,6.0,9.0,4.0,4.0,10.0,,6.57,5.71,5.81,2.23,4.0,10.0,7.22,5.75,2.362907813126304,1.87499999765625,0
2025-04-23,Fancies,5.0,Regular Day,18.8,0.3999999999999986,13.583333333333334,3.275000000000002,11.200000000000001,17.6,14.9,0.0,-0.5,12.0,79.0,0.0,0.0,0.0,255.36666666666667,4,23,113,0,0,17,4,2025,0,4,-0.433883739117558,-0.9009688679024191,-0.9510565162951536,0.30901699437494723,4.0,5.0,13.0,6.0,6.0,10.0,7.57,8.14,8.24,4.2,4.0,16.0,8.13,7.0,4.08248290463863,0.4736842102770083,0
2025-04-24,Fancies,7.0,Regular Day,17.6,1.5,13.633333333333333,3.299999999999999,16.1,16.5,16.1,0.0,-0.1999999999999993,13.391111111111112,61.0,0.0,0.0,0.0,239.9466666666667,5,24,114,0,0,17,4,2025,0,4,-0.9749279121818236,-0.2225209339563146,-0.9510565162951536,0.30901699437494723,16.0,9.0,10.0,12.0,7.0,8.0,7.71,8.0,8.48,4.19,4.0,16.0,8.1,11.75,3.095695936834452,1.1363636358471074,0
2025-04-24,Muffins,2.0,Regular Day,17.6,1.5,13.633333333333333,3.299999999999999,16.1,16.5,16.1,0.0,-0.1999999999999993,13.391111111111112,61.0,0.0,0.0,0.0,239.9466666666667,5,24,114,0,0,17,4,2025,0,4,-0.9749279121818236,-0.2225209339563146,-0.9510565162951536,0.30901699437494723,10.0,7.0,5.0,6.0,1.0,,6.14,5.5,5.62,2.79,2.0,10.0,5.92,7.0,2.160246899469287,1.5454545440495866,0
2025-04-25,Muffins,7.0,Regular Day,16.5,1.0,13.666666666666666,4.25,12.700000000000001,17.0,17.9,0.0,0.09999999999999787,11.706666666666667,78.0,0.0,0.0,0.0,225.5,6,25,115,0,0,17,4,2025,0,4,-0.7818314824680299,0.6234898018587334,-0.9510565162951536,0.30901699437494723,9.0,7.0,8.0,3.0,0.0,,5.57,5.57,5.48,2.99,2.0,10.0,5.19,6.75,2.6299556396765835,1.4545454532231403,0
2025-04-25,Fancies,1.0,Regular Day,16.5,1.0,13.666666666666666,4.25,12.700000000000001,17.0,17.9,0.0,0.09999999999999787,11.706666666666667,78.0,0.0,0.0,0.0,225.5,6,25,115,0,0,17,4,2025,0,4,-0.7818314824680299,0.6234898018587334,-0.9510565162951536,0.30901699437494723,5.0,11.0,8.0,14.0,3.0,6.0,9.43,8.21,8.67,4.83,4.0,16.0,10.07,9.5,3.872983346207417,0.7272727269421487,0
2025-04-26,Muffins,2.0,Regular Day,17.0,0.0,13.7,6.625000000000002,9.1,18.6,25.3,0.0,-0.6000000000000014,5.834444444444444,99.0,0.6000000000000014,0.0,12.8,232.89999999999998,7,26,116,0,0,17,4,2025,1,4,-2.4492935982947064e-16,1.0,-0.9510565162951536,0.30901699437494723,2.0,5.0,5.0,6.0,8.0,,5.86,5.71,5.57,2.91,2.0,10.0,5.39,4.5,1.7320508075688772,0.6363636357851239,0
2025-04-26,Fancies,6.0,Regular Day,17.0,0.0,13.7,6.625000000000002,9.1,18.6,25.3,0.0,-0.6000000000000014,5.834444444444444,99.0,0.6000000000000014,0.0,12.8,232.89999999999998,7,26,116,0,0,17,4,2025,1,4,-2.4492935982947064e-16,1.0,-0.9510565162951536,0.30901699437494723,8.0,7.0,10.0,3.0,8.0,2.0,9.43,8.5,9.0,4.83,4.0,16.0,9.55,7.0,2.943920288775949,1.1538461529585797,0
2025-04-27,Muffins,3.0,Regular Day,18.6,4.199999999999999,13.75,2.7750000000000004,10.799999999999999,13.8,32.2,0.0,-0.8999999999999986,12.853333333333333,27.0,0.0,0.0,0.0,255.75000000000003,1,27,117,0,0,17,4,2025,1,4,0.7818314824680298,0.6234898018587336,-0.9510565162951536,0.30901699437494723,3.0,7.0,2.0,6.0,2.0,,5.86,6.07,5.38,2.91,2.0,10.0,5.29,4.5,2.3804761428476167,1.2499999984374999,0
2025-04-27,Fancies,8.0,Regular Day,18.6,4.199999999999999,13.75,2.7750000000000004,10.799999999999999,13.8,32.2,0.0,-0.8999999999999986,12.853333333333333,27.0,0.0,0.0,0.0,255.75000000000003,1,27,117,0,0,17,4,2025,1,4,0.7818314824680298,0.6234898018587336,-0.9510565162951536,0.30901699437494723,16.0,4.0,13.0,12.0,7.0,7.0,8.71,8.14,8.62,5.25,4.0,16.0,8.17,11.25,5.123475382979799,0.79999999968,0
2025-04-28,Fancies,6.0,Regular Day,13.8,2.8000000000000007,13.783333333333333,3.7499999999999982,14.4,15.2,15.9,0.0,-1.1000000000000014,13.613333333333333,1.0,0.0,0.0,0.0,190.21,2,28,118,0,0,18,4,2025,0,4,0.9749279121818236,-0.22252093395631434,-0.9510565162951536,0.30901699437494723,8.0,8.0,4.0,1.0,3.0,9.0,8.86,8.14,8.24,5.11,4.0,16.0,7.37,5.25,3.4034296427770228,3.1999999936,0
2025-04-28,Muffins,7.0,Regular Day,13.8,2.8000000000000007,13.783333333333333,3.7499999999999982,14.4,15.2,15.9,0.0,-1.1000000000000014,13.613333333333333,1.0,0.0,0.0,0.0,190.21,2,28,118,0,0,18,4,2025,0,4,0.9749279121818236,-0.22252093395631434,-0.9510565162951536,0.30901699437494723,6.0,4.0,4.0,4.0,2.0,,6.0,5.93,5.52,2.94,2.0,10.0,5.72,4.5,1.0,1.2499999984374999,0
2025-04-29,Fancies,9.0,Regular Day,15.2,1.5,13.816666666666666,1.6500000000000004,13.799999999999999,16.5,21.8,0.0,-1.3999999999999986,13.651111111111112,58.0,0.0,0.0,0.0,210.01333333333332,3,29,119,0,0,18,4,2025,0,5,0.43388373911755823,-0.900968867902419,-2.4492935982947064e-16,1.0,4.0,9.0,9.0,12.0,2.0,3.0,7.57,8.0,8.1,4.04,4.0,16.0,7.28,8.5,3.3166247903554,0.6190476187528344,0
2025-04-29,Muffins,6.0,Regular Day,15.2,1.5,13.816666666666666,1.6500000000000004,13.799999999999999,16.5,21.8,0.0,-1.3999999999999986,13.651111111111112,58.0,0.0,0.0,0.0,210.01333333333332,3,29,119,0,0,18,4,2025,0,5,0.43388373911755823,-0.900968867902419,-2.4492935982947064e-16,1.0,5.0,5.0,0.0,9.0,2.0,,4.86,5.57,5.38,2.67,2.0,9.0,4.79,4.75,3.685557397915997,1.1111111098765432,0
2025-04-30,Muffins,6.0,Regular Day,16.5,0.0,13.85,4.200000000000003,8.2,21.8,21.3,0.0,-0.09999999999999787,11.479166666666666,92.0,3.8000000000000007,0.0,0.0,228.525,4,30,120,0,1,18,4,2025,0,5,-0.433883739117558,-0.9009688679024191,-2.4492935982947064e-16,1.0,7.0,6.0,9.0,4.0,5.0,,4.57,5.57,5.33,2.23,2.0,7.0,5.34,6.5,2.0816659994661326,0.9999999992307692,0
2025-04-30,Fancies,6.0,Regular Day,16.5,0.0,13.85,4.200000000000003,8.2,21.8,21.3,0.0,-0.09999999999999787,11.479166666666666,92.0,3.8000000000000007,0.0,0.0,228.525,4,30,120,0,1,18,4,2025,0,5,-0.433883739117558,-0.9009688679024191,-2.4492935982947064e-16,1.0,5.0,4.0,5.0,13.0,3.0,10.0,7.0,7.29,7.76,4.69,1.0,16.0,5.71,6.75,4.193248541803041,0.4999999997222222,0
2025-05-01,Muffins,2.0,Regular Day,21.8,2.3000000000000007,13.9,-0.25,11.2,15.7,16.8,0.0,-1.6999999999999993,12.953333333333333,66.0,0.0,0.0,0.0,303.02000000000004,5,1,121,1,0,18,5,2025,0,1,-0.9749279121818236,-0.2225209339563146,0.9510565162951535,0.30901699437494745,2.0,10.0,7.0,5.0,6.0,,4.57,5.36,5.19,2.23,2.0,7.0,4.51,6.0,3.366501646120693,0.9999999991666666,0
2025-05-01,Fancies,9.0,Regular Day,21.8,2.3000000000000007,13.9,-0.25,11.2,15.7,16.8,0.0,-1.6999999999999993,12.953333333333333,66.0,0.0,0.0,0.0,303.02000000000004,5,1,121,1,0,18,5,2025,0,1,-0.9749279121818236,-0.2225209339563146,0.9510565162951535,0.30901699437494745,7.0,16.0,9.0,10.0,0.0,4.0,6.71,7.21,7.57,4.68,1.0,16.0,5.78,10.5,3.872983346207417,1.2105263151523544,0
2025-05-02,Muffins,4.0,Regular Day,15.7,0.0,13.933333333333334,5.125,13.9,20.9,17.9,0.0,1.1999999999999993,13.163333333333334,70.0,2.8999999999999986,0.0,0.1,218.75333333333333,6,2,122,0,0,18,5,2025,0,1,-0.7818314824680299,0.6234898018587334,0.9510565162951535,0.30901699437494745,7.0,9.0,7.0,8.0,0.0,,4.57,5.07,5.24,2.23,2.0,7.0,4.13,7.75,0.9574271077563381,1.0666666659555555,0
2025-05-02,Fancies,5.0,Regular Day,15.7,0.0,13.933333333333334,5.125,13.9,20.9,17.9,0.0,1.1999999999999993,13.163333333333334,70.0,2.8999999999999986,0.0,0.1,218.75333333333333,6,2,122,0,0,18,5,2025,0,1,-0.7818314824680299,0.6234898018587334,0.9510565162951535,0.30901699437494745,1.0,5.0,11.0,8.0,2.0,3.0,5.57,7.5,7.33,2.51,1.0,8.0,6.34,6.25,4.272001872658765,0.3157894735180055,0
2025-05-03,Muffins,4.0,Regular Day,20.9,0.0,13.966666666666667,6.875,9.600000000000001,22.1,24.1,0.0,1.0,13.7975,76.0,4.100000000000001,0.0,4.4,291.9033333333333,7,3,123,0,0,18,5,2025,1,1,-2.4492935982947064e-16,1.0,0.9510565162951535,0.30901699437494745,2.0,2.0,5.0,5.0,1.0,,4.71,5.29,5.38,2.36,2.0,7.0,4.85,3.5,1.7320508075688772,0.3999999996,0
2025-05-03,Fancies,8.0,Regular Day,20.9,0.0,13.966666666666667,6.875,9.600000000000001,22.1,24.1,0.0,1.0,13.7975,76.0,4.100000000000001,0.0,4.4,291.9033333333333,7,3,123,0,0,18,5,2025,1,1,-2.4492935982947064e-16,1.0,0.9510565162951535,0.30901699437494745,6.0,8.0,7.0,10.0,3.0,7.0,5.29,7.36,7.43,2.29,1.0,8.0,6.25,7.75,1.707825127659933,0.8235294112802768,0
2025-05-04,Fancies,3.0,Regular Day,22.1,0.0,14.0,4.175000000000001,3.200000000000003,18.3,20.0,0.0,0.1999999999999993,2.095833333333333,100.0,0.3000000000000007,0.0,9.7,309.40000000000003,1,4,124,0,0,18,5,2025,1,1,0.7818314824680298,0.6234898018587336,0.9510565162951535,0.30901699437494745,8.0,16.0,4.0,13.0,1.0,6.0,6.0,7.36,7.43,2.58,1.0,9.0,6.94,10.25,5.315072906367325,1.411764705051903,0
2025-05-04,Muffins,2.0,Regular Day,22.1,0.0,14.0,4.175000000000001,3.200000000000003,18.3,20.0,0.0,0.1999999999999993,2.095833333333333,100.0,0.3000000000000007,0.0,9.7,309.40000000000003,1,4,124,0,0,18,5,2025,1,1,0.7818314824680298,0.6234898018587336,0.9510565162951535,0.30901699437494745,3.0,3.0,7.0,2.0,3.0,,4.86,5.36,5.67,2.41,2.0,7.0,5.14,3.75,2.217355782608345,0.6666666659259258,0
2025-05-05,Fancies,8.0,Regular Day,18.3,1.1000000000000014,14.033333333333333,2.6750000000000007,6.100000000000001,16.9,17.1,0.0,0.09999999999999787,2.0591666666666666,100.0,0.0,0.0,1.1,256.81,2,5,125,0,0,19,5,2025,0,1,0.9749279121818236,-0.22252093395631434,0.9510565162951535,0.30901699437494745,6.0,8.0,8.0,4.0,6.0,10.0,6.14,7.5,7.48,2.54,1.0,9.0,6.7,6.5,1.9148542155126762,1.1666666656944444,0
2025-05-05,Muffins,9.0,Regular Day,18.3,1.1000000000000014,14.033333333333333,2.6750000000000007,6.100000000000001,16.9,17.1,0.0,0.09999999999999787,2.0591666666666666,100.0,0.0,0.0,1.1,256.81,2,5,125,0,0,19,5,2025,0,1,0.9749279121818236,-0.22252093395631434,0.9510565162951535,0.30901699437494745,7.0,6.0,4.0,4.0,3.0,,4.71,5.36,5.52,2.29,2.0,7.0,5.35,5.25,1.5,1.62499999796875,0
2025-05-06,Muffins,6.0,Regular Day,16.9,0.10000000000000142,14.066666666666666,2.3999999999999986,11.100000000000001,17.9,26.5,0.0,-0.10000000000000142,9.318055555555556,79.0,0.0,0.0,3.2,237.72666666666663,3,6,126,0,0,19,5,2025,0,1,0.43388373911755823,-0.900968867902419,0.9510565162951535,0.30901699437494745,6.0,5.0,5.0,0.0,6.0,,4.71,4.79,5.29,2.29,2.0,7.0,4.51,4.0,2.70801280154532,2.1999999956,0
2025-05-06,Fancies,12.0,Regular Day,16.9,0.10000000000000142,14.066666666666666,2.3999999999999986,11.100000000000001,17.9,26.5,0.0,-0.10000000000000142,9.318055555555556,79.0,0.0,0.0,3.2,237.72666666666663,3,6,126,0,0,19,5,2025,0,1,0.43388373911755823,-0.900968867902419,0.9510565162951535,0.30901699437494745,9.0,4.0,9.0,9.0,6.0,2.0,6.43,7.0,7.48,2.76,1.0,9.0,7.28,7.75,2.5,0.7222222218209876,0
2025-05-07,Muffins,5.0,Regular Day,17.9,0.6999999999999993,14.116666666666667,0.75,9.299999999999999,17.3,15.0,0.0,-1.0999999999999979,13.814166666666667,64.0,0.0,0.0,0.0,252.68833333333333,4,7,127,0,0,19,5,2025,0,1,-0.433883739117558,-0.9009688679024191,0.9510565162951535,0.30901699437494745,6.0,7.0,6.0,9.0,7.0,,4.29,4.43,5.14,2.06,2.0,7.0,4.39,7.0,1.4142135623730951,0.8666666660888889,0
2025-05-07,Fancies,6.0,Regular Day,17.9,0.6999999999999993,14.116666666666667,0.75,9.299999999999999,17.3,15.0,0.0,-1.0999999999999979,13.814166666666667,64.0,0.0,0.0,0.0,252.68833333333333,4,7,127,0,0,19,5,2025,0,1,-0.433883739117558,-0.9009688679024191,0.9510565162951535,0.30901699437494745,6.0,5.0,4.0,5.0,3.0,3.0,7.0,7.0,7.19,1.63,5.0,9.0,6.71,5.0,0.816496580927726,1.2222222208641975,0
2025-05-08,Muffins,9.0,Regular Day,17.3,0.0,14.15,1.125,12.4,18.7,12.1,0.0,1.3999999999999986,13.9,60.0,0.6999999999999993,0.0,0.2,244.79500000000002,5,8,128,0,0,19,5,2025,0,2,-0.9749279121818236,-0.2225209339563146,0.5877852522924732,-0.8090169943749473,2.0,2.0,10.0,7.0,4.0,,4.57,4.57,5.1,1.81,2.0,7.0,4.29,5.25,3.947573094109004,0.2352941175086505,0
2025-05-08,Fancies,8.0,Regular Day,17.3,0.0,14.15,1.125,12.4,18.7,12.1,0.0,1.3999999999999986,13.9,60.0,0.6999999999999993,0.0,0.2,244.79500000000002,5,8,128,0,0,19,5,2025,0,2,-0.9749279121818236,-0.2225209339563146,0.5877852522924732,-0.8090169943749473,9.0,7.0,16.0,9.0,6.0,9.0,7.29,7.0,7.24,1.6,5.0,9.0,7.03,10.25,3.947573094109004,0.639999999744,0
2025-05-09,Fancies,5.0,Regular Day,18.7,2.0999999999999996,14.183333333333334,-1.3249999999999975,8.600000000000001,15.9,17.9,0.0,1.5,4.5072222222222225,95.0,0.0,0.0,12.3,265.22833333333335,6,9,129,0,0,19,5,2025,0,2,-0.7818314824680299,0.6234898018587334,0.5877852522924732,-0.8090169943749473,5.0,1.0,5.0,11.0,5.0,6.0,6.57,6.07,7.19,2.23,3.0,9.0,6.02,5.5,4.123105625617661,0.374999999765625,0
2025-05-09,Muffins,9.0,Regular Day,18.7,2.0999999999999996,14.183333333333334,-1.3249999999999975,8.600000000000001,15.9,17.9,0.0,1.5,4.5072222222222225,95.0,0.0,0.0,12.3,265.22833333333335,6,9,129,0,0,19,5,2025,0,2,-0.7818314824680299,0.6234898018587334,0.5877852522924732,-0.8090169943749473,4.0,7.0,9.0,7.0,2.0,,4.43,4.5,4.86,1.99,2.0,7.0,3.72,6.75,2.0615528128088303,0.6874999995703125,0
2025-05-10,Fancies,11.0,Regular Day,15.9,3.5,14.216666666666667,-1.8500000000000014,11.600000000000001,14.5,21.0,0.0,-2.3000000000000007,13.0,16.0,0.0,0.0,0.0,226.04500000000002,7,10,130,0,0,19,5,2025,1,2,-2.4492935982947064e-16,1.0,0.5877852522924732,-0.8090169943749473,8.0,6.0,8.0,7.0,3.0,9.0,6.86,6.07,7.19,2.27,3.0,9.0,6.52,7.25,0.9574271077563381,0.9333333327111111,0
2025-05-10,Muffins,5.0,Regular Day,15.9,3.5,14.216666666666667,-1.8500000000000014,11.600000000000001,14.5,21.0,0.0,-2.3000000000000007,13.0,16.0,0.0,0.0,0.0,226.04500000000002,7,10,130,0,0,19,5,2025,1,2,-2.4492935982947064e-16,1.0,0.5877852522924732,-0.8090169943749473,4.0,2.0,2.0,5.0,2.0,,4.71,4.71,5.1,2.5,2.0,9.0,5.04,3.25,1.5,0.8571428559183674,0
2025-05-11,Muffins,5.0,Regular Day,14.5,0.0,14.25,3.674999999999999,13.599999999999998,18.9,14.5,0.0,0.20000000000000284,13.9475,83.0,0.8999999999999986,0.0,0.0,206.625,1,11,131,0,0,19,5,2025,1,2,0.7818314824680298,0.6234898018587336,0.5877852522924732,-0.8090169943749473,2.0,3.0,3.0,7.0,0.0,,4.71,4.79,5.14,2.5,2.0,9.0,5.28,3.75,2.217355782608345,0.49999999949999996,0
2025-05-11,Fancies,7.0,Regular Day,14.5,0.0,14.25,3.674999999999999,13.599999999999998,18.9,14.5,0.0,0.20000000000000284,13.9475,83.0,0.8999999999999986,0.0,0.0,206.625,1,11,131,0,0,19,5,2025,1,2,0.7818314824680298,0.6234898018587336,0.5877852522924732,-0.8090169943749473,3.0,8.0,16.0,4.0,5.0,5.0,7.29,6.64,7.33,2.93,3.0,12.0,7.89,7.75,5.909032633745278,0.549999999725,0
2025-05-12,Muffins,5.0,Regular Day,18.9,0.0,14.283333333333333,2.724999999999998,11.4,18.4,14.8,0.0,-0.40000000000000213,12.273055555555555,81.0,0.3999999999999986,0.0,0.0,269.955,2,12,132,0,0,20,5,2025,0,2,0.9749279121818236,-0.22252093395631434,0.5877852522924732,-0.8090169943749473,9.0,7.0,6.0,4.0,3.0,,4.57,4.64,5.1,2.44,2.0,9.0,5.21,6.5,2.0816659994661326,1.5999999984,0
2025-05-12,Fancies,8.0,Regular Day,18.9,0.0,14.283333333333333,2.724999999999998,11.4,18.4,14.8,0.0,-0.40000000000000213,12.273055555555555,81.0,0.3999999999999986,0.0,0.0,269.955,2,12,132,0,0,20,5,2025,0,2,0.9749279121818236,-0.22252093395631434,0.5877852522924732,-0.8090169943749473,8.0,6.0,8.0,8.0,7.0,4.0,7.29,6.71,7.43,2.93,3.0,12.0,7.42,7.5,1.0,0.874999999453125,0
2025-05-13,Fancies,6.0,Regular Day,18.4,0.6000000000000014,14.316666666666666,1.5500000000000007,3.3999999999999986,17.4,18.3,0.0,0.5,0.043333333333333335,100.0,0.0,0.0,5.4,263.4266666666666,3,13,133,0,0,20,5,2025,0,2,0.43388373911755823,-0.900968867902419,0.5877852522924732,-0.8090169943749473,12.0,9.0,4.0,9.0,3.0,7.0,7.14,6.79,7.05,2.85,3.0,12.0,7.56,8.5,3.3166247903554,1.6153846141420118,0
2025-05-13,Muffins,4.0,Regular Day,18.4,0.6000000000000014,14.316666666666666,1.5500000000000007,3.3999999999999986,17.4,18.3,0.0,0.5,0.043333333333333335,100.0,0.0,0.0,5.4,263.4266666666666,3,13,133,0,0,20,5,2025,0,2,0.43388373911755823,-0.900968867902419,0.5877852522924732,-0.8090169943749473,6.0,6.0,5.0,5.0,2.0,,5.57,5.14,5.05,2.64,2.0,9.0,6.16,5.5,0.5773502691896257,1.1999999987999999,0
2025-05-14,Muffins,7.0,Regular Day,17.4,1.1999999999999993,14.35,1.4499999999999993,4.600000000000001,16.8,20.8,0.0,0.8999999999999986,0.0,98.0,0.0,0.0,11.9,249.68999999999997,4,14,134,0,0,20,5,2025,0,2,-0.433883739117558,-0.9009688679024191,0.5877852522924732,-0.8090169943749473,5.0,6.0,7.0,6.0,4.0,,6.29,5.29,5.05,2.81,2.0,9.0,6.87,6.0,0.816496580927726,0.8461538455029586,0
2025-05-14,Fancies,5.0,Regular Day,17.4,1.1999999999999993,14.35,1.4499999999999993,4.600000000000001,16.8,20.8,0.0,0.8999999999999986,0.0,98.0,0.0,0.0,11.9,249.68999999999997,4,14,134,0,0,20,5,2025,0,2,-0.433883739117558,-0.9009688679024191,0.5877852522924732,-0.8090169943749473,6.0,6.0,5.0,4.0,6.0,4.0,7.14,7.07,7.05,2.85,3.0,12.0,6.92,5.25,0.9574271077563381,1.3333333318518517,0
2025-05-15,Fancies,7.0,Regular Day,16.8,0.0,14.366666666666667,2.525000000000002,6.100000000000001,18.6,9.8,0.0,1.8000000000000007,5.402777777777778,93.0,0.6000000000000014,0.0,5.7,241.36,5,15,135,0,0,20,5,2025,0,3,-0.9749279121818236,-0.2225209339563146,-0.587785252292473,-0.8090169943749476,8.0,9.0,7.0,16.0,10.0,8.0,7.57,7.43,7.19,3.21,3.0,12.0,7.94,10.0,4.08248290463863,0.7391304344612476,0
2025-05-15,Muffins,1.0,Regular Day,16.8,0.0,14.366666666666667,2.525000000000002,6.100000000000001,18.6,9.8,0.0,1.8000000000000007,5.402777777777778,93.0,0.6000000000000014,0.0,5.7,241.36,5,15,135,0,0,20,5,2025,0,3,-0.9749279121818236,-0.2225209339563146,-0.587785252292473,-0.8090169943749476,9.0,2.0,2.0,10.0,4.0,,6.43,5.5,5.19,2.7,2.0,9.0,6.4,5.75,4.349329450233296,0.9166666659027777,0
2025-05-16,Muffins,5.0,Regular Day,18.6,0.0,14.383333333333333,1.8999999999999986,10.2,19.9,14.8,0.0,2.6999999999999993,7.9655555555555555,85.0,1.8999999999999986,0.0,2.2,267.53000000000003,6,16,136,0,0,20,5,2025,0,3,-0.7818314824680299,0.6234898018587334,-0.587785252292473,-0.8090169943749476,9.0,4.0,7.0,9.0,3.0,,6.86,5.64,5.29,2.04,5.0,9.0,6.05,7.25,2.362907813126304,0.8124999994921874,0
2025-05-16,Fancies,5.0,Regular Day,18.6,0.0,14.383333333333333,1.8999999999999986,10.2,19.9,14.8,0.0,2.6999999999999993,7.9655555555555555,85.0,1.8999999999999986,0.0,2.2,267.53000000000003,6,16,136,0,0,20,5,2025,0,3,-0.7818314824680299,0.6234898018587334,-0.587785252292473,-0.8090169943749476,5.0,5.0,1.0,5.0,2.0,5.0,8.14,7.36,6.76,2.54,5.0,12.0,7.71,4.0,2.0,1.666666663888889,0
2025-05-17,Fancies,8.0,Regular Day,19.9,0.0,14.416666666666666,2.1000000000000014,9.0,22.1,23.2,0.0,2.3000000000000007,9.535555555555556,65.0,4.100000000000001,0.0,1.3,286.89166666666665,7,17,137,0,0,20,5,2025,1,3,-2.4492935982947064e-16,1.0,-0.587785252292473,-0.8090169943749476,11.0,8.0,6.0,8.0,12.0,7.0,8.14,7.5,6.76,2.54,5.0,12.0,7.78,8.25,2.0615528128088303,1.3571428561734693,0
2025-05-17,Muffins,2.0,Regular Day,19.9,0.0,14.416666666666666,2.1000000000000014,9.0,22.1,23.2,0.0,2.3000000000000007,9.535555555555556,65.0,4.100000000000001,0.0,1.3,286.89166666666665,7,17,137,0,0,20,5,2025,1,3,-2.4492935982947064e-16,1.0,-0.587785252292473,-0.8090169943749476,5.0,4.0,2.0,2.0,1.0,,6.29,5.5,5.24,1.89,5.0,9.0,5.79,3.25,1.5,2.249999994375,0
2025-05-18,Fancies,6.0,Regular Day,22.1,0.0,14.45,1.9250000000000007,7.399999999999999,20.3,28.2,0.0,0.3000000000000007,13.5525,29.0,2.3000000000000007,0.0,0.0,319.345,1,18,138,0,0,20,5,2025,1,3,0.7818314824680298,0.6234898018587336,-0.587785252292473,-0.8090169943749476,7.0,3.0,8.0,16.0,11.0,5.0,7.29,7.29,6.86,1.98,5.0,11.0,7.33,8.5,5.446711546122731,0.41666666649305556,0
2025-05-18,Muffins,3.0,Regular Day,22.1,0.0,14.45,1.9250000000000007,7.399999999999999,20.3,28.2,0.0,0.3000000000000007,13.5525,29.0,2.3000000000000007,0.0,0.0,319.345,1,18,138,0,0,20,5,2025,1,3,0.7818314824680298,0.6234898018587336,-0.587785252292473,-0.8090169943749476,5.0,2.0,3.0,3.0,1.0,,6.0,5.36,5.19,2.08,4.0,9.0,5.34,3.25,1.2583057392117916,1.1666666647222221,0
2025-05-19,Muffins,8.0,Regular Day,20.3,0.0,14.483333333333333,0.02499999999999858,10.000000000000002,19.0,22.1,0.0,-1.2000000000000028,14.0,11.0,1.0,0.0,0.0,294.01166666666666,2,19,139,0,0,21,5,2025,0,3,0.9749279121818236,-0.22252093395631434,-0.587785252292473,-0.8090169943749476,5.0,9.0,7.0,6.0,4.0,,6.29,5.43,5.19,2.06,4.0,9.0,5.76,6.75,1.707825127659933,1.0769230760946744,0
2025-05-19,Fancies,6.0,Regular Day,20.3,0.0,14.483333333333333,0.02499999999999858,10.000000000000002,19.0,22.1,0.0,-1.2000000000000028,14.0,11.0,1.0,0.0,0.0,294.01166666666666,2,19,139,0,0,21,5,2025,0,3,0.9749279121818236,-0.22252093395631434,-0.587785252292473,-0.8090169943749476,8.0,8.0,6.0,8.0,5.0,3.0,7.14,7.21,6.86,2.12,5.0,11.0,6.75,7.5,1.0,1.1428571420408162,0
2025-05-20,Fancies,4.0,Regular Day,19.0,3.5,14.516666666666667,-3.875,12.400000000000002,14.5,15.6,0.0,-0.20000000000000284,14.0,32.0,0.0,0.0,0.0,275.81666666666666,3,20,140,0,0,21,5,2025,0,3,0.43388373911755823,-0.900968867902419,-0.587785252292473,-0.8090169943749476,6.0,12.0,9.0,4.0,10.0,3.0,7.0,7.07,6.86,2.08,5.0,11.0,6.81,7.75,3.5,1.3846153835502957,0
2025-05-20,Muffins,6.0,Regular Day,19.0,3.5,14.516666666666667,-3.875,12.400000000000002,14.5,15.6,0.0,-0.20000000000000284,14.0,32.0,0.0,0.0,0.0,275.81666666666666,3,20,140,0,0,21,5,2025,0,3,0.43388373911755823,-0.900968867902419,-0.587785252292473,-0.8090169943749476,4.0,6.0,6.0,5.0,7.0,,5.14,5.36,5.14,2.48,1.0,9.0,4.57,5.25,0.9574271077563381,0.9090909082644627,0
2025-05-21,Muffins,6.0,Regular Day,14.5,5.4,14.533333333333333,-3.549999999999999,2.3000000000000007,12.6,23.8,0.0,-2.6000000000000014,1.3222222222222222,98.0,0.0,0.0,5.2,210.73333333333332,4,21,141,0,0,21,5,2025,0,3,-0.433883739117558,-0.9009688679024191,-0.587785252292473,-0.8090169943749476,7.0,5.0,6.0,7.0,3.0,,4.57,5.43,5.05,1.81,1.0,7.0,4.68,6.25,0.9574271077563381,0.9230769223668639,0
2025-05-21,Fancies,8.0,Regular Day,14.5,5.4,14.533333333333333,-3.549999999999999,2.3000000000000007,12.6,23.8,0.0,-2.6000000000000014,1.3222222222222222,98.0,0.0,0.0,5.2,210.73333333333332,4,21,141,0,0,21,5,2025,0,3,-0.433883739117558,-0.9009688679024191,-0.587785252292473,-0.8090169943749476,5.0,6.0,6.0,5.0,9.0,5.0,7.0,7.07,7.05,2.08,5.0,11.0,6.36,5.5,0.5773502691896257,0.999999999090909,0
2025-05-22,Muffins,5.0,Regular Day,12.6,5.4,14.566666666666666,-2.825000000000001,3.0,12.6,19.2,0.0,-1.5,0.2411111111111111,100.0,0.0,0.0,21.3,183.54,5,22,142,0,0,21,5,2025,0,4,-0.9749279121818236,-0.2225209339563146,-0.9510565162951536,0.30901699437494723,1.0,9.0,2.0,2.0,8.0,,4.14,5.29,5.05,2.04,1.0,7.0,4.01,3.5,3.696845502136472,2.49999999375,0
2025-05-22,Fancies,9.0,Regular Day,12.6,5.4,14.566666666666666,-2.825000000000001,3.0,12.6,19.2,0.0,-1.5,0.2411111111111111,100.0,0.0,0.0,21.3,183.54,5,22,142,0,0,21,5,2025,0,4,-0.9749279121818236,-0.2225209339563146,-0.9510565162951536,0.30901699437494723,7.0,8.0,9.0,7.0,10.0,9.0,6.57,7.07,7.14,1.27,5.0,8.0,6.77,7.75,0.9574271077563381,0.9374999994140625,0
2025-05-23,Muffins,5.0,Regular Day,12.6,4.6,14.6,-2.7333333333333325,7.700000000000001,13.4,20.2,0.0,-2.200000000000001,7.9255555555555555,87.0,0.0,0.0,2.3,183.95999999999998,6,23,143,0,0,21,5,2025,0,4,-0.7818314824680299,0.6234898018587334,-0.9510565162951536,0.30901699437494723,5.0,9.0,4.0,7.0,3.0,,3.86,5.36,5.05,2.04,1.0,7.0,3.75,6.25,2.217355782608345,1.2727272715702478,0
2025-05-23,Fancies,7.0,Regular Day,12.6,4.6,14.6,-2.7333333333333325,7.700000000000001,13.4,20.2,0.0,-2.200000000000001,7.9255555555555555,87.0,0.0,0.0,2.3,183.95999999999998,6,23,143,0,0,21,5,2025,0,4,-0.7818314824680299,0.6234898018587334,-0.9510565162951536,0.30901699437494723,5.0,5.0,5.0,1.0,3.0,7.0,6.43,7.29,7.05,1.27,5.0,8.0,6.58,4.0,2.0,1.666666663888889,0
2025-05-24,Muffins,5.0,Regular Day,13.4,3.9000000000000004,14.616666666666667,-3.0999999999999996,8.700000000000001,14.1,24.0,0.0,-3.900000000000002,13.0,29.0,0.0,0.0,0.0,195.86333333333334,7,24,144,0,0,21,5,2025,1,4,-2.4492935982947064e-16,1.0,-0.9510565162951536,0.30901699437494723,2.0,5.0,4.0,2.0,2.0,,4.29,5.29,5.1,2.56,1.0,8.0,4.82,3.25,1.5,1.1666666647222221,0
2025-05-24,Fancies,5.0,Regular Day,13.4,3.9000000000000004,14.616666666666667,-3.0999999999999996,8.700000000000001,14.1,24.0,0.0,-3.900000000000002,13.0,29.0,0.0,0.0,0.0,195.86333333333334,7,24,144,0,0,21,5,2025,1,4,-2.4492935982947064e-16,1.0,-0.9510565162951536,0.30901699437494723,8.0,11.0,8.0,6.0,12.0,8.0,6.14,7.14,7.05,1.07,5.0,8.0,6.43,8.25,2.0615528128088303,1.3571428561734693,0
2025-05-25,Fancies,8.0,Regular Day,14.1,3.1999999999999993,14.633333333333333,-2.8333333333333357,9.7,14.8,17.4,0.0,-2.6000000000000014,12.230833333333333,50.0,0.0,0.0,0.0,206.32999999999998,1,25,145,0,0,21,5,2025,1,4,0.7818314824680298,0.6234898018587336,-0.9510565162951536,0.30901699437494723,6.0,7.0,3.0,8.0,10.0,5.0,5.86,6.57,6.81,1.35,4.0,8.0,5.82,6.0,2.160246899469287,1.1818181807438015,0
2025-05-25,Muffins,3.0,Regular Day,14.1,3.1999999999999993,14.633333333333333,-2.8333333333333357,9.7,14.8,17.4,0.0,-2.6000000000000014,12.230833333333333,50.0,0.0,0.0,0.0,206.32999999999998,1,25,145,0,0,21,5,2025,1,4,0.7818314824680298,0.6234898018587336,-0.9510565162951536,0.30901699437494723,3.0,5.0,2.0,3.0,3.0,,4.57,5.29,5.1,2.64,1.0,8.0,5.11,3.25,1.2583057392117916,1.5999999968,0
2025-05-26,Muffins,2.0,Memorial Day,14.8,2.4000000000000004,14.666666666666666,-1.8000000000000025,12.600000000000001,15.6,15.6,0.0,0.0,12.69111111111111,42.0,0.0,0.0,0.0,217.06666666666666,2,26,146,0,0,22,5,2025,0,4,0.9749279121818236,-0.22252093395631434,-0.9510565162951536,0.30901699437494723,8.0,5.0,9.0,7.0,4.0,,4.43,5.36,5.1,2.51,1.0,8.0,5.33,7.25,1.707825127659933,0.8124999994921874,1
2025-05-26,Fancies,8.0,Memorial Day,14.8,2.4000000000000004,14.666666666666666,-1.8000000000000025,12.600000000000001,15.6,15.6,0.0,0.0,12.69111111111111,42.0,0.0,0.0,0.0,217.06666666666666,2,26,146,0,0,22,5,2025,0,4,0.9749279121818236,-0.22252093395631434,-0.9510565162951536,0.30901699437494723,6.0,8.0,8.0,6.0,3.0,9.0,6.29,6.71,6.9,1.5,4.0,8.0,6.37,7.0,1.1547005383792515,0.9999999992857143,1
2025-05-27,Muffins,13.0,Regular Day,15.6,2.0999999999999996,14.683333333333334,-1.8666666666666654,10.700000000000001,15.9,11.7,0.0,-0.5,8.596388888888889,87.0,0.0,0.0,0.0,229.06,3,27,147,0,0,22,5,2025,0,4,0.43388373911755823,-0.900968867902419,-0.9510565162951536,0.30901699437494723,6.0,4.0,6.0,6.0,8.0,,5.0,5.07,5.24,2.0,2.0,8.0,5.25,5.5,1.0,0.8333333326388889,0
2025-05-27,Fancies,9.0,Regular Day,15.6,2.0999999999999996,14.683333333333334,-1.8666666666666654,10.700000000000001,15.9,11.7,0.0,-0.5,8.596388888888889,87.0,0.0,0.0,0.0,229.06,3,27,147,0,0,22,5,2025,0,4,0.43388373911755823,-0.900968867902419,-0.9510565162951536,0.30901699437494723,4.0,6.0,12.0,9.0,6.0,10.0,6.57,6.79,6.9,1.81,4.0,9.0,7.03,7.75,3.5,0.47619047596371883,0
2025-05-28,Muffins,10.0,Regular Day,15.9,4.6,14.716666666666667,-3.1333333333333346,4.199999999999999,13.4,15.8,0.0,-0.9000000000000004,0.0,100.0,0.0,0.0,24.5,233.995,4,28,148,0,0,22,5,2025,0,4,-0.433883739117558,-0.9009688679024191,-0.9510565162951536,0.30901699437494723,6.0,7.0,5.0,6.0,2.0,,5.0,4.79,5.29,2.0,2.0,8.0,5.19,6.0,0.816496580927726,1.1818181807438015,0
2025-05-28,Fancies,7.0,Regular Day,15.9,4.6,14.716666666666667,-3.1333333333333346,4.199999999999999,13.4,15.8,0.0,-0.9000000000000004,0.0,100.0,0.0,0.0,24.5,233.995,4,28,148,0,0,22,5,2025,0,4,-0.433883739117558,-0.9009688679024191,-0.9510565162951536,0.30901699437494723,8.0,5.0,6.0,6.0,9.0,8.0,6.86,6.93,7.0,1.68,4.0,9.0,7.02,6.25,1.2583057392117916,1.0833333324305554,0
2025-05-29,Fancies,9.0,Regular Day,13.4,0.8000000000000007,14.716666666666667,-1.8666666666666671,8.799999999999999,17.2,18.0,0.0,0.10000000000000142,4.855277777777777,100.0,0.0,0.0,11.7,197.20333333333335,5,29,149,0,0,22,5,2025,0,5,-0.9749279121818236,-0.2225209339563146,-2.4492935982947064e-16,1.0,9.0,7.0,8.0,9.0,6.0,4.0,6.43,6.5,6.86,1.72,4.0,9.0,6.51,8.25,0.9574271077563381,0.941176470034602,0
2025-05-29,Muffins,3.0,Regular Day,13.4,0.8000000000000007,14.716666666666667,-1.8666666666666671,8.799999999999999,17.2,18.0,0.0,0.10000000000000142,4.855277777777777,100.0,0.0,0.0,11.7,197.20333333333335,5,29,149,0,0,22,5,2025,0,5,-0.9749279121818236,-0.2225209339563146,-2.4492935982947064e-16,1.0,5.0,1.0,9.0,2.0,7.0,,5.43,4.79,5.33,1.51,3.0,8.0,5.14,4.25,3.593976442141304,0.5454545449586776,0
2025-05-30,Muffins,7.0,Regular Day,17.2,0.0,14.75,0.3000000000000007,8.4,19.0,11.9,0.0,2.8000000000000007,5.418333333333333,93.0,1.0,0.0,3.5,253.7,6,30,150,0,0,22,5,2025,0,5,-0.7818314824680299,0.6234898018587334,-2.4492935982947064e-16,1.0,5.0,5.0,9.0,4.0,4.0,,5.43,4.64,5.38,1.51,3.0,8.0,4.61,5.75,2.217355782608345,0.7692307686390532,0
2025-05-30,Fancies,6.0,Regular Day,17.2,0.0,14.75,0.3000000000000007,8.4,19.0,11.9,0.0,2.8000000000000007,5.418333333333333,93.0,1.0,0.0,3.5,253.7,6,30,150,0,0,22,5,2025,0,5,-0.7818314824680299,0.6234898018587334,-2.4492935982947064e-16,1.0,7.0,5.0,5.0,5.0,5.0,9.0,6.71,6.57,7.1,1.8,4.0,9.0,6.89,5.5,1.0,1.1999999987999999,0
2025-05-31,Fancies,8.0,Regular Day,19.0,0.6000000000000014,14.766666666666667,0.23333333333333073,7.699999999999999,17.4,28.6,0.0,0.1999999999999993,9.67,66.0,0.0,0.0,10.1,280.56666666666666,7,31,151,0,1,22,5,2025,1,5,-2.4492935982947064e-16,1.0,-2.4492935982947064e-16,1.0,5.0,8.0,11.0,8.0,2.0,5.0,7.0,6.57,7.1,1.83,4.0,9.0,7.16,8.0,2.449489742783178,0.6842105259556787,0
2025-05-31,Muffins,4.0,Regular Day,19.0,0.6000000000000014,14.766666666666667,0.23333333333333073,7.699999999999999,17.4,28.6,0.0,0.1999999999999993,9.67,66.0,0.0,0.0,10.1,280.56666666666666,7,31,151,0,1,22,5,2025,1,5,-2.4492935982947064e-16,1.0,-2.4492935982947064e-16,1.0,5.0,2.0,5.0,4.0,4.0,,4.57,4.43,5.05,1.51,2.0,6.0,3.95,4.0,1.4142135623730951,0.7777777769135802,0
2025-06-01,Fancies,5.0,Regular Day,17.4,3.8000000000000007,14.783333333333333,-3.1666666666666643,10.499999999999998,14.2,23.4,0.0,-2.8999999999999986,12.745833333333334,40.0,0.0,0.0,0.1,257.22999999999996,1,1,152,1,0,22,6,2025,1,1,0.7818314824680298,0.6234898018587336,0.9510565162951535,0.30901699437494745,8.0,6.0,7.0,3.0,10.0,5.0,7.71,6.79,6.95,1.38,5.0,9.0,7.62,6.0,2.160246899469287,1.3999999985999998,0
2025-06-01,Muffins,8.0,Regular Day,17.4,3.8000000000000007,14.783333333333333,-3.1666666666666643,10.499999999999998,14.2,23.4,0.0,-2.8999999999999986,12.745833333333334,40.0,0.0,0.0,0.1,257.22999999999996,1,1,152,1,0,22,6,2025,1,1,0.7818314824680298,0.6234898018587336,0.9510565162951535,0.30901699437494745,3.0,3.0,5.0,2.0,2.0,,5.57,5.07,5.38,3.55,2.0,13.0,6.22,3.25,1.2583057392117916,0.8571428559183674,0
2025-06-02,Fancies,6.0,Regular Day,14.2,1.6999999999999993,14.8,-2.6000000000000014,12.400000000000002,16.3,14.3,0.0,0.09999999999999787,13.0025,17.0,0.0,0.0,0.0,210.16,2,2,153,0,0,23,6,2025,0,1,0.9749279121818236,-0.22252093395631434,0.9510565162951535,0.30901699437494745,8.0,6.0,8.0,8.0,12.0,6.0,7.57,6.93,7.0,1.4,5.0,9.0,7.47,7.5,1.0,0.874999999453125,0
2025-06-02,Muffins,0.0,Regular Day,14.2,1.6999999999999993,14.8,-2.6000000000000014,12.400000000000002,16.3,14.3,0.0,0.09999999999999787,13.0025,17.0,0.0,0.0,0.0,210.16,2,2,153,0,0,23,6,2025,0,1,0.9749279121818236,-0.22252093395631434,0.9510565162951535,0.30901699437494745,2.0,8.0,5.0,9.0,5.0,,6.14,5.29,5.62,3.93,2.0,13.0,7.16,6.0,3.1622776601683795,0.7142857137755102,0
2025-06-03,Fancies,7.0,Regular Day,16.3,0.0,14.816666666666666,-0.8000000000000007,14.4,18.7,13.7,0.0,1.1000000000000014,14.0,7.0,0.6999999999999993,0.0,0.0,241.51166666666668,3,3,154,0,0,23,6,2025,0,1,0.43388373911755823,-0.900968867902419,0.9510565162951535,0.30901699437494745,9.0,4.0,6.0,12.0,5.0,8.0,7.57,7.07,7.05,1.4,5.0,9.0,7.85,7.75,3.5,0.7222222218209876,0
2025-06-03,Muffins,2.0,Regular Day,16.3,0.0,14.816666666666666,-0.8000000000000007,14.4,18.7,13.7,0.0,1.1000000000000014,14.0,7.0,0.6999999999999993,0.0,0.0,241.51166666666668,3,3,154,0,0,23,6,2025,0,1,0.43388373911755823,-0.900968867902419,0.9510565162951535,0.30901699437494745,13.0,6.0,4.0,6.0,3.0,,5.86,5.43,5.33,4.1,2.0,13.0,6.12,7.25,3.947573094109004,1.8999999980999998,0
2025-06-04,Fancies,7.0,Regular Day,18.7,0.0,14.833333333333334,1.1333333333333364,13.8,21.0,13.5,0.0,2.3000000000000007,14.0,21.0,3.0,0.0,0.0,277.3833333333333,4,4,155,0,0,23,6,2025,0,1,-0.433883739117558,-0.9009688679024191,0.9510565162951535,0.30901699437494745,7.0,8.0,5.0,6.0,5.0,6.0,7.43,7.14,7.1,1.51,5.0,9.0,7.39,6.5,1.2909944487358056,1.363636362396694,0
2025-06-04,Muffins,0.0,Regular Day,18.7,0.0,14.833333333333334,1.1333333333333364,13.8,21.0,13.5,0.0,2.3000000000000007,14.0,21.0,3.0,0.0,0.0,277.3833333333333,4,4,155,0,0,23,6,2025,0,1,-0.433883739117558,-0.9009688679024191,0.9510565162951535,0.30901699437494745,10.0,6.0,7.0,5.0,2.0,,6.14,5.57,5.24,4.1,2.0,13.0,6.34,7.0,2.160246899469287,1.333333332222222,0
2025-06-05,Fancies,7.0,Regular Day,21.0,0.0,14.85,2.2333333333333307,11.8,22.7,14.1,0.0,2.5,12.76388888888889,79.0,4.699999999999999,0.0,0.0,311.84999999999997,5,5,156,0,0,23,6,2025,0,1,-0.9749279121818236,-0.2225209339563146,0.9510565162951535,0.30901699437494745,9.0,9.0,7.0,8.0,9.0,2.0,7.86,7.14,6.95,1.07,6.0,9.0,7.54,8.25,0.9574271077563381,1.1999999992,0
2025-06-05,Muffins,3.0,Regular Day,21.0,0.0,14.85,2.2333333333333307,11.8,22.7,14.1,0.0,2.5,12.76388888888889,79.0,4.699999999999999,0.0,0.0,311.84999999999997,5,5,156,0,0,23,6,2025,0,1,-0.9749279121818236,-0.2225209339563146,0.9510565162951535,0.30901699437494745,3.0,5.0,1.0,9.0,8.0,,6.0,5.71,5.19,4.16,2.0,13.0,5.76,4.5,3.415650255319866,0.7999999992,0
2025-06-06,Muffins,5.0,National Donut Day,22.7,0.0,14.866666666666667,1.3000000000000007,10.399999999999999,22.6,14.4,0.0,3.6000000000000014,12.268333333333333,74.0,4.600000000000001,0.0,0.2,337.47333333333336,6,6,157,0,0,23,6,2025,0,1,-0.7818314824680299,0.6234898018587334,0.9510565162951535,0.30901699437494745,7.0,5.0,5.0,9.0,3.0,,6.71,6.07,5.33,3.99,2.0,13.0,6.32,6.5,1.9148542155126762,0.8571428565306122,1
2025-06-06,Fancies,1.0,National Donut Day,22.7,0.0,14.866666666666667,1.3000000000000007,10.399999999999999,22.6,14.4,0.0,3.6000000000000014,12.268333333333333,74.0,4.600000000000001,0.0,0.2,337.47333333333336,6,6,157,0,0,23,6,2025,0,1,-0.7818314824680299,0.6234898018587334,0.9510565162951535,0.30901699437494745,6.0,7.0,5.0,5.0,3.0,7.0,7.43,7.07,6.86,1.51,5.0,9.0,6.91,5.75,0.9574271077563381,1.2999999987,1
2025-06-07,Fancies,8.0,Regular Day,22.6,0.0,14.866666666666667,-0.23333333333333073,5.699999999999999,21.6,10.8,0.0,3.5,5.9425,90.0,3.6000000000000014,1.0,16.2,335.9866666666667,7,7,158,0,0,23,6,2025,1,1,-2.4492935982947064e-16,1.0,0.9510565162951535,0.30901699437494745,8.0,5.0,8.0,11.0,11.0,4.0,7.14,7.07,6.76,1.57,5.0,9.0,6.68,8.0,2.449489742783178,0.6842105259556787,0
2025-06-07,Muffins,5.0,Regular Day,22.6,0.0,14.866666666666667,-0.23333333333333073,5.699999999999999,21.6,10.8,0.0,3.5,5.9425,90.0,3.6000000000000014,1.0,16.2,335.9866666666667,7,7,158,0,0,23,6,2025,1,1,-2.4492935982947064e-16,1.0,0.9510565162951535,0.30901699437494745,4.0,5.0,2.0,5.0,2.0,,6.43,5.5,5.1,4.43,0.0,13.0,4.74,4.0,1.4142135623730951,1.285714283877551,0
2025-06-08,Muffins,5.0,Regular Day,21.6,0.0,14.883333333333333,-0.8333333333333321,5.399999999999999,19.9,15.4,0.0,3.3000000000000007,1.375,96.0,1.8999999999999986,0.0,3.4,321.48,1,8,159,0,0,23,6,2025,1,2,0.7818314824680298,0.6234898018587336,0.5877852522924732,-0.8090169943749473,8.0,3.0,3.0,5.0,2.0,,4.86,5.21,5.0,3.58,0.0,10.0,4.05,4.75,2.362907813126304,1.37499999828125,0
2025-06-08,Fancies,9.0,Regular Day,21.6,0.0,14.883333333333333,-0.8333333333333321,5.399999999999999,19.9,15.4,0.0,3.3000000000000007,1.375,96.0,1.8999999999999986,0.0,3.4,321.48,1,8,159,0,0,23,6,2025,1,2,0.7818314824680298,0.6234898018587336,0.5877852522924732,-0.8090169943749473,5.0,8.0,6.0,7.0,5.0,7.0,6.86,7.29,6.81,1.35,5.0,9.0,6.76,6.5,1.2909944487358056,0.9999999992307692,0
2025-06-09,Fancies,7.0,Regular Day,19.9,0.0,14.9,-0.5666666666666629,7.300000000000001,19.3,14.4,0.0,3.3000000000000007,2.8419444444444446,96.0,1.3000000000000007,0.0,2.1,296.51,2,9,160,0,0,24,6,2025,0,2,0.9749279121818236,-0.22252093395631434,0.5877852522924732,-0.8090169943749473,6.0,8.0,6.0,8.0,10.0,2.0,6.86,7.21,6.9,1.35,5.0,9.0,6.82,7.0,1.1547005383792515,0.9999999992857143,0
2025-06-09,Muffins,7.0,Regular Day,19.9,0.0,14.9,-0.5666666666666629,7.300000000000001,19.3,14.4,0.0,3.3000000000000007,2.8419444444444446,96.0,1.3000000000000007,0.0,2.1,296.51,2,9,160,0,0,24,6,2025,0,2,0.9749279121818236,-0.22252093395631434,0.5877852522924732,-0.8090169943749473,0.0,2.0,8.0,5.0,0.0,,3.43,4.79,4.67,3.15,0.0,8.0,3.04,3.75,3.5,0.15384615372781063,0
2025-06-10,Fancies,8.0,Regular Day,19.3,0.0,14.916666666666666,-0.2666666666666657,10.0,21.0,16.2,0.0,2.599999999999998,7.6338888888888885,95.0,3.0,0.0,2.4,287.89166666666665,3,10,161,0,0,24,6,2025,0,2,0.43388373911755823,-0.900968867902419,0.5877852522924732,-0.8090169943749473,7.0,9.0,4.0,6.0,5.0,8.0,6.57,7.07,6.9,0.98,5.0,8.0,6.86,6.5,2.0816659994661326,1.5999999984,0
2025-06-10,Muffins,6.0,Regular Day,19.3,0.0,14.916666666666666,-0.2666666666666657,10.0,21.0,16.2,0.0,2.599999999999998,7.6338888888888885,95.0,3.0,0.0,2.4,287.89166666666665,3,10,161,0,0,24,6,2025,0,2,0.43388373911755823,-0.900968867902419,0.5877852522924732,-0.8090169943749473,2.0,13.0,6.0,4.0,3.0,,3.43,4.64,4.76,3.15,0.0,8.0,3.03,6.25,4.7871355387816905,1.4999999984999999,0
2025-06-11,Muffins,6.0,Regular Day,21.0,0.0,14.933333333333334,0.40000000000000213,9.099999999999998,23.0,13.9,0.0,1.4000000000000021,13.376111111111111,29.0,5.0,0.0,0.0,313.6,4,11,162,0,0,24,6,2025,0,2,-0.433883739117558,-0.9009688679024191,0.5877852522924732,-0.8090169943749473,0.0,10.0,6.0,7.0,5.0,,3.14,4.64,4.76,2.85,0.0,8.0,3.52,5.75,4.193248541803041,0.7692307686390532,0
2025-06-11,Fancies,7.0,Regular Day,21.0,0.0,14.933333333333334,0.40000000000000213,9.099999999999998,23.0,13.9,0.0,1.4000000000000021,13.376111111111111,29.0,5.0,0.0,0.0,313.6,4,11,162,0,0,24,6,2025,0,2,-0.433883739117558,-0.9009688679024191,0.5877852522924732,-0.8090169943749473,7.0,7.0,8.0,5.0,10.0,5.0,5.86,6.64,6.71,2.34,1.0,8.0,5.4,6.75,1.2583057392117916,1.0769230760946744,0
2025-06-12,Muffins,11.0,Regular Day,23.0,0.0,14.933333333333334,2.333333333333332,12.0,24.1,13.9,0.0,3.1000000000000014,14.0,37.0,6.100000000000001,0.0,0.0,343.4666666666667,5,12,163,0,0,24,6,2025,0,2,-0.9749279121818236,-0.2225209339563146,0.5877852522924732,-0.8090169943749473,3.0,3.0,5.0,1.0,7.0,,3.29,4.64,4.9,2.93,0.0,8.0,3.89,3.0,1.632993161855452,0.9999999983333333,0
2025-06-12,Fancies,9.0,Regular Day,23.0,0.0,14.933333333333334,2.333333333333332,12.0,24.1,13.9,0.0,3.1000000000000014,14.0,37.0,6.100000000000001,0.0,0.0,343.4666666666667,5,12,163,0,0,24,6,2025,0,2,-0.9749279121818236,-0.2225209339563146,0.5877852522924732,-0.8090169943749473,7.0,9.0,9.0,7.0,12.0,8.0,5.86,6.86,6.71,2.34,1.0,8.0,6.05,8.0,1.1547005383792515,0.999999999375,0
2025-06-13,Muffins,3.0,Regular Day,24.1,0.0,14.95,1.9333333333333336,6.799999999999997,23.1,15.2,0.0,2.5,12.628055555555555,95.0,5.100000000000001,0.0,0.0,360.295,6,13,164,0,0,24,6,2025,0,2,-0.7818314824680299,0.6234898018587334,0.5877852522924732,-0.8090169943749473,5.0,7.0,5.0,5.0,8.0,,2.86,4.79,5.0,2.27,0.0,5.0,4.17,5.5,1.0,1.1999999987999999,0
2025-06-13,Fancies,7.0,Regular Day,24.1,0.0,14.95,1.9333333333333336,6.799999999999997,23.1,15.2,0.0,2.5,12.628055555555555,95.0,5.100000000000001,0.0,0.0,360.295,6,13,164,0,0,24,6,2025,0,2,-0.7818314824680299,0.6234898018587334,0.5877852522924732,-0.8090169943749473,1.0,6.0,7.0,5.0,8.0,6.0,6.43,6.93,6.86,2.57,1.0,9.0,6.79,4.75,2.6299556396765835,0.5833333328472222,0
2025-06-14,Muffins,4.0,Regular Day,23.1,0.0,14.95,-0.9000000000000021,3.8999999999999986,20.1,12.5,0.0,2.1000000000000014,0.0875,100.0,2.1000000000000014,0.0,2.4,345.345,7,14,165,0,0,24,6,2025,1,2,-2.4492935982947064e-16,1.0,0.5877852522924732,-0.8090169943749473,5.0,4.0,5.0,2.0,2.0,,3.86,5.14,4.95,2.34,0.0,7.0,4.88,4.0,1.4142135623730951,1.285714283877551,0
2025-06-14,Fancies,7.0,Regular Day,23.1,0.0,14.95,-0.9000000000000021,3.8999999999999986,20.1,12.5,0.0,2.1000000000000014,0.0875,100.0,2.1000000000000014,0.0,2.4,345.345,7,14,165,0,0,24,6,2025,1,2,-2.4492935982947064e-16,1.0,0.5877852522924732,-0.8090169943749473,8.0,8.0,5.0,8.0,13.0,5.0,6.57,6.86,6.9,2.57,1.0,9.0,6.84,7.25,1.5,1.230769229822485,0
2025-06-15,Fancies,9.0,Regular Day,20.1,0.5,14.95,-3.5,4.100000000000001,17.5,13.0,0.0,0.29999999999999716,0.09527777777777778,100.0,0.0,0.0,0.3,300.495,1,15,166,0,0,24,6,2025,1,3,0.7818314824680298,0.6234898018587336,-0.587785252292473,-0.8090169943749476,9.0,5.0,8.0,6.0,7.0,6.0,6.71,6.79,7.1,2.63,1.0,9.0,7.13,7.0,1.8257418583505538,0.9999999992857143,0
2025-06-15,Muffins,3.0,Regular Day,20.1,0.5,14.95,-3.5,4.100000000000001,17.5,13.0,0.0,0.29999999999999716,0.09527777777777778,100.0,0.0,0.0,0.3,300.495,1,15,166,0,0,24,6,2025,1,3,0.7818314824680298,0.6234898018587336,-0.587785252292473,-0.8090169943749476,5.0,8.0,3.0,3.0,5.0,,4.43,4.64,4.95,2.3,0.0,7.0,5.16,4.75,2.362907813126304,2.1666666630555556,0
2025-06-16,Fancies,5.0,Regular Day,17.5,0.10000000000000142,14.966666666666667,-2.4333333333333336,4.700000000000001,17.9,13.5,0.0,0.7999999999999972,0.1075,100.0,0.0,0.0,0.6,261.9166666666667,2,16,167,0,0,25,6,2025,0,3,0.9749279121818236,-0.22252093395631434,-0.587785252292473,-0.8090169943749476,7.0,6.0,8.0,6.0,12.0,9.0,6.71,6.79,7.05,2.63,1.0,9.0,7.1,6.75,0.9574271077563381,0.9285714279081632,0
2025-06-16,Muffins,5.0,Regular Day,17.5,0.10000000000000142,14.966666666666667,-2.4333333333333336,4.700000000000001,17.9,13.5,0.0,0.7999999999999972,0.1075,100.0,0.0,0.0,0.6,261.9166666666667,2,16,167,0,0,25,6,2025,0,3,0.9749279121818236,-0.22252093395631434,-0.587785252292473,-0.8090169943749476,7.0,0.0,2.0,8.0,6.0,,5.29,4.36,4.95,1.25,3.0,7.0,5.37,4.25,3.8622100754188224,0.6999999992999999,0
2025-06-17,Fancies,21.0,Regular Day,17.9,0.0,14.966666666666667,-0.10000000000000142,7.300000000000001,20.3,9.2,0.0,2.5,4.391666666666667,99.0,2.3000000000000007,0.0,0.1,267.9033333333333,3,17,168,0,0,25,6,2025,0,3,0.43388373911755823,-0.900968867902419,-0.587785252292473,-0.8090169943749476,8.0,7.0,9.0,4.0,5.0,7.0,7.0,6.79,7.05,2.77,1.0,9.0,7.57,7.0,2.160246899469287,1.1538461529585797,0
2025-06-17,Muffins,4.0,Regular Day,17.9,0.0,14.966666666666667,-0.10000000000000142,7.300000000000001,20.3,9.2,0.0,2.5,4.391666666666667,99.0,2.3000000000000007,0.0,0.1,267.9033333333333,3,17,168,0,0,25,6,2025,0,3,0.43388373911755823,-0.900968867902419,-0.587785252292473,-0.8090169943749476,6.0,2.0,13.0,6.0,3.0,,6.43,4.93,5.24,2.15,5.0,11.0,6.78,6.75,4.573474244670748,0.4210526313573407,0
2025-06-18,Fancies,8.0,Regular Day,20.3,0.0,14.95,0.6333333333333293,9.899999999999999,22.9,16.6,0.0,5.399999999999999,8.591944444444444,97.0,4.899999999999999,0.0,6.6,303.485,4,18,169,0,0,25,6,2025,0,3,-0.433883739117558,-0.9009688679024191,-0.587785252292473,-0.8090169943749476,7.0,7.0,7.0,8.0,16.0,6.0,7.86,6.86,7.05,0.9,7.0,9.0,7.43,7.25,0.5,0.9333333327111111,0
2025-06-18,Muffins,7.0,Regular Day,20.3,0.0,14.95,0.6333333333333293,9.899999999999999,22.9,16.6,0.0,5.399999999999999,8.591944444444444,97.0,4.899999999999999,0.0,6.6,303.485,4,18,169,0,0,25,6,2025,0,3,-0.433883739117558,-0.9009688679024191,-0.587785252292473,-0.8090169943749476,6.0,0.0,10.0,6.0,9.0,,6.14,4.64,5.14,2.48,3.0,11.0,5.83,5.5,4.123105625617661,0.374999999765625,0
2025-06-19,Fancies,2.0,Juneteenth Day,22.9,0.0,14.95,1.8333333333333357,8.8,25.9,22.5,0.0,5.5000000000000036,12.295555555555556,30.0,7.899999999999999,0.0,3.5,342.35499999999996,5,19,170,0,0,25,6,2025,0,3,-0.9749279121818236,-0.2225209339563146,-0.587785252292473,-0.8090169943749476,9.0,7.0,9.0,9.0,11.0,8.0,7.71,6.79,7.14,0.95,7.0,9.0,7.32,8.5,1.0,0.8888888883950616,1
2025-06-19,Muffins,8.0,Juneteenth Day,22.9,0.0,14.95,1.8333333333333357,8.8,25.9,22.5,0.0,5.5000000000000036,12.295555555555556,30.0,7.899999999999999,0.0,3.5,342.35499999999996,5,19,170,0,0,25,6,2025,0,3,-0.9749279121818236,-0.2225209339563146,-0.587785252292473,-0.8090169943749476,11.0,3.0,3.0,5.0,8.0,,6.0,4.64,5.1,2.58,3.0,11.0,5.37,5.5,3.7859388972001824,1.7499999978124998,1
2025-06-20,Muffins,4.0,Regular Day,25.9,0.0,14.966666666666667,0.93333333333333,8.600000000000001,23.4,20.6,0.0,1.1999999999999993,13.2225,23.0,5.399999999999999,0.0,0.1,387.63666666666666,6,20,171,0,0,25,6,2025,0,3,-0.7818314824680299,0.6234898018587334,-0.587785252292473,-0.8090169943749476,3.0,5.0,7.0,5.0,4.0,,5.71,4.29,5.1,2.81,3.0,11.0,4.78,5.0,1.632993161855452,0.666666666111111,0
2025-06-20,Fancies,5.0,Regular Day,25.9,0.0,14.966666666666667,0.93333333333333,8.600000000000001,23.4,20.6,0.0,1.1999999999999993,13.2225,23.0,5.399999999999999,0.0,0.1,387.63666666666666,6,20,171,0,0,25,6,2025,0,3,-0.7818314824680299,0.6234898018587334,-0.587785252292473,-0.8090169943749476,7.0,1.0,6.0,7.0,9.0,8.0,7.71,7.07,7.19,0.95,7.0,9.0,7.74,5.25,2.8722813232690143,0.6153846149112425,0
2025-06-21,Muffins,3.0,Regular Day,23.4,0.0,14.966666666666667,2.7333333333333307,10.600000000000001,25.2,13.5,0.0,2.6000000000000014,14.0,45.0,7.199999999999999,0.0,0.0,350.21999999999997,7,21,172,0,0,25,6,2025,1,3,-2.4492935982947064e-16,1.0,-0.587785252292473,-0.8090169943749476,4.0,5.0,4.0,5.0,5.0,,5.43,4.64,5.24,2.76,3.0,11.0,4.84,4.5,0.5773502691896257,0.9999999988888888,0
2025-06-21,Fancies,10.0,Regular Day,23.4,0.0,14.966666666666667,2.7333333333333307,10.600000000000001,25.2,13.5,0.0,2.6000000000000014,14.0,45.0,7.199999999999999,0.0,0.0,350.21999999999997,7,21,172,0,0,25,6,2025,1,3,-2.4492935982947064e-16,1.0,-0.587785252292473,-0.8090169943749476,7.0,8.0,8.0,5.0,14.0,1.0,7.43,7.0,7.05,1.4,5.0,9.0,7.06,7.0,1.4142135623730951,1.1538461529585797,0
2025-06-22,Muffins,0.0,Regular Day,25.2,0.0,14.966666666666667,3.3000000000000007,8.899999999999999,26.6,17.9,0.0,3.3000000000000007,12.128055555555555,74.0,8.600000000000001,0.0,0.0,377.15999999999997,1,22,173,0,0,25,6,2025,1,4,0.7818314824680298,0.6234898018587336,-0.9510565162951536,0.30901699437494723,3.0,5.0,8.0,3.0,4.0,,5.14,4.79,4.81,2.79,3.0,11.0,4.63,4.75,2.362907813126304,0.7272727266115702,0
2025-06-22,Fancies,0.0,Regular Day,25.2,0.0,14.966666666666667,3.3000000000000007,8.899999999999999,26.6,17.9,0.0,3.3000000000000007,12.128055555555555,74.0,8.600000000000001,0.0,0.0,377.15999999999997,1,22,173,0,0,25,6,2025,1,4,0.7818314824680298,0.6234898018587336,-0.9510565162951536,0.30901699437494723,9.0,9.0,5.0,8.0,8.0,3.0,9.29,8.0,7.62,5.35,5.0,21.0,10.54,7.75,1.8929694486000912,1.3846153835502957,0
2025-06-23,Fancies,5.0,Regular Day,26.6,0.0,14.95,3.7333333333333307,11.299999999999997,30.2,13.9,0.0,5.0,13.418055555555556,57.0,12.2,0.0,0.0,397.67,2,23,174,0,0,26,6,2025,0,4,0.9749279121818236,-0.22252093395631434,-0.9510565162951536,0.30901699437494723,5.0,7.0,6.0,8.0,11.0,3.0,9.43,8.07,7.67,5.29,5.0,21.0,9.91,6.5,1.2909944487358056,0.8571428565306122,0
2025-06-23,Muffins,3.0,Regular Day,26.6,0.0,14.95,3.7333333333333307,11.299999999999997,30.2,13.9,0.0,5.0,13.418055555555556,57.0,12.2,0.0,0.0,397.67,2,23,174,0,0,26,6,2025,0,4,0.9749279121818236,-0.22252093395631434,-0.9510565162951536,0.30901699437494723,5.0,7.0,0.0,2.0,7.0,,5.29,5.29,4.67,2.87,3.0,11.0,5.22,3.5,3.1091263510296048,5.99999997,0
2025-06-24,Muffins,5.0,Regular Day,30.2,0.0,14.95,3.3999999999999986,10.600000000000001,31.2,10.8,0.0,5.0,14.0,24.0,13.2,0.0,0.0,451.48999999999995,3,24,175,0,0,26,6,2025,0,4,0.43388373911755823,-0.900968867902419,-0.9510565162951536,0.30901699437494723,4.0,6.0,2.0,13.0,4.0,,4.86,5.64,4.9,1.95,3.0,8.0,5.91,6.25,4.7871355387816905,0.6666666662222221,0
2025-06-24,Fancies,8.0,Regular Day,30.2,0.0,14.95,3.3999999999999986,10.600000000000001,31.2,10.8,0.0,5.0,14.0,24.0,13.2,0.0,0.0,451.48999999999995,3,24,175,0,0,26,6,2025,0,4,0.43388373911755823,-0.900968867902419,-0.9510565162951536,0.30901699437494723,21.0,8.0,7.0,9.0,6.0,1.0,8.43,7.71,7.33,6.0,2.0,21.0,7.93,11.25,6.551081335677848,1.8124999988671875,0
2025-06-25,Fancies,8.0,Regular Day,31.2,0.0,14.966666666666667,3.766666666666662,11.200000000000003,30.4,13.0,0.0,4.599999999999994,14.0,30.0,12.399999999999999,0.0,0.1,466.96,4,25,176,0,0,26,6,2025,0,4,-0.433883739117558,-0.9009688679024191,-0.9510565162951536,0.30901699437494723,8.0,7.0,7.0,7.0,12.0,5.0,8.14,8.0,7.29,6.12,2.0,21.0,7.2,7.25,0.5,1.0714285706632651,0
2025-06-25,Muffins,2.0,Regular Day,31.2,0.0,14.966666666666667,3.766666666666662,11.200000000000003,30.4,13.0,0.0,4.599999999999994,14.0,30.0,12.399999999999999,0.0,0.1,466.96,4,25,176,0,0,26,6,2025,0,4,-0.433883739117558,-0.9009688679024191,-0.9510565162951536,0.30901699437494723,7.0,6.0,0.0,10.0,6.0,,5.0,5.57,4.76,1.83,3.0,8.0,5.44,5.75,4.193248541803041,1.2999999987,0
2025-06-26,Fancies,4.0,Regular Day,30.4,0.0,14.95,1.4999999999999964,8.0,26.7,13.4,0.0,7.299999999999997,13.437777777777777,54.0,8.7,0.0,3.2,454.47999999999996,5,26,177,0,0,26,6,2025,0,4,-0.9749279121818236,-0.2225209339563146,-0.9510565162951536,0.30901699437494723,2.0,9.0,7.0,9.0,14.0,5.0,8.57,8.14,7.38,6.13,2.0,21.0,7.9,6.75,3.304037933599835,0.6874999995703125,0
2025-06-26,Muffins,3.0,Regular Day,30.4,0.0,14.95,1.4999999999999964,8.0,26.7,13.4,0.0,7.299999999999997,13.437777777777777,54.0,8.7,0.0,3.2,454.47999999999996,5,26,177,0,0,26,6,2025,0,4,-0.9749279121818236,-0.2225209339563146,-0.9510565162951536,0.30901699437494723,8.0,11.0,3.0,3.0,3.0,,4.86,5.43,4.71,1.95,3.0,8.0,4.83,6.25,3.947573094109004,3.1666666613888887,0
2025-06-27,Fancies,9.0,Regular Day,26.7,0.0,14.95,-3.166666666666668,3.8999999999999986,20.6,20.2,0.0,0.8000000000000007,1.8866666666666667,100.0,2.6000000000000014,0.0,8.9,399.16499999999996,6,27,178,0,0,26,6,2025,0,4,-0.7818314824680299,0.6234898018587334,-0.9510565162951536,0.30901699437494723,5.0,7.0,1.0,6.0,3.0,9.0,7.29,7.5,7.14,6.92,0.0,21.0,5.92,4.75,2.6299556396765835,1.7142857118367347,0
2025-06-27,Muffins,11.0,Regular Day,26.7,0.0,14.95,-3.166666666666668,3.8999999999999986,20.6,20.2,0.0,0.8000000000000007,1.8866666666666667,100.0,2.6000000000000014,0.0,8.9,399.16499999999996,6,27,178,0,0,26,6,2025,0,4,-0.7818314824680299,0.6234898018587334,-0.9510565162951536,0.30901699437494723,4.0,3.0,5.0,7.0,6.0,,4.43,5.07,4.33,2.64,0.0,8.0,3.62,4.75,1.707825127659933,0.5833333328472222,0
2025-06-28,Fancies,6.0,Regular Day,20.6,0.0,14.933333333333334,-0.03333333333333144,10.2,24.3,12.1,0.0,4.0,8.474166666666667,89.0,6.300000000000001,0.0,0.3,307.62666666666667,7,28,179,0,0,26,6,2025,1,4,-2.4492935982947064e-16,1.0,-0.9510565162951536,0.30901699437494723,10.0,7.0,8.0,8.0,12.0,8.0,7.29,7.36,7.1,6.92,0.0,21.0,5.69,8.25,1.2583057392117916,1.0624999993359374,0
2025-06-28,Muffins,5.0,Regular Day,20.6,0.0,14.933333333333334,-0.03333333333333144,10.2,24.3,12.1,0.0,4.0,8.474166666666667,89.0,6.300000000000001,0.0,0.3,307.62666666666667,7,28,179,0,0,26,6,2025,1,4,-2.4492935982947064e-16,1.0,-0.9510565162951536,0.30901699437494723,3.0,4.0,5.0,4.0,6.0,,4.14,4.79,4.48,2.67,0.0,8.0,3.47,4.0,0.816496580927726,0.7777777769135802,0
2025-06-29,Muffins,5.0,Regular Day,24.3,0.0,14.933333333333334,2.3000000000000007,8.8,26.1,10.4,0.0,6.599999999999998,10.0,61.0,8.100000000000001,1.0,10.7,362.88,1,29,180,0,0,26,6,2025,1,5,0.7818314824680298,0.6234898018587336,-2.4492935982947064e-16,1.0,0.0,3.0,5.0,8.0,4.0,,4.29,4.71,4.62,2.69,0.0,8.0,3.85,4.0,3.366501646120693,0.23076923059171597,0
2025-06-29,Fancies,2.0,Regular Day,24.3,0.0,14.933333333333334,2.3000000000000007,8.8,26.1,10.4,0.0,6.599999999999998,10.0,61.0,8.100000000000001,1.0,10.7,362.88,1,29,180,0,0,26,6,2025,1,5,0.7818314824680298,0.6234898018587336,-2.4492935982947064e-16,1.0,0.0,9.0,9.0,5.0,1.0,1.0,5.43,7.36,7.14,3.55,0.0,10.0,6.27,5.75,4.272001872658765,0.6428571423979591,0
2025-06-30,Fancies,7.0,Regular Day,26.1,0.0,14.933333333333334,2.06666666666667,7.199999999999999,26.1,12.0,0.0,5.900000000000002,9.164444444444445,90.0,8.100000000000001,0.0,3.3,389.76000000000005,2,30,181,0,1,27,6,2025,0,5,0.9749279121818236,-0.22252093395631434,-2.4492935982947064e-16,1.0,5.0,5.0,7.0,6.0,12.0,6.0,5.43,7.43,7.19,3.55,0.0,10.0,6.7,5.75,0.9574271077563381,0.7692307686390532,0
2025-06-30,Muffins,2.0,Regular Day,26.1,0.0,14.933333333333334,2.06666666666667,7.199999999999999,26.1,12.0,0.0,5.900000000000002,9.164444444444445,90.0,8.100000000000001,0.0,3.3,389.76000000000005,2,30,181,0,1,27,6,2025,0,5,0.9749279121818236,-0.22252093395631434,-2.4492935982947064e-16,1.0,3.0,5.0,7.0,0.0,9.0,,3.57,4.43,4.71,2.51,0.0,8.0,3.39,3.75,2.9860788111948193,1.14285714122449,0
2025-07-01,Fancies,5.0,Regular Day,26.1,0.0,14.9,1.4333333333333336,5.0,26.5,16.2,0.0,4.700000000000003,9.514722222222222,91.0,8.5,0.0,20.8,388.89000000000004,3,1,182,1,0,27,7,2025,0,1,0.43388373911755823,-0.900968867902419,0.9510565162951535,0.30901699437494745,8.0,21.0,8.0,7.0,13.0,6.0,5.71,7.07,7.05,3.3,0.0,10.0,6.03,11.0,6.683312551921141,1.9333333320444444,0
2025-07-01,Muffins,3.0,Regular Day,26.1,0.0,14.9,1.4333333333333336,5.0,26.5,16.2,0.0,4.700000000000003,9.514722222222222,91.0,8.5,0.0,20.8,388.89000000000004,3,1,182,1,0,27,7,2025,0,1,0.43388373911755823,-0.900968867902419,0.9510565162951535,0.30901699437494745,5.0,4.0,6.0,2.0,4.0,,2.86,3.86,4.71,1.57,0.0,5.0,3.29,4.25,1.707825127659933,1.12499999859375,0
2025-07-02,Fancies,11.0,Regular Day,26.5,0.0,14.9,-0.26666666666666217,5.899999999999999,23.6,11.4,0.0,3.6000000000000014,5.268611111111111,100.0,5.600000000000001,0.0,32.1,394.85,4,2,183,0,0,27,7,2025,0,1,-0.433883739117558,-0.9009688679024191,0.9510565162951535,0.30901699437494745,8.0,8.0,7.0,7.0,10.0,5.0,6.29,7.21,7.43,3.5,0.0,10.0,6.77,7.5,0.5773502691896257,1.1428571420408162,0
2025-07-02,Muffins,2.0,Regular Day,26.5,0.0,14.9,-0.26666666666666217,5.899999999999999,23.6,11.4,0.0,3.6000000000000014,5.268611111111111,100.0,5.600000000000001,0.0,32.1,394.85,4,2,183,0,0,27,7,2025,0,1,-0.433883739117558,-0.9009688679024191,0.9510565162951535,0.30901699437494745,2.0,7.0,6.0,0.0,5.0,,3.86,4.43,5.0,3.48,0.0,11.0,5.22,3.75,3.304037933599835,1.4999999975,0
2025-07-03,Muffins,6.0,Regular Day,23.6,0.0,14.883333333333333,0.7000000000000028,9.3,25.3,15.4,0.0,2.5000000000000036,13.915833333333333,33.0,7.300000000000001,0.0,0.0,351.24666666666667,5,3,184,0,0,27,7,2025,0,1,-0.9749279121818236,-0.2225209339563146,0.9510565162951535,0.30901699437494745,3.0,8.0,11.0,3.0,8.0,,4.14,4.5,5.0,3.48,0.0,11.0,5.16,6.25,3.947573094109004,0.7857142851530612,0
2025-07-03,Fancies,7.0,Regular Day,23.6,0.0,14.883333333333333,0.7000000000000028,9.3,25.3,15.4,0.0,2.5000000000000036,13.915833333333333,33.0,7.300000000000001,0.0,0.0,351.24666666666667,5,3,184,0,0,27,7,2025,0,1,-0.9749279121818236,-0.2225209339563146,0.9510565162951535,0.30901699437494745,4.0,2.0,9.0,7.0,8.0,8.0,5.71,7.14,7.33,3.09,0.0,9.0,6.58,5.5,3.1091263510296048,0.374999999765625,0
2025-07-04,Muffins,3.0,Independence Day,25.3,0.0,14.883333333333333,-0.7333333333333343,9.600000000000001,23.0,10.6,0.0,2.5,14.0,3.0,5.0,0.0,0.7,376.54833333333335,6,4,185,0,0,27,7,2025,0,1,-0.7818314824680299,0.6234898018587334,0.9510565162951535,0.30901699437494745,11.0,4.0,3.0,5.0,5.0,,4.86,4.64,5.0,2.97,2.0,11.0,5.12,5.75,3.593976442141304,1.87499999765625,1
2025-07-04,Fancies,6.0,Independence Day,25.3,0.0,14.883333333333333,-0.7333333333333343,9.600000000000001,23.0,10.6,0.0,2.5,14.0,3.0,5.0,0.0,0.7,376.54833333333335,6,4,185,0,0,27,7,2025,0,1,-0.7818314824680299,0.6234898018587334,0.9510565162951535,0.30901699437494745,9.0,5.0,7.0,1.0,10.0,6.0,6.0,6.64,7.0,2.52,2.0,9.0,5.43,5.5,3.415650255319866,1.7499999978124998,1
2025-07-05,Fancies,6.0,Regular Day,23.0,0.0,14.866666666666667,-1.4666666666666686,14.0,23.2,11.8,0.0,3.200000000000003,14.0,26.0,5.199999999999999,0.0,0.0,341.93333333333334,7,5,186,0,0,27,7,2025,1,1,-2.4492935982947064e-16,1.0,0.9510565162951535,0.30901699437494745,6.0,10.0,7.0,8.0,13.0,5.0,6.29,6.79,7.0,2.5,2.0,9.0,5.82,7.75,1.707825127659933,1.0666666659555555,0
2025-07-05,Muffins,3.0,Regular Day,23.0,0.0,14.866666666666667,-1.4666666666666686,14.0,23.2,11.8,0.0,3.200000000000003,14.0,26.0,5.199999999999999,0.0,0.0,341.93333333333334,7,5,186,0,0,27,7,2025,1,1,-2.4492935982947064e-16,1.0,0.9510565162951535,0.30901699437494745,5.0,3.0,4.0,5.0,2.0,,4.71,4.43,4.76,3.09,2.0,11.0,4.34,4.25,0.9574271077563381,0.8888888879012344,0
2025-07-06,Fancies,4.0,Regular Day,23.2,0.0,14.833333333333334,-1.7333333333333307,11.0,24.3,15.4,0.0,3.1000000000000014,14.0,52.0,6.300000000000001,0.0,0.0,344.1333333333333,1,6,187,0,0,27,7,2025,1,1,0.7818314824680298,0.6234898018587336,0.9510565162951535,0.30901699437494745,2.0,0.0,9.0,9.0,4.0,5.0,5.86,5.64,6.86,2.41,2.0,9.0,5.62,5.0,4.69041575982343,0.1111111110493827,0
2025-07-06,Muffins,8.0,Regular Day,23.2,0.0,14.833333333333334,-1.7333333333333307,11.0,24.3,15.4,0.0,3.1000000000000014,14.0,52.0,6.300000000000001,0.0,0.0,344.1333333333333,1,6,187,0,0,27,7,2025,1,1,0.7818314824680298,0.6234898018587336,0.9510565162951535,0.30901699437494745,5.0,0.0,3.0,5.0,4.0,,4.43,4.36,4.62,3.15,2.0,11.0,4.01,3.25,2.362907813126304,0.6249999992187499,0
2025-07-07,Muffins,4.0,Regular Day,24.3,0.0,14.833333333333334,-0.9333333333333371,7.0,25.7,18.3,0.0,5.100000000000001,9.140277777777778,47.0,7.699999999999999,0.0,1.6,360.45000000000005,2,7,188,0,0,28,7,2025,0,1,0.9749279121818236,-0.22252093395631434,0.9510565162951535,0.30901699437494745,2.0,3.0,5.0,7.0,0.0,,4.43,4.0,4.43,3.15,2.0,11.0,3.5,4.25,2.217355782608345,0.41666666631944443,0
2025-07-07,Fancies,10.0,Regular Day,24.3,0.0,14.833333333333334,-0.9333333333333371,7.0,25.7,18.3,0.0,5.100000000000001,9.140277777777778,47.0,7.699999999999999,0.0,1.6,360.45000000000005,2,7,188,0,0,28,7,2025,0,1,0.9749279121818236,-0.22252093395631434,0.9510565162951535,0.30901699437494745,7.0,5.0,5.0,7.0,9.0,5.0,6.29,5.86,7.05,3.04,2.0,11.0,6.96,6.0,1.1547005383792515,0.9999999991666666,0
2025-07-08,Fancies,8.0,Regular Day,25.7,0.0,14.816666666666666,-0.10000000000000142,9.299999999999997,26.9,15.2,0.0,5.700000000000003,12.47888888888889,47.0,8.899999999999999,0.0,7.4,380.7883333333333,3,8,189,0,0,28,7,2025,0,2,0.43388373911755823,-0.900968867902419,0.5877852522924732,-0.8090169943749473,5.0,8.0,21.0,8.0,5.0,1.0,6.71,6.21,6.95,2.87,2.0,11.0,6.97,10.5,7.14142842854285,0.4482758619143876,0
2025-07-08,Muffins,3.0,Regular Day,25.7,0.0,14.816666666666666,-0.10000000000000142,9.299999999999997,26.9,15.2,0.0,5.700000000000003,12.47888888888889,47.0,8.899999999999999,0.0,7.4,380.7883333333333,3,8,189,0,0,28,7,2025,0,2,0.43388373911755823,-0.900968867902419,0.5877852522924732,-0.8090169943749473,3.0,5.0,4.0,6.0,9.0,,4.86,3.86,4.19,3.13,2.0,11.0,4.13,4.5,1.2909944487358056,0.7999999992,0
2025-07-09,Muffins,8.0,Regular Day,26.9,0.0,14.8,0.1999999999999993,8.8,26.1,13.8,0.0,5.299999999999997,13.0,59.0,8.100000000000001,0.0,3.6,398.12,4,9,190,0,0,28,7,2025,0,2,-0.433883739117558,-0.9009688679024191,0.5877852522924732,-0.8090169943749473,2.0,2.0,7.0,6.0,7.0,,3.71,3.79,4.19,1.6,2.0,6.0,3.85,4.25,2.6299556396765835,0.30769230745562126,0
2025-07-09,Fancies,4.0,Regular Day,26.9,0.0,14.8,0.1999999999999993,8.8,26.1,13.8,0.0,5.299999999999997,13.0,59.0,8.100000000000001,0.0,3.6,398.12,4,9,190,0,0,28,7,2025,0,2,-0.433883739117558,-0.9009688679024191,0.5877852522924732,-0.8090169943749473,11.0,8.0,8.0,7.0,9.0,3.0,6.29,6.29,6.9,2.69,2.0,11.0,6.73,8.5,1.7320508075688772,1.266666665822222,0
2025-07-10,Fancies,5.0,Regular Day,26.1,0.0,14.783333333333333,-1.8666666666666671,3.5,23.1,13.2,0.0,5.099999999999998,2.4816666666666665,98.0,5.100000000000001,0.0,29.9,385.845,5,10,191,0,0,28,7,2025,0,2,-0.9749279121818236,-0.2225209339563146,0.5877852522924732,-0.8090169943749473,7.0,4.0,2.0,9.0,11.0,10.0,6.29,6.0,6.86,2.69,2.0,11.0,6.55,5.5,3.1091263510296048,0.999999999090909,0
2025-07-10,Muffins,6.0,Regular Day,26.1,0.0,14.783333333333333,-1.8666666666666671,3.5,23.1,13.2,0.0,5.099999999999998,2.4816666666666665,98.0,5.100000000000001,0.0,29.9,385.845,5,10,191,0,0,28,7,2025,0,2,-0.9749279121818236,-0.2225209339563146,0.5877852522924732,-0.8090169943749473,6.0,3.0,8.0,11.0,7.0,,3.43,3.79,4.14,1.51,2.0,6.0,3.63,7.0,3.366501646120693,0.4736842102770083,0
2025-07-11,Fancies,6.0,Regular Day,23.1,0.0,14.766666666666667,-1.7333333333333307,7.5,24.1,9.7,0.0,4.899999999999999,9.564722222222223,84.0,6.100000000000001,0.0,3.2,341.11,6,11,192,0,0,28,7,2025,0,2,-0.7818314824680299,0.6234898018587334,0.5877852522924732,-0.8090169943749473,6.0,9.0,5.0,7.0,7.0,9.0,6.57,6.29,6.62,2.23,4.0,11.0,5.91,6.75,1.707825127659933,1.2499999989583332,0
2025-07-11,Muffins,5.0,Regular Day,23.1,0.0,14.766666666666667,-1.7333333333333307,7.5,24.1,9.7,0.0,4.899999999999999,9.564722222222223,84.0,6.100000000000001,0.0,3.2,341.11,6,11,192,0,0,28,7,2025,0,2,-0.7818314824680299,0.6234898018587334,0.5877852522924732,-0.8090169943749473,3.0,11.0,4.0,3.0,5.0,,3.86,4.36,4.38,2.27,2.0,8.0,4.73,5.25,3.8622100754188224,1.9999999971428573,0
2025-07-12,Fancies,5.0,Regular Day,24.1,0.0,14.733333333333333,-1.8999999999999986,6.399999999999999,24.6,13.4,0.0,4.200000000000003,10.889166666666666,68.0,6.600000000000001,0.0,1.2,355.0733333333333,7,12,193,0,0,28,7,2025,1,2,-2.4492935982947064e-16,1.0,0.5877852522924732,-0.8090169943749473,6.0,6.0,10.0,7.0,4.0,11.0,7.0,6.64,6.86,2.58,4.0,11.0,6.93,7.25,1.8929694486000912,0.7058823525259516,0
2025-07-12,Muffins,8.0,Regular Day,24.1,0.0,14.733333333333333,-1.8999999999999986,6.399999999999999,24.6,13.4,0.0,4.200000000000003,10.889166666666666,68.0,6.600000000000001,0.0,1.2,355.0733333333333,7,12,193,0,0,28,7,2025,1,2,-2.4492935982947064e-16,1.0,0.5877852522924732,-0.8090169943749473,3.0,5.0,3.0,4.0,7.0,,4.14,4.43,4.33,2.12,2.0,8.0,4.54,3.75,0.9574271077563381,1.14285714122449,0
2025-07-13,Fancies,8.0,Regular Day,24.6,0.0,14.733333333333333,-1.3000000000000007,6.899999999999999,24.7,13.1,0.0,4.700000000000003,13.4025,49.0,6.699999999999999,0.0,1.5,362.44,1,13,194,0,0,28,7,2025,1,2,0.7818314824680298,0.6234898018587336,0.5877852522924732,-0.8090169943749473,4.0,2.0,0.0,9.0,8.0,9.0,7.43,6.64,6.24,2.44,4.0,11.0,7.2,3.75,3.8622100754188224,0.6666666659259258,0
2025-07-13,Muffins,6.0,Regular Day,24.6,0.0,14.733333333333333,-1.3000000000000007,6.899999999999999,24.7,13.1,0.0,4.700000000000003,13.4025,49.0,6.699999999999999,0.0,1.5,362.44,1,13,194,0,0,28,7,2025,1,2,0.7818314824680298,0.6234898018587336,0.5877852522924732,-0.8090169943749473,8.0,5.0,0.0,3.0,4.0,,4.14,4.29,4.29,2.12,2.0,8.0,4.16,4.0,3.366501646120693,4.333333318888889,0
2025-07-14,Muffins,7.0,Regular Day,24.7,0.0,14.7,-0.6333333333333329,8.2,25.3,10.3,0.0,4.599999999999998,10.060277777777777,74.0,7.300000000000001,0.0,1.8,363.09,2,14,195,0,0,29,7,2025,0,2,0.9749279121818236,-0.22252093395631434,0.5877852522924732,-0.8090169943749473,4.0,2.0,3.0,5.0,5.0,,5.0,4.71,4.33,2.31,3.0,8.0,5.12,3.5,1.2909944487358056,0.7499999990624999,0
2025-07-14,Fancies,4.0,Regular Day,24.7,0.0,14.7,-0.6333333333333329,8.2,25.3,10.3,0.0,4.599999999999998,10.060277777777777,74.0,7.300000000000001,0.0,1.8,363.09,2,14,195,0,0,29,7,2025,0,2,0.9749279121818236,-0.22252093395631434,0.5877852522924732,-0.8090169943749473,10.0,7.0,5.0,5.0,9.0,3.0,6.43,6.36,6.05,2.15,4.0,10.0,6.4,6.75,2.362907813126304,1.6999999982999998,0
2025-07-15,Muffins,9.0,Regular Day,25.3,0.0,14.683333333333334,-0.7333333333333307,6.899999999999999,25.1,8.0,0.0,6.0000000000000036,8.160277777777777,87.0,7.100000000000001,0.0,22.5,371.48833333333334,3,15,196,0,0,29,7,2025,0,3,0.43388373911755823,-0.900968867902419,-0.587785252292473,-0.8090169943749476,3.0,3.0,5.0,4.0,6.0,,5.0,4.93,4.24,2.31,3.0,8.0,5.34,3.75,0.9574271077563381,0.6666666659259258,0
2025-07-15,Fancies,7.0,Regular Day,25.3,0.0,14.683333333333334,-0.7333333333333307,6.899999999999999,25.1,8.0,0.0,6.0000000000000036,8.160277777777777,87.0,7.100000000000001,0.0,22.5,371.48833333333334,3,15,196,0,0,29,7,2025,0,3,0.43388373911755823,-0.900968867902419,-0.587785252292473,-0.8090169943749476,8.0,5.0,8.0,21.0,4.0,6.0,6.14,6.43,6.19,2.19,4.0,10.0,6.05,10.5,7.14142842854285,0.4482758619143876,0
2025-07-16,Fancies,5.0,Regular Day,25.1,0.0,14.65,-0.49999999999999645,7.5,25.8,13.3,0.0,6.099999999999998,11.752777777777778,68.0,7.800000000000001,0.0,1.3,367.71500000000003,4,16,197,0,0,29,7,2025,0,3,-0.433883739117558,-0.9009688679024191,-0.587785252292473,-0.8090169943749476,4.0,11.0,8.0,8.0,16.0,2.0,6.14,6.21,6.24,2.19,4.0,10.0,6.04,7.75,2.8722813232690143,0.9374999994140625,0
2025-07-16,Muffins,4.0,Regular Day,25.1,0.0,14.65,-0.49999999999999645,7.5,25.8,13.3,0.0,6.099999999999998,11.752777777777778,68.0,7.800000000000001,0.0,1.3,367.71500000000003,4,16,197,0,0,29,7,2025,0,3,-0.433883739117558,-0.9009688679024191,-0.587785252292473,-0.8090169943749476,8.0,2.0,2.0,7.0,10.0,,5.29,4.5,4.29,2.14,3.0,8.0,5.25,4.75,3.2015621187164243,1.1111111098765432,0
2025-07-17,Muffins,5.0,Regular Day,25.8,0.0,14.633333333333333,-0.33333333333333215,7.800000000000001,27.2,21.7,0.0,5.0,12.266111111111112,72.0,9.2,0.0,2.3,377.54,5,17,198,0,0,29,7,2025,0,3,-0.9749279121818236,-0.2225209339563146,-0.587785252292473,-0.8090169943749476,6.0,6.0,3.0,8.0,9.0,,6.0,4.71,4.52,2.08,3.0,8.0,5.94,5.75,2.0615528128088303,1.0909090899173552,0
2025-07-17,Fancies,6.0,Regular Day,25.8,0.0,14.633333333333333,-0.33333333333333215,7.800000000000001,27.2,21.7,0.0,5.0,12.266111111111112,72.0,9.2,0.0,2.3,377.54,5,17,198,0,0,29,7,2025,0,3,-0.9749279121818236,-0.2225209339563146,-0.587785252292473,-0.8090169943749476,5.0,7.0,4.0,2.0,5.0,5.0,6.0,6.14,6.0,2.24,4.0,10.0,5.78,4.5,2.0816659994661326,1.9999999966666666,0
2025-07-18,Fancies,4.0,Regular Day,27.2,0.0,14.616666666666667,-0.5,8.0,27.0,19.8,0.0,2.8000000000000043,12.306944444444444,86.0,9.0,0.0,0.0,397.5733333333333,6,18,199,0,0,29,7,2025,0,3,-0.7818314824680299,0.6234898018587334,-0.587785252292473,-0.8090169943749476,6.0,6.0,9.0,5.0,8.0,8.0,6.57,6.57,6.38,2.15,4.0,10.0,6.33,6.5,1.7320508075688772,0.8571428565306122,0
2025-07-18,Muffins,5.0,Regular Day,27.2,0.0,14.616666666666667,-0.5,8.0,27.0,19.8,0.0,2.8000000000000043,12.306944444444444,86.0,9.0,0.0,0.0,397.5733333333333,6,18,199,0,0,29,7,2025,0,3,-0.7818314824680299,0.6234898018587334,-0.587785252292473,-0.8090169943749476,5.0,3.0,11.0,4.0,2.0,,5.71,4.79,4.81,1.89,3.0,8.0,5.96,5.75,3.593976442141304,0.5333333329777777,0
2025-07-19,Muffins,3.0,Regular Day,27.0,0.0,14.583333333333334,-0.9999999999999964,3.1999999999999993,23.9,14.3,0.0,4.0,3.6102777777777777,86.0,5.899999999999999,0.0,12.1,393.75,7,19,200,0,0,29,7,2025,1,3,-2.4492935982947064e-16,1.0,-0.587785252292473,-0.8090169943749476,8.0,3.0,5.0,3.0,3.0,,6.14,5.14,5.0,1.77,3.0,8.0,6.22,4.75,2.362907813126304,1.37499999828125,0
2025-07-19,Fancies,9.0,Regular Day,27.0,0.0,14.583333333333334,-0.9999999999999964,3.1999999999999993,23.9,14.3,0.0,4.0,3.6102777777777777,86.0,5.899999999999999,0.0,12.1,393.75,7,19,200,0,0,29,7,2025,1,3,-2.4492935982947064e-16,1.0,-0.587785252292473,-0.8090169943749476,5.0,6.0,6.0,10.0,16.0,10.0,5.71,6.36,6.33,1.7,4.0,8.0,5.75,6.75,2.217355782608345,0.6874999995703125,0
2025-07-20,Fancies,12.0,Regular Day,23.9,0.0,14.55,0.7666666666666657,8.7,25.5,13.7,0.0,5.199999999999999,10.04111111111111,85.0,7.5,1.0,11.3,347.745,1,20,201,0,0,29,7,2025,1,3,0.7818314824680298,0.6234898018587336,-0.587785252292473,-0.8090169943749476,8.0,4.0,2.0,0.0,8.0,12.0,5.57,6.5,6.29,1.51,4.0,8.0,6.06,3.5,3.415650255319866,5.99999997,0
2025-07-20,Muffins,3.0,Regular Day,23.9,0.0,14.55,0.7666666666666657,8.7,25.5,13.7,0.0,5.199999999999999,10.04111111111111,85.0,7.5,1.0,11.3,347.745,1,20,201,0,0,29,7,2025,1,3,0.7818314824680298,0.6234898018587336,-0.587785252292473,-0.8090169943749476,6.0,8.0,5.0,0.0,6.0,,7.0,5.57,5.19,1.41,5.0,9.0,6.91,4.75,3.4034296427770228,2.7999999944000002,0
2025-07-21,Muffins,6.0,Regular Day,25.5,0.0,14.533333333333333,1.3000000000000007,8.899999999999999,26.0,12.1,0.0,1.6000000000000014,14.0,34.0,8.0,0.0,0.0,370.6,2,21,202,0,0,30,7,2025,0,3,0.9749279121818236,-0.22252093395631434,-0.587785252292473,-0.8090169943749476,7.0,4.0,2.0,3.0,5.0,,6.43,5.71,5.29,1.72,4.0,9.0,6.18,4.0,2.160246899469287,2.1999999956,0
2025-07-21,Fancies,5.0,Regular Day,25.5,0.0,14.533333333333333,1.3000000000000007,8.899999999999999,26.0,12.1,0.0,1.6000000000000014,14.0,34.0,8.0,0.0,0.0,370.6,2,21,202,0,0,30,7,2025,0,3,0.9749279121818236,-0.22252093395631434,-0.587785252292473,-0.8090169943749476,4.0,10.0,7.0,5.0,4.0,4.0,5.71,6.07,6.14,1.38,4.0,8.0,5.8,6.5,2.6457513110645907,1.1666666656944444,0
2025-07-22,Muffins,7.0,Regular Day,26.0,0.0,14.516666666666667,-0.7000000000000028,7.800000000000001,23.2,13.5,0.0,2.3999999999999986,14.0,17.0,5.199999999999999,0.0,0.8,377.43333333333334,3,22,203,0,0,30,7,2025,0,4,0.43388373911755823,-0.900968867902419,-0.9510565162951536,0.30901699437494723,9.0,3.0,3.0,5.0,7.0,,6.29,5.64,5.38,1.8,4.0,9.0,5.89,5.0,2.8284271247461903,1.4999999981249998,0
2025-07-22,Fancies,7.0,Regular Day,26.0,0.0,14.516666666666667,-0.7000000000000028,7.800000000000001,23.2,13.5,0.0,2.3999999999999986,14.0,17.0,5.199999999999999,0.0,0.8,377.43333333333334,3,22,203,0,0,30,7,2025,0,4,0.43388373911755823,-0.900968867902419,-0.9510565162951536,0.30901699437494723,7.0,8.0,5.0,8.0,5.0,6.0,5.86,6.0,6.24,1.35,4.0,8.0,5.85,7.0,1.4142135623730951,1.1538461529585797,0
2025-07-23,Fancies,5.0,Regular Day,23.2,0.0,14.483333333333333,-0.9000000000000021,8.0,23.0,12.0,0.0,1.6000000000000014,14.0,26.0,5.0,0.0,0.0,336.0133333333333,4,23,204,0,0,30,7,2025,0,4,-0.433883739117558,-0.9009688679024191,-0.9510565162951536,0.30901699437494723,5.0,4.0,11.0,8.0,7.0,4.0,5.57,5.86,6.0,1.51,4.0,8.0,5.39,7.0,3.1622776601683795,0.4736842102770083,0
2025-07-23,Muffins,8.0,Regular Day,23.2,0.0,14.483333333333333,-0.9000000000000021,8.0,23.0,12.0,0.0,1.6000000000000014,14.0,26.0,5.0,0.0,0.0,336.0133333333333,4,23,204,0,0,30,7,2025,0,4,-0.433883739117558,-0.9009688679024191,-0.9510565162951536,0.30901699437494723,4.0,8.0,2.0,2.0,2.0,,6.29,5.79,5.1,1.8,4.0,9.0,5.67,4.0,2.8284271247461903,2.9999999925000003,0
2025-07-24,Fancies,1.0,Regular Day,23.0,0.0,14.45,-1.0000000000000036,11.5,23.6,12.2,0.0,3.1000000000000014,12.922222222222222,66.0,5.600000000000001,0.0,0.0,332.34999999999997,5,24,205,0,0,30,7,2025,0,4,-0.9749279121818236,-0.2225209339563146,-0.9510565162951536,0.30901699437494723,6.0,5.0,7.0,4.0,1.0,8.0,6.14,6.07,6.14,1.95,4.0,9.0,6.29,5.5,1.2909944487358056,0.999999999090909,0
2025-07-24,Muffins,21.0,Regular Day,23.0,0.0,14.45,-1.0000000000000036,11.5,23.6,12.2,0.0,3.1000000000000014,12.922222222222222,66.0,5.600000000000001,0.0,0.0,332.34999999999997,5,24,205,0,0,30,7,2025,0,4,-0.9749279121818236,-0.2225209339563146,-0.9510565162951536,0.30901699437494723,5.0,6.0,6.0,3.0,7.0,,5.57,5.79,5.0,1.99,3.0,9.0,5.0,5.0,1.4142135623730951,1.2222222208641975,0
2025-07-25,Muffins,9.0,Regular Day,23.6,0.0,14.416666666666666,0.7999999999999972,11.000000000000004,26.2,16.8,0.0,5.799999999999997,13.0,28.0,8.2,0.0,6.0,340.23333333333335,6,25,206,0,0,30,7,2025,0,4,-0.7818314824680299,0.6234898018587334,-0.9510565162951536,0.30901699437494723,5.0,5.0,3.0,11.0,2.0,,5.14,5.43,4.9,2.19,3.0,9.0,4.5,6.0,3.4641016151377544,0.7142857137755102,0
2025-07-25,Fancies,7.0,Regular Day,23.6,0.0,14.416666666666666,0.7999999999999972,11.000000000000004,26.2,16.8,0.0,5.799999999999997,13.0,28.0,8.2,0.0,6.0,340.23333333333335,6,25,206,0,0,30,7,2025,0,4,-0.7818314824680299,0.6234898018587334,-0.9510565162951536,0.30901699437494723,4.0,6.0,6.0,9.0,6.0,3.0,6.71,6.64,6.62,2.93,4.0,12.0,7.72,6.25,2.0615528128088303,0.6666666662222221,0
2025-07-26,Muffins,12.0,Regular Day,26.2,0.0,14.4,0.7333333333333343,5.5,25.8,15.7,0.0,3.1999999999999993,13.19361111111111,85.0,7.800000000000001,0.0,0.0,377.28,7,26,207,0,0,30,7,2025,1,4,-2.4492935982947064e-16,1.0,-0.9510565162951536,0.30901699437494723,3.0,8.0,3.0,5.0,3.0,,5.0,5.57,5.1,2.08,3.0,9.0,4.87,4.75,2.362907813126304,1.37499999828125,0
2025-07-26,Fancies,10.0,Regular Day,26.2,0.0,14.4,0.7333333333333343,5.5,25.8,15.7,0.0,3.1999999999999993,13.19361111111111,85.0,7.800000000000001,0.0,0.0,377.28,7,26,207,0,0,30,7,2025,1,4,-2.4492935982947064e-16,1.0,-0.9510565162951536,0.30901699437494723,9.0,5.0,6.0,6.0,8.0,2.0,6.86,6.29,6.52,2.79,4.0,12.0,7.04,6.5,1.7320508075688772,1.1666666656944444,0
2025-07-27,Muffins,4.0,Regular Day,25.8,0.0,14.366666666666667,-0.8333333333333321,7.600000000000001,24.5,15.3,0.0,5.0,9.277777777777779,78.0,6.5,0.0,10.3,370.66,1,27,208,0,0,30,7,2025,1,4,0.7818314824680298,0.6234898018587336,-0.9510565162951536,0.30901699437494723,3.0,6.0,8.0,5.0,7.0,,4.71,5.86,5.29,1.5,3.0,7.0,5.41,5.5,2.0816659994661326,0.6923076917751478,0
2025-07-27,Fancies,7.0,Regular Day,25.8,0.0,14.366666666666667,-0.8333333333333321,7.600000000000001,24.5,15.3,0.0,5.0,9.277777777777779,78.0,6.5,0.0,10.3,370.66,1,27,208,0,0,30,7,2025,1,4,0.7818314824680298,0.6234898018587336,-0.9510565162951536,0.30901699437494723,12.0,8.0,4.0,2.0,6.0,3.0,6.86,6.21,6.62,2.79,4.0,12.0,7.03,6.5,4.43471156521669,3.333333327777778,0
2025-07-28,Muffins,2.0,Regular Day,24.5,0.0,14.333333333333334,0.6333333333333293,9.600000000000001,27.4,12.8,0.0,4.099999999999994,13.0,16.0,9.399999999999999,0.0,2.0,351.1666666666667,2,28,209,0,0,31,7,2025,0,4,0.9749279121818236,-0.22252093395631434,-0.9510565162951536,0.30901699437494723,6.0,7.0,4.0,2.0,6.0,,5.29,5.86,5.57,1.89,3.0,8.0,6.05,4.75,2.217355782608345,2.1666666630555556,0
2025-07-28,Fancies,8.0,Regular Day,24.5,0.0,14.333333333333334,0.6333333333333293,9.600000000000001,27.4,12.8,0.0,4.099999999999994,13.0,16.0,9.399999999999999,0.0,2.0,351.1666666666667,2,28,209,0,0,31,7,2025,0,4,0.9749279121818236,-0.22252093395631434,-0.9510565162951536,0.30901699437494723,5.0,4.0,10.0,7.0,9.0,6.0,6.86,6.29,6.33,2.79,4.0,12.0,6.52,6.5,2.6457513110645907,0.5294117643944637,0
2025-07-29,Muffins,8.0,Regular Day,27.4,0.0,14.316666666666666,1.6333333333333293,11.700000000000003,28.4,9.2,0.0,5.199999999999996,13.991666666666667,28.0,10.399999999999999,0.0,0.0,392.27666666666664,3,29,210,0,0,31,7,2025,0,5,0.43388373911755823,-0.900968867902419,-2.4492935982947064e-16,1.0,7.0,9.0,3.0,3.0,6.0,,7.57,6.93,6.29,6.21,3.0,21.0,9.79,5.5,3.0,2.666666662222222,0
2025-07-29,Fancies,7.0,Regular Day,27.4,0.0,14.316666666666666,1.6333333333333293,11.700000000000003,28.4,9.2,0.0,5.199999999999996,13.991666666666667,28.0,10.399999999999999,0.0,0.0,392.27666666666664,3,29,210,0,0,31,7,2025,0,5,0.43388373911755823,-0.900968867902419,-2.4492935982947064e-16,1.0,7.0,7.0,8.0,5.0,6.0,1.0,6.14,6.0,6.05,3.58,1.0,12.0,5.14,6.75,1.2583057392117916,1.0769230760946744,0
2025-07-30,Muffins,7.0,Regular Day,28.4,0.0,14.283333333333333,2.8333333333333357,9.100000000000001,28.8,11.5,0.0,5.200000000000003,13.977222222222222,34.0,10.8,0.0,0.0,405.64666666666665,4,30,211,0,0,31,7,2025,0,5,-0.433883739117558,-0.9009688679024191,-2.4492935982947064e-16,1.0,8.0,4.0,8.0,2.0,2.0,,8.14,7.21,6.57,6.12,3.0,21.0,9.59,5.5,3.0,1.1999999987999999,0
2025-07-30,Fancies,7.0,Regular Day,28.4,0.0,14.283333333333333,2.8333333333333357,9.100000000000001,28.8,11.5,0.0,5.200000000000003,13.977222222222222,34.0,10.8,0.0,0.0,405.64666666666665,4,30,211,0,0,31,7,2025,0,5,-0.433883739117558,-0.9009688679024191,-2.4492935982947064e-16,1.0,5.0,5.0,4.0,11.0,9.0,4.0,6.57,6.07,6.1,3.46,1.0,12.0,5.61,6.25,3.2015621187164243,0.6666666662222221,0
2025-07-31,Fancies,7.0,Regular Day,28.8,0.0,14.25,1.6333333333333329,8.2,26.8,12.9,0.0,4.300000000000001,9.886111111111111,52.0,8.8,0.0,3.7,410.40000000000003,5,31,212,0,1,31,7,2025,0,5,-0.9749279121818236,-0.2225209339563146,-2.4492935982947064e-16,1.0,1.0,6.0,5.0,7.0,5.0,6.0,6.71,6.43,6.29,3.59,1.0,12.0,6.7,4.75,2.6299556396765835,0.5833333328472222,0
2025-07-31,Muffins,9.0,Regular Day,28.8,0.0,14.25,1.6333333333333329,8.2,26.8,12.9,0.0,4.300000000000001,9.886111111111111,52.0,8.8,0.0,3.7,410.40000000000003,5,31,212,0,1,31,7,2025,0,5,-0.9749279121818236,-0.2225209339563146,-2.4492935982947064e-16,1.0,21.0,5.0,6.0,6.0,4.0,,9.43,7.5,7.0,5.8,3.0,21.0,10.19,9.5,7.681145747868608,2.166666664861111,0
2025-08-01,Muffins,6.0,Regular Day,26.8,0.0,14.216666666666667,-1.7666666666666693,5.5,21.9,22.3,0.0,5.800000000000001,0.5530555555555555,98.0,3.8999999999999986,0.0,3.6,381.00666666666666,6,1,213,1,0,31,8,2025,0,1,-0.7818314824680299,0.6234898018587334,0.9510565162951535,0.30901699437494745,9.0,5.0,5.0,3.0,4.0,,9.57,7.36,6.81,5.62,4.0,21.0,8.65,5.5,2.516611478423583,1.7499999978124998,0
2025-08-01,Fancies,9.0,Regular Day,26.8,0.0,14.216666666666667,-1.7666666666666693,5.5,21.9,22.3,0.0,5.800000000000001,0.5530555555555555,98.0,3.8999999999999986,0.0,3.6,381.00666666666666,6,1,213,1,0,31,8,2025,0,1,-0.7818314824680299,0.6234898018587334,0.9510565162951535,0.30901699437494745,7.0,4.0,6.0,6.0,8.0,3.0,6.0,6.36,6.43,2.77,1.0,10.0,6.78,5.75,1.2583057392117916,0.9166666659027777,0
2025-08-02,Muffins,4.0,Regular Day,21.9,0.0,14.183333333333334,-2.6666666666666643,8.5,20.9,10.4,0.0,0.5,9.770277777777778,49.0,2.8999999999999986,0.0,0.0,310.615,7,2,214,0,0,31,8,2025,1,1,-2.4492935982947064e-16,1.0,0.9510565162951535,0.30901699437494745,12.0,3.0,8.0,3.0,2.0,,9.0,7.0,6.71,6.22,2.0,21.0,6.98,6.5,4.358898943540674,1.363636362396694,0
2025-08-02,Fancies,10.0,Regular Day,21.9,0.0,14.183333333333334,-2.6666666666666643,8.5,20.9,10.4,0.0,0.5,9.770277777777778,49.0,2.8999999999999986,0.0,0.0,310.615,7,2,214,0,0,31,8,2025,1,1,-2.4492935982947064e-16,1.0,0.9510565162951535,0.30901699437494745,10.0,9.0,5.0,6.0,3.0,8.0,6.43,6.64,6.33,2.82,1.0,10.0,7.08,7.5,2.3804761428476167,1.7272727257024791,0
2025-08-03,Muffins,2.0,Regular Day,20.9,0.0,14.15,-2.8999999999999986,11.600000000000001,20.8,11.5,0.0,1.1999999999999993,13.917222222222222,26.0,2.8000000000000007,0.0,0.0,295.735,1,3,215,0,0,31,8,2025,1,1,0.7818314824680298,0.6234898018587336,0.9510565162951535,0.30901699437494745,4.0,3.0,6.0,8.0,9.0,,9.14,6.93,6.95,6.18,2.0,21.0,7.24,5.25,2.217355782608345,0.49999999964285713,0
2025-08-03,Fancies,9.0,Regular Day,20.9,0.0,14.15,-2.8999999999999986,11.600000000000001,20.8,11.5,0.0,1.1999999999999993,13.917222222222222,26.0,2.8000000000000007,0.0,0.0,295.735,1,3,215,0,0,31,8,2025,1,1,0.7818314824680298,0.6234898018587336,0.9510565162951535,0.30901699437494745,7.0,12.0,8.0,4.0,8.0,8.0,6.43,6.64,6.29,2.82,1.0,10.0,7.06,7.75,3.304037933599835,1.5833333320138887,0
2025-08-04,Fancies,9.0,Regular Day,20.8,0.0,14.1,-2.2666666666666657,15.200000000000001,21.3,13.5,0.0,3.6999999999999957,13.251944444444444,36.0,3.3000000000000007,0.0,0.0,293.28000000000003,2,4,216,0,0,32,8,2025,0,1,0.9749279121818236,-0.22252093395631434,0.9510565162951535,0.30901699437494745,8.0,5.0,4.0,10.0,12.0,6.0,6.71,6.79,6.43,2.75,1.0,10.0,7.05,6.75,2.753785273643051,0.9285714279081632,0
2025-08-04,Muffins,3.0,Regular Day,20.8,0.0,14.1,-2.2666666666666657,15.200000000000001,21.3,13.5,0.0,3.6999999999999957,13.251944444444444,36.0,3.3000000000000007,0.0,0.0,293.28000000000003,2,4,216,0,0,32,8,2025,0,1,0.9749279121818236,-0.22252093395631434,0.9510565162951535,0.30901699437494745,2.0,6.0,7.0,4.0,6.0,,9.0,7.14,6.9,6.22,2.0,21.0,7.18,4.75,2.217355782608345,0.7272727266115702,0
2025-08-05,Muffins,2.0,Regular Day,21.3,0.0,14.066666666666666,-1.3999999999999986,8.8,22.2,9.3,0.0,1.3999999999999986,8.400833333333333,89.0,4.199999999999999,0.0,0.0,299.62,3,5,217,0,0,32,8,2025,0,1,0.43388373911755823,-0.900968867902419,0.9510565162951535,0.30901699437494745,8.0,7.0,9.0,3.0,5.0,,7.29,7.43,7.05,3.35,2.0,12.0,7.63,6.75,2.6299556396765835,1.2499999989583332,0
2025-08-05,Fancies,5.0,Regular Day,21.3,0.0,14.066666666666666,-1.3999999999999986,8.8,22.2,9.3,0.0,1.3999999999999986,8.400833333333333,89.0,4.199999999999999,0.0,0.0,299.62,3,5,217,0,0,32,8,2025,0,1,0.43388373911755823,-0.900968867902419,0.9510565162951535,0.30901699437494745,7.0,7.0,7.0,8.0,6.0,7.0,7.57,6.86,6.52,1.13,7.0,10.0,7.04,7.25,0.5,0.9333333327111111,0
2025-08-06,Muffins,8.0,Regular Day,22.2,0.0,14.033333333333333,-1.6999999999999993,6.399999999999999,22.6,15.0,0.0,2.0,5.407777777777778,99.0,4.600000000000001,0.0,1.1,311.53999999999996,4,6,218,0,0,32,8,2025,0,1,-0.433883739117558,-0.9009688679024191,0.9510565162951535,0.30901699437494745,7.0,8.0,4.0,8.0,9.0,,6.86,7.5,7.1,3.29,2.0,12.0,7.23,6.75,1.8929694486000912,1.2499999989583332,0
2025-08-06,Fancies,11.0,Regular Day,22.2,0.0,14.033333333333333,-1.6999999999999993,6.399999999999999,22.6,15.0,0.0,2.0,5.407777777777778,99.0,4.600000000000001,0.0,1.1,311.53999999999996,4,6,218,0,0,32,8,2025,0,1,-0.433883739117558,-0.9009688679024191,0.9510565162951535,0.30901699437494745,7.0,5.0,5.0,4.0,8.0,4.0,7.86,7.21,6.67,1.21,7.0,10.0,7.53,5.25,1.2583057392117916,1.3333333318518517,0
2025-08-07,Muffins,9.0,Regular Day,22.6,0.0,14.0,-2.9333333333333336,7.300000000000001,21.8,16.6,0.0,1.3000000000000007,12.856111111111112,33.0,3.8000000000000007,0.0,0.3,316.40000000000003,5,7,219,0,0,32,8,2025,0,1,-0.9749279121818236,-0.2225209339563146,0.9510565162951535,0.30901699437494745,9.0,21.0,5.0,6.0,9.0,,5.71,7.57,6.9,2.5,2.0,9.0,6.42,10.25,7.365459931328117,2.727272724793388,0
2025-08-07,Fancies,5.0,Regular Day,22.6,0.0,14.0,-2.9333333333333336,7.300000000000001,21.8,16.6,0.0,1.3000000000000007,12.856111111111112,33.0,3.8000000000000007,0.0,0.3,316.40000000000003,5,7,219,0,0,32,8,2025,0,1,-0.9749279121818236,-0.2225209339563146,0.9510565162951535,0.30901699437494745,7.0,1.0,6.0,5.0,5.0,7.0,7.86,7.29,6.9,1.21,7.0,10.0,8.14,4.75,2.6299556396765835,0.7272727266115702,0
2025-08-08,Muffins,5.0,Regular Day,21.8,0.0,13.966666666666667,-2.466666666666665,9.399999999999999,20.8,13.2,0.0,1.4000000000000021,13.792222222222222,21.0,2.8000000000000007,0.0,0.0,304.47333333333336,6,8,220,0,0,32,8,2025,0,2,-0.7818314824680299,0.6234898018587334,0.5877852522924732,-0.8090169943749473,6.0,9.0,5.0,5.0,5.0,,5.43,7.5,6.71,2.82,2.0,9.0,5.31,6.25,1.8929694486000912,1.4999999984999999,0
2025-08-08,Fancies,7.0,Regular Day,21.8,0.0,13.966666666666667,-2.466666666666665,9.399999999999999,20.8,13.2,0.0,1.4000000000000021,13.792222222222222,21.0,2.8000000000000007,0.0,0.0,304.47333333333336,6,8,220,0,0,32,8,2025,0,2,-0.7818314824680299,0.6234898018587334,0.5877852522924732,-0.8090169943749473,9.0,7.0,4.0,6.0,11.0,4.0,8.14,7.07,6.95,1.21,7.0,10.0,8.36,6.5,2.0816659994661326,1.5999999984,0
2025-08-09,Muffins,3.0,Regular Day,20.8,0.0,13.933333333333334,-2.633333333333333,12.099999999999998,20.4,9.8,0.0,1.2000000000000028,13.7975,24.0,2.3999999999999986,0.0,0.0,289.81333333333333,7,9,221,0,0,32,8,2025,1,2,-2.4492935982947064e-16,1.0,0.5877852522924732,-0.8090169943749473,4.0,12.0,3.0,8.0,5.0,,5.57,7.29,6.52,2.64,2.0,9.0,4.74,6.75,4.112987559751022,1.4545454532231403,0
2025-08-09,Fancies,9.0,Regular Day,20.8,0.0,13.933333333333334,-2.633333333333333,12.099999999999998,20.4,9.8,0.0,1.2000000000000028,13.7975,24.0,2.3999999999999986,0.0,0.0,289.81333333333333,7,9,221,0,0,32,8,2025,1,2,-2.4492935982947064e-16,1.0,0.5877852522924732,-0.8090169943749473,10.0,10.0,9.0,5.0,7.0,3.0,8.29,7.36,7.19,1.25,7.0,10.0,8.52,8.5,2.3804761428476167,1.4285714275510204,0
2025-08-10,Fancies,8.0,Regular Day,20.4,0.0,13.883333333333333,-3.0333333333333314,15.3,20.3,10.1,0.0,2.599999999999998,13.415277777777778,12.0,2.3000000000000007,0.0,0.0,283.21999999999997,1,10,222,0,0,32,8,2025,1,2,0.7818314824680298,0.6234898018587336,0.5877852522924732,-0.8090169943749473,9.0,7.0,12.0,8.0,8.0,3.0,8.0,7.21,7.1,1.73,5.0,10.0,7.64,9.0,2.160246899469287,0.7999999996,0
2025-08-10,Muffins,4.0,Regular Day,20.4,0.0,13.883333333333333,-3.0333333333333314,15.3,20.3,10.1,0.0,2.599999999999998,13.415277777777778,12.0,2.3000000000000007,0.0,0.0,283.21999999999997,1,10,222,0,0,32,8,2025,1,2,0.7818314824680298,0.6234898018587336,0.5877852522924732,-0.8090169943749473,2.0,4.0,3.0,6.0,5.0,,4.71,6.93,6.19,2.69,2.0,9.0,4.05,3.75,1.707825127659933,0.6666666659259258,0
2025-08-11,Muffins,1.0,Regular Day,20.3,0.0,13.866666666666667,-2.400000000000002,12.9,21.4,12.3,0.0,3.400000000000002,11.110555555555555,38.0,3.3999999999999986,0.0,0.0,281.49333333333334,2,11,223,0,0,33,8,2025,0,2,0.9749279121818236,-0.22252093395631434,0.5877852522924732,-0.8090169943749473,3.0,2.0,6.0,7.0,4.0,,4.86,6.93,6.38,2.85,2.0,9.0,5.04,4.5,2.3804761428476167,0.3846153843195266,0
2025-08-11,Fancies,3.0,Regular Day,20.3,0.0,13.866666666666667,-2.400000000000002,12.9,21.4,12.3,0.0,3.400000000000002,11.110555555555555,38.0,3.3999999999999986,0.0,0.0,281.49333333333334,2,11,223,0,0,33,8,2025,0,2,0.9749279121818236,-0.22252093395631434,0.5877852522924732,-0.8090169943749473,9.0,8.0,5.0,4.0,6.0,5.0,8.57,7.64,7.38,1.99,5.0,11.0,8.48,6.5,2.3804761428476167,1.8888888867901232,0
2025-08-12,Fancies,6.0,Regular Day,21.4,0.0,13.833333333333334,-0.6666666666666643,10.599999999999998,23.9,12.7,0.0,4.800000000000004,13.386111111111111,18.0,5.899999999999999,0.0,0.1,296.0333333333333,3,12,224,0,0,33,8,2025,0,2,0.43388373911755823,-0.900968867902419,0.5877852522924732,-0.8090169943749473,5.0,7.0,7.0,7.0,5.0,8.0,8.29,7.93,7.33,2.36,5.0,11.0,7.61,6.5,1.0,0.8571428565306122,0
2025-08-12,Muffins,5.0,Regular Day,21.4,0.0,13.833333333333334,-0.6666666666666643,10.599999999999998,23.9,12.7,0.0,4.800000000000004,13.386111111111111,18.0,5.899999999999999,0.0,0.1,296.0333333333333,3,12,224,0,0,33,8,2025,0,2,0.43388373911755823,-0.900968867902419,0.5877852522924732,-0.8090169943749473,2.0,8.0,7.0,9.0,7.0,,4.86,6.07,6.57,2.85,2.0,9.0,6.03,6.5,3.1091263510296048,0.624999999609375,0
2025-08-13,Muffins,3.0,Regular Day,23.9,0.0,13.8,0.10000000000000142,9.100000000000001,25.1,13.0,0.0,5.100000000000001,11.489444444444445,47.0,7.100000000000001,0.0,2.0,329.82,4,13,225,0,0,33,8,2025,0,2,-0.433883739117558,-0.9009688679024191,0.5877852522924732,-0.8090169943749473,8.0,7.0,8.0,4.0,1.0,,4.71,5.79,6.57,2.81,2.0,9.0,5.77,6.75,1.8929694486000912,1.2499999989583332,0
2025-08-13,Fancies,3.0,Regular Day,23.9,0.0,13.8,0.10000000000000142,9.100000000000001,25.1,13.0,0.0,5.100000000000001,11.489444444444445,47.0,7.100000000000001,0.0,2.0,329.82,4,13,225,0,0,33,8,2025,0,2,-0.433883739117558,-0.9009688679024191,0.5877852522924732,-0.8090169943749473,11.0,7.0,5.0,5.0,7.0,3.0,8.0,7.93,7.48,2.38,5.0,11.0,7.46,7.0,2.8284271247461903,1.7999999982,0
2025-08-14,Fancies,8.0,Regular Day,25.1,0.0,13.75,0.13333333333333286,6.5,24.2,11.6,0.0,5.299999999999997,6.751111111111111,96.0,6.199999999999999,0.0,15.7,345.125,5,14,226,0,0,33,8,2025,0,2,-0.9749279121818236,-0.2225209339563146,0.5877852522924732,-0.8090169943749473,5.0,7.0,1.0,6.0,5.0,1.0,7.86,7.86,7.48,2.27,5.0,11.0,7.84,4.75,2.6299556396765835,1.7142857118367347,0
2025-08-14,Muffins,6.0,Regular Day,25.1,0.0,13.75,0.13333333333333286,6.5,24.2,11.6,0.0,5.299999999999997,6.751111111111111,96.0,6.199999999999999,0.0,15.7,345.125,5,14,226,0,0,33,8,2025,0,2,-0.9749279121818236,-0.2225209339563146,0.5877852522924732,-0.8090169943749473,9.0,9.0,21.0,5.0,5.0,,4.57,5.14,6.57,2.88,2.0,9.0,5.08,11.0,6.928203230275509,0.6923076920414201,0
2025-08-15,Fancies,4.0,Regular Day,24.2,0.0,13.716666666666667,0.06666666666666288,7.100000000000001,25.2,12.4,0.0,4.099999999999998,12.929166666666667,28.0,7.199999999999999,0.0,3.4,331.9433333333333,6,15,227,0,0,33,8,2025,0,3,-0.7818314824680299,0.6234898018587334,-0.587785252292473,-0.8090169943749476,7.0,9.0,7.0,4.0,8.0,6.0,7.71,7.93,7.29,2.21,5.0,11.0,7.88,6.75,2.0615528128088303,1.4545454532231403,0
2025-08-15,Muffins,7.0,Regular Day,24.2,0.0,13.716666666666667,0.06666666666666288,7.100000000000001,25.2,12.4,0.0,4.099999999999998,12.929166666666667,28.0,7.199999999999999,0.0,3.4,331.9433333333333,6,15,227,0,0,33,8,2025,0,3,-0.7818314824680299,0.6234898018587334,-0.587785252292473,-0.8090169943749476,5.0,6.0,9.0,5.0,2.0,,4.86,5.14,6.62,2.67,2.0,9.0,4.81,6.25,1.8929694486000912,0.7857142851530612,0
2025-08-16,Fancies,5.0,Regular Day,25.2,0.0,13.683333333333334,0.26666666666666927,8.700000000000003,24.3,10.4,0.0,5.199999999999996,10.374444444444444,46.0,6.300000000000001,0.0,0.1,344.82,7,16,228,0,0,33,8,2025,1,3,-2.4492935982947064e-16,1.0,-0.587785252292473,-0.8090169943749476,9.0,10.0,10.0,9.0,6.0,3.0,6.86,7.57,7.19,2.73,3.0,11.0,6.66,9.5,0.5773502691896257,0.9999999994736841,0
2025-08-16,Muffins,3.0,Regular Day,25.2,0.0,13.683333333333334,0.26666666666666927,8.700000000000003,24.3,10.4,0.0,5.199999999999996,10.374444444444444,46.0,6.300000000000001,0.0,0.1,344.82,7,16,228,0,0,33,8,2025,1,3,-2.4492935982947064e-16,1.0,-0.587785252292473,-0.8090169943749476,3.0,4.0,12.0,3.0,3.0,,4.57,5.07,6.38,2.99,1.0,9.0,3.86,5.5,4.358898943540674,0.46666666635555554,0
2025-08-17,Muffins,3.0,Regular Day,24.3,0.0,13.633333333333333,0.5,9.8,25.0,12.1,0.0,4.599999999999998,12.960277777777778,42.0,7.0,0.0,0.3,331.29,1,17,229,0,0,33,8,2025,1,3,0.7818314824680298,0.6234898018587336,-0.587785252292473,-0.8090169943749476,4.0,2.0,4.0,3.0,8.0,,5.0,4.86,6.29,2.77,1.0,9.0,4.14,3.25,0.9574271077563381,0.8571428559183674,0
2025-08-17,Fancies,7.0,Regular Day,24.3,0.0,13.633333333333333,0.5,9.8,25.0,12.1,0.0,4.599999999999998,12.960277777777778,42.0,7.0,0.0,0.3,331.29,1,17,229,0,0,33,8,2025,1,3,0.7818314824680298,0.6234898018587336,-0.587785252292473,-0.8090169943749476,8.0,9.0,7.0,12.0,6.0,8.0,7.0,7.5,7.14,2.65,3.0,11.0,6.5,9.0,2.160246899469287,0.894736841634349,0
2025-08-18,Fancies,9.0,Regular Day,25.0,0.0,13.6,-1.6333333333333364,6.5,22.0,20.5,0.0,3.6999999999999993,0.8686111111111111,77.0,4.0,0.0,7.0,340.0,2,18,230,0,0,34,8,2025,0,3,0.9749279121818236,-0.22252093395631434,-0.587785252292473,-0.8090169943749476,3.0,9.0,8.0,5.0,4.0,6.0,5.86,7.21,7.05,2.34,3.0,9.0,5.62,6.25,2.753785273643051,0.9230769223668639,0
2025-08-18,Muffins,8.0,Regular Day,25.0,0.0,13.6,-1.6333333333333364,6.5,22.0,20.5,0.0,3.6999999999999993,0.8686111111111111,77.0,4.0,0.0,7.0,340.0,2,18,230,0,0,34,8,2025,0,3,0.9749279121818236,-0.22252093395631434,-0.587785252292473,-0.8090169943749476,1.0,3.0,2.0,6.0,6.0,,4.29,4.57,6.05,2.5,1.0,9.0,3.86,3.0,2.160246899469287,0.49999999937499995,0
2025-08-19,Fancies,10.0,Regular Day,22.0,0.0,13.566666666666666,-1.4666666666666686,2.900000000000002,20.5,14.9,0.0,-0.3000000000000007,0.0,98.0,2.5,0.0,0.1,298.46666666666664,3,19,231,0,0,34,8,2025,0,3,0.43388373911755823,-0.900968867902419,-0.587785252292473,-0.8090169943749476,6.0,5.0,7.0,7.0,8.0,7.0,6.29,7.29,7.38,2.43,3.0,9.0,6.22,6.25,0.9574271077563381,0.7857142851530612,0
2025-08-19,Muffins,5.0,Regular Day,22.0,0.0,13.566666666666666,-1.4666666666666686,2.900000000000002,20.5,14.9,0.0,-0.3000000000000007,0.0,98.0,2.5,0.0,0.1,298.46666666666664,3,19,231,0,0,34,8,2025,0,3,0.43388373911755823,-0.900968867902419,-0.587785252292473,-0.8090169943749476,5.0,2.0,8.0,7.0,6.0,,3.86,4.36,5.33,1.68,1.0,6.0,4.39,5.5,2.6457513110645907,0.46666666635555554,0
2025-08-20,Muffins,7.0,Regular Day,20.5,0.0,13.516666666666667,-0.8666666666666707,6.299999999999997,22.4,13.4,0.0,3.5,5.065555555555555,91.0,4.399999999999999,0.0,4.6,277.0916666666667,4,20,232,0,0,34,8,2025,0,3,-0.433883739117558,-0.9009688679024191,-0.587785252292473,-0.8090169943749476,3.0,8.0,7.0,8.0,5.0,,4.14,4.43,5.24,2.04,1.0,7.0,5.04,6.5,2.3804761428476167,0.7333333328444444,0
2025-08-20,Fancies,7.0,Regular Day,20.5,0.0,13.516666666666667,-0.8666666666666707,6.299999999999997,22.4,13.4,0.0,3.5,5.065555555555555,91.0,4.399999999999999,0.0,4.6,277.0916666666667,4,20,232,0,0,34,8,2025,0,3,-0.433883739117558,-0.9009688679024191,-0.587785252292473,-0.8090169943749476,3.0,11.0,7.0,5.0,9.0,7.0,5.86,6.93,7.24,2.54,3.0,9.0,5.66,6.5,3.415650255319866,1.1666666656944444,0
2025-08-21,Muffins,6.0,Regular Day,22.4,0.0,13.483333333333333,-1.8333333333333357,3.799999999999997,20.2,25.7,0.0,2.900000000000002,0.20666666666666667,97.0,2.1999999999999993,0.0,1.6,302.02666666666664,5,21,233,0,0,34,8,2025,0,3,-0.9749279121818236,-0.2225209339563146,-0.587785252292473,-0.8090169943749476,6.0,9.0,9.0,21.0,5.0,,4.14,4.36,4.81,2.04,1.0,7.0,4.53,11.25,6.652067347825035,0.4999999998333333,0
2025-08-21,Fancies,6.0,Regular Day,22.4,0.0,13.483333333333333,-1.8333333333333357,3.799999999999997,20.2,25.7,0.0,2.900000000000002,0.20666666666666667,97.0,2.1999999999999993,0.0,1.6,302.02666666666664,5,21,233,0,0,34,8,2025,0,3,-0.9749279121818236,-0.2225209339563146,-0.587785252292473,-0.8090169943749476,8.0,5.0,7.0,1.0,7.0,4.0,5.29,6.57,7.0,2.14,3.0,8.0,5.5,5.25,3.095695936834452,1.62499999796875,0
2025-08-22,Muffins,7.0,Regular Day,20.2,0.0,13.433333333333334,-0.6333333333333364,12.1,20.4,16.8,0.0,1.1000000000000014,12.45111111111111,9.0,2.3999999999999986,0.0,0.0,271.35333333333335,6,22,234,0,0,34,8,2025,0,4,-0.7818314824680299,0.6234898018587334,-0.9510565162951536,0.30901699437494723,7.0,5.0,6.0,9.0,5.0,,4.0,4.43,4.76,2.08,1.0,7.0,4.15,6.75,1.707825127659933,0.7999999994666667,0
2025-08-22,Fancies,7.0,Regular Day,20.2,0.0,13.433333333333334,-0.6333333333333364,12.1,20.4,16.8,0.0,1.1000000000000014,12.45111111111111,9.0,2.3999999999999986,0.0,0.0,271.35333333333335,6,22,234,0,0,34,8,2025,0,4,-0.7818314824680299,0.6234898018587334,-0.9510565162951536,0.30901699437494723,4.0,7.0,9.0,7.0,5.0,8.0,5.14,6.43,7.0,1.95,3.0,8.0,5.87,6.75,2.0615528128088303,0.6874999995703125,0
2025-08-23,Muffins,6.0,Regular Day,20.4,0.0,13.4,0.4333333333333371,9.799999999999997,20.8,15.9,0.0,0.8000000000000007,12.889166666666666,5.0,2.8000000000000007,0.0,0.0,273.36,7,23,235,0,0,34,8,2025,1,4,-2.4492935982947064e-16,1.0,-0.9510565162951536,0.30901699437494723,3.0,3.0,4.0,12.0,3.0,,5.0,4.79,5.05,2.08,3.0,8.0,5.11,5.5,4.358898943540674,0.374999999765625,0
2025-08-23,Fancies,6.0,Regular Day,20.4,0.0,13.4,0.4333333333333371,9.799999999999997,20.8,15.9,0.0,0.8000000000000007,12.889166666666666,5.0,2.8000000000000007,0.0,0.0,273.36,7,23,235,0,0,34,8,2025,1,4,-2.4492935982947064e-16,1.0,-0.9510565162951536,0.30901699437494723,5.0,9.0,10.0,10.0,8.0,6.0,6.0,6.43,7.05,2.16,3.0,9.0,6.65,8.5,2.3804761428476167,0.6999999996499999,0
2025-08-24,Muffins,7.0,Regular Day,20.8,0.0,13.35,0.33333333333333215,7.899999999999999,21.8,16.4,0.0,1.4000000000000021,11.971111111111112,68.0,3.8000000000000007,0.0,0.0,277.68,1,24,236,0,0,34,8,2025,1,4,0.7818314824680298,0.6234898018587336,-0.9510565162951536,0.30901699437494723,3.0,4.0,2.0,4.0,2.0,,5.0,5.0,4.9,2.08,3.0,8.0,5.08,3.25,0.9574271077563381,1.1666666647222221,0
2025-08-24,Fancies,3.0,Regular Day,20.8,0.0,13.35,0.33333333333333215,7.899999999999999,21.8,16.4,0.0,1.4000000000000021,11.971111111111112,68.0,3.8000000000000007,0.0,0.0,277.68,1,24,236,0,0,34,8,2025,1,4,0.7818314824680298,0.6234898018587336,-0.9510565162951536,0.30901699437494723,7.0,8.0,9.0,7.0,8.0,7.0,6.57,6.79,7.19,2.64,3.0,10.0,7.49,7.75,0.9574271077563381,0.9374999994140625,0
2025-08-25,Muffins,5.0,Regular Day,21.8,0.0,13.333333333333334,-0.49999999999999645,10.100000000000001,22.4,17.1,0.0,2.5,12.369166666666667,35.0,4.399999999999999,0.0,0.0,290.6666666666667,2,25,237,0,0,35,8,2025,0,4,0.9749279121818236,-0.22252093395631434,-0.9510565162951536,0.30901699437494723,8.0,1.0,3.0,2.0,13.0,,5.57,4.93,4.9,1.99,3.0,8.0,5.56,3.5,3.1091263510296048,1.7999999964,0
2025-08-25,Fancies,5.0,Regular Day,21.8,0.0,13.333333333333334,-0.49999999999999645,10.100000000000001,22.4,17.1,0.0,2.5,12.369166666666667,35.0,4.399999999999999,0.0,0.0,290.6666666666667,2,25,237,0,0,35,8,2025,0,4,0.9749279121818236,-0.22252093395631434,-0.9510565162951536,0.30901699437494723,9.0,3.0,9.0,8.0,9.0,11.0,7.14,6.5,7.19,2.12,4.0,10.0,7.37,7.25,2.8722813232690143,0.7058823525259516,0
2025-08-26,Fancies,4.0,Regular Day,22.4,0.0,13.283333333333333,-2.1333333333333364,9.399999999999999,21.0,13.3,0.0,0.1999999999999993,12.604444444444445,9.0,3.0,0.0,0.0,297.5466666666666,3,26,238,0,0,35,8,2025,0,4,0.43388373911755823,-0.900968867902419,-0.9510565162951536,0.30901699437494723,10.0,6.0,5.0,7.0,7.0,5.0,6.86,6.57,7.14,2.12,4.0,10.0,7.03,7.0,2.160246899469287,1.333333332222222,0
2025-08-26,Muffins,16.0,Regular Day,22.4,0.0,13.283333333333333,-2.1333333333333364,9.399999999999999,21.0,13.3,0.0,0.1999999999999993,12.604444444444445,9.0,3.0,0.0,0.0,297.5466666666666,3,26,238,0,0,35,8,2025,0,4,0.43388373911755823,-0.900968867902419,-0.9510565162951536,0.30901699437494723,5.0,5.0,2.0,8.0,10.0,,5.57,4.71,4.76,1.99,3.0,8.0,5.67,5.0,2.449489742783178,0.9999999989999999,0
2025-08-27,Fancies,6.0,Regular Day,21.0,0.0,13.25,-2.7666666666666693,9.100000000000001,19.4,16.3,0.0,-1.6000000000000014,12.296666666666667,38.0,1.3999999999999986,0.0,0.0,278.25,4,27,239,0,0,35,8,2025,0,4,-0.433883739117558,-0.9009688679024191,-0.9510565162951536,0.30901699437494723,7.0,3.0,11.0,7.0,9.0,5.0,7.29,6.57,7.05,1.7,5.0,10.0,7.02,7.0,3.265986323710904,0.5555555552469136,0
2025-08-27,Muffins,5.0,Regular Day,21.0,0.0,13.25,-2.7666666666666693,9.100000000000001,19.4,16.3,0.0,-1.6000000000000014,12.296666666666667,38.0,1.3999999999999986,0.0,0.0,278.25,4,27,239,0,0,35,8,2025,0,4,-0.433883739117558,-0.9009688679024191,-0.9510565162951536,0.30901699437494723,7.0,3.0,8.0,7.0,3.0,,5.57,4.86,4.81,1.99,3.0,8.0,6.0,6.25,2.217355782608345,0.6666666662222221,0
2025-08-28,Fancies,5.0,Regular Day,19.4,0.0,13.2,-2.466666666666665,11.4,18.9,15.9,0.0,-0.6000000000000014,10.926944444444445,57.0,0.8999999999999986,0.0,0.0,256.08,5,28,240,0,0,35,8,2025,0,4,-0.9749279121818236,-0.2225209339563146,-0.9510565162951536,0.30901699437494723,6.0,8.0,5.0,7.0,6.0,8.0,7.43,6.36,6.86,1.51,6.0,10.0,6.76,6.5,1.2909944487358056,1.1666666656944444,0
2025-08-28,Muffins,3.0,Regular Day,19.4,0.0,13.2,-2.466666666666665,11.4,18.9,15.9,0.0,-0.6000000000000014,10.926944444444445,57.0,0.8999999999999986,0.0,0.0,256.08,5,28,240,0,0,35,8,2025,0,4,-0.9749279121818236,-0.2225209339563146,-0.9510565162951536,0.30901699437494723,6.0,6.0,9.0,9.0,7.0,,6.0,5.07,4.9,1.63,3.0,8.0,6.0,7.5,1.7320508075688772,0.6666666662962962,0
2025-08-29,Fancies,5.0,Regular Day,18.9,0.0,13.166666666666666,-2.7666666666666657,7.699999999999999,20.8,14.9,0.0,0.5,11.076666666666666,49.0,2.8000000000000007,0.0,0.3,248.84999999999997,6,29,241,0,0,35,8,2025,0,5,-0.7818314824680299,0.6234898018587334,-2.4492935982947064e-16,1.0,7.0,4.0,7.0,9.0,8.0,8.0,6.86,6.0,6.57,2.27,3.0,10.0,5.82,6.75,2.0615528128088303,0.6874999995703125,0
2025-08-29,Muffins,4.0,Regular Day,18.9,0.0,13.166666666666666,-2.7666666666666657,7.699999999999999,20.8,14.9,0.0,0.5,11.076666666666666,49.0,2.8000000000000007,0.0,0.3,248.84999999999997,6,29,241,0,0,35,8,2025,0,5,-0.7818314824680299,0.6234898018587334,-2.4492935982947064e-16,1.0,7.0,7.0,5.0,6.0,4.0,,6.57,5.29,5.14,0.98,5.0,8.0,6.25,6.25,0.9574271077563381,1.2727272715702478,0
2025-08-30,Fancies,3.0,Regular Day,20.8,0.0,13.116666666666667,-4.133333333333336,10.399999999999999,18.5,15.0,0.0,0.0,12.091666666666667,26.0,0.5,0.0,0.0,272.8266666666667,7,30,242,0,0,35,8,2025,1,5,-2.4492935982947064e-16,1.0,-2.4492935982947064e-16,1.0,6.0,5.0,9.0,10.0,5.0,4.0,6.29,6.14,6.38,2.14,3.0,10.0,5.62,7.5,2.3804761428476167,0.5789473681163435,0
2025-08-30,Muffins,4.0,Regular Day,20.8,0.0,13.116666666666667,-4.133333333333336,10.399999999999999,18.5,15.0,0.0,0.0,12.091666666666667,26.0,0.5,0.0,0.0,272.8266666666667,7,30,242,0,0,35,8,2025,1,5,-2.4492935982947064e-16,1.0,-2.4492935982947064e-16,1.0,6.0,3.0,3.0,4.0,8.0,,6.14,5.57,5.24,0.9,5.0,7.0,5.94,4.0,1.4142135623730951,1.285714283877551,0
2025-08-31,Fancies,7.0,Regular Day,18.5,0.0,13.083333333333334,-2.6333333333333364,12.500000000000002,18.0,11.0,0.0,0.0,11.671666666666667,40.0,0.0,0.0,0.0,242.04166666666669,1,31,243,0,1,35,8,2025,1,5,0.7818314824680298,0.6234898018587336,-2.4492935982947064e-16,1.0,3.0,7.0,8.0,9.0,6.0,7.0,5.43,6.0,6.33,1.51,3.0,7.0,5.21,6.75,2.6299556396765835,0.5882352937716263,0
2025-08-31,Muffins,4.0,Regular Day,18.5,0.0,13.083333333333334,-2.6333333333333364,12.500000000000002,18.0,11.0,0.0,0.0,11.671666666666667,40.0,0.0,0.0,0.0,242.04166666666669,1,31,243,0,1,35,8,2025,1,5,0.7818314824680298,0.6234898018587336,-2.4492935982947064e-16,1.0,7.0,3.0,4.0,2.0,0.0,,7.71,6.36,5.9,3.73,5.0,16.0,8.45,4.0,2.160246899469287,1.666666663888889,0
2025-09-01,Muffins,8.0,Labor Day,18.0,0.0,13.033333333333333,-1.466666666666665,9.0,18.6,19.1,0.0,-0.5,12.014722222222222,47.0,0.6000000000000014,0.0,0.0,234.6,2,1,244,1,0,36,9,2025,0,1,0.9749279121818236,-0.22252093395631434,0.9510565162951535,0.30901699437494745,5.0,8.0,1.0,3.0,2.0,,7.43,6.5,5.76,3.87,5.0,16.0,7.59,4.25,2.9860788111948193,3.249999991875,1
2025-09-01,Fancies,5.0,Labor Day,18.0,0.0,13.033333333333333,-1.466666666666665,9.0,18.6,19.1,0.0,-0.5,12.014722222222222,47.0,0.6000000000000014,0.0,0.0,234.6,2,1,244,1,0,36,9,2025,0,1,0.9749279121818236,-0.22252093395631434,0.9510565162951535,0.30901699437494745,5.0,9.0,3.0,9.0,7.0,7.0,5.29,6.21,6.1,1.38,3.0,7.0,5.41,6.5,3.0,1.1666666656944444,1
2025-09-02,Fancies,9.0,Regular Day,18.6,0.0,12.983333333333333,-2.166666666666668,9.4,18.5,11.6,0.0,0.5,12.067222222222222,33.0,0.5,0.0,0.5,241.49,3,2,245,0,0,36,9,2025,0,1,0.43388373911755823,-0.900968867902419,0.9510565162951535,0.30901699437494745,4.0,10.0,6.0,5.0,7.0,8.0,5.14,6.0,6.1,1.35,3.0,7.0,5.31,6.25,2.6299556396765835,1.2727272715702478,0
2025-09-02,Muffins,10.0,Regular Day,18.6,0.0,12.983333333333333,-2.166666666666668,9.4,18.5,11.6,0.0,0.5,12.067222222222222,33.0,0.5,0.0,0.5,241.49,3,2,245,0,0,36,9,2025,0,1,0.43388373911755823,-0.900968867902419,0.9510565162951535,0.30901699437494745,16.0,5.0,5.0,2.0,0.0,,7.0,6.29,5.48,4.2,3.0,16.0,6.44,7.0,6.164414002968976,2.9999999957142856,0
2025-09-03,Muffins,6.0,Regular Day,18.5,0.0,12.95,-3.533333333333335,11.9,18.4,13.4,0.0,1.8000000000000007,12.029444444444444,20.0,0.3999999999999986,0.0,0.0,239.575,4,3,246,0,0,36,9,2025,0,1,-0.433883739117558,-0.9009688679024191,0.9510565162951535,0.30901699437494745,5.0,7.0,3.0,8.0,3.0,,6.57,6.07,5.43,4.35,3.0,16.0,5.83,5.75,2.217355782608345,1.0909090899173552,0
2025-09-03,Fancies,4.0,Regular Day,18.5,0.0,12.95,-3.533333333333335,11.9,18.4,13.4,0.0,1.8000000000000007,12.029444444444444,20.0,0.3999999999999986,0.0,0.0,239.575,4,3,246,0,0,36,9,2025,0,1,-0.433883739117558,-0.9009688679024191,0.9510565162951535,0.30901699437494745,6.0,7.0,3.0,11.0,7.0,3.0,4.86,6.07,6.0,1.07,3.0,6.0,5.23,6.75,3.304037933599835,0.9285714279081632,0
2025-09-04,Fancies,4.0,Regular Day,18.4,0.0,12.9,-1.9999999999999964,9.7,20.3,20.7,0.0,1.0999999999999979,12.036666666666667,16.0,2.3000000000000007,0.0,1.0,237.35999999999999,5,4,247,0,0,36,9,2025,0,1,-0.9749279121818236,-0.2225209339563146,0.9510565162951535,0.30901699437494745,5.0,6.0,8.0,5.0,1.0,10.0,4.43,5.93,5.71,1.13,3.0,6.0,4.67,6.0,1.4142135623730951,0.8461538455029586,0
2025-09-04,Muffins,3.0,Regular Day,18.4,0.0,12.9,-1.9999999999999964,9.7,20.3,20.7,0.0,1.0999999999999979,12.036666666666667,16.0,2.3000000000000007,0.0,1.0,237.35999999999999,5,4,247,0,0,36,9,2025,0,1,-0.9749279121818236,-0.2225209339563146,0.9510565162951535,0.30901699437494745,3.0,6.0,6.0,9.0,5.0,,6.29,6.14,5.48,4.46,3.0,16.0,5.37,6.0,2.449489742783178,0.5999999996,0
2025-09-05,Muffins,4.0,Regular Day,20.3,0.0,12.866666666666667,0.36666666666666714,10.400000000000002,22.9,18.6,0.0,2.0,12.0,32.0,4.899999999999999,0.0,5.6,261.1933333333333,6,5,248,0,0,36,9,2025,0,1,-0.7818314824680299,0.6234898018587334,0.9510565162951535,0.30901699437494745,4.0,7.0,7.0,5.0,5.0,,5.86,6.21,5.48,4.53,3.0,16.0,5.03,5.75,1.5,0.9166666659027777,0
2025-09-05,Fancies,3.0,Regular Day,20.3,0.0,12.866666666666667,0.36666666666666714,10.400000000000002,22.9,18.6,0.0,2.0,12.0,32.0,4.899999999999999,0.0,5.6,261.1933333333333,6,5,248,0,0,36,9,2025,0,1,-0.7818314824680299,0.6234898018587334,0.9510565162951535,0.30901699437494745,5.0,7.0,4.0,7.0,8.0,3.0,5.0,5.93,5.67,1.29,3.0,7.0,5.25,5.75,1.5,1.0909090899173552,0
2025-09-06,Fancies,7.0,Regular Day,22.9,0.0,12.816666666666666,0.6666666666666679,7.0,24.5,16.5,0.0,4.0,10.0,39.0,6.5,1.0,22.6,293.50166666666667,7,6,249,0,0,36,9,2025,1,1,-2.4492935982947064e-16,1.0,0.9510565162951535,0.30901699437494745,3.0,6.0,5.0,9.0,9.0,10.0,5.0,5.64,5.76,1.29,3.0,7.0,5.19,5.75,2.5,0.6428571423979591,0
2025-09-06,Muffins,2.0,Regular Day,22.9,0.0,12.816666666666666,0.6666666666666679,7.0,24.5,16.5,0.0,4.0,10.0,39.0,6.5,1.0,22.6,293.50166666666667,7,6,249,0,0,36,9,2025,1,1,-2.4492935982947064e-16,1.0,0.9510565162951535,0.30901699437494745,4.0,6.0,3.0,3.0,5.0,,6.29,6.21,5.81,4.57,3.0,16.0,5.77,4.0,1.4142135623730951,1.666666663888889,0
2025-09-07,Muffins,0.0,Regular Day,24.5,0.0,12.8,-2.8999999999999986,4.899999999999999,19.2,12.2,0.0,3.900000000000002,1.19,100.0,1.1999999999999993,0.0,13.6,313.6,1,7,250,0,0,36,9,2025,1,1,0.7818314824680298,0.6234898018587336,0.9510565162951535,0.30901699437494745,4.0,7.0,3.0,4.0,7.0,,5.43,6.57,6.05,2.57,3.0,10.0,6.83,4.5,1.7320508075688772,1.5714285691836736,0
2025-09-07,Fancies,9.0,Regular Day,24.5,0.0,12.8,-2.8999999999999986,4.899999999999999,19.2,12.2,0.0,3.900000000000002,1.19,100.0,1.1999999999999993,0.0,13.6,313.6,1,7,250,0,0,36,9,2025,1,1,0.7818314824680298,0.6234898018587336,0.9510565162951535,0.30901699437494745,7.0,3.0,7.0,8.0,7.0,3.0,5.71,5.57,5.9,1.89,3.0,9.0,6.14,6.25,2.217355782608345,0.6666666662222221,0
2025-09-08,Fancies,2.0,Regular Day,19.2,0.6000000000000014,12.75,-4.233333333333338,10.4,17.4,13.7,0.0,-0.6000000000000014,12.0,38.0,0.0,0.0,0.0,244.79999999999998,2,8,251,0,0,37,9,2025,0,2,0.9749279121818236,-0.22252093395631434,0.5877852522924732,-0.8090169943749473,5.0,5.0,9.0,3.0,8.0,6.0,5.43,5.36,5.95,1.99,3.0,9.0,5.61,5.5,2.516611478423583,0.8333333326388889,0
2025-09-08,Muffins,4.0,Regular Day,19.2,0.6000000000000014,12.75,-4.233333333333338,10.4,17.4,13.7,0.0,-0.6000000000000014,12.0,38.0,0.0,0.0,0.0,244.79999999999998,2,8,251,0,0,37,9,2025,0,2,0.9749279121818236,-0.22252093395631434,0.5877852522924732,-0.8090169943749473,8.0,5.0,8.0,1.0,6.0,,5.57,6.5,6.19,2.57,3.0,10.0,6.62,5.5,3.3166247903554,1.444444442839506,0
2025-09-09,Muffins,5.0,Regular Day,17.4,0.8999999999999986,12.7,-2.4333333333333336,9.799999999999999,17.1,20.0,0.0,-1.2999999999999972,11.032222222222222,42.0,0.0,0.0,0.0,220.97999999999996,3,9,252,0,0,37,9,2025,0,2,0.43388373911755823,-0.900968867902419,0.5877852522924732,-0.8090169943749473,10.0,16.0,5.0,5.0,6.0,,5.57,6.29,6.05,2.57,3.0,10.0,5.72,9.0,5.228129047119374,2.5999999974,0
2025-09-09,Fancies,2.0,Regular Day,17.4,0.8999999999999986,12.7,-2.4333333333333336,9.799999999999999,17.1,20.0,0.0,-1.2999999999999972,11.032222222222222,42.0,0.0,0.0,0.0,220.97999999999996,3,9,252,0,0,37,9,2025,0,2,0.43388373911755823,-0.900968867902419,0.5877852522924732,-0.8090169943749473,9.0,4.0,10.0,6.0,7.0,5.0,5.29,5.21,5.76,2.06,3.0,9.0,5.21,7.25,2.753785273643051,0.8124999994921874,0
2025-09-10,Muffins,3.0,Regular Day,17.1,0.0,12.666666666666666,-0.26666666666666927,3.3999999999999986,19.7,21.2,0.0,-0.10000000000000142,1.7747222222222223,94.0,1.6999999999999993,0.0,0.2,216.6,4,10,253,0,0,37,9,2025,0,2,-0.433883739117558,-0.9009688679024191,0.5877852522924732,-0.8090169943749473,6.0,5.0,7.0,3.0,11.0,,5.57,6.07,5.9,2.57,3.0,10.0,5.29,5.25,1.707825127659933,1.0999999989,0
2025-09-10,Fancies,6.0,Regular Day,17.1,0.0,12.666666666666666,-0.26666666666666927,3.3999999999999986,19.7,21.2,0.0,-0.10000000000000142,1.7747222222222223,94.0,1.6999999999999993,0.0,0.2,216.6,4,10,253,0,0,37,9,2025,0,2,-0.433883739117558,-0.9009688679024191,0.5877852522924732,-0.8090169943749473,4.0,6.0,7.0,3.0,9.0,6.0,5.0,4.93,5.71,2.24,3.0,9.0,4.65,5.0,1.8257418583505538,0.9999999989999999,0
2025-09-11,Muffins,7.0,Regular Day,19.7,0.0,12.616666666666667,-1.0666666666666629,10.8,19.8,12.5,0.0,0.0,10.888055555555555,33.0,1.8000000000000007,0.0,0.0,248.54833333333335,5,11,254,0,0,37,9,2025,0,2,-0.9749279121818236,-0.2225209339563146,0.5877852522924732,-0.8090169943749473,3.0,3.0,6.0,6.0,3.0,,5.29,5.79,5.86,2.87,2.0,10.0,4.47,4.5,1.7320508075688772,0.4999999995833333,0
2025-09-11,Fancies,7.0,Regular Day,19.7,0.0,12.616666666666667,-1.0666666666666629,10.8,19.8,12.5,0.0,0.0,10.888055555555555,33.0,1.8000000000000007,0.0,0.0,248.54833333333335,5,11,254,0,0,37,9,2025,0,2,-0.9749279121818236,-0.2225209339563146,0.5877852522924732,-0.8090169943749473,4.0,5.0,6.0,8.0,7.0,5.0,5.57,5.0,5.81,2.15,3.0,9.0,5.24,5.75,1.707825127659933,0.6428571423979591,0
2025-09-12,Fancies,5.0,Regular Day,19.8,0.0,12.583333333333334,-1.5333333333333314,12.799999999999999,19.3,10.2,0.0,0.8000000000000007,12.0,30.0,1.3000000000000007,0.0,0.3,249.15000000000003,6,12,255,0,0,37,9,2025,0,2,-0.7818314824680299,0.6234898018587334,0.5877852522924732,-0.8090169943749473,3.0,5.0,7.0,4.0,7.0,1.0,5.86,5.43,5.9,2.48,3.0,9.0,6.18,4.75,1.707825127659933,0.7272727266115702,0
2025-09-12,Muffins,8.0,Regular Day,19.8,0.0,12.583333333333334,-1.5333333333333314,12.799999999999999,19.3,10.2,0.0,0.8000000000000007,12.0,30.0,1.3000000000000007,0.0,0.3,249.15000000000003,6,12,255,0,0,37,9,2025,0,2,-0.7818314824680299,0.6234898018587334,0.5877852522924732,-0.8090169943749473,4.0,4.0,7.0,7.0,4.0,,4.71,5.29,5.71,3.5,0.0,10.0,3.35,5.5,1.7320508075688772,0.5714285710204081,0
2025-09-13,Muffins,9.0,Regular Day,19.3,0.0,12.533333333333333,-1.8333333333333321,11.599999999999998,19.1,11.9,0.0,3.0,12.0,15.0,1.1000000000000014,0.0,0.8,241.89333333333335,7,13,256,0,0,37,9,2025,1,2,-2.4492935982947064e-16,1.0,0.5877852522924732,-0.8090169943749473,2.0,4.0,6.0,3.0,3.0,,4.14,5.21,5.52,3.18,0.0,10.0,3.51,3.75,1.707825127659933,0.6666666659259258,0
2025-09-13,Fancies,6.0,Regular Day,19.3,0.0,12.533333333333333,-1.8333333333333321,11.599999999999998,19.1,11.9,0.0,3.0,12.0,15.0,1.1000000000000014,0.0,0.8,241.89333333333335,7,13,256,0,0,37,9,2025,1,2,-2.4492935982947064e-16,1.0,0.5877852522924732,-0.8090169943749473,7.0,3.0,6.0,5.0,9.0,10.0,5.43,5.21,5.57,2.88,2.0,9.0,5.14,5.25,1.707825127659933,0.9090909082644627,0
2025-09-14,Muffins,2.0,Regular Day,19.1,0.0,12.483333333333333,-0.6333333333333329,11.500000000000002,20.5,10.9,0.0,3.0,11.599166666666667,49.0,2.5,0.0,0.5,238.43166666666667,1,14,257,0,0,37,9,2025,1,2,0.7818314824680298,0.6234898018587336,0.5877852522924732,-0.8090169943749473,0.0,4.0,7.0,3.0,5.0,,3.43,4.43,5.52,1.99,0.0,6.0,3.88,3.5,2.886751345948129,0.3999999996,0
2025-09-14,Fancies,10.0,Regular Day,19.1,0.0,12.483333333333333,-0.6333333333333329,11.500000000000002,20.5,10.9,0.0,3.0,11.599166666666667,49.0,2.5,0.0,0.5,238.43166666666667,1,14,257,0,0,37,9,2025,1,2,0.7818314824680298,0.6234898018587336,0.5877852522924732,-0.8090169943749473,9.0,7.0,3.0,7.0,5.0,10.0,4.43,5.07,5.19,2.64,2.0,9.0,4.35,6.5,2.516611478423583,1.5999999984,0
2025-09-15,Muffins,1.0,Regular Day,20.5,0.0,12.45,0.13333333333333286,9.399999999999999,20.0,18.1,0.0,-0.09999999999999787,11.886111111111111,91.0,2.0,0.0,0.1,255.225,2,15,258,0,0,38,9,2025,0,3,0.9749279121818236,-0.22252093395631434,-0.587785252292473,-0.8090169943749476,4.0,8.0,5.0,8.0,4.0,,3.0,4.29,5.33,1.63,0.0,5.0,3.66,6.25,2.0615528128088303,0.9230769223668639,0
2025-09-15,Fancies,4.0,Regular Day,20.5,0.0,12.45,0.13333333333333286,9.399999999999999,20.0,18.1,0.0,-0.09999999999999787,11.886111111111111,91.0,2.0,0.0,0.1,255.225,2,15,258,0,0,38,9,2025,0,3,0.9749279121818236,-0.22252093395631434,-0.587785252292473,-0.8090169943749476,2.0,5.0,5.0,9.0,21.0,8.0,4.71,5.07,5.14,2.69,2.0,9.0,4.76,5.25,2.8722813232690143,0.49999999964285713,0
2025-09-16,Muffins,4.0,Regular Day,20.0,0.0,12.4,-0.5999999999999979,4.400000000000002,19.1,25.5,0.0,-2.1999999999999993,3.226111111111111,100.0,1.1000000000000014,0.0,3.8,248.0,3,16,259,0,0,38,9,2025,0,3,0.43388373911755823,-0.900968867902419,-0.587785252292473,-0.8090169943749476,5.0,10.0,16.0,5.0,7.0,,3.57,4.57,5.38,2.23,0.0,7.0,4.5,9.0,5.228129047119374,0.7142857139455782,0
2025-09-16,Fancies,11.0,Regular Day,20.0,0.0,12.4,-0.5999999999999979,4.400000000000002,19.1,25.5,0.0,-2.1999999999999993,3.226111111111111,100.0,1.1000000000000014,0.0,3.8,248.0,3,16,259,0,0,38,9,2025,0,3,0.43388373911755823,-0.900968867902419,-0.587785252292473,-0.8090169943749476,2.0,9.0,4.0,10.0,8.0,7.0,5.14,5.21,5.19,2.79,2.0,9.0,5.32,6.25,3.8622100754188224,0.7857142851530612,0
2025-09-17,Fancies,11.0,Regular Day,19.1,0.0,12.35,-0.13333333333333286,2.8000000000000007,19.3,22.6,0.0,0.6999999999999993,0.0,100.0,1.3000000000000007,0.0,7.1,235.88500000000002,4,17,260,0,0,38,9,2025,0,3,-0.433883739117558,-0.9009688679024191,-0.587785252292473,-0.8090169943749476,6.0,4.0,6.0,7.0,2.0,7.0,5.43,5.21,5.1,2.64,2.0,9.0,5.24,5.75,1.2583057392117916,0.7692307686390532,0
2025-09-17,Muffins,2.0,Regular Day,19.1,0.0,12.35,-0.13333333333333286,2.8000000000000007,19.3,22.6,0.0,0.6999999999999993,0.0,100.0,1.3000000000000007,0.0,7.1,235.88500000000002,4,17,260,0,0,38,9,2025,0,3,-0.433883739117558,-0.9009688679024191,-0.587785252292473,-0.8090169943749476,3.0,6.0,5.0,7.0,8.0,,4.14,4.86,5.43,2.79,0.0,8.0,5.37,5.25,1.707825127659933,0.749999999375,0
2025-09-18,Fancies,3.0,Regular Day,19.3,0.0,12.316666666666666,0.23333333333333428,8.0,21.0,12.8,0.0,1.1000000000000014,8.996944444444445,77.0,3.0,0.0,1.1,237.71166666666667,5,18,261,0,0,38,9,2025,0,3,-0.9749279121818236,-0.2225209339563146,-0.587785252292473,-0.8090169943749476,7.0,4.0,5.0,6.0,5.0,8.0,5.29,5.43,5.1,2.56,2.0,9.0,5.43,5.5,1.2909944487358056,0.999999999090909,0
2025-09-18,Muffins,6.0,Regular Day,19.3,0.0,12.316666666666666,0.23333333333333428,8.0,21.0,12.8,0.0,1.1000000000000014,8.996944444444445,77.0,3.0,0.0,1.1,237.71166666666667,5,18,261,0,0,38,9,2025,0,3,-0.9749279121818236,-0.2225209339563146,-0.587785252292473,-0.8090169943749476,7.0,3.0,3.0,6.0,4.0,,5.14,5.21,5.57,3.13,0.0,9.0,6.28,4.75,2.0615528128088303,1.1111111098765432,0
2025-09-19,Fancies,9.0,Regular Day,21.0,0.0,12.266666666666667,1.2666666666666657,12.100000000000001,22.5,11.5,0.0,2.0,11.928611111111111,4.0,4.5,0.0,0.0,257.6,6,19,262,0,0,38,9,2025,0,3,-0.7818314824680299,0.6234898018587334,-0.587785252292473,-0.8090169943749476,5.0,3.0,5.0,7.0,10.0,6.0,5.43,5.64,5.43,2.82,2.0,10.0,6.57,5.0,1.632993161855452,0.666666666111111,0
2025-09-19,Muffins,6.0,Regular Day,21.0,0.0,12.266666666666667,1.2666666666666657,12.100000000000001,22.5,11.5,0.0,2.0,11.928611111111111,4.0,4.5,0.0,0.0,257.6,6,19,262,0,0,38,9,2025,0,3,-0.7818314824680299,0.6234898018587334,-0.587785252292473,-0.8090169943749476,8.0,4.0,4.0,7.0,3.0,,5.43,5.07,5.33,2.64,2.0,9.0,5.21,5.75,2.0615528128088303,1.0909090899173552,0
2025-09-20,Muffins,6.0,Regular Day,22.5,0.0,12.233333333333333,0.1999999999999993,7.399999999999999,20.5,17.0,0.0,1.1000000000000014,11.901388888888889,10.0,2.5,0.0,0.0,275.25,7,20,263,0,0,38,9,2025,1,3,-2.4492935982947064e-16,1.0,-0.587785252292473,-0.8090169943749476,9.0,2.0,4.0,6.0,0.0,,5.0,4.57,5.14,3.11,1.0,9.0,4.16,5.25,2.9860788111948193,1.0999999989,0
2025-09-20,Fancies,5.0,Regular Day,22.5,0.0,12.233333333333333,0.1999999999999993,7.399999999999999,20.5,17.0,0.0,1.1000000000000014,11.901388888888889,10.0,2.5,0.0,0.0,275.25,7,20,263,0,0,38,9,2025,1,3,-2.4492935982947064e-16,1.0,-0.587785252292473,-0.8090169943749476,6.0,7.0,3.0,6.0,0.0,6.0,5.71,5.57,5.38,2.5,2.0,10.0,5.93,5.5,1.7320508075688772,1.444444442839506,0
2025-09-21,Muffins,6.0,Regular Day,20.5,0.10000000000000142,12.2,-1.4666666666666686,5.999999999999998,17.9,12.9,0.0,-0.3999999999999986,10.681111111111111,73.0,0.0,0.0,0.0,250.1,1,21,264,0,0,38,9,2025,1,3,0.7818314824680298,0.6234898018587336,-0.587785252292473,-0.8090169943749476,2.0,0.0,4.0,7.0,3.0,,4.86,4.14,4.57,3.13,1.0,9.0,4.12,3.25,2.9860788111948193,0.18181818165289254,0
2025-09-21,Fancies,9.0,Regular Day,20.5,0.10000000000000142,12.2,-1.4666666666666686,5.999999999999998,17.9,12.9,0.0,-0.3999999999999986,10.681111111111111,73.0,0.0,0.0,0.0,250.1,1,21,264,0,0,38,9,2025,1,3,0.7818314824680298,0.6234898018587336,-0.587785252292473,-0.8090169943749476,10.0,9.0,7.0,3.0,5.0,11.0,7.0,5.71,5.71,2.58,4.0,11.0,7.2,7.25,3.095695936834452,1.8999999980999998,0
2025-09-22,Fancies,6.0,Regular Day,17.9,1.0,12.15,-1.2666666666666657,12.8,17.0,11.9,0.0,1.8000000000000007,11.6125,34.0,0.0,0.0,0.0,217.48499999999999,2,22,265,0,0,39,9,2025,0,4,0.9749279121818236,-0.22252093395631434,-0.9510565162951536,0.30901699437494723,4.0,2.0,5.0,5.0,8.0,8.0,7.71,6.21,5.95,2.93,4.0,11.0,8.15,4.0,1.4142135623730951,0.5999999993999999,0
2025-09-22,Muffins,6.0,Regular Day,17.9,1.0,12.15,-1.2666666666666657,12.8,17.0,11.9,0.0,1.8000000000000007,11.6125,34.0,0.0,0.0,0.0,217.48499999999999,2,22,265,0,0,39,9,2025,0,4,0.9749279121818236,-0.22252093395631434,-0.9510565162951536,0.30901699437494723,1.0,4.0,8.0,5.0,5.0,,4.71,3.86,4.43,3.25,1.0,9.0,3.59,4.5,2.886751345948129,0.3846153843195266,0
2025-09-23,Fancies,6.0,Regular Day,17.0,0.0,12.1,2.0000000000000036,10.700000000000003,21.3,13.4,0.0,1.8999999999999986,11.172777777777778,71.0,3.3000000000000007,0.0,0.0,205.7,3,23,266,0,0,39,9,2025,0,4,0.43388373911755823,-0.900968867902419,-0.9510565162951536,0.30901699437494723,11.0,2.0,9.0,4.0,8.0,6.0,7.14,6.14,5.86,3.44,3.0,11.0,6.86,6.5,4.203173404306164,0.9999999992307692,0
2025-09-23,Muffins,8.0,Regular Day,17.0,0.0,12.1,2.0000000000000036,10.700000000000003,21.3,13.4,0.0,1.8999999999999986,11.172777777777778,71.0,3.3000000000000007,0.0,0.0,205.7,3,23,266,0,0,39,9,2025,0,4,0.43388373911755823,-0.900968867902419,-0.9510565162951536,0.30901699437494723,4.0,5.0,10.0,16.0,2.0,,4.57,4.07,4.57,3.15,1.0,9.0,4.19,8.75,5.5,0.34615384602071003,0
2025-09-24,Fancies,7.0,Regular Day,21.3,0.0,12.066666666666666,2.1333333333333364,8.400000000000002,22.0,13.0,0.0,3.6999999999999993,4.469166666666666,76.0,4.0,0.0,4.6,257.02,4,24,267,0,0,39,9,2025,0,4,-0.433883739117558,-0.9009688679024191,-0.9510565162951536,0.30901699437494723,11.0,6.0,4.0,6.0,4.0,7.0,7.71,6.57,6.05,3.35,3.0,11.0,7.4,6.75,2.9860788111948193,1.6999999982999998,0
2025-09-24,Muffins,2.0,Regular Day,21.3,0.0,12.066666666666666,2.1333333333333364,8.400000000000002,22.0,13.0,0.0,3.6999999999999993,4.469166666666666,76.0,4.0,0.0,4.6,257.02,4,24,267,0,0,39,9,2025,0,4,-0.433883739117558,-0.9009688679024191,-0.9510565162951536,0.30901699437494723,2.0,3.0,6.0,5.0,3.0,,4.29,4.21,4.67,2.87,1.0,9.0,4.64,4.0,1.8257418583505538,0.45454545413223135,0
2025-09-25,Muffins,3.0,Regular Day,22.0,0.0,12.016666666666667,3.166666666666668,5.400000000000002,23.1,18.5,0.0,3.299999999999997,5.779166666666667,98.0,5.100000000000001,0.0,23.7,264.3666666666667,5,25,268,0,0,39,9,2025,0,4,-0.9749279121818236,-0.2225209339563146,-0.9510565162951536,0.30901699437494723,6.0,7.0,3.0,3.0,11.0,,3.86,4.5,4.76,2.19,1.0,6.0,4.98,4.75,2.0615528128088303,2.1666666630555556,0
2025-09-25,Fancies,7.0,Regular Day,22.0,0.0,12.016666666666667,3.166666666666668,5.400000000000002,23.1,18.5,0.0,3.299999999999997,5.779166666666667,98.0,5.100000000000001,0.0,23.7,264.3666666666667,5,25,268,0,0,39,9,2025,0,4,-0.9749279121818236,-0.2225209339563146,-0.9510565162951536,0.30901699437494723,3.0,7.0,4.0,5.0,9.0,5.0,7.57,6.43,6.14,3.46,3.0,11.0,6.8,4.75,1.707825127659933,1.1111111098765432,0
2025-09-26,Fancies,5.0,Regular Day,23.1,0.0,11.983333333333333,3.1666666666666643,8.0,22.8,15.9,0.0,2.3000000000000007,9.740555555555556,62.0,4.800000000000001,0.0,11.2,276.815,6,26,269,0,0,39,9,2025,0,4,-0.7818314824680299,0.6234898018587334,-0.9510565162951536,0.30901699437494723,9.0,5.0,3.0,5.0,6.0,12.0,7.43,6.43,6.24,3.36,3.0,11.0,7.35,5.5,2.516611478423583,1.7499999978124998,0
2025-09-26,Muffins,3.0,Regular Day,23.1,0.0,11.983333333333333,3.1666666666666643,8.0,22.8,15.9,0.0,2.3000000000000007,9.740555555555556,62.0,4.800000000000001,0.0,11.2,276.815,6,26,269,0,0,39,9,2025,0,4,-0.7818314824680299,0.6234898018587334,-0.9510565162951536,0.30901699437494723,6.0,8.0,4.0,4.0,5.0,,4.43,4.93,4.86,2.15,1.0,6.0,5.24,5.5,1.9148542155126762,1.7499999978124998,0
2025-09-27,Fancies,6.0,Regular Day,22.8,0.0,11.933333333333334,1.5,8.7,21.4,10.1,0.0,1.1999999999999993,6.089166666666666,97.0,3.3999999999999986,0.0,0.7,272.08000000000004,7,27,270,0,0,39,9,2025,1,4,-2.4492935982947064e-16,1.0,-0.9510565162951536,0.30901699437494723,5.0,6.0,7.0,3.0,2.0,2.0,7.71,6.71,6.29,3.09,3.0,11.0,7.01,5.25,1.707825127659933,1.0999999989,0
2025-09-27,Muffins,9.0,Regular Day,22.8,0.0,11.933333333333334,1.5,8.7,21.4,10.1,0.0,1.1999999999999993,6.089166666666666,97.0,3.3999999999999986,0.0,0.7,272.08000000000004,7,27,270,0,0,39,9,2025,1,4,-2.4492935982947064e-16,1.0,-0.9510565162951536,0.30901699437494723,6.0,9.0,2.0,4.0,5.0,,5.14,5.07,4.76,1.57,2.0,6.0,5.43,5.25,2.9860788111948193,2.4999999958333334,0
2025-09-28,Fancies,7.0,Regular Day,21.4,0.0,11.883333333333333,1.7333333333333343,8.8,21.6,11.4,0.0,1.8000000000000007,11.321388888888889,78.0,3.6000000000000014,1.0,41.4,254.3033333333333,1,28,271,0,0,39,9,2025,1,4,0.7818314824680298,0.6234898018587336,-0.9510565162951536,0.30901699437494723,9.0,10.0,9.0,7.0,7.0,3.0,7.0,7.0,6.14,2.77,3.0,11.0,6.76,8.75,1.2583057392117916,1.1874999992578124,0
2025-09-28,Muffins,2.0,Regular Day,21.4,0.0,11.883333333333333,1.7333333333333343,8.8,21.6,11.4,0.0,1.8000000000000007,11.321388888888889,78.0,3.6000000000000014,1.0,41.4,254.3033333333333,1,28,271,0,0,39,9,2025,1,4,0.7818314824680298,0.6234898018587336,-0.9510565162951536,0.30901699437494723,6.0,2.0,0.0,4.0,2.0,,5.71,5.29,4.67,1.8,2.0,8.0,6.07,3.0,2.581988897471611,1.999999995,0
2025-09-29,Muffins,11.0,Regular Day,21.6,0.0,11.85,0.7666666666666693,8.0,21.3,10.5,0.0,1.9000000000000021,7.866944444444444,96.0,3.3000000000000007,0.0,0.0,255.96,2,29,272,0,0,40,9,2025,0,5,0.9749279121818236,-0.22252093395631434,-2.4492935982947064e-16,1.0,6.0,1.0,4.0,8.0,3.0,,5.71,5.21,4.48,1.8,2.0,8.0,5.05,4.75,2.9860788111948193,0.5833333328472222,0
2025-09-29,Fancies,4.0,Regular Day,21.6,0.0,11.85,0.7666666666666693,8.0,21.3,10.5,0.0,1.9000000000000021,7.866944444444444,96.0,3.3000000000000007,0.0,0.0,255.96,2,29,272,0,0,40,9,2025,0,5,0.9749279121818236,-0.22252093395631434,-2.4492935982947064e-16,1.0,6.0,4.0,2.0,5.0,5.0,5.0,6.43,7.07,6.29,2.15,3.0,9.0,6.82,4.25,1.707825127659933,1.4285714265306122,0
2025-09-30,Muffins,5.0,Regular Day,21.3,0.0,11.8,0.8999999999999986,8.099999999999998,20.2,13.6,0.0,-0.7999999999999972,3.6061111111111113,100.0,2.1999999999999993,0.0,0.0,251.34000000000003,3,30,273,0,1,40,9,2025,0,5,0.43388373911755823,-0.900968867902419,-2.4492935982947064e-16,1.0,8.0,4.0,5.0,10.0,2.0,,5.29,4.93,4.48,2.06,2.0,8.0,4.54,6.75,2.753785273643051,0.7999999994666667,0
2025-09-30,Fancies,6.0,Regular Day,21.3,0.0,11.8,0.8999999999999986,8.099999999999998,20.2,13.6,0.0,-0.7999999999999972,3.6061111111111113,100.0,2.1999999999999993,0.0,0.0,251.34000000000003,3,30,273,0,1,40,9,2025,0,5,0.43388373911755823,-0.900968867902419,-2.4492935982947064e-16,1.0,6.0,11.0,2.0,9.0,11.0,7.0,7.0,7.07,6.43,1.53,5.0,9.0,6.86,7.0,3.9157800414902435,1.5454545440495866,0
2025-10-01,Muffins,2.0,Regular Day,20.2,0.0,11.766666666666667,-0.5999999999999979,6.300000000000001,18.1,17.1,0.0,-1.8999999999999986,11.605277777777777,30.0,0.10000000000000142,0.0,0.0,237.68666666666667,4,1,274,1,0,40,10,2025,0,1,-0.433883739117558,-0.9009688679024191,0.9510565162951535,0.30901699437494745,2.0,2.0,3.0,6.0,6.0,,4.86,4.57,4.43,2.19,2.0,8.0,4.15,3.25,1.8929694486000912,0.4444444439506172,0
2025-10-01,Fancies,7.0,Regular Day,20.2,0.0,11.766666666666667,-0.5999999999999979,6.300000000000001,18.1,17.1,0.0,-1.8999999999999986,11.605277777777777,30.0,0.10000000000000142,0.0,0.0,237.68666666666667,4,1,274,1,0,40,10,2025,0,1,-0.433883739117558,-0.9009688679024191,0.9510565162951535,0.30901699437494745,7.0,11.0,6.0,4.0,7.0,3.0,6.43,7.07,6.52,1.4,5.0,9.0,6.4,7.0,2.943920288775949,1.7999999982,0
2025-10-02,Fancies,6.0,Regular Day,18.1,3.5,11.716666666666667,-3.2666666666666657,9.6,14.5,13.7,0.0,-1.8000000000000007,11.202777777777778,34.0,0.0,0.0,0.0,212.0716666666667,5,2,275,0,0,40,10,2025,0,1,-0.9749279121818236,-0.2225209339563146,0.9510565162951535,0.30901699437494745,7.0,3.0,7.0,4.0,6.0,11.0,6.57,7.07,6.48,1.27,5.0,9.0,6.3,5.25,2.0615528128088303,0.9090909082644627,0
2025-10-02,Muffins,6.0,Regular Day,18.1,3.5,11.716666666666667,-3.2666666666666657,9.6,14.5,13.7,0.0,-1.8000000000000007,11.202777777777778,34.0,0.0,0.0,0.0,212.0716666666667,5,2,275,0,0,40,10,2025,0,1,-0.9749279121818236,-0.2225209339563146,0.9510565162951535,0.30901699437494745,3.0,6.0,7.0,3.0,3.0,,5.29,4.57,4.76,2.69,2.0,9.0,5.37,4.75,2.0615528128088303,0.8999999991,0
2025-10-03,Muffins,5.0,Regular Day,14.5,4.199999999999999,11.666666666666666,-3.2666666666666657,14.0,13.8,9.9,0.0,-0.8000000000000007,11.367222222222223,70.0,0.0,0.0,0.0,169.16666666666666,6,3,276,0,0,40,10,2025,0,1,-0.7818314824680299,0.6234898018587334,0.9510565162951535,0.30901699437494745,3.0,6.0,8.0,4.0,3.0,,4.71,4.57,4.86,2.93,2.0,9.0,4.52,5.25,2.217355782608345,0.749999999375,0
2025-10-03,Fancies,7.0,Regular Day,14.5,4.199999999999999,11.666666666666666,-3.2666666666666657,14.0,13.8,9.9,0.0,-0.8000000000000007,11.367222222222223,70.0,0.0,0.0,0.0,169.16666666666666,6,3,276,0,0,40,10,2025,0,1,-0.7818314824680299,0.6234898018587334,0.9510565162951535,0.30901699437494745,5.0,9.0,5.0,3.0,6.0,4.0,6.29,6.86,6.38,0.76,5.0,7.0,6.47,5.5,2.516611478423583,1.7499999978124998,0
2025-10-04,Fancies,5.0,Regular Day,13.8,1.1000000000000014,11.633333333333333,-1.0999999999999979,14.100000000000001,16.9,11.2,0.0,0.5,11.28138888888889,5.0,0.0,0.0,0.0,160.54,7,4,277,0,0,40,10,2025,1,1,-2.4492935982947064e-16,1.0,0.9510565162951535,0.30901699437494745,6.0,5.0,6.0,7.0,4.0,4.0,6.0,6.86,6.48,1.15,4.0,7.0,5.86,6.0,0.816496580927726,0.8461538455029586,0
2025-10-04,Muffins,4.0,Regular Day,13.8,1.1000000000000014,11.633333333333333,-1.0999999999999979,14.100000000000001,16.9,11.2,0.0,0.5,11.28138888888889,5.0,0.0,0.0,0.0,160.54,7,4,277,0,0,40,10,2025,1,1,-2.4492935982947064e-16,1.0,0.9510565162951535,0.30901699437494745,9.0,6.0,9.0,2.0,8.0,,5.43,5.29,5.19,3.78,2.0,11.0,6.14,6.5,3.3166247903554,1.363636362396694,0
2025-10-05,Fancies,12.0,Regular Day,16.9,0.0,11.583333333333334,0.7333333333333343,14.2,19.1,10.8,0.0,1.1999999999999993,11.195555555555556,0.0,1.1000000000000014,0.0,0.0,195.75833333333333,1,5,278,0,0,40,10,2025,1,1,0.7818314824680298,0.6234898018587336,0.9510565162951535,0.30901699437494745,7.0,9.0,10.0,9.0,10.0,4.0,6.0,6.5,6.67,1.15,4.0,7.0,5.89,8.75,1.2583057392117916,0.8421052627146814,0
2025-10-05,Muffins,2.0,Regular Day,16.9,0.0,11.583333333333334,0.7333333333333343,14.2,19.1,10.8,0.0,1.1999999999999993,11.195555555555556,0.0,1.1000000000000014,0.0,0.0,195.75833333333333,1,5,278,0,0,40,10,2025,1,1,0.7818314824680298,0.6234898018587336,0.9510565162951535,0.30901699437494745,2.0,6.0,2.0,0.0,4.0,,5.0,5.36,5.19,3.61,2.0,11.0,5.86,2.5,2.516611478423583,3.99999998,0
2025-10-06,Fancies,6.0,Regular Day,19.1,0.0,11.55,-1.0000000000000036,12.400000000000002,18.7,13.3,0.0,1.7999999999999972,10.980277777777777,12.0,0.6999999999999993,0.0,0.0,220.60500000000002,2,6,279,0,0,41,10,2025,0,1,0.9749279121818236,-0.22252093395631434,0.9510565162951535,0.30901699437494745,4.0,6.0,4.0,2.0,8.0,4.0,6.0,6.21,6.71,1.15,4.0,7.0,6.17,4.0,1.632993161855452,1.666666663888889,0
2025-10-06,Muffins,6.0,Regular Day,19.1,0.0,11.55,-1.0000000000000036,12.400000000000002,18.7,13.3,0.0,1.7999999999999972,10.980277777777777,12.0,0.6999999999999993,0.0,0.0,220.60500000000002,2,6,279,0,0,41,10,2025,0,1,0.9749279121818236,-0.22252093395631434,0.9510565162951535,0.30901699437494745,11.0,6.0,1.0,4.0,3.0,,5.0,5.36,5.14,3.61,2.0,11.0,4.89,5.5,4.203173404306164,3.3999999932000002,0
2025-10-07,Fancies,7.0,Regular Day,18.7,0.0,11.5,1.0999999999999979,10.1,19.9,17.8,0.0,-0.10000000000000142,10.939166666666667,32.0,1.8999999999999986,0.0,0.0,215.04999999999998,3,7,280,0,0,41,10,2025,0,1,0.43388373911755823,-0.900968867902419,0.9510565162951535,0.30901699437494745,6.0,6.0,11.0,2.0,4.0,4.0,5.86,6.43,6.67,1.07,4.0,7.0,6.13,6.25,3.685557397915997,0.9230769223668639,0
2025-10-07,Muffins,4.0,Regular Day,18.7,0.0,11.5,1.0999999999999979,10.1,19.9,17.8,0.0,-0.10000000000000142,10.939166666666667,32.0,1.8999999999999986,0.0,0.0,215.04999999999998,3,7,280,0,0,41,10,2025,0,1,0.43388373911755823,-0.900968867902419,0.9510565162951535,0.30901699437494745,5.0,8.0,4.0,5.0,8.0,,5.43,5.36,5.1,3.51,2.0,11.0,5.17,5.5,1.7320508075688772,1.444444442839506,0
2025-10-08,Fancies,3.0,Regular Day,19.9,0.0,11.45,2.5333333333333314,3.1000000000000014,20.2,19.9,0.0,1.2999999999999972,4.790277777777778,80.0,2.1999999999999993,0.0,9.3,227.85499999999996,4,8,281,0,0,41,10,2025,0,2,-0.433883739117558,-0.9009688679024191,0.5877852522924732,-0.8090169943749473,7.0,7.0,11.0,6.0,5.0,8.0,6.14,6.29,6.76,1.07,4.0,7.0,6.34,7.75,2.217355782608345,0.8235294112802768,0
2025-10-08,Muffins,6.0,Regular Day,19.9,0.0,11.45,2.5333333333333314,3.1000000000000014,20.2,19.9,0.0,1.2999999999999972,4.790277777777778,80.0,2.1999999999999993,0.0,9.3,227.85499999999996,4,8,281,0,0,41,10,2025,0,2,-0.433883739117558,-0.9009688679024191,0.5877852522924732,-0.8090169943749473,2.0,2.0,2.0,3.0,6.0,,5.71,5.29,4.95,3.35,2.0,11.0,5.13,2.25,0.5,0.7999999984,0
2025-10-09,Muffins,4.0,Regular Day,20.2,4.1,11.416666666666666,0.033333333333333215,7.899999999999999,13.9,16.1,0.0,-2.299999999999999,10.932222222222222,5.0,0.0,0.0,0.0,230.61666666666665,5,9,282,0,0,41,10,2025,0,2,-0.9749279121818236,-0.2225209339563146,0.5877852522924732,-0.8090169943749473,6.0,3.0,6.0,7.0,5.0,,5.0,5.14,4.71,3.06,2.0,11.0,4.85,5.5,1.7320508075688772,0.6923076917751478,0
2025-10-09,Fancies,6.0,Regular Day,20.2,4.1,11.416666666666666,0.033333333333333215,7.899999999999999,13.9,16.1,0.0,-2.299999999999999,10.932222222222222,5.0,0.0,0.0,0.0,230.61666666666665,5,9,282,0,0,41,10,2025,0,2,-0.9749279121818236,-0.2225209339563146,0.5877852522924732,-0.8090169943749473,6.0,7.0,3.0,7.0,6.0,9.0,6.0,6.29,6.71,1.15,4.0,7.0,6.01,5.75,1.8929694486000912,1.2999999987,0
2025-10-10,Muffins,16.0,Regular Day,13.9,6.9,11.366666666666667,-2.1999999999999993,10.400000000000002,11.1,13.2,0.0,-2.5000000000000018,10.557777777777778,48.0,0.0,0.0,0.0,157.99666666666667,6,10,283,0,0,41,10,2025,0,2,-0.7818314824680299,0.6234898018587334,0.5877852522924732,-0.8090169943749473,5.0,3.0,6.0,8.0,8.0,,5.0,4.86,4.71,3.06,2.0,11.0,4.13,5.5,2.0816659994661326,0.5714285710204081,0
2025-10-10,Fancies,3.0,Regular Day,13.9,6.9,11.366666666666667,-2.1999999999999993,10.400000000000002,11.1,13.2,0.0,-2.5000000000000018,10.557777777777778,48.0,0.0,0.0,0.0,157.99666666666667,6,10,283,0,0,41,10,2025,0,2,-0.7818314824680299,0.6234898018587334,0.5877852522924732,-0.8090169943749473,7.0,5.0,9.0,5.0,5.0,5.0,6.71,6.5,6.81,2.56,4.0,12.0,7.51,6.5,1.9148542155126762,0.8571428565306122,0
2025-10-11,Muffins,3.0,Regular Day,11.1,2.9000000000000004,11.333333333333334,0.6333333333333329,10.1,15.1,17.1,0.0,-0.3000000000000007,4.614166666666667,98.0,0.0,1.0,2.8,125.8,7,11,284,0,0,41,10,2025,1,2,-2.4492935982947064e-16,1.0,0.5877852522924732,-0.8090169943749473,4.0,9.0,6.0,9.0,6.0,,4.29,4.86,4.95,1.7,2.0,6.0,4.6,7.0,2.449489742783178,0.8666666660888889,0
2025-10-11,Fancies,9.0,Regular Day,11.1,2.9000000000000004,11.333333333333334,0.6333333333333329,10.1,15.1,17.1,0.0,-0.3000000000000007,4.614166666666667,98.0,0.0,1.0,2.8,125.8,7,11,284,0,0,41,10,2025,1,2,-2.4492935982947064e-16,1.0,0.5877852522924732,-0.8090169943749473,5.0,6.0,5.0,6.0,8.0,9.0,7.0,6.5,6.9,2.31,5.0,12.0,7.13,5.5,0.5773502691896257,0.999999999090909,0
2025-10-12,Fancies,6.0,Regular Day,15.1,2.0,11.283333333333333,1.5333333333333332,4.600000000000001,16.0,27.0,0.0,-0.5,0.0,100.0,0.0,1.0,18.3,170.37833333333333,1,12,285,0,0,41,10,2025,1,2,0.7818314824680298,0.6234898018587336,0.5877852522924732,-0.8090169943749473,12.0,7.0,9.0,10.0,4.0,11.0,7.14,6.57,6.71,2.27,5.0,12.0,7.1,9.5,2.0816659994661326,0.9999999994736841,0
2025-10-12,Muffins,2.0,Regular Day,15.1,2.0,11.283333333333333,1.5333333333333332,4.600000000000001,16.0,27.0,0.0,-0.5,0.0,100.0,0.0,1.0,18.3,170.37833333333333,1,12,285,0,0,41,10,2025,1,2,0.7818314824680298,0.6234898018587336,0.5877852522924732,-0.8090169943749473,2.0,2.0,6.0,2.0,7.0,,4.14,4.57,4.95,1.68,2.0,6.0,4.45,3.0,2.0,0.49999999937499995,0
2025-10-13,Muffins,5.0,Columbus Day,16.0,2.5,11.25,-0.2666666666666657,4.700000000000001,15.5,29.4,0.0,-0.6000000000000014,0.0,100.0,0.0,0.0,16.5,180.0,2,13,286,0,0,42,10,2025,0,2,0.9749279121818236,-0.22252093395631434,0.5877852522924732,-0.8090169943749473,6.0,11.0,6.0,1.0,9.0,,4.71,4.86,5.14,1.5,2.0,6.0,4.84,6.0,4.08248290463863,2.428571425102041,1
2025-10-13,Fancies,7.0,Columbus Day,16.0,2.5,11.25,-0.2666666666666657,4.700000000000001,15.5,29.4,0.0,-0.6000000000000014,0.0,100.0,0.0,0.0,16.5,180.0,2,13,286,0,0,42,10,2025,0,2,0.9749279121818236,-0.22252093395631434,0.5877852522924732,-0.8090169943749473,6.0,4.0,6.0,4.0,7.0,8.0,6.57,6.29,6.33,2.76,3.0,12.0,6.07,5.0,1.1547005383792515,0.9999999989999999,1
2025-10-14,Fancies,6.0,Regular Day,15.5,2.5,11.2,0.36666666666666714,6.0,15.5,23.2,0.0,-2.1999999999999993,3.888888888888889,99.0,0.0,0.0,3.8,173.6,3,14,287,0,0,42,10,2025,0,2,0.43388373911755823,-0.900968867902419,0.5877852522924732,-0.8090169943749473,7.0,6.0,6.0,11.0,5.0,12.0,6.57,6.21,6.48,2.76,3.0,12.0,6.05,7.5,2.3804761428476167,0.7647058819031142,0
2025-10-14,Muffins,4.0,Regular Day,15.5,2.5,11.2,0.36666666666666714,6.0,15.5,23.2,0.0,-2.1999999999999993,3.888888888888889,99.0,0.0,0.0,3.8,173.6,3,14,287,0,0,42,10,2025,0,2,0.43388373911755823,-0.900968867902419,0.5877852522924732,-0.8090169943749473,4.0,5.0,8.0,4.0,4.0,,4.43,4.93,5.05,1.4,2.0,6.0,4.63,5.25,1.8929694486000912,0.749999999375,0
2025-10-15,Fancies,4.0,Regular Day,15.5,1.0,11.166666666666666,0.6666666666666679,6.4,17.0,15.2,0.0,-1.3000000000000007,9.452777777777778,71.0,0.0,0.0,0.0,173.08333333333331,4,15,288,0,0,42,10,2025,0,3,-0.433883739117558,-0.9009688679024191,-0.587785252292473,-0.8090169943749476,3.0,7.0,7.0,11.0,6.0,7.0,6.0,6.07,6.19,3.06,3.0,12.0,5.29,7.0,3.265986323710904,0.5555555552469136,0
2025-10-15,Muffins,5.0,Regular Day,15.5,1.0,11.166666666666666,0.6666666666666679,6.4,17.0,15.2,0.0,-1.3000000000000007,9.452777777777778,71.0,0.0,0.0,0.0,173.08333333333331,4,15,288,0,0,42,10,2025,0,3,-0.433883739117558,-0.9009688679024191,-0.587785252292473,-0.8090169943749476,6.0,2.0,2.0,2.0,5.0,,6.0,5.86,5.52,4.62,2.0,16.0,7.47,3.0,2.0,1.999999995,0
2025-10-16,Muffins,2.0,Regular Day,17.0,5.9,11.133333333333333,0.7666666666666657,8.100000000000001,12.1,22.4,0.0,-4.0,10.758333333333333,3.0,0.0,0.0,0.0,189.26666666666665,5,16,289,0,0,42,10,2025,0,3,-0.9749279121818236,-0.2225209339563146,-0.587785252292473,-0.8090169943749476,4.0,6.0,3.0,6.0,5.0,,5.86,5.43,5.38,4.71,2.0,16.0,6.35,4.75,1.5,1.1111111098765432,0
2025-10-16,Fancies,4.0,Regular Day,17.0,5.9,11.133333333333333,0.7666666666666657,8.100000000000001,12.1,22.4,0.0,-4.0,10.758333333333333,3.0,0.0,0.0,0.0,189.26666666666665,5,16,289,0,0,42,10,2025,0,3,-0.9749279121818236,-0.2225209339563146,-0.587785252292473,-0.8090169943749476,6.0,6.0,7.0,3.0,4.0,7.0,6.57,6.29,6.38,3.21,3.0,12.0,6.22,5.5,1.7320508075688772,1.1999999987999999,0
2025-10-17,Fancies,5.0,Regular Day,12.1,6.699999999999999,11.083333333333334,0.16666666666666607,10.5,11.3,18.4,0.0,-3.5,10.740833333333333,5.0,0.0,0.0,0.0,134.10833333333335,6,17,290,0,0,42,10,2025,0,3,-0.7818314824680299,0.6234898018587334,-0.587785252292473,-0.8090169943749476,3.0,7.0,5.0,9.0,9.0,10.0,5.71,6.21,6.24,2.14,3.0,9.0,6.16,6.0,2.581988897471611,0.7142857137755102,0
2025-10-17,Muffins,7.0,Regular Day,12.1,6.699999999999999,11.083333333333334,0.16666666666666607,10.5,11.3,18.4,0.0,-3.5,10.740833333333333,5.0,0.0,0.0,0.0,134.10833333333335,6,17,290,0,0,42,10,2025,0,3,-0.7818314824680299,0.6234898018587334,-0.587785252292473,-0.8090169943749476,16.0,5.0,3.0,6.0,3.0,,5.86,5.43,5.19,4.71,2.0,16.0,5.27,7.5,5.802298395176403,2.3333333307407407,0
2025-10-18,Fancies,8.0,Regular Day,11.3,5.1,11.05,0.8333333333333321,12.8,12.9,10.7,0.0,-1.8999999999999986,10.572777777777778,32.0,0.0,0.0,0.0,124.86500000000001,7,18,291,0,0,42,10,2025,1,3,-2.4492935982947064e-16,1.0,-0.587785252292473,-0.8090169943749476,9.0,5.0,6.0,5.0,12.0,7.0,5.86,6.43,6.29,2.19,3.0,9.0,6.37,6.25,1.8929694486000912,1.2727272715702478,0
2025-10-18,Muffins,3.0,Regular Day,11.3,5.1,11.05,0.8333333333333321,12.8,12.9,10.7,0.0,-1.8999999999999986,10.572777777777778,32.0,0.0,0.0,0.0,124.86500000000001,7,18,291,0,0,42,10,2025,1,3,-2.4492935982947064e-16,1.0,-0.587785252292473,-0.8090169943749476,3.0,4.0,9.0,6.0,3.0,,5.71,5.0,5.14,4.72,2.0,16.0,5.2,5.5,2.6457513110645907,0.46666666635555554,0
2025-10-19,Fancies,7.0,Regular Day,12.9,1.1999999999999993,11.0,3.100000000000003,11.1,16.8,22.3,0.0,-0.3999999999999986,10.705555555555556,26.0,0.0,0.0,0.0,141.9,1,19,292,0,0,42,10,2025,1,3,0.7818314824680298,0.6234898018587336,-0.587785252292473,-0.8090169943749476,6.0,12.0,7.0,9.0,5.0,7.0,5.71,6.43,6.29,2.14,3.0,9.0,6.28,8.5,2.6457513110645907,1.1249999992968749,0
2025-10-19,Muffins,5.0,Regular Day,12.9,1.1999999999999993,11.0,3.100000000000003,11.1,16.8,22.3,0.0,-0.3999999999999986,10.705555555555556,26.0,0.0,0.0,0.0,141.9,1,19,292,0,0,42,10,2025,1,3,0.7818314824680298,0.6234898018587336,-0.587785252292473,-0.8090169943749476,2.0,2.0,2.0,6.0,6.0,,5.71,4.93,4.95,4.72,2.0,16.0,4.9,3.0,2.0,0.49999999937499995,0
2025-10-20,Muffins,7.0,Regular Day,16.8,1.1000000000000014,10.966666666666667,1.6333333333333329,7.5,16.9,29.3,0.0,-1.6999999999999993,7.933611111111111,66.0,0.0,0.0,2.0,184.24,2,20,293,0,0,43,10,2025,0,3,0.9749279121818236,-0.22252093395631434,-0.587785252292473,-0.8090169943749476,5.0,6.0,11.0,6.0,7.0,,5.57,5.14,5.1,4.72,2.0,16.0,4.92,7.0,2.70801280154532,0.6470588231487889,0
2025-10-20,Fancies,2.0,Regular Day,16.8,1.1000000000000014,10.966666666666667,1.6333333333333329,7.5,16.9,29.3,0.0,-1.6999999999999993,7.933611111111111,66.0,0.0,0.0,2.0,184.24,2,20,293,0,0,43,10,2025,0,3,0.9749279121818236,-0.22252093395631434,-0.587785252292473,-0.8090169943749476,7.0,6.0,4.0,6.0,7.0,4.0,5.86,6.21,6.14,1.95,3.0,9.0,5.71,5.75,1.2583057392117916,1.2999999987,0
2025-10-21,Fancies,7.0,Regular Day,16.9,4.4,10.916666666666666,-0.5666666666666664,13.2,13.6,16.2,0.0,-3.1999999999999993,10.669722222222223,17.0,0.0,0.0,0.0,184.49166666666665,3,21,294,0,0,43,10,2025,0,3,0.43388373911755823,-0.900968867902419,-0.587785252292473,-0.8090169943749476,6.0,7.0,6.0,6.0,5.0,7.0,5.57,6.07,6.0,2.07,3.0,9.0,5.28,6.25,0.5,1.0833333324305554,0
2025-10-21,Muffins,8.0,Regular Day,16.9,4.4,10.916666666666666,-0.5666666666666664,13.2,13.6,16.2,0.0,-3.1999999999999993,10.669722222222223,17.0,0.0,0.0,0.0,184.49166666666665,3,21,294,0,0,43,10,2025,0,3,0.43388373911755823,-0.900968867902419,-0.587785252292473,-0.8090169943749476,4.0,4.0,5.0,8.0,8.0,,5.29,4.86,5.05,4.89,2.0,16.0,4.19,5.25,1.8929694486000912,0.6153846149112425,0
2025-10-22,Fancies,2.0,Regular Day,13.6,2.6999999999999993,10.883333333333333,0.6666666666666661,6.499999999999998,15.3,23.4,0.0,-3.6999999999999993,9.651666666666667,44.0,0.0,0.0,4.4,148.01333333333332,4,22,295,0,0,43,10,2025,0,4,-0.433883739117558,-0.9009688679024191,-0.9510565162951536,0.30901699437494723,4.0,3.0,7.0,7.0,1.0,3.0,5.86,5.93,6.0,1.77,4.0,9.0,5.21,5.25,2.0615528128088303,0.49999999964285713,0
2025-10-22,Muffins,3.0,Regular Day,13.6,2.6999999999999993,10.883333333333333,0.6666666666666661,6.499999999999998,15.3,23.4,0.0,-3.6999999999999993,9.651666666666667,44.0,0.0,0.0,4.4,148.01333333333332,4,22,295,0,0,43,10,2025,0,4,-0.433883739117558,-0.9009688679024191,-0.9510565162951536,0.30901699437494723,5.0,6.0,2.0,2.0,21.0,,4.0,5.0,5.24,1.83,2.0,7.0,4.89,3.75,2.0615528128088303,2.749999993125,0
2025-10-23,Muffins,13.0,Regular Day,15.3,5.4,10.85,-1.5666666666666664,8.500000000000002,12.6,18.4,0.0,-4.400000000000002,9.757777777777777,45.0,0.0,0.0,0.0,166.005,5,23,296,0,0,43,10,2025,0,4,-0.9749279121818236,-0.2225209339563146,-0.9510565162951536,0.30901699437494723,2.0,4.0,6.0,3.0,9.0,,4.0,4.93,4.95,1.83,2.0,7.0,4.42,3.75,1.707825127659933,0.6666666659259258,0
2025-10-23,Fancies,5.0,Regular Day,15.3,5.4,10.85,-1.5666666666666664,8.500000000000002,12.6,18.4,0.0,-4.400000000000002,9.757777777777777,45.0,0.0,0.0,0.0,166.005,5,23,296,0,0,43,10,2025,0,4,-0.9749279121818236,-0.2225209339563146,-0.9510565162951536,0.30901699437494723,4.0,6.0,6.0,7.0,7.0,4.0,5.71,6.14,6.1,1.5,4.0,8.0,5.91,5.75,1.2583057392117916,0.7692307686390532,0
2025-10-24,Muffins,6.0,Regular Day,12.6,8.0,10.8,-3.166666666666666,10.3,10.0,16.6,0.0,-4.200000000000001,9.997777777777777,16.0,0.0,0.0,0.0,136.08,6,24,297,0,0,43,10,2025,0,4,-0.7818314824680299,0.6234898018587334,-0.9510565162951536,0.30901699437494723,7.0,16.0,5.0,3.0,12.0,,4.43,5.14,5.1,1.62,2.0,7.0,4.57,7.75,5.737304826019502,2.87499999640625,0
2025-10-24,Fancies,3.0,Regular Day,12.6,8.0,10.8,-3.166666666666666,10.3,10.0,16.6,0.0,-4.200000000000001,9.997777777777777,16.0,0.0,0.0,0.0,136.08,6,24,297,0,0,43,10,2025,0,4,-0.7818314824680299,0.6234898018587334,-0.9510565162951536,0.30901699437494723,5.0,3.0,7.0,5.0,10.0,8.0,5.86,5.79,6.1,1.57,4.0,8.0,6.18,5.0,1.632993161855452,0.666666666111111,0
2025-10-25,Muffins,6.0,Regular Day,10.0,8.0,10.766666666666667,-3.866666666666667,11.200000000000001,10.0,11.7,0.0,-2.8000000000000007,9.043611111111112,33.0,0.0,0.0,0.0,107.66666666666667,7,25,298,0,0,43,10,2025,1,4,-2.4492935982947064e-16,1.0,-0.9510565162951536,0.30901699437494723,3.0,3.0,4.0,9.0,4.0,,4.71,5.21,4.9,1.89,2.0,7.0,5.17,4.75,2.8722813232690143,0.46153846118343195,0
2025-10-25,Fancies,5.0,Regular Day,10.0,8.0,10.766666666666667,-3.866666666666667,11.200000000000001,10.0,11.7,0.0,-2.8000000000000007,9.043611111111112,33.0,0.0,0.0,0.0,107.66666666666667,7,25,298,0,0,43,10,2025,1,4,-2.4492935982947064e-16,1.0,-0.9510565162951536,0.30901699437494723,8.0,9.0,5.0,6.0,7.0,3.0,5.14,5.5,6.0,2.04,2.0,8.0,5.14,7.0,1.8257418583505538,1.5454545440495866,0
2025-10-26,Fancies,3.0,Regular Day,10.0,6.699999999999999,10.716666666666667,-2.333333333333332,10.200000000000001,11.3,9.4,0.0,-3.200000000000001,10.397777777777778,68.0,0.0,0.0,0.0,107.16666666666667,1,26,299,0,0,43,10,2025,1,4,0.7818314824680298,0.6234898018587336,-0.9510565162951536,0.30901699437494723,7.0,6.0,12.0,7.0,8.0,9.0,5.29,5.5,6.05,2.14,2.0,8.0,5.6,8.0,2.70801280154532,0.6842105259556787,0
2025-10-26,Muffins,10.0,Regular Day,10.0,6.699999999999999,10.716666666666667,-2.333333333333332,10.200000000000001,11.3,9.4,0.0,-3.200000000000001,10.397777777777778,68.0,0.0,0.0,0.0,107.16666666666667,1,26,299,0,0,43,10,2025,1,4,0.7818314824680298,0.6234898018587336,-0.9510565162951536,0.30901699437494723,5.0,2.0,2.0,2.0,2.0,,5.29,5.5,5.05,2.21,2.0,8.0,5.88,2.75,1.5,1.749999995625,0
2025-10-27,Muffins,11.0,Regular Day,11.3,8.3,10.666666666666666,-4.600000000000003,10.399999999999999,9.7,12.8,0.0,-2.8999999999999986,9.854166666666666,50.0,0.0,0.0,0.0,120.53333333333333,2,27,300,0,0,44,10,2025,0,4,0.9749279121818236,-0.22252093395631434,-0.9510565162951536,0.30901699437494723,7.0,5.0,6.0,11.0,8.0,,5.0,5.29,5.1,2.38,2.0,8.0,5.16,7.25,2.6299556396765835,0.7058823525259516,0
2025-10-27,Fancies,3.0,Regular Day,11.3,8.3,10.666666666666666,-4.600000000000003,10.399999999999999,9.7,12.8,0.0,-2.8999999999999986,9.854166666666666,50.0,0.0,0.0,0.0,120.53333333333333,2,27,300,0,0,44,10,2025,0,4,0.9749279121818236,-0.22252093395631434,-0.9510565162951536,0.30901699437494723,2.0,7.0,6.0,4.0,7.0,5.0,5.0,5.43,5.81,2.45,2.0,8.0,4.7,4.75,2.217355782608345,0.8999999991,0
2025-10-28,Fancies,0.0,Regular Day,9.7,9.0,10.633333333333333,-4.433333333333332,7.0,9.0,26.2,0.0,-4.9,1.3897222222222223,91.0,0.0,0.0,1.1,103.14333333333332,3,28,301,0,0,44,10,2025,0,4,0.43388373911755823,-0.900968867902419,-0.9510565162951536,0.30901699437494723,7.0,6.0,7.0,6.0,7.0,6.0,5.14,5.36,5.76,2.41,2.0,8.0,4.78,6.5,0.5773502691896257,0.9999999992307692,0
2025-10-28,Muffins,9.0,Regular Day,9.7,9.0,10.633333333333333,-4.433333333333332,7.0,9.0,26.2,0.0,-4.9,1.3897222222222223,91.0,0.0,0.0,1.1,103.14333333333332,3,28,301,0,0,44,10,2025,0,4,0.43388373911755823,-0.900968867902419,-0.9510565162951536,0.30901699437494723,8.0,4.0,4.0,5.0,7.0,,6.57,5.93,5.43,3.46,3.0,13.0,7.12,5.25,1.8929694486000912,1.3333333318518517,0
2025-10-29,Muffins,7.0,Regular Day,9.0,6.699999999999999,10.6,-1.466666666666665,5.300000000000001,11.3,21.0,0.0,-3.3000000000000007,4.886388888888889,99.0,0.0,0.0,0.5,95.39999999999999,4,29,302,0,0,44,10,2025,0,5,-0.433883739117558,-0.9009688679024191,-2.4492935982947064e-16,1.0,3.0,5.0,6.0,2.0,9.0,,6.43,5.21,5.48,3.46,3.0,13.0,6.84,4.0,1.8257418583505538,0.9999999987499999,0
2025-10-29,Fancies,6.0,Regular Day,9.0,6.699999999999999,10.6,-1.466666666666665,5.300000000000001,11.3,21.0,0.0,-3.3000000000000007,4.886388888888889,99.0,0.0,0.0,0.5,95.39999999999999,4,29,302,0,0,44,10,2025,0,5,-0.433883739117558,-0.9009688679024191,-2.4492935982947064e-16,1.0,2.0,4.0,3.0,7.0,7.0,9.0,4.86,5.36,5.57,2.54,2.0,8.0,4.33,4.0,2.160246899469287,0.5999999993999999,0
2025-10-30,Muffins,8.0,Regular Day,11.3,2.6999999999999993,10.566666666666666,0.16666666666666607,6.700000000000001,15.3,29.4,0.0,1.5,1.791388888888889,98.0,0.0,0.0,36.2,119.40333333333334,5,30,303,0,0,44,10,2025,0,5,-0.9749279121818236,-0.2225209339563146,-2.4492935982947064e-16,1.0,13.0,2.0,4.0,6.0,6.0,,6.86,5.43,5.57,3.13,3.0,13.0,6.63,6.25,4.7871355387816905,1.4999999984999999,0
2025-10-30,Fancies,5.0,Regular Day,11.3,2.6999999999999993,10.566666666666666,0.16666666666666607,6.700000000000001,15.3,29.4,0.0,1.5,1.791388888888889,98.0,0.0,0.0,36.2,119.40333333333334,5,30,303,0,0,44,10,2025,0,5,-0.9749279121818236,-0.2225209339563146,-2.4492935982947064e-16,1.0,5.0,4.0,6.0,6.0,9.0,8.0,4.43,5.07,5.57,2.15,2.0,7.0,4.5,5.25,0.9574271077563381,0.749999999375,0
2025-10-31,Fancies,6.0,Halloween,15.3,4.9,10.533333333333333,-0.06666666666666643,6.200000000000001,13.1,34.1,0.0,0.09999999999999787,9.99611111111111,14.0,0.0,0.0,0.2,161.16,6,31,304,0,1,44,10,2025,0,5,-0.7818314824680299,0.6234898018587334,-2.4492935982947064e-16,1.0,3.0,5.0,3.0,7.0,10.0,9.0,3.86,4.86,5.14,1.86,2.0,7.0,4.12,4.5,1.9148542155126762,0.7999999992,1
2025-10-31,Muffins,11.0,Halloween,15.3,4.9,10.533333333333333,-0.06666666666666643,6.200000000000001,13.1,34.1,0.0,0.09999999999999787,9.99611111111111,14.0,0.0,0.0,0.2,161.16,6,31,304,0,1,44,10,2025,0,5,-0.7818314824680299,0.6234898018587334,-2.4492935982947064e-16,1.0,6.0,7.0,16.0,5.0,4.0,,7.57,6.0,5.95,3.21,3.0,13.0,7.47,8.5,5.066228051190222,0.6190476187528344,1
2025-11-01,Fancies,2.0,Regular Day,13.1,6.0,10.483333333333333,-1.200000000000001,6.799999999999999,12.0,25.0,0.0,-4.6,10.075277777777778,26.0,0.0,0.0,0.0,137.33166666666665,7,1,305,1,0,44,11,2025,1,1,-2.4492935982947064e-16,1.0,0.9510565162951535,0.30901699437494745,5.0,8.0,9.0,5.0,9.0,5.0,4.0,4.57,5.0,1.73,2.0,7.0,3.84,6.75,2.0615528128088303,0.9285714279081632,0
2025-11-01,Muffins,6.0,Regular Day,13.1,6.0,10.483333333333333,-1.200000000000001,6.799999999999999,12.0,25.0,0.0,-4.6,10.075277777777778,26.0,0.0,0.0,0.0,137.33166666666665,7,1,305,1,0,44,11,2025,1,1,-2.4492935982947064e-16,1.0,0.9510565162951535,0.30901699437494745,6.0,3.0,3.0,4.0,2.0,,8.14,6.43,6.19,3.44,3.0,13.0,8.35,4.0,1.4142135623730951,1.285714283877551,0
2025-11-02,Muffins,8.0,Regular Day,12.0,8.4,10.45,-2.299999999999999,14.0,9.6,11.1,0.0,-2.5,9.978333333333333,24.0,0.0,0.0,0.0,125.39999999999999,1,2,306,0,0,44,11,2025,1,1,0.7818314824680298,0.6234898018587336,0.9510565162951535,0.30901699437494745,10.0,5.0,2.0,2.0,3.0,,8.29,6.79,6.43,3.45,3.0,13.0,8.52,4.75,3.774917217635375,3.749999990625,0
2025-11-02,Fancies,2.0,Regular Day,12.0,8.4,10.45,-2.299999999999999,14.0,9.6,11.1,0.0,-2.5,9.978333333333333,24.0,0.0,0.0,0.0,125.39999999999999,1,2,306,0,0,44,11,2025,1,1,0.7818314824680298,0.6234898018587336,0.9510565162951535,0.30901699437494745,3.0,7.0,6.0,12.0,9.0,8.0,3.0,4.14,4.67,1.73,0.0,5.0,2.88,7.0,3.7416573867739413,0.5555555552469136,0
2025-11-03,Muffins,10.0,Regular Day,9.6,6.699999999999999,10.416666666666666,0.4666666666666668,7.300000000000001,11.3,9.7,0.0,-0.5,3.930833333333333,81.0,0.0,0.0,0.9,99.99999999999999,2,3,307,0,0,45,11,2025,0,1,0.9749279121818236,-0.22252093395631434,0.9510565162951535,0.30901699437494745,11.0,7.0,5.0,6.0,2.0,,8.86,6.93,6.48,2.67,6.0,13.0,8.14,7.25,2.6299556396765835,1.6363636348760329,0
2025-11-03,Fancies,5.0,Regular Day,9.6,6.699999999999999,10.416666666666666,0.4666666666666668,7.300000000000001,11.3,9.7,0.0,-0.5,3.930833333333333,81.0,0.0,0.0,0.9,99.99999999999999,2,3,307,0,0,45,11,2025,0,1,0.9749279121818236,-0.22252093395631434,0.9510565162951535,0.30901699437494745,3.0,2.0,7.0,6.0,5.0,7.0,3.57,4.29,4.81,1.99,0.0,6.0,3.66,4.5,2.3804761428476167,0.3846153843195266,0
2025-11-04,Muffins,11.0,Regular Day,11.3,6.1,10.383333333333333,1.5000000000000018,7.4,11.9,22.7,0.0,-5.600000000000001,9.9625,1.0,0.0,0.0,0.0,117.33166666666666,3,4,308,0,0,45,11,2025,0,1,0.43388373911755823,-0.900968867902419,0.9510565162951535,0.30901699437494745,9.0,8.0,4.0,4.0,8.0,,8.14,7.36,6.67,1.95,6.0,11.0,8.1,6.25,2.6299556396765835,2.1249999973437497,0
2025-11-04,Fancies,7.0,Regular Day,11.3,6.1,10.383333333333333,1.5000000000000018,7.4,11.9,22.7,0.0,-5.600000000000001,9.9625,1.0,0.0,0.0,0.0,117.33166666666666,3,4,308,0,0,45,11,2025,0,1,0.43388373911755823,-0.900968867902419,0.9510565162951535,0.30901699437494745,0.0,7.0,6.0,7.0,11.0,5.0,3.57,4.36,4.76,1.99,0.0,6.0,4.0,5.0,3.366501646120693,0.5384615380473372,0
2025-11-05,Muffins,4.0,Regular Day,11.9,6.300000000000001,10.333333333333334,0.5333333333333332,14.2,11.7,23.1,0.0,-4.799999999999999,9.866111111111111,18.0,0.0,0.0,0.0,122.96666666666668,4,5,309,0,0,45,11,2025,0,1,-0.433883739117558,-0.9009688679024191,0.9510565162951535,0.30901699437494745,7.0,3.0,5.0,6.0,9.0,,8.86,7.64,6.43,1.95,6.0,11.0,8.83,5.25,1.707825127659933,0.9090909082644627,0
2025-11-05,Fancies,4.0,Regular Day,11.9,6.300000000000001,10.333333333333334,0.5333333333333332,14.2,11.7,23.1,0.0,-4.799999999999999,9.866111111111111,18.0,0.0,0.0,0.0,122.96666666666668,4,5,309,0,0,45,11,2025,0,1,-0.433883739117558,-0.9009688679024191,0.9510565162951535,0.30901699437494745,6.0,2.0,4.0,3.0,5.0,3.0,4.0,4.43,4.9,2.16,0.0,6.0,4.5,3.75,1.707825127659933,1.14285714122449,0
2025-11-06,Muffins,9.0,Regular Day,11.7,5.4,10.3,-0.3000000000000007,9.1,12.6,26.1,0.0,-4.4,9.858888888888888,20.0,0.0,0.0,0.0,120.51,5,6,310,0,0,45,11,2025,0,1,-0.9749279121818236,-0.2225209339563146,0.9510565162951535,0.30901699437494745,8.0,13.0,2.0,4.0,5.0,,8.86,7.86,6.57,1.95,6.0,11.0,8.12,6.75,4.856267428111155,3.4999999941666666,0
2025-11-06,Fancies,3.0,Regular Day,11.7,5.4,10.3,-0.3000000000000007,9.1,12.6,26.1,0.0,-4.4,9.858888888888888,20.0,0.0,0.0,0.0,120.51,5,6,310,0,0,45,11,2025,0,1,-0.9749279121818236,-0.2225209339563146,0.9510565162951535,0.30901699437494745,5.0,5.0,4.0,6.0,7.0,8.0,3.57,4.0,4.57,2.23,0.0,6.0,3.87,5.0,0.816496580927726,0.9999999989999999,0
2025-11-07,Fancies,3.0,Regular Day,12.6,9.6,10.266666666666667,-6.300000000000001,15.000000000000002,8.4,21.5,0.0,-4.900000000000002,9.001666666666667,66.0,0.0,0.0,0.0,129.36,6,7,311,0,0,45,11,2025,0,1,-0.7818314824680299,0.6234898018587334,0.9510565162951535,0.30901699437494745,6.0,3.0,5.0,3.0,9.0,4.0,3.43,3.64,4.38,2.3,0.0,6.0,3.4,4.25,1.5,1.12499999859375,0
2025-11-07,Muffins,11.0,Regular Day,12.6,9.6,10.266666666666667,-6.300000000000001,15.000000000000002,8.4,21.5,0.0,-4.900000000000002,9.001666666666667,66.0,0.0,0.0,0.0,129.36,6,7,311,0,0,45,11,2025,0,1,-0.7818314824680299,0.6234898018587334,0.9510565162951535,0.30901699437494745,11.0,6.0,7.0,16.0,3.0,,8.57,8.07,6.86,1.9,6.0,11.0,8.09,10.0,4.546060565661952,0.7391304344612476,0
2025-11-08,Fancies,4.0,Regular Day,8.4,2.0999999999999996,10.233333333333333,-0.40000000000000036,6.6,15.9,20.7,0.0,-2.0,9.744444444444444,64.0,0.0,1.0,1.7,85.96,7,8,312,0,0,45,11,2025,1,2,-2.4492935982947064e-16,1.0,0.5877852522924732,-0.8090169943749473,2.0,5.0,8.0,9.0,8.0,5.0,3.71,3.86,4.29,2.36,0.0,6.0,3.8,6.0,3.1622776601683795,0.4117647056401384,0
2025-11-08,Muffins,9.0,Regular Day,8.4,2.0999999999999996,10.233333333333333,-0.40000000000000036,6.6,15.9,20.7,0.0,-2.0,9.744444444444444,64.0,0.0,1.0,1.7,85.96,7,8,312,0,0,45,11,2025,1,2,-2.4492935982947064e-16,1.0,0.5877852522924732,-0.8090169943749473,6.0,6.0,3.0,3.0,4.0,,8.43,8.29,7.1,1.72,6.0,11.0,8.57,4.5,1.7320508075688772,1.9999999966666666,0
2025-11-09,Fancies,6.0,Regular Day,15.9,3.9000000000000004,10.2,-0.033333333333333215,7.100000000000001,14.1,15.3,0.0,0.6999999999999993,3.3008333333333333,54.0,0.0,0.0,7.3,162.17999999999998,1,9,313,0,0,45,11,2025,1,2,0.7818314824680298,0.6234898018587336,0.5877852522924732,-0.8090169943749473,2.0,3.0,7.0,6.0,3.0,9.0,4.71,3.86,4.33,1.98,2.0,7.0,4.6,4.5,2.3804761428476167,0.3846153843195266,0
2025-11-09,Muffins,18.0,Regular Day,15.9,3.9000000000000004,10.2,-0.033333333333333215,7.100000000000001,14.1,15.3,0.0,0.6999999999999993,3.3008333333333333,54.0,0.0,0.0,7.3,162.17999999999998,1,9,313,0,0,45,11,2025,1,2,0.7818314824680298,0.6234898018587336,0.5877852522924732,-0.8090169943749473,8.0,10.0,5.0,2.0,1.0,,8.71,8.5,7.43,1.98,6.0,11.0,9.18,6.25,3.5,2.571428567755102,0
2025-11-10,Fancies,6.0,Regular Day,14.1,6.800000000000001,10.166666666666666,-0.16666666666666607,10.2,11.2,22.9,0.0,0.40000000000000036,6.2725,75.0,0.0,0.0,8.7,143.35,2,10,314,0,0,46,11,2025,0,2,0.9749279121818236,-0.22252093395631434,0.5877852522924732,-0.8090169943749473,5.0,3.0,2.0,7.0,6.0,5.0,4.43,4.0,4.33,1.9,2.0,7.0,4.45,4.25,2.217355782608345,0.8888888879012344,0
2025-11-10,Muffins,5.0,Regular Day,14.1,6.800000000000001,10.166666666666666,-0.16666666666666607,10.2,11.2,22.9,0.0,0.40000000000000036,6.2725,75.0,0.0,0.0,8.7,143.35,2,10,314,0,0,46,11,2025,0,2,0.9749279121818236,-0.22252093395631434,0.5877852522924732,-0.8090169943749473,10.0,11.0,7.0,5.0,5.0,,8.29,8.57,7.38,2.63,4.0,11.0,7.88,8.25,2.753785273643051,1.7499999985416665,0
2025-11-11,Muffins,5.0,Veterans Day,11.2,15.0,10.133333333333333,-3.5,5.9,3.0,36.5,0.0,-6.2,8.296388888888888,38.0,0.0,0.0,0.0,113.49333333333333,3,11,315,0,0,46,11,2025,0,2,0.43388373911755823,-0.900968867902419,0.5877852522924732,-0.8090169943749473,11.0,9.0,8.0,4.0,3.0,,8.43,8.29,7.71,2.64,4.0,11.0,8.16,8.0,2.943920288775949,1.6666666652777777,1
2025-11-11,Fancies,2.0,Veterans Day,11.2,15.0,10.133333333333333,-3.5,5.9,3.0,36.5,0.0,-6.2,8.296388888888888,38.0,0.0,0.0,0.0,113.49333333333333,3,11,315,0,0,46,11,2025,0,2,0.43388373911755823,-0.900968867902419,0.5877852522924732,-0.8090169943749473,7.0,0.0,7.0,6.0,3.0,6.0,4.14,3.86,4.29,1.95,2.0,7.0,4.09,5.0,3.366501646120693,0.5384615380473372,1
2025-11-12,Fancies,5.0,Regular Day,3.0,11.8,10.083333333333334,-3.666666666666665,9.7,6.2,20.9,0.0,-5.3,5.027777777777778,69.0,0.0,0.0,0.0,30.25,4,12,316,0,0,46,11,2025,0,2,-0.433883739117558,-0.9009688679024191,0.5877852522924732,-0.8090169943749473,4.0,6.0,2.0,4.0,8.0,9.0,3.71,3.86,4.19,1.8,2.0,7.0,3.82,4.0,1.632993161855452,1.666666663888889,0
2025-11-12,Muffins,8.0,Regular Day,3.0,11.8,10.083333333333334,-3.666666666666665,9.7,6.2,20.9,0.0,-5.3,5.027777777777778,69.0,0.0,0.0,0.0,30.25,4,12,316,0,0,46,11,2025,0,2,-0.433883739117558,-0.9009688679024191,0.5877852522924732,-0.8090169943749473,4.0,7.0,3.0,5.0,6.0,,8.43,8.64,7.9,2.64,4.0,11.0,8.87,4.75,1.707825127659933,1.37499999828125,0
2025-11-13,Muffins,12.0,Regular Day,6.2,9.2,10.05,0.5999999999999996,5.3999999999999995,8.8,30.5,0.0,-6.299999999999999,9.22638888888889,31.0,0.0,0.0,0.1,62.31000000000001,5,13,317,0,0,46,11,2025,0,2,-0.9749279121818236,-0.2225209339563146,0.5877852522924732,-0.8090169943749473,9.0,8.0,13.0,2.0,7.0,,8.86,8.86,8.19,2.41,4.0,11.0,8.9,8.0,4.546060565661952,1.1333333325777777,0
2025-11-13,Fancies,5.0,Regular Day,6.2,9.2,10.05,0.5999999999999996,5.3999999999999995,8.8,30.5,0.0,-6.299999999999999,9.22638888888889,31.0,0.0,0.0,0.1,62.31000000000001,5,13,317,0,0,46,11,2025,0,2,-0.9749279121818236,-0.2225209339563146,0.5877852522924732,-0.8090169943749473,3.0,5.0,5.0,4.0,4.0,5.0,4.0,3.79,4.0,1.63,2.0,7.0,3.86,4.25,0.9574271077563381,0.8888888879012344,0
2025-11-14,Muffins,9.0,Regular Day,8.8,11.1,10.033333333333333,0.20000000000000018,9.399999999999999,6.9,19.8,0.0,-5.3999999999999995,9.134444444444444,25.0,0.0,0.0,0.0,88.29333333333334,6,14,318,0,0,46,11,2025,0,2,-0.7818314824680299,0.6234898018587334,0.5877852522924732,-0.8090169943749473,11.0,11.0,6.0,7.0,3.0,,10.29,9.43,8.81,4.15,4.0,18.0,11.18,8.75,2.6299556396765835,1.6923076910059172,0
2025-11-14,Fancies,4.0,Regular Day,8.8,11.1,10.033333333333333,0.20000000000000018,9.399999999999999,6.9,19.8,0.0,-5.3999999999999995,9.134444444444444,25.0,0.0,0.0,0.0,88.29333333333334,6,14,318,0,0,46,11,2025,0,2,-0.7818314824680299,0.6234898018587334,0.5877852522924732,-0.8090169943749473,3.0,6.0,3.0,5.0,5.0,1.0,4.57,4.0,3.95,1.51,3.0,7.0,4.4,4.25,1.5,1.12499999859375,0
2025-11-15,Fancies,4.0,National Music Day,6.9,9.3,10.0,1.9333333333333336,11.0,8.7,15.0,0.0,-3.0999999999999996,7.0,87.0,0.0,0.0,0.1,69.0,7,15,319,0,0,46,11,2025,1,3,-2.4492935982947064e-16,1.0,-0.587785252292473,-0.8090169943749476,4.0,2.0,5.0,8.0,7.0,6.0,4.71,4.21,4.14,1.6,3.0,7.0,4.8,4.75,2.5,0.46153846118343195,1
2025-11-15,Muffins,11.0,National Music Day,6.9,9.3,10.0,1.9333333333333336,11.0,8.7,15.0,0.0,-3.0999999999999996,7.0,87.0,0.0,0.0,0.1,69.0,7,15,319,0,0,46,11,2025,1,3,-2.4492935982947064e-16,1.0,-0.587785252292473,-0.8090169943749476,9.0,6.0,6.0,3.0,3.0,,9.57,9.0,8.71,4.61,4.0,18.0,9.63,6.0,2.449489742783178,1.6666666648148147,1
2025-11-16,Muffins,6.0,Regular Day,8.7,3.6999999999999993,9.966666666666667,3.166666666666666,8.3,14.3,30.9,0.0,-3.5,8.300833333333333,67.0,0.0,0.0,0.7,86.71,1,16,320,0,0,46,11,2025,1,3,0.7818314824680298,0.6234898018587336,-0.587785252292473,-0.8090169943749476,18.0,8.0,10.0,5.0,8.0,,8.71,8.71,8.57,4.86,4.0,18.0,8.47,10.25,5.560275772537426,1.7333333321777777,0
2025-11-16,Fancies,3.0,Regular Day,8.7,3.6999999999999993,9.966666666666667,3.166666666666666,8.3,14.3,30.9,0.0,-3.5,8.300833333333333,67.0,0.0,0.0,0.7,86.71,1,16,320,0,0,46,11,2025,1,3,0.7818314824680298,0.6234898018587336,-0.587785252292473,-0.8090169943749476,6.0,2.0,3.0,7.0,9.0,8.0,4.0,4.36,3.9,1.53,2.0,6.0,4.1,4.5,2.3804761428476167,0.7999999992,0
2025-11-17,Fancies,3.0,Regular Day,14.3,11.8,9.933333333333334,-3.8999999999999995,4.9,6.2,31.3,0.0,-6.0,7.469166666666666,35.0,0.0,0.0,0.0,142.04666666666668,2,17,321,0,0,47,11,2025,0,3,0.9749279121818236,-0.22252093395631434,-0.587785252292473,-0.8090169943749476,6.0,5.0,3.0,2.0,10.0,2.0,4.14,4.29,4.05,1.57,2.0,6.0,4.32,4.0,1.8257418583505538,2.1999999956,0
2025-11-17,Muffins,5.0,Regular Day,14.3,11.8,9.933333333333334,-3.8999999999999995,4.9,6.2,31.3,0.0,-6.0,7.469166666666666,35.0,0.0,0.0,0.0,142.04666666666668,2,17,321,0,0,47,11,2025,0,3,0.9749279121818236,-0.22252093395631434,-0.587785252292473,-0.8090169943749476,5.0,10.0,11.0,7.0,5.0,,9.29,8.79,8.81,4.42,5.0,18.0,8.36,8.25,2.753785273643051,0.8333333328703704,0
2025-11-18,Muffins,14.0,Regular Day,6.2,12.9,9.916666666666666,-4.4,8.5,5.1,16.6,0.0,-4.6,9.0,40.0,0.0,0.0,0.0,61.483333333333334,3,18,322,0,0,47,11,2025,0,3,0.43388373911755823,-0.900968867902419,-0.587785252292473,-0.8090169943749476,5.0,11.0,9.0,8.0,7.0,,9.71,9.07,8.76,4.54,5.0,18.0,9.27,8.25,2.5,0.941176470034602,0
2025-11-18,Fancies,6.0,Regular Day,6.2,12.9,9.916666666666666,-4.4,8.5,5.1,16.6,0.0,-4.6,9.0,40.0,0.0,0.0,0.0,61.483333333333334,3,18,322,0,0,47,11,2025,0,3,0.43388373911755823,-0.900968867902419,-0.587785252292473,-0.8090169943749476,2.0,7.0,0.0,7.0,7.0,6.0,4.43,4.29,4.05,1.51,2.0,6.0,4.49,4.0,3.559026084010437,1.285714283877551,0
2025-11-19,Muffins,8.0,Regular Day,5.1,11.7,9.883333333333333,-1.9000000000000012,4.0,6.3,21.3,1.0,-3.5,0.0,100.0,0.0,0.0,10.9,50.404999999999994,4,19,323,0,0,47,11,2025,0,3,-0.433883739117558,-0.9009688679024191,-0.587785252292473,-0.8090169943749476,8.0,4.0,7.0,3.0,6.0,,9.43,8.93,8.9,4.5,5.0,18.0,9.2,5.5,2.3804761428476167,1.1999999987999999,0
2025-11-19,Fancies,4.0,Regular Day,5.1,11.7,9.883333333333333,-1.9000000000000012,4.0,6.3,21.3,1.0,-3.5,0.0,100.0,0.0,0.0,10.9,50.404999999999994,4,19,323,0,0,47,11,2025,0,3,-0.433883739117558,-0.9009688679024191,-0.587785252292473,-0.8090169943749476,5.0,4.0,6.0,2.0,6.0,4.0,4.57,4.14,4.1,1.4,2.0,6.0,4.37,4.25,1.707825127659933,1.12499999859375,0
2025-11-20,Muffins,10.0,Regular Day,6.3,11.1,9.833333333333334,-0.8666666666666654,8.5,6.9,8.3,0.0,-2.4000000000000004,5.0713888888888885,100.0,0.0,0.0,0.0,61.95,5,20,324,0,0,47,11,2025,0,3,-0.9749279121818236,-0.2225209339563146,-0.587785252292473,-0.8090169943749476,12.0,9.0,8.0,13.0,7.0,,9.71,9.29,9.14,4.54,5.0,18.0,9.65,10.5,2.3804761428476167,0.9999999995238095,0
2025-11-20,Fancies,5.0,Regular Day,6.3,11.1,9.833333333333334,-0.8666666666666654,8.5,6.9,8.3,0.0,-2.4000000000000004,5.0713888888888885,100.0,0.0,0.0,0.0,61.95,5,20,324,0,0,47,11,2025,0,3,-0.9749279121818236,-0.2225209339563146,-0.587785252292473,-0.8090169943749476,5.0,3.0,5.0,5.0,7.0,4.0,4.57,4.29,4.05,1.4,2.0,6.0,4.28,4.5,1.0,0.7999999992,0
2025-11-21,Muffins,12.0,Donut Day - 2025,6.9,8.3,9.816666666666666,0.40000000000000036,7.300000000000001,9.7,12.2,0.0,-2.5,7.0,100.0,0.0,0.0,0.0,67.735,6,21,325,0,0,47,11,2025,0,3,-0.7818314824680299,0.6234898018587334,-0.587785252292473,-0.8090169943749476,9.0,11.0,11.0,6.0,6.0,,8.0,9.14,8.95,2.83,5.0,12.0,8.74,9.25,2.362907813126304,1.1764705875432526,1
2025-11-21,Fancies,5.0,Donut Day - 2025,6.9,8.3,9.816666666666666,0.40000000000000036,7.300000000000001,9.7,12.2,0.0,-2.5,7.0,100.0,0.0,0.0,0.0,67.735,6,21,325,0,0,47,11,2025,0,3,-0.7818314824680299,0.6234898018587334,-0.587785252292473,-0.8090169943749476,4.0,3.0,6.0,3.0,6.0,6.0,4.14,4.36,4.05,1.35,2.0,6.0,3.96,4.0,1.4142135623730951,0.7777777769135802,1
2025-11-22,Fancies,7.0,Regular Day,9.7,7.9,9.783333333333333,-1.0666666666666664,2.5,10.1,14.7,0.0,-1.4000000000000004,2.4980555555555557,98.0,0.0,0.0,8.5,94.89833333333333,7,22,326,0,0,47,11,2025,1,4,-2.4492935982947064e-16,1.0,-0.9510565162951536,0.30901699437494723,4.0,4.0,2.0,5.0,3.0,3.0,3.71,4.21,4.05,1.11,2.0,5.0,3.72,3.75,1.2583057392117916,1.14285714122449,0
2025-11-22,Muffins,9.0,Regular Day,9.7,7.9,9.783333333333333,-1.0666666666666664,2.5,10.1,14.7,0.0,-1.4000000000000004,2.4980555555555557,98.0,0.0,0.0,8.5,94.89833333333333,7,22,326,0,0,47,11,2025,1,4,-2.4492935982947064e-16,1.0,-0.9510565162951536,0.30901699437494723,11.0,9.0,6.0,6.0,7.0,,8.0,8.79,8.67,2.83,5.0,12.0,7.8,8.0,2.449489742783178,1.6666666652777777,0
2025-11-23,Muffins,7.0,Regular Day,10.1,12.1,9.766666666666667,-0.7666666666666666,13.5,5.9,16.8,0.0,-3.9000000000000004,8.198888888888888,36.0,0.0,0.0,0.2,98.64333333333335,1,23,327,0,0,47,11,2025,1,4,0.7818314824680298,0.6234898018587336,-0.9510565162951536,0.30901699437494723,6.0,18.0,8.0,10.0,5.0,,9.29,9.0,8.9,3.25,5.0,14.0,9.35,10.5,5.259911279353167,1.3333333325925925,0
2025-11-23,Fancies,3.0,Regular Day,10.1,12.1,9.766666666666667,-0.7666666666666666,13.5,5.9,16.8,0.0,-3.9000000000000004,8.198888888888888,36.0,0.0,0.0,0.2,98.64333333333335,1,23,327,0,0,47,11,2025,1,4,0.7818314824680298,0.6234898018587336,-0.9510565162951536,0.30901699437494723,3.0,6.0,2.0,3.0,5.0,7.0,4.29,4.14,4.33,1.11,3.0,6.0,4.29,3.5,1.7320508075688772,1.7999999964,0
2025-11-24,Muffins,12.0,Regular Day,5.9,10.7,9.733333333333333,0.5666666666666664,8.6,7.3,14.9,0.0,-3.5999999999999996,9.0,27.0,0.0,0.0,0.0,57.42666666666666,2,24,328,0,0,48,11,2025,0,4,0.9749279121818236,-0.22252093395631434,-0.9510565162951536,0.30901699437494723,5.0,5.0,10.0,11.0,16.0,,9.29,9.29,8.95,3.25,5.0,14.0,9.01,7.75,3.2015621187164243,0.47619047596371883,0
2025-11-24,Fancies,4.0,Regular Day,5.9,10.7,9.733333333333333,0.5666666666666664,8.6,7.3,14.9,0.0,-3.5999999999999996,9.0,27.0,0.0,0.0,0.0,57.42666666666666,2,24,328,0,0,48,11,2025,0,4,0.9749279121818236,-0.22252093395631434,-0.9510565162951536,0.30901699437494723,3.0,6.0,5.0,3.0,4.0,7.0,4.14,4.14,4.24,1.07,3.0,6.0,4.22,4.25,1.5,1.12499999859375,0
2025-11-25,Muffins,8.0,Regular Day,7.3,9.3,9.716666666666667,1.966666666666666,11.299999999999999,8.7,14.9,0.0,-2.8999999999999986,2.143611111111111,99.0,0.0,0.0,0.1,70.93166666666667,3,25,329,0,0,48,11,2025,0,4,0.43388373911755823,-0.900968867902419,-0.9510565162951536,0.30901699437494723,14.0,5.0,11.0,9.0,5.0,,9.0,9.36,9.05,3.06,5.0,14.0,9.26,9.75,3.774917217635375,0.9499999995249999,0
2025-11-25,Fancies,3.0,Regular Day,7.3,9.3,9.716666666666667,1.966666666666666,11.299999999999999,8.7,14.9,0.0,-2.8999999999999986,2.143611111111111,99.0,0.0,0.0,0.1,70.93166666666667,3,25,329,0,0,48,11,2025,0,4,0.43388373911755823,-0.900968867902419,-0.9510565162951536,0.30901699437494723,6.0,2.0,7.0,0.0,6.0,4.0,4.14,4.29,4.24,1.07,3.0,6.0,4.41,3.75,3.304037933599835,1.14285714122449,0
2025-11-26,Fancies,7.0,Regular Day,8.7,2.9000000000000004,9.683333333333334,6.066666666666666,4.400000000000002,15.1,17.7,0.0,-0.3000000000000007,3.2975,80.0,0.0,0.0,8.8,84.24499999999999,4,26,330,0,0,48,11,2025,0,4,-0.433883739117558,-0.9009688679024191,-0.9510565162951536,0.30901699437494723,4.0,5.0,4.0,6.0,5.0,3.0,4.29,4.43,4.19,1.11,3.0,6.0,4.56,4.75,0.9574271077563381,0.8999999991,0
2025-11-26,Muffins,13.0,Regular Day,8.7,2.9000000000000004,9.683333333333334,6.066666666666666,4.400000000000002,15.1,17.7,0.0,-0.3000000000000007,3.2975,80.0,0.0,0.0,8.8,84.24499999999999,4,26,330,0,0,48,11,2025,0,4,-0.433883739117558,-0.9009688679024191,-0.9510565162951536,0.30901699437494723,8.0,8.0,4.0,7.0,3.0,,9.43,9.43,9.1,3.26,5.0,14.0,9.95,6.75,1.8929694486000912,1.4545454532231403,0
