SalesDate,Category,SoldQty,SpecialEventName,TempLag1,HDD,DaylightHours,TempDeviation,TempRange,TemperatureMeanC,WindSpeedMaxKmh,IsSnowDay,FeelsLikeDiffC,SunshineHours,CloudCoverMeanPct,CDD,WeekendXBadWeather,PrecipitationMm,DaylightHours_x_TempLag1,day_of_week,day_of_month,day_of_year,is_month_start,is_month_end,week_of_year,month_of_year,year,is_weekend,week_of_month,day_of_week_sin,day_of_week_cos,week_of_month_sin,week_of_month_cos,lag_7,lag_14,lag_21,lag_28,lag_90,rolling_mean_7,rolling_mean_14,rolling_mean_21,rolling_std_7,rolling_min_7,rolling_max_7,ewm_mean_7,same_dow_mean_4w,same_dow_std_4w,dow_momentum,is_special_event,lag90_vs_lag7,lag7_deviation,demand_shock
2023-07-24,Donuts,251.0,Regular Day,24.4,0.0,14.466666666666667,-3.552713678800501e-15,9.100000000000001,24.6,15.1,0.0,1.3999999999999986,7.710555555555556,68.0,6.600000000000001,0.0,0.0,352.9866666666666,2,24,205,0,0,30,7,2023,0,4,0.9749279121818236,-0.22252093395631434,-0.9510565162951536,0.30901699437494723,253.0,226.0,295.0,298.0,267.0,312.86,321.71,333.0,69.16,252.0,410.0,298.37,268.0,34.72751070837067,0.8077571669341019,0,0.9475655430356716,-1.156737998676007,0
2023-07-24,Munchkins,310.0,Regular Day,24.4,0.0,14.466666666666667,-3.552713678800501e-15,9.100000000000001,24.6,15.1,0.0,1.3999999999999986,7.710555555555556,68.0,6.600000000000001,0.0,0.0,352.9866666666666,2,24,205,0,0,30,7,2023,0,4,0.9749279121818236,-0.22252093395631434,-0.9510565162951536,0.30901699437494723,298.0,363.0,223.0,284.0,413.0,376.71,361.43,363.71,88.11,255.0,524.0,353.91,292.0,57.45142876088171,1.3037475344910503,0,0.7215496367864032,-0.7457723299573518,0
2023-07-25,Donuts,299.0,Regular Day,24.6,0.0,14.45,-0.5000000000000036,9.799999999999997,24.9,14.0,0.0,4.200000000000003,14.0,29.0,6.899999999999999,0.0,3.6,355.47,3,25,206,0,0,30,7,2023,0,4,0.43388373911755823,-0.900968867902419,-0.9510565162951536,0.30901699437494723,277.0,268.0,400.0,269.0,258.0,325.71,323.93,334.57,65.54,252.0,410.0,310.78,303.5,64.45928947793328,0.8146487294347586,0,1.073643410811099,-0.8783948732257559,0
2023-07-25,Munchkins,301.0,Regular Day,24.6,0.0,14.45,-0.5000000000000036,9.799999999999997,24.9,14.0,0.0,4.200000000000003,14.0,29.0,6.899999999999999,0.0,3.6,355.47,3,25,206,0,0,30,7,2023,0,4,0.43388373911755823,-0.900968867902419,-0.9510565162951536,0.30901699437494723,255.0,308.0,291.0,352.0,315.0,390.57,372.29,371.95,92.21,255.0,524.0,379.18,301.5,40.26992260567019,0.8755832037188868,0,0.8095238094981103,-1.2683006180166685,0
2023-07-26,Donuts,308.0,Regular Day,24.9,0.0,14.416666666666666,-0.36666666666666714,13.0,24.7,16.6,0.0,2.9999999999999964,12.712777777777777,31.0,6.699999999999999,0.0,0.0,358.97499999999997,4,26,207,0,0,30,7,2023,0,4,-0.433883739117558,-0.9009688679024191,-0.9510565162951536,0.30901699437494723,252.0,317.0,231.0,361.0,374.0,317.14,323.86,330.1,58.68,252.0,410.0,316.58,290.25,59.706923105002375,0.961148648632413,0,0.6737967914258343,-1.3309475117022929,0
2023-07-26,Munchkins,328.0,Regular Day,24.9,0.0,14.416666666666666,-0.36666666666666714,13.0,24.7,16.6,0.0,2.9999999999999964,12.712777777777777,31.0,6.699999999999999,0.0,0.0,358.97499999999997,4,26,207,0,0,30,7,2023,0,4,-0.433883739117558,-0.9009688679024191,-0.9510565162951536,0.30901699437494723,366.0,261.0,285.0,346.0,396.0,382.86,364.0,364.1,91.79,255.0,524.0,375.38,314.5,49.58830507286975,0.9936608557687217,0,0.9242424242190848,0.020699422592798594,0
2023-07-27,Donuts,333.0,Regular Day,24.7,0.0,14.383333333333333,3.166666666666668,13.199999999999996,28.5,25.5,0.0,0.6000000000000014,14.0,72.0,10.5,0.0,0.2,355.2683333333333,5,27,208,0,0,30,7,2023,0,4,-0.9749279121818236,-0.2225209339563146,-0.9510565162951536,0.30901699437494723,348.0,258.0,317.0,315.0,477.0,319.43,316.5,325.76,60.28,252.0,410.0,327.94,309.5,37.5099986670221,0.958860759478499,0,0.7295597484123781,0.36894492362824416,0
2023-07-27,Munchkins,352.0,Regular Day,24.7,0.0,14.383333333333333,3.166666666666668,13.199999999999996,28.5,25.5,0.0,0.6000000000000014,14.0,72.0,10.5,0.0,0.2,355.2683333333333,5,27,208,0,0,30,7,2023,0,4,-0.9749279121818236,-0.2225209339563146,-0.9510565162951536,0.30901699437494723,455.0,358.0,303.0,282.0,368.0,402.57,379.5,367.95,112.97,255.0,556.0,420.54,349.5,77.289499071133,1.3897435897198334,0,1.2364130434446627,0.770558555300473,0
2023-07-28,Donuts,421.0,Regular Day,28.5,0.0,14.35,2.833333333333332,10.600000000000001,29.6,15.9,0.0,4.399999999999999,14.0,37.0,11.600000000000001,0.0,0.3,408.97499999999997,6,28,209,0,0,30,7,2023,0,4,-0.7818314824680299,0.6234898018587334,-0.9510565162951536,0.30901699437494723,334.0,394.0,335.0,428.0,341.0,294.0,305.5,319.33,52.79,232.0,362.0,303.95,372.75,46.29884807782299,0.9541284403544675,0,0.9794721407337398,0.27789354039062475,0
2023-07-28,Munchkins,386.0,Regular Day,28.5,0.0,14.35,2.833333333333332,10.600000000000001,29.6,15.9,0.0,4.399999999999999,14.0,37.0,11.600000000000001,0.0,0.3,408.97499999999997,6,28,209,0,0,30,7,2023,0,4,-0.7818314824680299,0.6234898018587334,-0.9510565162951536,0.30901699437494723,364.0,418.0,480.0,529.0,473.0,358.43,368.5,354.71,117.88,215.0,556.0,369.15,447.75,71.97395362212639,0.7750247769992564,0,0.7695560253537091,0.07880895825595463,0
2023-07-29,Donuts,361.0,Regular Day,29.6,0.0,14.316666666666666,1.5333333333333314,10.300000000000004,28.3,24.5,0.0,1.1999999999999957,12.998611111111112,50.0,10.3,1.0,8.4,423.77333333333337,7,29,210,0,0,30,7,2023,1,5,-2.4492935982947064e-16,1.0,-2.4492935982947064e-16,1.0,362.0,346.0,465.0,453.0,446.0,293.71,307.29,317.24,53.05,232.0,362.0,290.71,406.5,61.16916434500856,0.7712418300569581,0,0.8116591928069135,0.8437323278334151,0
2023-07-29,Munchkins,405.0,Regular Day,29.6,0.0,14.316666666666666,1.5333333333333314,10.300000000000004,28.3,24.5,0.0,1.1999999999999957,12.998611111111112,50.0,10.3,1.0,8.4,423.77333333333337,7,29,210,0,0,30,7,2023,1,5,-2.4492935982947064e-16,1.0,-2.4492935982947064e-16,1.0,556.0,418.0,339.0,475.0,564.0,360.14,364.71,358.86,116.94,215.0,556.0,354.37,447.0,91.59694318043589,1.1965601965454968,0,0.9858156028194004,1.6858217888074378,0
2023-07-30,Donuts,392.0,Regular Day,28.3,0.0,14.283333333333333,-1.2666666666666657,9.5,24.7,23.9,0.0,0.0,13.983888888888888,7.0,6.699999999999999,0.0,0.3,404.21833333333336,1,30,211,0,0,30,7,2023,1,5,0.7818314824680298,0.6234898018587336,-2.4492935982947064e-16,1.0,232.0,410.0,386.0,367.0,256.0,296.86,309.5,312.43,52.54,232.0,362.0,292.79,348.75,79.79713862873363,0.8525896414229404,0,0.9062499999645995,-1.5308336502605953,0
2023-07-30,Munchkins,433.0,Regular Day,28.3,0.0,14.283333333333333,-1.2666666666666657,9.5,24.7,23.9,0.0,0.0,13.983888888888888,7.0,6.699999999999999,0.0,0.3,404.21833333333336,1,30,211,0,0,30,7,2023,1,5,0.7818314824680298,0.6234898018587336,-2.4492935982947064e-16,1.0,215.0,524.0,369.0,493.0,237.0,366.71,364.21,359.33,111.19,215.0,556.0,341.02,400.25,140.48813710298342,0.8573085846768294,0,0.9071729957423134,-1.2980483855294498,0
2023-07-31,Munchkins,345.0,Regular Day,24.7,0.0,14.25,-1.6666666666666679,11.200000000000003,23.5,15.4,0.0,1.1999999999999993,13.96888888888889,22.0,5.5,0.0,0.0,351.97499999999997,2,31,212,0,1,31,7,2023,0,5,0.9749279121818236,-0.22252093395631434,-2.4492935982947064e-16,1.0,310.0,298.0,363.0,223.0,472.0,361.29,369.0,361.38,112.16,215.0,556.0,337.77,298.5,57.7148161220323,1.0375426620983355,0,0.6567796610030343,-0.458095577705234,0
2023-07-31,Donuts,242.0,Regular Day,24.7,0.0,14.25,-1.6666666666666679,11.200000000000003,23.5,15.4,0.0,1.1999999999999993,13.96888888888889,22.0,5.5,0.0,0.0,351.97499999999997,2,31,212,0,1,31,7,2023,0,5,0.9749279121818236,-0.22252093395631434,-2.4492935982947064e-16,1.0,251.0,253.0,226.0,295.0,328.0,304.86,308.86,316.1,48.7,232.0,362.0,296.59,256.25,28.605069480775605,0.9673704414401656,0,0.7652439024156937,-1.336755646542761,0
2023-08-01,Munchkins,364.0,Regular Day,23.5,0.0,14.216666666666667,-0.6666666666666679,11.2,23.0,15.5,0.0,-0.6000000000000014,12.806111111111111,19.0,5.0,0.0,0.0,334.0916666666667,3,1,213,1,0,31,8,2023,0,1,0.43388373911755823,-0.900968867902419,0.9510565162951535,0.30901699437494745,301.0,255.0,308.0,291.0,257.0,346.57,368.57,363.71,104.29,215.0,556.0,341.33,288.75,23.556669260883776,0.9282136894669747,0,1.1712062256353617,-0.6013040559400417,0
2023-08-01,Donuts,339.0,Regular Day,23.5,0.0,14.216666666666667,-0.6666666666666679,11.2,23.0,15.5,0.0,-0.6000000000000014,12.806111111111111,19.0,5.0,0.0,0.0,334.0916666666667,3,1,213,1,0,31,8,2023,0,1,0.43388373911755823,-0.900968867902419,0.9510565162951535,0.30901699437494745,299.0,277.0,268.0,400.0,334.0,302.71,314.21,316.86,46.78,232.0,362.0,305.69,311.0,60.74537019394976,0.8622754490888881,0,0.8952095808115207,-0.38178708841774567,0
2023-08-02,Munchkins,378.0,Regular Day,23.0,0.0,14.183333333333334,-2.266666666666662,12.600000000000001,21.3,18.8,0.0,0.1999999999999993,13.938888888888888,18.0,3.3000000000000007,0.0,0.0,326.2166666666667,4,2,214,0,0,31,8,2023,0,1,-0.433883739117558,-0.9009688679024191,0.9510565162951535,0.30901699437494745,328.0,366.0,261.0,285.0,289.0,349.71,366.29,359.24,105.23,215.0,556.0,352.49,310.0,46.49731175025068,1.2710622710389916,0,1.1349480968465415,-0.29687351512906274,0
2023-08-02,Donuts,250.0,Regular Day,23.0,0.0,14.183333333333334,-2.266666666666662,12.600000000000001,21.3,18.8,0.0,0.1999999999999993,13.938888888888888,18.0,3.3000000000000007,0.0,0.0,326.2166666666667,4,2,214,0,0,31,8,2023,0,1,-0.433883739117558,-0.9009688679024191,0.9510565162951535,0.30901699437494745,308.0,252.0,317.0,231.0,342.0,315.14,316.14,320.95,64.63,232.0,421.0,334.52,277.0,42.03966381089808,1.0218978102003302,0,0.9005847952953046,-0.20037134454581892,0
2023-08-03,Munchkins,319.0,Regular Day,21.3,0.0,14.15,-1.8000000000000007,9.100000000000001,21.9,19.8,0.0,0.5,12.720555555555556,43.0,3.8999999999999986,0.0,2.0,301.39500000000004,5,3,215,0,0,31,8,2023,0,1,-0.9749279121818236,-0.2225209339563146,0.9510565162951535,0.30901699437494745,352.0,455.0,358.0,303.0,585.0,328.14,365.36,362.38,62.84,215.0,405.0,365.62,367.0,63.62913378843583,1.220877458377899,0,0.601709401699116,-0.16518141308638098,0
2023-08-03,Donuts,343.0,Regular Day,21.3,0.0,14.15,-1.8000000000000007,9.100000000000001,21.9,19.8,0.0,0.5,12.720555555555556,43.0,3.8999999999999986,0.0,2.0,301.39500000000004,5,3,215,0,0,31,8,2023,0,1,-0.9749279121818236,-0.2225209339563146,0.9510565162951535,0.30901699437494745,333.0,348.0,258.0,317.0,319.0,315.0,317.21,316.0,64.51,232.0,421.0,341.14,314.0,39.42080668885405,1.1843478260663591,0,1.0438871473026994,0.2635250348374632,0
2023-08-04,Donuts,331.0,Regular Day,21.9,0.0,14.133333333333333,-1.466666666666665,6.100000000000001,22.1,19.0,0.0,0.3999999999999986,1.5725,83.0,4.100000000000001,0.0,1.0,309.52,6,4,216,0,0,31,8,2023,0,1,-0.7818314824680299,0.6234898018587334,0.9510565162951535,0.30901699437494745,421.0,334.0,394.0,335.0,502.0,337.86,315.93,316.29,58.24,251.0,421.0,353.85,371.0,43.56604182158393,1.0356652949103475,0,0.8386454183099872,1.797905219471513,0
2023-08-04,Munchkins,493.0,Regular Day,21.9,0.0,14.133333333333333,-1.466666666666665,6.100000000000001,22.1,19.0,0.0,0.3999999999999986,1.5725,83.0,4.100000000000001,0.0,1.0,309.52,6,4,216,0,0,31,8,2023,0,1,-0.7818314824680299,0.6234898018587334,0.9510565162951535,0.30901699437494745,386.0,364.0,418.0,480.0,493.0,359.29,358.86,365.43,50.16,301.0,433.0,382.47,412.0,50.464508980734834,0.8351893095675369,0,0.7829614604303659,0.41008771921648957,0
2023-08-05,Donuts,512.0,Regular Day,22.1,0.0,14.1,0.40000000000000213,12.600000000000001,24.0,15.8,0.0,1.8999999999999986,10.848611111111111,74.0,6.0,0.0,0.1,311.61,7,5,217,0,0,31,8,2023,1,1,-2.4492935982947064e-16,1.0,0.9510565162951535,0.30901699437494745,361.0,362.0,346.0,465.0,438.0,336.57,315.14,317.05,60.53,242.0,421.0,325.89,383.5,54.823960698463466,0.89149198519246,0,0.8242009132231918,0.7260862381090224,0
2023-08-05,Munchkins,663.0,Regular Day,22.1,0.0,14.1,0.40000000000000213,12.600000000000001,24.0,15.8,0.0,1.8999999999999986,10.848611111111111,74.0,6.0,0.0,0.1,311.61,7,5,217,0,0,31,8,2023,1,1,-2.4492935982947064e-16,1.0,0.9510565162951535,0.30901699437494745,405.0,556.0,418.0,339.0,398.0,364.29,362.21,364.57,46.0,301.0,433.0,373.1,429.5,91.15005942583545,1.2694848084376553,0,1.0175879396729248,0.878913043287193,0
2023-08-06,Donuts,353.0,Regular Day,24.0,0.0,14.066666666666666,0.1999999999999993,11.399999999999999,24.5,17.2,0.0,2.8999999999999986,12.934166666666666,66.0,6.5,0.0,0.1,337.6,1,6,218,0,0,31,8,2023,1,1,0.7818314824680298,0.6234898018587336,0.9510565162951535,0.30901699437494745,392.0,232.0,410.0,386.0,430.0,342.29,319.57,320.43,58.23,242.0,421.0,329.17,355.0,82.63171304045439,0.7839195979801015,0,0.9116279069555435,1.229091533362684,0
2023-08-06,Munchkins,432.0,Regular Day,24.0,0.0,14.066666666666666,0.1999999999999993,11.399999999999999,24.5,17.2,0.0,2.8999999999999986,12.934166666666666,66.0,6.5,0.0,0.1,337.6,1,6,218,0,0,31,8,2023,1,1,0.7818314824680298,0.6234898018587336,0.9510565162951535,0.30901699437494745,433.0,215.0,524.0,369.0,439.0,373.29,370.0,367.24,36.8,328.0,433.0,370.82,385.25,130.10348445244142,0.7256438969683578,0,0.986332574009423,1.7869565212535443,0
2023-08-07,Donuts,273.0,Regular Day,24.5,0.0,14.033333333333333,0.5666666666666664,7.899999999999999,25.3,25.9,0.0,3.700000000000003,11.827777777777778,76.0,7.300000000000001,0.0,6.7,343.81666666666666,2,7,219,0,0,32,8,2023,0,1,0.9749279121818236,-0.22252093395631434,0.9510565162951535,0.30901699437494745,242.0,251.0,253.0,226.0,268.0,334.0,319.43,317.24,67.34,242.0,421.0,309.38,243.0,12.30176139149729,1.0292275573897864,0,0.9029850745931721,-1.117315117149196,0
2023-08-07,Munchkins,272.0,Regular Day,24.5,0.0,14.033333333333333,0.5666666666666664,7.899999999999999,25.3,25.9,0.0,3.700000000000003,11.827777777777778,76.0,7.300000000000001,0.0,6.7,343.81666666666666,2,7,219,0,0,32,8,2023,0,1,0.9749279121818236,-0.22252093395631434,0.9510565162951535,0.30901699437494745,345.0,310.0,298.0,363.0,400.0,380.43,370.86,372.81,30.92,345.0,433.0,372.62,329.0,30.18829795356693,0.9909228441605004,0,0.8624999999784375,-0.8994178522317536,0
2023-08-08,Munchkins,453.0,Regular Day,25.3,0.0,14.0,1.7333333333333343,7.099999999999998,25.0,27.0,0.0,-1.1999999999999993,13.415277777777778,66.0,7.0,0.0,10.6,354.2,3,8,220,0,0,32,8,2023,0,2,0.43388373911755823,-0.900968867902419,0.5877852522924732,-0.8090169943749473,364.0,301.0,255.0,308.0,142.0,375.71,361.14,370.95,37.74,319.0,433.0,359.21,307.0,44.68407620916725,1.1811722912756453,0,2.563380281509621,-0.18415474292947642,0
2023-08-08,Donuts,242.0,Regular Day,25.3,0.0,14.0,1.7333333333333343,7.099999999999998,25.0,27.0,0.0,-1.1999999999999993,13.415277777777778,66.0,7.0,0.0,10.6,354.2,3,8,220,0,0,32,8,2023,0,2,0.43388373911755823,-0.900968867902419,0.5877852522924732,-0.8090169943749473,339.0,299.0,277.0,268.0,229.0,335.43,319.07,321.29,67.42,242.0,421.0,317.78,295.75,31.63726705432482,1.1706422018133826,0,1.4803493449135219,0.26268169678690545,0
2023-08-09,Donuts,343.0,Regular Day,25.0,0.0,13.95,2.2666666666666693,10.2,25.3,19.7,0.0,0.5,13.818333333333333,10.0,7.300000000000001,0.0,0.0,348.75,4,9,221,0,0,32,8,2023,0,2,-0.433883739117558,-0.9009688679024191,0.5877852522924732,-0.8090169943749473,250.0,308.0,252.0,317.0,275.0,322.57,318.86,318.29,56.0,242.0,392.0,321.09,281.75,35.70597522357661,0.9806678382955946,0,0.9090909090578512,-1.2194642854965245,0
2023-08-09,Munchkins,332.0,Regular Day,25.0,0.0,13.95,2.2666666666666693,10.2,25.3,19.7,0.0,0.5,13.818333333333333,10.0,7.300000000000001,0.0,0.0,348.75,4,9,221,0,0,32,8,2023,0,2,-0.433883739117558,-0.9009688679024191,0.5877852522924732,-0.8090169943749473,378.0,328.0,366.0,261.0,274.0,391.0,370.36,374.52,58.54,319.0,493.0,392.66,333.25,52.671149598238316,1.125996810189378,0,1.3795620437452714,0.05944653227546213,0
2023-08-10,Munchkins,424.0,Regular Day,25.3,0.0,13.916666666666666,0.7666666666666693,8.399999999999999,24.1,20.8,0.0,0.8999999999999986,3.5902777777777777,81.0,6.100000000000001,0.0,8.1,352.09166666666664,5,10,222,0,0,32,8,2023,0,2,-0.9749279121818236,-0.2225209339563146,0.5877852522924732,-0.8090169943749473,319.0,352.0,455.0,358.0,555.0,427.86,378.0,386.19,118.91,319.0,663.0,460.25,371.0,58.56620185738529,0.8253382533723821,0,0.5747747747644185,-0.5650491968240645,0
2023-08-10,Donuts,300.0,Regular Day,25.3,0.0,13.916666666666666,0.7666666666666693,8.399999999999999,24.1,20.8,0.0,0.8999999999999986,3.5902777777777777,81.0,6.100000000000001,0.0,8.1,352.09166666666664,5,10,222,0,0,32,8,2023,0,2,-0.9749279121818236,-0.2225209339563146,0.5877852522924732,-0.8090169943749473,343.0,333.0,348.0,258.0,348.0,344.14,329.57,326.19,91.25,242.0,512.0,368.81,320.5,42.13074886588179,1.1155115511367077,0,0.9856321838797232,0.1842191780620034,0
2023-08-11,Donuts,340.0,Regular Day,24.1,0.0,13.883333333333333,0.3999999999999986,10.600000000000001,24.2,16.6,0.0,0.5999999999999979,12.803333333333333,36.0,6.199999999999999,0.0,0.5,334.58833333333337,6,11,223,0,0,32,8,2023,0,2,-0.7818314824680299,0.6234898018587334,0.5877852522924732,-0.8090169943749473,331.0,421.0,334.0,394.0,601.0,338.57,338.21,323.48,89.01,242.0,512.0,364.86,370.0,44.69899327725402,1.0329670329528438,0,0.5507487520707031,0.08448488932878477,0
2023-08-11,Munchkins,641.0,Regular Day,24.1,0.0,13.883333333333333,0.3999999999999986,10.600000000000001,24.2,16.6,0.0,0.5999999999999979,12.803333333333333,36.0,6.199999999999999,0.0,0.5,334.58833333333337,6,11,223,0,0,32,8,2023,0,2,-0.7818314824680299,0.6234898018587334,0.5877852522924732,-0.8090169943749473,493.0,386.0,364.0,418.0,475.0,427.71,393.5,381.81,118.91,319.0,663.0,453.18,415.25,56.37597005817283,1.1240409207017386,0,1.037894736820255,0.9350769488743523,0
2023-08-12,Munchkins,491.0,Regular Day,24.2,0.0,13.85,0.8333333333333357,9.7,25.4,18.0,0.0,1.5999999999999979,12.3925,33.0,7.399999999999999,0.0,1.9,335.16999999999996,7,12,224,0,0,32,8,2023,1,2,-2.4492935982947064e-16,1.0,0.5877852522924732,-0.8090169943749473,663.0,405.0,556.0,418.0,391.0,417.29,390.79,380.57,130.05,272.0,663.0,407.89,510.5,122.49217662093092,1.0965092402351488,0,1.6956521738696764,2.1717031909133637,0
2023-08-12,Donuts,355.0,Regular Day,24.2,0.0,13.85,0.8333333333333357,9.7,25.4,18.0,0.0,1.5999999999999979,12.3925,33.0,7.399999999999999,0.0,1.9,335.16999999999996,7,12,224,0,0,32,8,2023,1,2,-2.4492935982947064e-16,1.0,0.5877852522924732,-0.8090169943749473,512.0,361.0,362.0,346.0,586.0,343.0,339.79,324.43,84.03,250.0,512.0,341.9,395.25,78.17661628219358,1.233050847440211,0,0.8737201365038614,2.2321789834306585,0
2023-08-13,Donuts,401.0,Regular Day,25.4,0.0,13.8,2.3000000000000007,8.500000000000004,27.3,16.8,0.0,2.0999999999999943,13.5525,33.0,9.3,0.0,0.0,350.52,1,13,225,0,0,32,8,2023,1,2,0.7818314824680298,0.6234898018587336,0.5877852522924732,-0.8090169943749473,353.0,392.0,232.0,410.0,239.0,329.14,335.71,322.76,92.39,242.0,512.0,316.92,346.75,80.11398130164298,1.1604361370535758,0,1.476987447636946,0.3273081501972825,0
2023-08-13,Munchkins,480.0,Regular Day,25.4,0.0,13.8,2.3000000000000007,8.500000000000004,27.3,16.8,0.0,2.0999999999999943,13.5525,33.0,9.3,0.0,0.0,350.52,1,13,225,0,0,32,8,2023,1,2,0.7818314824680298,0.6234898018587336,0.5877852522924732,-0.8090169943749473,432.0,433.0,215.0,524.0,180.0,430.0,401.64,390.0,128.31,272.0,663.0,419.17,401.0,131.28848642080794,1.1705006765741475,0,2.3999999998666666,0.3273322422003482,0
2023-08-14,Donuts,299.0,Regular Day,27.3,0.0,13.766666666666667,2.033333333333335,12.400000000000002,26.1,17.6,0.0,2.8999999999999986,12.019166666666667,78.0,8.100000000000001,0.0,0.0,375.83000000000004,2,14,226,0,0,33,8,2023,0,2,0.9749279121818236,-0.22252093395631434,0.5877852522924732,-0.8090169943749473,273.0,242.0,251.0,253.0,237.0,342.43,338.21,327.1,85.54,242.0,512.0,323.44,254.75,13.073510112692254,1.0218253968051225,0,1.1518987341286118,-0.6324526536553132,0
2023-08-14,Munchkins,463.0,Regular Day,27.3,0.0,13.766666666666667,2.033333333333335,12.400000000000002,26.1,17.6,0.0,2.8999999999999986,12.019166666666667,78.0,8.100000000000001,0.0,0.0,375.83000000000004,2,14,226,0,0,33,8,2023,0,2,0.9749279121818236,-0.22252093395631434,0.5877852522924732,-0.8090169943749473,272.0,345.0,310.0,298.0,379.0,423.43,401.93,388.38,132.53,272.0,663.0,397.37,306.25,30.313638294778585,1.0148026315622565,0,0.7176781002449162,-0.8781407982435567,0
2023-08-15,Donuts,335.0,Regular Day,26.1,0.0,13.733333333333333,2.266666666666662,10.899999999999999,27.4,17.7,0.0,3.6000000000000014,10.905555555555555,61.0,9.399999999999999,0.0,12.5,358.44,3,15,227,0,0,33,8,2023,0,3,0.43388373911755823,-0.900968867902419,-0.587785252292473,-0.8090169943749476,242.0,339.0,299.0,277.0,277.0,336.29,335.86,324.81,87.02,242.0,512.0,317.58,289.25,40.631473843151035,1.0086805555380438,0,0.873646209354742,-0.9516203170591107,0
2023-08-15,Munchkins,401.0,Regular Day,26.1,0.0,13.733333333333333,2.266666666666662,10.899999999999999,27.4,17.7,0.0,3.6000000000000014,10.905555555555555,61.0,9.399999999999999,0.0,12.5,358.44,3,15,227,0,0,33,8,2023,0,3,0.43388373911755823,-0.900968867902419,-0.587785252292473,-0.8090169943749476,453.0,364.0,301.0,255.0,310.0,438.43,407.07,386.9,124.43,272.0,663.0,404.03,343.25,85.72971091362278,1.4694244604052262,0,1.4612903225335068,0.5312223739828642,0
2023-08-16,Munchkins,390.0,Regular Day,27.4,0.0,13.683333333333334,0.36666666666666714,9.3,24.4,14.5,0.0,5.099999999999998,11.0,70.0,6.399999999999999,0.0,11.5,374.92333333333335,4,16,228,0,0,33,8,2023,0,3,-0.433883739117558,-0.9009688679024191,-0.587785252292473,-0.8090169943749476,332.0,378.0,328.0,366.0,360.0,459.57,425.29,400.1,145.96,272.0,663.0,463.27,351.0,24.79247197571607,1.0230547550284863,0,0.9222222221966049,-0.4665661824837925,0
2023-08-16,Donuts,309.0,Regular Day,27.4,0.0,13.683333333333334,0.36666666666666714,9.3,24.4,14.5,0.0,5.099999999999998,11.0,70.0,6.399999999999999,0.0,11.5,374.92333333333335,4,16,228,0,0,33,8,2023,0,3,-0.433883739117558,-0.9009688679024191,-0.587785252292473,-0.8090169943749476,343.0,250.0,308.0,252.0,297.0,337.57,330.07,325.1,87.0,242.0,512.0,323.19,288.25,45.33118867475975,1.058928571409662,0,1.15488215484327,0.20574712641313228,0
2023-08-17,Munchkins,311.0,Regular Day,24.4,0.0,13.65,-0.6000000000000014,9.0,23.9,15.2,0.0,2.5,9.07,67.0,5.899999999999999,0.0,1.7,333.06,5,17,229,0,0,33,8,2023,0,3,-0.9749279121818236,-0.2225209339563146,-0.587785252292473,-0.8090169943749476,424.0,319.0,352.0,455.0,496.0,435.0,431.43,397.0,117.76,272.0,641.0,470.2,387.5,62.82515419798029,0.9206939281174635,0,0.8548387096601847,0.22927989128487772,0
2023-08-17,Donuts,349.0,Regular Day,24.4,0.0,13.65,-0.6000000000000014,9.0,23.9,15.2,0.0,2.5,9.07,67.0,5.899999999999999,0.0,1.7,333.06,5,17,229,0,0,33,8,2023,0,3,-0.9749279121818236,-0.2225209339563146,-0.587785252292473,-0.8090169943749476,300.0,343.0,333.0,348.0,355.0,315.14,329.64,324.76,44.29,242.0,355.0,331.14,331.0,21.587033144922902,0.9441997063003789,0,0.8450704225114064,-0.5590426731634582,0
2023-08-18,Munchkins,481.0,Regular Day,23.9,0.0,13.633333333333333,1.466666666666665,6.0,25.1,20.3,0.0,-0.3999999999999986,12.460277777777778,29.0,7.100000000000001,0.0,1.9,325.83666666666664,6,18,230,0,0,33,8,2023,0,3,-0.7818314824680299,0.6234898018587334,-0.587785252292473,-0.8090169943749476,641.0,493.0,386.0,364.0,466.0,441.86,434.79,409.62,118.95,272.0,641.0,472.65,471.0,126.56750504506807,1.51199999997984,0,1.3755364806571773,1.9451870532202449,0
2023-08-18,Donuts,317.0,Regular Day,23.9,0.0,13.633333333333333,1.466666666666665,6.0,25.1,20.3,0.0,-0.3999999999999986,12.460277777777778,29.0,7.100000000000001,0.0,1.9,325.83666666666664,6,18,230,0,0,33,8,2023,0,3,-0.7818314824680299,0.6234898018587334,-0.587785252292473,-0.8090169943749476,340.0,331.0,421.0,334.0,451.0,322.0,330.29,332.81,53.82,242.0,401.0,348.6,356.5,43.162483709814474,0.8887417218425332,0,0.7538802660586723,0.13359345965559388,0
2023-08-19,Donuts,420.0,Regular Day,25.1,0.0,13.583333333333334,-0.36666666666666714,11.1,21.6,17.0,0.0,-0.8000000000000007,13.368055555555555,2.0,3.6000000000000014,0.0,0.0,340.9416666666667,7,19,231,0,0,33,8,2023,1,3,-2.4492935982947064e-16,1.0,-0.587785252292473,-0.8090169943749476,355.0,512.0,361.0,362.0,435.0,325.71,334.36,335.1,50.68,242.0,401.0,336.2,397.5,76.39589866827494,1.1991701244647417,0,0.8160919540042277,0.3926598262840051,0
2023-08-19,Munchkins,703.0,Regular Day,25.1,0.0,13.583333333333334,-0.36666666666666714,11.1,21.6,17.0,0.0,-0.8000000000000007,13.368055555555555,2.0,3.6000000000000014,0.0,0.0,340.9416666666667,7,19,231,0,0,33,8,2023,1,3,-2.4492935982947064e-16,1.0,-0.587785252292473,-0.8090169943749476,491.0,663.0,405.0,556.0,518.0,469.14,443.21,416.9,92.44,332.0,641.0,470.24,528.75,108.78840318097636,1.2008324661685656,0,0.9478764478581491,0.8016010384247514,0
2023-08-20,Donuts,354.0,Regular Day,21.6,0.0,13.55,0.03333333333333144,13.7,23.3,15.0,0.0,1.1000000000000014,13.265555555555556,19.0,5.300000000000001,0.0,0.0,292.68,1,20,232,0,0,33,8,2023,1,3,0.7818314824680298,0.6234898018587336,-0.587785252292473,-0.8090169943749476,401.0,353.0,392.0,232.0,283.0,339.0,334.07,336.81,34.77,299.0,401.0,335.9,344.5,77.83957862167549,1.208333333313969,0,1.41696113069198,1.8461317222185412,0
2023-08-20,Munchkins,555.0,Regular Day,21.6,0.0,13.55,0.03333333333333144,13.7,23.3,15.0,0.0,1.1000000000000014,13.265555555555556,19.0,5.300000000000001,0.0,0.0,292.68,1,20,232,0,0,33,8,2023,1,3,0.7818314824680298,0.6234898018587336,-0.587785252292473,-0.8090169943749476,480.0,432.0,433.0,215.0,297.0,461.71,445.86,421.67,95.98,332.0,641.0,452.93,390.0,118.79674518549179,1.4074074073856881,0,1.6161616161071999,0.6077307771819408,0
2023-08-21,Donuts,262.0,Regular Day,23.3,0.0,13.5,3.7666666666666657,13.200000000000003,25.8,17.3,0.0,1.8999999999999986,11.761666666666667,62.0,7.800000000000001,0.0,0.0,314.55,2,21,233,0,0,34,8,2023,0,3,0.9749279121818236,-0.22252093395631434,-0.587785252292473,-0.8090169943749476,299.0,273.0,242.0,251.0,167.0,334.14,338.29,336.86,36.45,299.0,401.0,329.18,266.25,25.42144763777232,1.1602434076843764,0,1.7904191615694358,-1.0386831272870556,0
2023-08-21,Munchkins,253.0,Regular Day,23.3,0.0,13.5,3.7666666666666657,13.200000000000003,25.8,17.3,0.0,1.8999999999999986,11.761666666666667,62.0,7.800000000000001,0.0,0.0,314.55,2,21,233,0,0,34,8,2023,0,3,0.9749279121818236,-0.22252093395631434,-0.587785252292473,-0.8090169943749476,463.0,272.0,345.0,310.0,314.0,470.0,446.71,424.62,84.76,390.0,641.0,437.2,347.5,82.56916292821835,1.1221374045630208,0,1.4745222929466713,0.45280792821462856,0
2023-08-22,Munchkins,323.0,Regular Day,25.8,0.0,13.466666666666667,3.8666666666666636,5.600000000000001,24.9,18.8,0.0,2.6000000000000014,11.501111111111111,95.0,6.899999999999999,0.0,0.0,347.44,3,22,234,0,0,34,8,2023,0,4,0.43388373911755823,-0.900968867902419,-0.9510565162951536,0.30901699437494723,401.0,453.0,364.0,301.0,348.0,453.86,446.14,422.67,103.64,311.0,641.0,405.65,379.75,63.94463751298201,1.284210526296478,0,1.1522988505416005,-0.20908915474632503,0
2023-08-22,Donuts,264.0,Regular Day,25.8,0.0,13.466666666666667,3.8666666666666636,5.600000000000001,24.9,18.8,0.0,2.6000000000000014,11.501111111111111,95.0,6.899999999999999,0.0,0.0,347.44,3,22,234,0,0,34,8,2023,0,4,0.43388373911755823,-0.900968867902419,-0.9510565162951536,0.30901699437494723,335.0,242.0,339.0,299.0,278.0,341.14,338.71,337.62,33.38,299.0,401.0,334.13,303.75,44.924937395615814,0.9043887147193669,0,1.205035971179675,-0.07849011381710914,0
2023-08-23,Munchkins,498.0,Regular Day,24.9,0.0,13.416666666666666,1.2333333333333378,11.100000000000001,21.6,16.9,0.0,0.1999999999999993,11.49638888888889,40.0,3.6000000000000014,0.0,0.0,334.075,4,23,235,0,0,34,8,2023,0,4,-0.433883739117558,-0.9009688679024191,-0.9510565162951536,0.30901699437494723,390.0,332.0,378.0,328.0,353.0,431.0,445.29,427.19,66.47,311.0,491.0,424.49,357.0,31.60168771864355,1.0226628895039283,0,1.104815863991365,-0.5595005264691589,0
2023-08-23,Donuts,328.0,Regular Day,24.9,0.0,13.416666666666666,1.2333333333333378,11.100000000000001,21.6,16.9,0.0,0.1999999999999993,11.49638888888889,40.0,3.6000000000000014,0.0,0.0,334.075,4,23,235,0,0,34,8,2023,0,4,-0.433883739117558,-0.9009688679024191,-0.9510565162951536,0.30901699437494723,309.0,343.0,250.0,308.0,362.0,337.86,337.71,332.67,34.62,299.0,401.0,329.85,302.5,38.59620015839211,1.168458781341067,0,0.8535911601974145,-0.6837088386240014,0
2023-08-24,Donuts,343.0,Regular Day,21.6,0.0,13.383333333333333,0.8333333333333321,8.2,22.3,17.3,0.0,-0.8000000000000007,2.817222222222222,96.0,4.300000000000001,0.0,2.5,289.08,5,24,236,0,0,34,8,2023,0,4,-0.9749279121818236,-0.2225209339563146,-0.9510565162951536,0.30901699437494723,349.0,300.0,343.0,333.0,427.0,347.14,331.14,335.48,46.62,299.0,420.0,352.39,331.25,21.85368008673444,0.960059171583431,0,0.8173302107536925,0.29000428994208366,0
2023-08-24,Munchkins,468.0,Regular Day,21.6,0.0,13.383333333333333,0.8333333333333321,8.2,22.3,17.3,0.0,-0.8000000000000007,2.817222222222222,96.0,4.300000000000001,0.0,2.5,289.08,5,24,236,0,0,34,8,2023,0,4,-0.9749279121818236,-0.2225209339563146,-0.9510565162951536,0.30901699437494723,311.0,424.0,319.0,352.0,496.0,461.29,448.14,441.38,122.79,311.0,703.0,494.11,351.5,51.487862647424,1.0953800297899348,0,0.6270161290196166,-1.061812851122908,0
2023-08-25,Munchkins,561.0,Regular Day,22.3,0.0,13.35,1.8000000000000043,8.700000000000003,24.7,16.1,0.0,2.5,7.628055555555555,77.0,6.699999999999999,0.0,1.6,297.705,6,25,237,0,0,34,8,2023,0,4,-0.7818314824680299,0.6234898018587334,-0.9510565162951536,0.30901699437494723,481.0,641.0,493.0,386.0,523.0,472.0,456.93,447.19,127.87,311.0,703.0,509.34,500.25,105.33557487066435,1.276450511930871,0,0.9196940726401588,0.2644091655380927,0
2023-08-25,Donuts,374.0,Regular Day,22.3,0.0,13.35,1.8000000000000043,8.700000000000003,24.7,16.1,0.0,2.5,7.628055555555555,77.0,6.699999999999999,0.0,1.6,297.705,6,25,237,0,0,34,8,2023,0,4,-0.7818314824680299,0.6234898018587334,-0.9510565162951536,0.30901699437494723,317.0,340.0,331.0,421.0,470.0,340.43,331.21,333.67,40.56,299.0,420.0,352.79,352.25,46.80010683748489,0.8736702127543395,0,0.6744680850920326,-0.4109960551254944,0
2023-08-26,Donuts,436.0,Regular Day,24.7,0.0,13.3,2.566666666666663,10.3,25.7,10.9,0.0,4.599999999999998,12.341666666666667,26.0,7.699999999999999,1.0,1.7,328.51,7,26,238,0,0,34,8,2023,1,4,-2.4492935982947064e-16,1.0,-0.9510565162951536,0.30901699437494723,420.0,355.0,512.0,361.0,461.0,335.14,330.43,334.62,48.5,262.0,420.0,330.09,412.0,72.83314263895707,0.8877434135064405,0,0.9110629067047492,1.7604123707710488,0
2023-08-26,Munchkins,571.0,Regular Day,24.7,0.0,13.3,2.566666666666663,10.3,25.7,10.9,0.0,4.599999999999998,12.341666666666667,26.0,7.699999999999999,1.0,1.7,328.51,7,26,238,0,0,34,8,2023,1,4,-2.4492935982947064e-16,1.0,-0.9510565162951536,0.30901699437494723,703.0,491.0,663.0,405.0,436.0,442.0,455.57,442.81,152.58,253.0,703.0,445.25,565.5,141.09453095944812,1.1179775280794197,0,1.612385321063936,1.705269366777738,0
2023-08-27,Donuts,310.0,Regular Day,25.7,0.0,13.266666666666667,2.0333333333333314,9.8,24.2,12.0,0.0,3.5000000000000036,12.275555555555556,42.0,6.199999999999999,0.0,0.7,340.9533333333333,1,27,239,0,0,34,8,2023,1,4,0.7818314824680298,0.6234898018587336,-0.9510565162951536,0.30901699437494723,354.0,401.0,353.0,392.0,352.0,325.0,332.0,331.05,55.46,262.0,420.0,313.57,375.0,25.099800796022265,1.0134228187783434,0,1.0056818181532476,0.41381175614608495,0
2023-08-27,Munchkins,526.0,Regular Day,25.7,0.0,13.266666666666667,2.0333333333333314,9.8,24.2,12.0,0.0,3.5000000000000036,12.275555555555556,42.0,6.199999999999999,0.0,0.7,340.9533333333333,1,27,239,0,0,34,8,2023,1,4,0.7818314824680298,0.6234898018587336,-0.9510565162951536,0.30901699437494723,555.0,480.0,432.0,433.0,316.0,430.86,446.29,440.86,158.79,253.0,703.0,414.69,475.0,57.844619455918284,1.1965317918936818,0,1.7563291138684705,0.7188110082046216,0
2023-08-28,Donuts,263.0,Regular Day,24.2,0.0,13.216666666666667,1.2333333333333378,7.600000000000001,22.6,17.2,0.0,1.6999999999999993,3.499722222222222,94.0,4.600000000000001,0.0,0.4,319.8433333333333,2,28,240,0,0,35,8,2023,0,4,0.9749279121818236,-0.22252093395631434,-0.9510565162951536,0.30901699437494723,262.0,299.0,273.0,242.0,316.0,327.71,330.93,334.76,55.01,262.0,420.0,317.18,269.0,23.762715894162152,1.0893203883283626,0,0.8291139240243951,-1.3226686054676116,0
2023-08-28,Munchkins,374.0,Regular Day,24.2,0.0,13.216666666666667,1.2333333333333378,7.600000000000001,22.6,17.2,0.0,1.6999999999999993,3.499722222222222,94.0,4.600000000000001,0.0,0.4,319.8433333333333,2,28,240,0,0,35,8,2023,0,4,0.9749279121818236,-0.22252093395631434,-0.9510565162951536,0.30901699437494723,253.0,463.0,272.0,345.0,354.0,446.29,458.14,446.57,159.41,253.0,703.0,435.52,333.25,95.15732586967052,1.160453808733218,0,0.7146892655165342,-1.2142901950182365,0
2023-08-29,Munchkins,430.0,Regular Day,22.6,0.0,13.183333333333334,-0.2666666666666657,5.700000000000003,23.3,14.4,0.0,2.8999999999999986,6.090277777777778,93.0,5.300000000000001,0.0,3.2,297.9433333333334,3,29,241,0,0,35,8,2023,0,5,0.43388373911755823,-0.900968867902419,-2.4492935982947064e-16,1.0,323.0,401.0,453.0,364.0,253.0,468.71,461.29,453.67,147.82,253.0,703.0,443.64,385.25,55.27130056970495,0.8861689106378682,0,1.2766798418467715,-0.8839805167850102,0
2023-08-29,Donuts,323.0,Regular Day,22.6,0.0,13.183333333333334,-0.2666666666666657,5.700000000000003,23.3,14.4,0.0,2.8999999999999986,6.090277777777778,93.0,5.300000000000001,0.0,3.2,297.9433333333334,3,29,241,0,0,35,8,2023,0,5,0.43388373911755823,-0.900968867902419,-2.4492935982947064e-16,1.0,264.0,335.0,242.0,339.0,233.0,326.86,334.0,334.76,54.66,262.0,420.0,323.63,295.0,49.349096580721046,1.0309810671079005,0,1.1330472102518006,-1.29454811538702,0
2023-08-30,Donuts,280.0,Regular Day,23.3,0.0,13.133333333333333,1.466666666666665,9.2,24.1,18.4,0.0,1.3999999999999986,7.885,92.0,6.100000000000001,0.0,1.0,306.00666666666666,4,30,242,0,0,35,8,2023,0,5,-0.433883739117558,-0.9009688679024191,-2.4492935982947064e-16,1.0,328.0,309.0,343.0,250.0,310.0,335.0,336.43,336.81,57.14,262.0,420.0,336.22,307.5,40.779897008207364,1.074198988177501,0,1.0580645160949012,-0.15418270910847348,0
2023-08-30,Munchkins,271.0,Regular Day,23.3,0.0,13.133333333333333,1.466666666666665,9.2,24.1,18.4,0.0,1.3999999999999986,7.885,92.0,6.100000000000001,0.0,1.0,306.00666666666666,4,30,242,0,0,35,8,2023,0,5,-0.433883739117558,-0.9009688679024191,-2.4492935982947064e-16,1.0,498.0,390.0,332.0,378.0,388.0,480.14,455.57,456.9,151.97,253.0,703.0,472.98,399.5,70.26378868236469,1.250704225334497,0,1.2835051546060952,0.270448114741696,0
2023-08-31,Donuts,311.0,Regular Day,24.1,0.0,13.1,1.1666666666666643,7.100000000000001,21.8,18.1,0.0,0.5,7.491388888888889,82.0,3.8000000000000007,0.0,0.0,315.71000000000004,5,31,243,0,1,35,8,2023,0,5,-0.9749279121818236,-0.2225209339563146,-2.4492935982947064e-16,1.0,343.0,349.0,300.0,343.0,828.0,337.29,342.21,333.19,61.28,262.0,436.0,361.17,333.75,22.677080940897135,1.076205287697104,0,0.41425120772446555,0.16008485637074338,0
2023-08-31,Munchkins,406.0,Regular Day,24.1,0.0,13.1,1.1666666666666643,7.100000000000001,21.8,18.1,0.0,0.5,7.491388888888889,82.0,3.8000000000000007,0.0,0.0,315.71000000000004,5,31,243,0,1,35,8,2023,0,5,-0.9749279121818236,-0.2225209339563146,-2.4492935982947064e-16,1.0,468.0,311.0,424.0,319.0,488.0,461.29,461.29,452.52,125.61,253.0,571.0,497.48,380.5,77.8053125863952,1.0484522207126723,0,0.959016393422971,0.12323859564340127,0
2023-09-01,Donuts,361.0,Regular Day,21.8,0.0,13.066666666666666,-0.8666666666666671,9.799999999999999,19.2,13.7,0.0,1.0,12.287222222222223,1.0,1.1999999999999993,0.0,0.0,284.85333333333335,6,1,244,1,0,35,9,2023,0,1,-0.7818314824680299,0.6234898018587334,0.9510565162951535,0.30901699437494745,374.0,317.0,340.0,331.0,513.0,331.0,335.71,331.14,61.53,262.0,436.0,348.38,340.5,24.255583549635194,1.0298062592991086,0,0.7290448342937808,0.6965707783688332,0
2023-09-01,Munchkins,481.0,Regular Day,21.8,0.0,13.066666666666666,-0.8666666666666671,9.799999999999999,19.2,13.7,0.0,1.0,12.287222222222223,1.0,1.1999999999999993,0.0,0.0,284.85333333333335,6,1,244,1,0,35,9,2023,0,1,-0.7818314824680299,0.6234898018587334,0.9510565162951535,0.30901699437494745,561.0,481.0,641.0,493.0,259.0,457.14,464.57,457.0,122.44,253.0,571.0,504.61,544.0,73.63875791094434,0.9188712521964827,0,2.166023165939536,0.8493956222762663,0
2023-09-02,Donuts,472.0,Regular Day,19.2,0.0,13.016666666666667,-1.2666666666666693,13.9,19.4,15.3,0.0,1.6999999999999993,12.139444444444445,4.0,1.3999999999999986,0.0,0.0,249.92000000000002,7,2,245,0,0,35,9,2023,1,1,-2.4492935982947064e-16,1.0,0.9510565162951535,0.30901699437494745,436.0,420.0,355.0,512.0,449.0,331.14,333.14,330.67,61.35,263.0,436.0,327.03,430.75,64.50516775163574,0.9873125720762709,0,0.9710467705797095,1.716870415368073,0
2023-09-02,Munchkins,547.0,Regular Day,19.2,0.0,13.016666666666667,-1.2666666666666693,13.9,19.4,15.3,0.0,1.6999999999999993,12.139444444444445,4.0,1.3999999999999986,0.0,0.0,249.92000000000002,7,2,245,0,0,35,9,2023,1,1,-2.4492935982947064e-16,1.0,0.9510565162951535,0.30901699437494745,571.0,703.0,491.0,663.0,523.0,474.43,458.21,461.86,94.07,323.0,571.0,471.96,607.0,95.05086357664861,1.1039861351724092,0,1.091778202655989,1.1601998510513236,0
2023-09-03,Munchkins,531.0,Regular Day,19.4,0.0,12.983333333333333,1.966666666666665,14.899999999999999,23.9,15.5,0.0,1.3000000000000043,12.050555555555556,42.0,5.899999999999999,0.0,0.0,251.87666666666664,1,3,246,0,0,35,9,2023,1,1,0.7818314824680298,0.6234898018587336,0.9510565162951535,0.30901699437494745,526.0,555.0,480.0,432.0,378.0,489.71,460.29,460.76,71.3,374.0,571.0,461.47,498.25,53.89109388386916,1.1853070175308629,0,1.3915343914975784,0.9150070124943892,0
2023-09-03,Donuts,398.0,Regular Day,19.4,0.0,12.983333333333333,1.966666666666665,14.899999999999999,23.9,15.5,0.0,1.3000000000000043,12.050555555555556,42.0,5.899999999999999,0.0,0.0,251.87666666666664,1,3,246,0,0,35,9,2023,1,1,0.7818314824680298,0.6234898018587336,0.9510565162951535,0.30901699437494745,310.0,354.0,401.0,353.0,291.0,339.57,332.29,334.52,54.22,263.0,436.0,326.02,354.5,37.17077705223105,0.8806366047628563,0,1.0652920961833232,-0.45223164875466,0
2023-09-04,Munchkins,397.0,Labor Day,23.9,0.0,12.933333333333334,5.600000000000001,13.399999999999999,27.9,11.8,0.0,1.3000000000000043,11.0,33.0,9.899999999999999,0.0,0.0,309.1066666666666,2,4,247,0,0,36,9,2023,0,1,0.9749279121818236,-0.22252093395631434,0.9510565162951535,0.30901699437494745,374.0,253.0,463.0,272.0,358.0,457.29,451.79,457.86,108.71,271.0,571.0,413.85,340.5,97.42860633989041,0.8530612244781897,1,1.0446927374009862,-0.7714101737860907,0
2023-09-04,Donuts,335.0,Labor Day,23.9,0.0,12.933333333333334,5.600000000000001,13.399999999999999,27.9,11.8,0.0,1.3000000000000043,11.0,33.0,9.899999999999999,0.0,0.0,309.1066666666666,2,4,247,0,0,36,9,2023,0,1,0.9749279121818236,-0.22252093395631434,0.9510565162951535,0.30901699437494745,263.0,262.0,299.0,273.0,336.0,332.71,330.21,331.52,58.78,263.0,436.0,314.52,274.25,17.23127002477376,0.9178321678161218,1,0.7827380952147994,-1.165702619740438,0
2023-09-05,Donuts,225.0,Regular Day,27.9,0.0,12.9,4.366666666666667,12.7,26.9,18.6,0.0,3.0,11.181111111111111,81.0,8.899999999999999,0.0,0.3,359.90999999999997,3,5,248,0,0,36,9,2023,0,1,0.43388373911755823,-0.900968867902419,0.9510565162951535,0.30901699437494745,323.0,264.0,335.0,242.0,269.0,328.14,327.5,332.05,59.09,263.0,436.0,313.64,291.0,45.05552130427524,1.017331022512698,0,1.2007434943791544,-0.15315620237719493,0
2023-09-05,Munchkins,333.0,Regular Day,27.9,0.0,12.9,4.366666666666667,12.7,26.9,18.6,0.0,3.0,11.181111111111111,81.0,8.899999999999999,0.0,0.3,359.90999999999997,3,5,248,0,0,36,9,2023,0,1,0.43388373911755823,-0.900968867902419,0.9510565162951535,0.30901699437494745,430.0,323.0,401.0,453.0,413.0,448.43,458.57,457.0,110.21,271.0,571.0,411.89,401.75,56.64730061235634,0.8817330210669586,0,1.0411622275776957,-0.2449868432769271,0
2023-09-06,Munchkins,375.0,Regular Day,26.9,0.0,12.85,4.166666666666668,12.0,28.0,14.3,0.0,2.8999999999999986,12.0,33.0,10.0,0.0,0.0,345.66499999999996,4,6,249,0,0,36,9,2023,0,1,-0.433883739117558,-0.9009688679024191,0.9510565162951535,0.30901699437494745,271.0,498.0,390.0,332.0,376.0,437.0,458.57,449.38,100.29,271.0,571.0,429.17,372.75,96.60702182898852,1.0650969528938352,0,0.720744680831895,-1.7786419382013519,0
2023-09-06,Donuts,205.0,Regular Day,26.9,0.0,12.85,4.166666666666668,12.0,28.0,14.3,0.0,2.8999999999999986,12.0,33.0,10.0,0.0,0.0,345.66499999999996,4,6,249,0,0,36,9,2023,0,1,-0.433883739117558,-0.9009688679024191,0.9510565162951535,0.30901699437494745,280.0,328.0,309.0,343.0,312.0,326.29,330.64,333.05,57.59,263.0,436.0,325.48,315.0,27.16615541441225,0.9325153374090105,0,0.8974358974071335,-0.9211668690881809,0
2023-09-07,Donuts,233.0,Regular Day,28.0,0.0,12.8,5.300000000000001,10.400000000000002,27.4,15.5,0.0,3.1999999999999957,10.51361111111111,51.0,9.399999999999999,0.0,0.0,358.40000000000003,5,7,250,0,0,36,9,2023,0,1,-0.9749279121818236,-0.2225209339563146,0.9510565162951535,0.30901699437494745,311.0,343.0,349.0,300.0,293.0,331.43,334.36,338.62,69.41,263.0,472.0,362.11,325.75,23.935677693908453,1.0077041602310062,0,1.0614334470627498,-0.3979253709266785,0
2023-09-07,Munchkins,322.0,Regular Day,28.0,0.0,12.8,5.300000000000001,10.400000000000002,27.4,15.5,0.0,3.1999999999999957,10.51361111111111,51.0,9.399999999999999,0.0,0.0,358.40000000000003,5,7,250,0,0,36,9,2023,0,1,-0.9749279121818236,-0.2225209339563146,0.9510565162951535,0.30901699437494745,406.0,468.0,311.0,424.0,505.0,433.57,447.43,452.05,95.23,271.0,547.0,458.63,402.25,66.17338337025444,1.189115646242325,0,0.803960396023684,-0.4835661030679865,0
2023-09-08,Donuts,224.0,Regular Day,27.4,0.0,12.766666666666667,4.866666666666664,10.299999999999997,26.5,15.5,0.0,4.400000000000006,11.23,80.0,8.5,0.0,5.6,349.8066666666667,6,8,251,0,0,36,9,2023,0,2,-0.7818314824680299,0.6234898018587334,0.5877852522924732,-0.8090169943749473,361.0,374.0,317.0,340.0,519.0,344.0,337.5,338.48,72.77,263.0,472.0,371.08,348.0,24.96664441476534,1.1187214611701868,0,0.6955684007573109,0.309468187397352,0
2023-09-08,Munchkins,436.0,Regular Day,27.4,0.0,12.766666666666667,4.866666666666664,10.299999999999997,26.5,15.5,0.0,4.400000000000006,11.23,80.0,8.5,0.0,5.6,349.8066666666667,6,8,251,0,0,36,9,2023,0,2,-0.7818314824680299,0.6234898018587334,0.5877852522924732,-0.8090169943749473,481.0,561.0,481.0,641.0,481.0,434.29,445.71,454.48,96.05,271.0,547.0,476.72,541.0,76.59416862050705,0.928698752219887,0,0.99999999997921,0.27610619466151926,0
2023-09-09,Donuts,314.0,Regular Day,26.5,0.0,12.716666666666667,4.866666666666664,10.2,24.4,17.3,0.0,5.599999999999998,11.665555555555555,80.0,6.399999999999999,0.0,4.5,336.9916666666667,7,9,252,0,0,36,9,2023,1,2,-2.4492935982947064e-16,1.0,0.5877852522924732,-0.8090169943749473,472.0,436.0,420.0,355.0,289.0,354.29,342.71,340.19,63.97,280.0,472.0,362.06,420.75,48.93107397145499,1.1716129032106888,0,1.633217993023072,2.0604971076972807,0
2023-09-09,Munchkins,536.0,Regular Day,26.5,0.0,12.716666666666667,4.866666666666664,10.2,24.4,17.3,0.0,5.599999999999998,11.665555555555555,80.0,6.399999999999999,0.0,4.5,336.9916666666667,7,9,252,0,0,36,9,2023,1,2,-2.4492935982947064e-16,1.0,0.5877852522924732,-0.8090169943749473,547.0,571.0,703.0,491.0,457.0,437.57,456.0,451.33,94.02,271.0,547.0,456.79,578.0,89.82204629154248,0.9363484087023757,0,1.196936542643393,1.0175494574539943,0
2023-09-10,Munchkins,659.0,Regular Day,24.4,0.0,12.666666666666666,2.7333333333333307,6.700000000000003,22.7,11.9,0.0,3.599999999999998,5.466666666666667,85.0,4.699999999999999,1.0,5.2,309.0666666666666,1,10,253,0,0,36,9,2023,1,2,0.7818314824680298,0.6234898018587336,0.5877852522924732,-0.8090169943749473,531.0,526.0,555.0,480.0,246.0,423.71,456.71,448.1,102.12,271.0,547.0,425.84,523.0,31.336879231984796,1.0212560386374758,0,2.158536585278108,0.8117900508409918,0
2023-09-10,Donuts,383.0,Regular Day,24.4,0.0,12.666666666666666,2.7333333333333307,6.700000000000003,22.7,11.9,0.0,3.599999999999998,5.466666666666667,85.0,4.699999999999999,1.0,5.2,309.0666666666666,1,10,253,0,0,36,9,2023,1,2,0.7818314824680298,0.6234898018587336,0.5877852522924732,-0.8090169943749473,398.0,310.0,354.0,401.0,257.0,340.29,339.93,334.95,80.54,225.0,472.0,327.8,365.75,42.929205288086415,0.9377483443584405,0,1.5486381322354614,0.7828408243378645,0
2023-09-11,Munchkins,345.0,Regular Day,22.7,0.0,12.633333333333333,2.033333333333335,8.600000000000001,22.9,14.0,0.0,4.299999999999997,8.875555555555556,76.0,4.899999999999999,0.0,3.9,286.77666666666664,2,11,254,0,0,37,9,2023,0,2,0.9749279121818236,-0.22252093395631434,0.5877852522924732,-0.8090169943749473,397.0,374.0,253.0,463.0,319.0,438.57,447.93,447.38,81.73,333.0,547.0,413.13,371.75,87.69407049510247,1.0768156424430613,0,1.244514106544059,-0.6164199191708772,0
2023-09-11,Donuts,191.0,Regular Day,22.7,0.0,12.633333333333333,2.033333333333335,8.600000000000001,22.9,14.0,0.0,4.299999999999997,8.875555555555556,76.0,4.899999999999999,0.0,3.9,286.77666666666664,2,11,254,0,0,37,9,2023,0,2,0.9749279121818236,-0.22252093395631434,0.5877852522924732,-0.8090169943749473,335.0,263.0,262.0,299.0,261.0,329.57,331.14,330.0,93.79,205.0,472.0,297.1,289.75,34.73110997362451,1.0659536541699473,0,1.2835249041653822,0.05331058747699002,0
2023-09-12,Munchkins,139.0,Regular Day,22.9,0.0,12.583333333333334,2.4666666666666686,10.2,23.3,16.6,0.0,2.1999999999999993,12.0,30.0,5.300000000000001,0.0,0.1,288.1583333333333,3,12,255,0,0,37,9,2023,0,2,0.43388373911755823,-0.900968867902419,0.5877852522924732,-0.8090169943749473,333.0,430.0,323.0,401.0,510.0,426.57,437.5,447.9,92.73,322.0,547.0,390.35,371.75,52.04725417028901,1.053867403300361,0,0.6529411764577855,-1.2390812033603922,0
2023-09-12,Donuts,170.0,Regular Day,22.9,0.0,12.583333333333334,2.4666666666666686,10.2,23.3,16.6,0.0,2.1999999999999993,12.0,30.0,5.300000000000001,0.0,0.1,288.1583333333333,3,12,255,0,0,37,9,2023,0,2,0.43388373911755823,-0.900968867902419,0.5877852522924732,-0.8090169943749473,225.0,323.0,264.0,335.0,359.0,318.43,323.29,324.48,100.74,205.0,472.0,281.07,286.75,51.551753930718334,0.9148580968127736,0,0.626740947057751,-0.9874925549942932,0
2023-09-13,Donuts,355.0,Regular Day,23.3,0.0,12.55,2.966666666666665,7.0,23.9,14.3,0.0,3.0,10.0,82.0,5.899999999999999,0.0,11.9,292.415,4,13,256,0,0,37,9,2023,0,2,-0.433883739117558,-0.9009688679024191,0.5877852522924732,-0.8090169943749473,205.0,280.0,328.0,309.0,399.0,298.86,312.57,320.05,104.34,205.0,472.0,266.8,280.5,54.064775963653084,0.7613814756552373,0,0.5137844611400054,-1.1026451982842014,0
2023-09-13,Munchkins,378.0,Regular Day,23.3,0.0,12.55,2.966666666666665,7.0,23.9,14.3,0.0,3.0,10.0,82.0,5.899999999999999,0.0,11.9,292.415,4,13,256,0,0,37,9,2023,0,2,-0.433883739117558,-0.9009688679024191,0.5877852522924732,-0.8090169943749473,375.0,271.0,498.0,390.0,489.0,420.14,428.57,445.76,89.85,322.0,547.0,401.76,383.5,92.88164511893618,0.7274774774692851,0,0.7668711656284893,-0.7875347801015543,0
2023-09-14,Munchkins,314.0,Regular Day,23.9,0.0,12.516666666666667,0.7666666666666657,8.2,21.9,15.3,0.0,-0.40000000000000213,12.0,17.0,3.8999999999999986,0.0,0.0,299.1483333333333,5,14,257,0,0,37,9,2023,0,2,-0.9749279121818236,-0.2225209339563146,0.5877852522924732,-0.8090169943749473,322.0,406.0,468.0,311.0,380.0,418.57,426.07,437.81,87.32,322.0,536.0,435.32,376.75,74.16816477887711,0.9345314505656671,0,0.8473684210303324,-1.326271186288792,0
2023-09-14,Donuts,229.0,Regular Day,23.9,0.0,12.516666666666667,0.7666666666666657,8.2,21.9,15.3,0.0,-0.40000000000000213,12.0,17.0,3.8999999999999986,0.0,0.0,299.1483333333333,5,14,257,0,0,37,9,2023,0,2,-0.9749279121818236,-0.2225209339563146,0.5877852522924732,-0.8090169943749473,233.0,311.0,343.0,349.0,464.0,276.29,303.86,315.0,73.03,205.0,398.0,278.6,309.0,53.34166601572671,0.7861271676186976,0,0.5021551724029708,-1.122826235639761,0
2023-09-15,Donuts,475.0,Regular Day,21.9,0.0,12.466666666666667,-1.0666666666666664,9.700000000000001,18.8,18.1,0.0,-1.5,12.0,1.0,0.8000000000000007,0.0,0.0,273.02,6,15,258,0,0,37,9,2023,0,3,-0.7818314824680299,0.6234898018587334,-0.587785252292473,-0.8090169943749476,224.0,361.0,374.0,317.0,395.0,274.14,309.07,316.38,68.97,205.0,383.0,304.7,319.0,67.86751800382861,0.8465991316809465,0,0.56708860758058,-1.3394229373148583,0
2023-09-15,Munchkins,331.0,Regular Day,21.9,0.0,12.466666666666667,-1.0666666666666664,9.700000000000001,18.8,18.1,0.0,-1.5,12.0,1.0,0.8000000000000007,0.0,0.0,273.02,6,15,258,0,0,37,9,2023,0,3,-0.7818314824680299,0.6234898018587334,-0.587785252292473,-0.8090169943749476,436.0,481.0,561.0,481.0,441.0,436.86,435.57,442.76,121.5,322.0,659.0,491.24,489.75,52.02163011671203,0.8800383877074853,0,0.9886621314968557,-0.055637860077725206,0
2023-09-16,Donuts,461.0,Regular Day,18.8,0.0,12.433333333333334,-0.5999999999999979,12.700000000000001,19.1,16.6,0.0,-2.5,12.0,1.0,1.1000000000000014,0.0,0.0,233.74666666666667,7,16,259,0,0,37,9,2023,1,3,-2.4492935982947064e-16,1.0,-0.587785252292473,-0.8090169943749476,314.0,472.0,436.0,420.0,497.0,253.57,303.93,313.0,69.27,191.0,383.0,276.28,410.5,67.90925317411956,0.9182242990546936,0,0.6317907444540887,0.014436263892819944,0
2023-09-16,Munchkins,486.0,Regular Day,18.8,0.0,12.433333333333334,-0.5999999999999979,12.700000000000001,19.1,16.6,0.0,-2.5,12.0,1.0,1.1000000000000014,0.0,0.0,233.74666666666667,7,16,259,0,0,37,9,2023,1,3,-2.4492935982947064e-16,1.0,-0.587785252292473,-0.8090169943749476,536.0,547.0,571.0,703.0,521.0,429.43,433.5,447.14,125.85,322.0,659.0,454.68,589.25,77.22855689445453,0.8500784929289633,0,1.02879078692843,0.7060786650213686,0
2023-09-17,Munchkins,575.0,Regular Day,19.1,0.0,12.383333333333333,0.06666666666666643,13.1,19.5,17.1,0.0,-0.1999999999999993,8.672222222222222,37.0,1.5,0.0,0.2,236.52166666666668,1,17,260,0,0,37,9,2023,1,3,0.7818314824680298,0.6234898018587336,-0.587785252292473,-0.8090169943749476,659.0,531.0,526.0,555.0,312.0,401.71,412.71,438.38,165.68,139.0,659.0,375.76,567.75,62.13627496613123,1.100832562432,0,2.112179487111789,1.3316030902141716,0
2023-09-17,Donuts,386.0,Regular Day,19.1,0.0,12.383333333333333,0.06666666666666643,13.1,19.5,17.1,0.0,-0.1999999999999993,8.672222222222222,37.0,1.5,0.0,0.2,236.52166666666668,1,17,260,0,0,37,9,2023,1,3,0.7818314824680298,0.6234898018587336,-0.587785252292473,-0.8090169943749476,383.0,398.0,310.0,354.0,286.0,245.71,293.0,308.52,75.86,170.0,383.0,249.71,361.25,38.74166577041657,1.1762048192593946,0,1.3391608391140153,0.9818085946504342,0
2023-09-18,Donuts,241.0,Regular Day,19.5,0.0,12.35,-0.7666666666666657,4.900000000000002,20.0,18.1,0.0,-0.3000000000000007,5.8125,90.0,2.0,0.0,22.4,240.825,2,18,261,0,0,38,9,2023,0,3,0.9749279121818236,-0.22252093395631434,-0.587785252292473,-0.8090169943749476,191.0,335.0,263.0,262.0,300.0,267.14,298.36,309.81,83.27,170.0,383.0,276.03,262.75,58.78988008152424,1.001904761885678,0,0.6366666666454445,-1.4268043711508582,0
2023-09-18,Munchkins,370.0,Regular Day,19.5,0.0,12.35,-0.7666666666666657,4.900000000000002,20.0,18.1,0.0,-0.3000000000000007,5.8125,90.0,2.0,0.0,22.4,240.825,2,18,261,0,0,38,9,2023,0,3,0.9749279121818236,-0.22252093395631434,-0.587785252292473,-0.8090169943749476,345.0,397.0,374.0,253.0,375.0,402.14,420.36,432.67,165.61,139.0,659.0,376.32,342.25,63.18952972341752,1.1834130781310461,0,0.9199999999754667,-0.5293762453638442,0
2023-09-19,Munchkins,414.0,Regular Day,20.0,0.0,12.3,-2.2333333333333343,10.2,19.0,17.1,0.0,-1.1999999999999993,11.945277777777777,1.0,1.0,0.0,0.0,246.0,3,19,262,0,0,38,9,2023,0,3,0.43388373911755823,-0.900968867902419,-0.587785252292473,-0.8090169943749476,139.0,333.0,430.0,323.0,408.0,401.0,413.79,425.33,166.28,139.0,659.0,360.74,306.25,121.49451290764809,0.6268260292081431,0,0.3406862745014538,-1.721974981854584,0
2023-09-19,Donuts,230.0,Regular Day,20.0,0.0,12.3,-2.2333333333333343,10.2,19.0,17.1,0.0,-1.1999999999999993,11.945277777777777,1.0,1.0,0.0,0.0,246.0,3,19,262,0,0,38,9,2023,0,3,0.43388373911755823,-0.900968867902419,-0.587785252292473,-0.8090169943749476,170.0,225.0,323.0,264.0,307.0,266.57,292.5,304.38,83.55,170.0,383.0,264.27,245.5,64.46963109351047,0.6729131175353847,0,0.5537459283207249,-1.6083782164442397,0
2023-09-20,Donuts,276.0,Regular Day,19.0,0.0,12.25,-1.8000000000000007,12.700000000000001,18.5,11.0,0.0,-0.6000000000000014,11.917777777777777,23.0,0.5,0.0,0.0,232.75,4,20,263,0,0,38,9,2023,0,3,-0.433883739117558,-0.9009688679024191,-0.587785252292473,-0.8090169943749476,355.0,205.0,280.0,328.0,407.0,302.43,300.64,309.19,111.44,170.0,475.0,316.95,292.0,65.7723346096214,0.9210526315637985,0,0.8722358722144413,0.4110732232222656,0
2023-09-20,Munchkins,451.0,Regular Day,19.0,0.0,12.25,-1.8000000000000007,12.700000000000001,18.5,11.0,0.0,-0.6000000000000014,11.917777777777777,23.0,0.5,0.0,0.0,232.75,4,20,263,0,0,38,9,2023,0,3,-0.433883739117558,-0.9009688679024191,-0.587785252292473,-0.8090169943749476,378.0,375.0,271.0,498.0,348.0,386.0,403.07,414.38,167.33,139.0,659.0,353.31,380.5,92.79547402756236,0.9791937581147049,0,1.0862068965205112,-0.21741468952265489,0
2023-09-21,Donuts,172.0,Regular Day,18.5,0.0,12.216666666666667,-0.5666666666666664,11.999999999999998,18.8,11.9,0.0,0.8000000000000007,11.466666666666667,53.0,0.8000000000000007,0.0,0.0,226.00833333333333,5,21,264,0,0,38,9,2023,0,3,-0.9749279121818236,-0.2225209339563146,-0.587785252292473,-0.8090169943749476,229.0,233.0,311.0,343.0,448.0,323.43,299.86,310.38,126.78,170.0,475.0,352.97,279.0,56.96782717756869,0.7064220183378223,0,0.5111607142743044,-0.6418993531596545,0
2023-09-21,Munchkins,401.0,Regular Day,18.5,0.0,12.216666666666667,-0.5666666666666664,11.999999999999998,18.8,11.9,0.0,0.8000000000000007,11.466666666666667,53.0,0.8000000000000007,0.0,0.0,226.00833333333333,5,21,264,0,0,38,9,2023,0,3,-0.9749279121818236,-0.2225209339563146,-0.587785252292473,-0.8090169943749476,314.0,322.0,406.0,468.0,434.0,378.86,398.71,410.33,160.8,139.0,659.0,386.48,377.5,73.29165482281503,0.7276887871770287,0,0.7235023041307949,-0.5990671641418489,0
2023-09-22,Donuts,361.0,Regular Day,18.8,0.1999999999999993,12.166666666666666,-0.466666666666665,8.4,17.8,27.2,0.0,-3.1000000000000014,7.335555555555556,100.0,0.0,0.0,0.0,228.73333333333332,6,22,265,0,0,38,9,2023,0,4,-0.7818314824680299,0.6234898018587334,-0.9510565162951536,0.30901699437494723,475.0,224.0,361.0,374.0,409.0,323.86,299.0,314.0,127.02,170.0,475.0,361.22,358.5,103.13260072999873,0.9510204081503263,0,1.161369193125639,1.267516926368484,0
2023-09-22,Munchkins,276.0,Regular Day,18.8,0.1999999999999993,12.166666666666666,-0.466666666666665,8.4,17.8,27.2,0.0,-3.1000000000000014,7.335555555555556,100.0,0.0,0.0,0.0,228.73333333333332,6,22,265,0,0,38,9,2023,0,4,-0.7818314824680299,0.6234898018587334,-0.9510565162951536,0.30901699437494723,331.0,436.0,481.0,561.0,356.0,366.86,401.86,412.67,137.91,139.0,575.0,433.61,452.25,95.94920531197744,0.7360844529679839,0,0.9297752808727591,-0.5921978101231096,0
2023-09-23,Munchkins,455.0,Regular Day,17.8,0.6000000000000014,12.116666666666667,-1.8999999999999986,2.3999999999999986,17.4,33.2,0.0,-1.8000000000000007,0.0,100.0,0.0,1.0,31.0,215.67666666666668,7,23,266,0,0,38,9,2023,1,4,-2.4492935982947064e-16,1.0,-0.9510565162951536,0.30901699437494723,486.0,536.0,547.0,571.0,364.0,370.43,399.93,412.48,137.58,139.0,575.0,417.71,535.0,35.78640337707419,0.914132379240482,0,1.3351648351281549,0.534379997053759,0
2023-09-23,Donuts,419.0,Regular Day,17.8,0.6000000000000014,12.116666666666667,-1.8999999999999986,2.3999999999999986,17.4,33.2,0.0,-1.8000000000000007,0.0,100.0,0.0,1.0,31.0,215.67666666666668,7,23,266,0,0,38,9,2023,1,4,-2.4492935982947064e-16,1.0,-0.9510565162951536,0.30901699437494723,461.0,314.0,472.0,436.0,467.0,331.0,292.29,312.95,119.49,170.0,475.0,331.17,420.75,72.74327002089838,0.8535242290654899,0,0.9871520342401038,1.2390158171195067,0
2023-09-24,Donuts,388.0,Regular Day,17.4,0.0,12.083333333333334,0.533333333333335,5.0,20.4,26.7,0.0,1.8999999999999986,4.318611111111111,90.0,2.3999999999999986,1.0,20.0,210.25,1,24,267,0,0,38,9,2023,1,4,0.7818314824680298,0.6234898018587336,-0.9510565162951536,0.30901699437494723,386.0,383.0,398.0,310.0,298.0,339.57,292.64,308.52,107.57,229.0,475.0,305.88,369.25,40.02811511925087,1.0861581920750543,0,1.2953020133793522,0.720275169590009,0
2023-09-24,Munchkins,511.0,Regular Day,17.4,0.0,12.083333333333334,0.533333333333335,5.0,20.4,26.7,0.0,1.8999999999999986,4.318611111111111,90.0,2.3999999999999986,1.0,20.0,210.25,1,24,267,0,0,38,9,2023,1,4,0.7818314824680298,0.6234898018587336,-0.9510565162951536,0.30901699437494723,575.0,659.0,531.0,526.0,284.0,409.71,405.71,411.71,92.28,314.0,575.0,416.78,572.75,61.57042038728229,1.1674550614837518,0,2.024647887252653,1.769505851563773,0
2023-09-25,Donuts,267.0,Regular Day,20.4,0.0,12.033333333333333,-1.2333333333333343,3.5,18.7,20.0,0.0,1.0,2.6983333333333333,99.0,0.6999999999999993,0.0,1.7,245.48,2,25,268,0,0,39,9,2023,0,4,0.9749279121818236,-0.22252093395631434,-0.9510565162951536,0.30901699437494723,241.0,191.0,335.0,263.0,269.0,328.29,297.71,308.33,109.8,229.0,475.0,298.41,257.5,59.80802621722272,0.7224080267437725,0,0.8959107806358397,-0.6132058287237516,0
2023-09-25,Munchkins,388.0,Regular Day,20.4,0.0,12.033333333333333,-1.2333333333333343,3.5,18.7,20.0,0.0,1.0,2.6983333333333333,99.0,0.6999999999999993,0.0,1.7,245.48,2,25,268,0,0,39,9,2023,0,4,0.9749279121818236,-0.22252093395631434,-0.9510565162951536,0.30901699437494723,370.0,345.0,397.0,374.0,352.0,420.14,411.14,420.29,92.23,314.0,575.0,425.34,371.5,21.299452262127932,0.9273670557596969,0,1.0511363636065019,-0.5452672665569483,0
2023-09-26,Donuts,207.0,Regular Day,18.7,1.0,11.983333333333333,-2.6333333333333364,2.5999999999999996,17.0,24.6,0.0,-2.3000000000000007,0.06527777777777778,99.0,0.0,0.0,2.3,224.0883333333333,3,26,269,0,0,39,9,2023,0,4,0.43388373911755823,-0.900968867902419,-0.9510565162951536,0.30901699437494723,230.0,170.0,225.0,323.0,361.0,320.14,293.36,301.71,120.03,172.0,475.0,266.81,237.0,63.45076831686122,0.7299270072859503,0,0.6371191135557585,-0.5974339747898496,0
2023-09-26,Munchkins,401.0,Regular Day,18.7,1.0,11.983333333333333,-2.6333333333333364,2.5999999999999996,17.0,24.6,0.0,-2.3000000000000007,0.06527777777777778,99.0,0.0,0.0,2.3,224.0883333333333,3,26,269,0,0,39,9,2023,0,4,0.43388373911755823,-0.900968867902419,-0.9510565162951536,0.30901699437494723,414.0,139.0,333.0,430.0,346.0,432.57,416.79,420.05,80.68,331.0,575.0,419.25,329.0,133.59391203693878,0.7247706421923359,0,1.1965317918729326,-0.07498760534519255,0
2023-09-27,Donuts,320.0,Regular Day,17.0,1.8999999999999986,11.95,-3.799999999999997,5.9,16.1,18.8,0.0,-1.6999999999999993,11.725,54.0,0.0,0.0,0.0,203.14999999999998,4,27,270,0,0,39,9,2023,0,4,-0.433883739117558,-0.9009688679024191,-0.9510565162951536,0.30901699437494723,276.0,355.0,205.0,280.0,315.0,303.86,303.14,301.71,101.88,172.0,461.0,290.35,279.0,61.26989472816156,1.3010309278082262,0,0.8761904761626605,-0.25235571257829237,0
2023-09-27,Munchkins,464.0,Regular Day,17.0,1.8999999999999986,11.95,-3.799999999999997,5.9,16.1,18.8,0.0,-1.6999999999999993,11.725,54.0,0.0,0.0,0.0,203.14999999999998,4,27,270,0,0,39,9,2023,0,4,-0.433883739117558,-0.9009688679024191,-0.9510565162951536,0.30901699437494723,451.0,378.0,375.0,271.0,282.0,424.71,405.36,410.29,93.83,276.0,575.0,383.44,368.75,74.03771561395808,1.283281733726265,0,1.5992907800851315,0.4338697644214141,0
2023-09-28,Donuts,319.0,Regular Day,16.1,1.6000000000000014,11.916666666666666,-3.4666666666666686,6.299999999999999,16.4,20.8,0.0,-1.0,1.1258333333333332,82.0,0.0,0.0,0.2,191.85833333333335,5,28,271,0,0,39,9,2023,0,4,-0.9749279121818236,-0.2225209339563146,-0.9510565162951536,0.30901699437494723,172.0,229.0,233.0,311.0,428.0,297.86,310.64,299.19,91.82,172.0,419.0,322.52,236.25,57.09276077869534,0.7371323529276262,0,0.4018691588691152,-1.385210193706686,0
2023-09-28,Munchkins,351.0,Regular Day,16.1,1.6000000000000014,11.916666666666666,-3.4666666666666686,6.299999999999999,16.4,20.8,0.0,-1.0,1.1258333333333332,82.0,0.0,0.0,0.2,191.85833333333335,5,28,271,0,0,39,9,2023,0,4,-0.9749279121818236,-0.2225209339563146,-0.9510565162951536,0.30901699437494723,401.0,314.0,322.0,406.0,529.0,420.29,399.57,405.9,91.14,276.0,575.0,401.33,360.75,49.513466181770525,0.9821428571293661,0,0.7580340264506987,-0.053763440854315815,0
2023-09-29,Munchkins,590.0,Regular Day,16.4,0.3000000000000007,11.866666666666667,-2.833333333333332,4.699999999999999,17.7,20.1,0.0,0.3000000000000007,1.1975,100.0,0.0,0.0,16.7,194.61333333333332,6,29,272,0,0,39,9,2023,0,5,-0.7818314824680299,0.6234898018587334,-2.4492935982947064e-16,1.0,276.0,331.0,436.0,481.0,475.0,411.14,389.0,404.95,74.78,276.0,511.0,428.75,381.0,94.0744386111339,0.6619411123155732,0,0.5810526315667147,-1.7243915483117958,0
2023-09-29,Donuts,401.0,Regular Day,16.4,0.3000000000000007,11.866666666666667,-2.833333333333332,4.699999999999999,17.7,20.1,0.0,0.3000000000000007,1.1975,100.0,0.0,0.0,16.7,194.61333333333332,6,29,272,0,0,39,9,2023,0,5,-0.7818314824680299,0.6234898018587334,-2.4492935982947064e-16,1.0,361.0,475.0,224.0,361.0,453.0,298.14,311.0,298.71,92.14,172.0,419.0,338.89,355.25,102.6851985438992,1.4290598290354006,0,0.7969094922561388,0.6760364661736451,0
2023-09-30,Donuts,473.0,Regular Day,17.7,0.5,11.833333333333334,-1.8000000000000007,5.1,17.5,17.6,0.0,-0.10000000000000142,2.81,88.0,0.0,0.0,0.0,209.45,7,30,273,0,1,39,9,2023,1,5,-2.4492935982947064e-16,1.0,-2.4492935982947064e-16,1.0,419.0,461.0,314.0,472.0,367.0,301.86,316.43,295.48,89.95,172.0,419.0,320.92,416.5,72.04859471218019,1.119592875303822,0,1.141689373265894,1.3732073372570084,0
2023-09-30,Munchkins,608.0,Regular Day,17.7,0.5,11.833333333333334,-1.8000000000000007,5.1,17.5,17.6,0.0,-0.10000000000000142,2.81,88.0,0.0,0.0,0.0,209.45,7,30,273,0,1,39,9,2023,1,5,-2.4492935982947064e-16,1.0,-2.4492935982947064e-16,1.0,455.0,486.0,536.0,547.0,493.0,413.71,392.07,404.52,73.43,276.0,511.0,418.56,506.0,43.135445594854666,0.8688827331406382,0,0.9229208924762085,0.6874574423685884,0
2023-10-01,Donuts,362.0,Regular Day,17.5,0.0,11.783333333333333,0.5,10.6,19.2,14.1,0.0,0.3000000000000007,11.606666666666667,8.0,1.1999999999999993,0.0,0.0,206.20833333333334,1,1,274,1,0,39,10,2023,1,1,0.7818314824680298,0.6234898018587336,0.9510565162951535,0.30901699437494745,388.0,386.0,383.0,398.0,295.0,298.57,319.07,294.62,93.37,172.0,419.0,292.44,388.75,6.5,0.9910371318695129,0,1.3152542372435507,1.0001071006747235,0
2023-10-01,Munchkins,498.0,Regular Day,17.5,0.0,11.783333333333333,0.5,10.6,19.2,14.1,0.0,0.3000000000000007,11.606666666666667,8.0,1.1999999999999993,0.0,0.0,206.20833333333334,1,1,274,1,0,39,10,2023,1,1,0.7818314824680298,0.6234898018587336,0.9510565162951535,0.30901699437494745,511.0,575.0,659.0,531.0,223.0,411.86,410.79,407.76,73.58,276.0,511.0,414.17,569.0,65.68612232935254,0.9126050420091378,0,2.2914798205250455,1.403098667925646,0
2023-10-02,Donuts,195.0,Regular Day,19.2,0.0,11.75,2.133333333333333,10.100000000000001,19.9,11.6,0.0,1.5,9.696944444444444,16.0,1.8999999999999986,0.0,0.0,225.6,2,2,275,0,0,40,10,2023,0,1,0.9749279121818236,-0.22252093395631434,0.9510565162951535,0.30901699437494745,267.0,241.0,191.0,335.0,400.0,304.86,316.57,300.1,93.08,172.0,419.0,299.33,258.5,59.96387801557423,0.9657794676622475,0,0.6674999999833124,-0.35560807903356195,0
2023-10-02,Munchkins,335.0,Regular Day,19.2,0.0,11.75,2.133333333333333,10.100000000000001,19.9,11.6,0.0,1.5,9.696944444444444,16.0,1.8999999999999986,0.0,0.0,225.6,2,2,275,0,0,40,10,2023,0,1,0.9749279121818236,-0.22252093395631434,0.9510565162951535,0.30901699437494745,388.0,370.0,345.0,397.0,291.0,413.71,416.93,412.0,74.89,276.0,511.0,426.63,375.0,22.93468988235943,1.0215633423042916,0,1.3333333332875144,-0.32047002265716784,0
2023-10-03,Donuts,228.0,Regular Day,19.9,0.0,11.7,1.9333333333333336,12.799999999999999,19.0,10.7,0.0,2.0,11.452777777777778,1.0,1.0,0.0,0.0,232.82999999999996,3,3,276,0,0,40,10,2023,0,1,0.43388373911755823,-0.900968867902419,0.9510565162951535,0.30901699437494745,207.0,230.0,170.0,225.0,231.0,325.86,323.0,304.19,72.39,207.0,419.0,304.25,208.0,27.190684679377483,1.1063291138960423,0,0.8961038960651037,-1.3425887551674833,0
2023-10-03,Munchkins,308.0,Regular Day,19.9,0.0,11.7,1.9333333333333336,12.799999999999999,19.0,10.7,0.0,2.0,11.452777777777778,1.0,1.0,0.0,0.0,232.82999999999996,3,3,276,0,0,40,10,2023,0,1,0.43388373911755823,-0.900968867902419,0.9510565162951535,0.30901699437494745,401.0,414.0,139.0,333.0,285.0,406.57,419.57,413.38,78.59,276.0,511.0,407.72,321.75,126.90514830638931,1.7266949152176547,0,1.40701754381028,-0.15752640283019126,0
2023-10-04,Donuts,326.0,Regular Day,19.0,0.0,11.666666666666666,1.4000000000000021,13.4,19.4,11.0,0.0,2.1999999999999993,11.450277777777778,0.0,1.3999999999999986,0.0,0.0,221.66666666666666,4,4,277,0,0,40,10,2023,0,1,-0.433883739117558,-0.9009688679024191,0.9510565162951535,0.30901699437494745,320.0,276.0,355.0,205.0,317.0,331.57,317.71,312.62,77.06,207.0,419.0,328.43,289.0,64.65807503063068,1.0642857142667093,0,1.009463722365632,0.09576953022375163,0
2023-10-04,Munchkins,260.0,Regular Day,19.0,0.0,11.666666666666666,1.4000000000000021,13.4,19.4,11.0,0.0,2.1999999999999993,11.450277777777778,0.0,1.3999999999999986,0.0,0.0,221.66666666666666,4,4,277,0,0,40,10,2023,0,1,-0.433883739117558,-0.9009688679024191,0.9510565162951535,0.30901699437494745,464.0,451.0,378.0,375.0,303.0,451.43,438.07,420.71,81.21,351.0,590.0,453.29,417.0,47.08148963941844,1.2151394422149384,0,1.5313531352629917,0.5330624306694914,0
2023-10-05,Munchkins,393.0,Regular Day,19.4,0.0,11.616666666666667,-0.06666666666666643,12.3,18.3,14.2,0.0,1.8999999999999986,11.196944444444444,13.0,0.3000000000000007,0.0,0.0,225.36333333333332,5,5,278,0,0,40,10,2023,0,1,-0.9749279121818236,-0.2225209339563146,0.9510565162951535,0.30901699437494745,351.0,401.0,314.0,322.0,480.0,473.29,446.79,424.14,100.61,351.0,608.0,491.97,347.0,39.35310237664455,1.1823899370883273,0,0.7312499999847656,-0.7269655103143856,0
2023-10-05,Donuts,252.0,Regular Day,19.4,0.0,11.616666666666667,-0.06666666666666643,12.3,18.3,14.2,0.0,1.8999999999999986,11.196944444444444,13.0,0.3000000000000007,0.0,0.0,225.36333333333332,5,5,278,0,0,40,10,2023,0,1,-0.9749279121818236,-0.2225209339563146,0.9510565162951535,0.30901699437494745,319.0,172.0,229.0,233.0,335.0,339.29,318.57,320.19,89.04,207.0,473.0,364.58,238.25,60.61559205353025,1.062770562747559,0,0.9522388059417242,-0.013364779872712824,0
2023-10-06,Donuts,283.0,Regular Day,18.3,0.0,11.566666666666666,0.8999999999999986,8.899999999999999,20.6,10.3,0.0,2.900000000000002,6.804722222222222,85.0,2.6000000000000014,0.0,0.9,211.67000000000002,6,6,279,0,0,40,10,2023,0,1,-0.7818314824680299,0.6234898018587334,0.9510565162951535,0.30901699437494745,401.0,361.0,475.0,224.0,465.0,335.57,316.86,319.19,87.19,207.0,473.0,363.93,365.25,105.34506791176004,1.0901287553492114,0,0.8623655913793039,0.9382956760020307,0
2023-10-06,Munchkins,218.0,Regular Day,18.3,0.0,11.566666666666666,0.8999999999999986,8.899999999999999,20.6,10.3,0.0,2.900000000000002,6.804722222222222,85.0,2.6000000000000014,0.0,0.9,211.67000000000002,6,6,279,0,0,40,10,2023,0,1,-0.7818314824680299,0.6234898018587334,0.9510565162951535,0.30901699437494745,590.0,276.0,331.0,436.0,339.0,471.43,441.29,416.48,99.91,351.0,608.0,493.48,408.25,138.15540766349562,1.1290743155002727,0,1.7404129792996927,1.7367630866042676,0
2023-10-07,Munchkins,659.0,Regular Day,20.6,0.0,11.533333333333333,0.3000000000000007,6.9,19.1,26.0,0.0,2.099999999999998,8.224166666666667,82.0,1.1000000000000014,0.0,4.5,237.58666666666667,7,7,280,0,0,40,10,2023,1,1,-2.4492935982947064e-16,1.0,0.9510565162951535,0.30901699437494745,608.0,455.0,486.0,536.0,369.0,463.86,438.79,416.0,108.89,335.0,608.0,453.86,521.25,66.77012805139735,1.0401174168195684,0,1.6476964769201166,1.7632473136409912,0
2023-10-07,Donuts,429.0,Regular Day,20.6,0.0,11.533333333333333,0.3000000000000007,6.9,19.1,26.0,0.0,2.099999999999998,8.224166666666667,82.0,1.1000000000000014,0.0,4.5,237.58666666666667,7,7,280,0,0,40,10,2023,1,1,-2.4492935982947064e-16,1.0,0.9510565162951535,0.30901699437494745,473.0,419.0,461.0,314.0,386.0,325.29,313.57,319.38,99.94,195.0,473.0,321.7,416.75,72.30663869936149,1.1509677419206326,0,1.2253886010045236,1.537122273210214,0
2023-10-08,Donuts,413.0,Regular Day,19.1,4.5,11.483333333333333,-4.166666666666668,7.499999999999998,13.5,22.6,0.0,-4.399999999999999,11.020277777777778,16.0,0.0,0.0,0.0,219.33166666666668,1,8,281,0,0,40,10,2023,1,2,0.7818314824680298,0.6234898018587336,0.5877852522924732,-0.8090169943749473,362.0,388.0,386.0,383.0,226.0,328.29,313.43,322.14,96.04,195.0,473.0,298.27,379.75,12.010412149464313,0.9752925877636502,0,1.60176991143355,0.4150354018726537,0
2023-10-08,Munchkins,481.0,Regular Day,19.1,4.5,11.483333333333333,-4.166666666666668,7.499999999999998,13.5,22.6,0.0,-4.399999999999999,11.020277777777778,16.0,0.0,0.0,0.0,219.33166666666668,1,8,281,0,0,40,10,2023,1,2,0.7818314824680298,0.6234898018587336,0.5877852522924732,-0.8090169943749473,498.0,511.0,575.0,659.0,363.0,450.57,431.21,424.05,122.65,308.0,608.0,417.39,560.75,73.64045536705125,0.8176661264115263,0,1.3719008264084875,0.6029351813613586,0
2023-10-09,Munchkins,489.0,Columbus Day,13.5,5.699999999999999,11.45,-1.5666666666666664,9.9,12.3,20.0,0.0,-4.700000000000001,8.768611111111111,44.0,0.0,0.0,0.1,154.575,2,9,282,0,0,41,10,2023,0,2,0.9749279121818236,-0.22252093395631434,0.5877852522924732,-0.8090169943749473,335.0,388.0,370.0,345.0,308.0,421.43,417.57,418.43,141.68,260.0,608.0,378.04,359.5,24.03469714114714,1.0111888111746687,1,1.087662337627024,-0.5888622246902271,0
2023-10-09,Donuts,290.0,Columbus Day,13.5,5.699999999999999,11.45,-1.5666666666666664,9.9,12.3,20.0,0.0,-4.700000000000001,8.768611111111111,44.0,0.0,0.0,0.1,154.575,2,9,282,0,0,41,10,2023,0,2,0.9749279121818236,-0.22252093395631434,0.5877852522924732,-0.8090169943749473,195.0,267.0,241.0,191.0,268.0,329.14,317.0,320.76,95.98,195.0,473.0,305.21,223.5,36.81937895547217,1.0694444444196887,1,0.7276119402713578,-1.310272973399638,0
2023-10-10,Donuts,195.0,Regular Day,12.3,4.4,11.4,0.3000000000000007,9.999999999999998,13.6,15.5,0.0,-1.0999999999999979,10.821666666666667,42.0,0.0,0.0,0.5,140.22,3,10,283,0,0,41,10,2023,0,2,0.43388373911755823,-0.900968867902419,0.5877852522924732,-0.8090169943749473,228.0,207.0,230.0,170.0,317.0,319.57,322.71,321.86,100.4,195.0,473.0,291.9,208.75,27.849296819369307,1.0874999999728125,0,0.7192429021855128,-0.9348605576758109,0
2023-10-10,Munchkins,336.0,Regular Day,12.3,4.4,11.4,0.3000000000000007,9.999999999999998,13.6,15.5,0.0,-1.0999999999999979,10.821666666666667,42.0,0.0,0.0,0.5,140.22,3,10,283,0,0,41,10,2023,0,2,0.43388373911755823,-0.900968867902419,0.5877852522924732,-0.8090169943749473,308.0,401.0,414.0,139.0,261.0,427.43,417.0,422.19,139.07,260.0,608.0,381.78,315.5,126.7819650686432,1.2820976491630725,0,1.1800766283072768,-0.8210972890759259,0
2023-10-11,Donuts,281.0,Regular Day,13.6,2.5999999999999996,11.366666666666667,0.9333333333333336,11.6,15.4,11.3,0.0,-1.8000000000000007,10.852777777777778,28.0,0.0,0.0,0.0,154.58666666666667,4,11,284,0,0,41,10,2023,0,2,-0.433883739117558,-0.9009688679024191,0.5877852522924732,-0.8090169943749473,326.0,320.0,276.0,355.0,258.0,302.71,317.14,312.71,94.16,195.0,473.0,289.68,319.25,32.633060945407294,1.0237717907920163,0,1.2635658914238928,0.14114273575391456,0
2023-10-11,Munchkins,194.0,Regular Day,13.6,2.5999999999999996,11.366666666666667,0.9333333333333336,11.6,15.4,11.3,0.0,-1.8000000000000007,10.852777777777778,28.0,0.0,0.0,0.0,154.58666666666667,4,11,284,0,0,41,10,2023,0,2,-0.433883739117558,-0.9009688679024191,0.5877852522924732,-0.8090169943749473,260.0,464.0,451.0,378.0,358.0,374.29,412.86,416.81,137.66,218.0,608.0,340.84,388.25,93.50356499442503,0.8733413751402492,0,0.7262569832199369,-1.1391108527430545,0
2023-10-12,Munchkins,276.0,Regular Day,15.4,2.8000000000000007,11.316666666666666,0.7333333333333325,13.2,15.2,9.3,0.0,-1.3000000000000007,10.837777777777777,37.0,0.0,0.0,0.0,174.27666666666667,5,12,285,0,0,41,10,2023,0,2,-0.9749279121818236,-0.2225209339563146,0.5877852522924732,-0.8090169943749473,393.0,351.0,401.0,314.0,418.0,381.57,427.43,425.05,152.63,218.0,659.0,420.38,364.75,40.318523451799834,1.0405594405448872,0,0.940191387537316,-0.20998493086483758,0
2023-10-12,Donuts,250.0,Regular Day,15.4,2.8000000000000007,11.316666666666666,0.7333333333333325,13.2,15.2,9.3,0.0,-1.3000000000000007,10.837777777777777,37.0,0.0,0.0,0.0,174.27666666666667,5,12,285,0,0,41,10,2023,0,2,-0.9749279121818236,-0.2225209339563146,0.5877852522924732,-0.8090169943749473,252.0,319.0,172.0,229.0,394.0,296.43,317.86,311.19,81.52,195.0,429.0,324.51,243.0,60.81118318204309,1.4239401495904254,0,0.6395939086132083,-0.7260794896067125,0
2023-10-13,Munchkins,491.0,Regular Day,15.2,3.5,11.283333333333333,-1.2666666666666657,8.7,14.5,12.6,0.0,-2.1999999999999993,10.81861111111111,8.0,0.0,0.0,0.0,171.50666666666666,6,13,286,0,0,41,10,2023,0,2,-0.7818314824680299,0.6234898018587334,0.5877852522924732,-0.8090169943749473,218.0,590.0,276.0,331.0,418.0,379.14,425.29,420.57,150.59,218.0,659.0,435.53,353.75,164.11860548599196,1.3311367380340835,0,0.521531100465992,-1.3451756423836125,0
2023-10-13,Donuts,284.0,Regular Day,15.2,3.5,11.283333333333333,-1.2666666666666657,8.7,14.5,12.6,0.0,-2.1999999999999993,10.81861111111111,8.0,0.0,0.0,0.0,171.50666666666666,6,13,286,0,0,41,10,2023,0,2,-0.7818314824680299,0.6234898018587334,0.5877852522924732,-0.8090169943749473,283.0,401.0,361.0,475.0,346.0,303.71,319.64,312.48,90.18,195.0,429.0,346.63,380.0,80.0749648766704,0.8181818181720313,0,0.8179190751208694,-0.32690175201520294,0
2023-10-14,Donuts,449.0,Regular Day,14.5,6.4,11.233333333333333,-3.533333333333333,8.200000000000001,11.6,14.7,0.0,-1.4000000000000004,0.2791666666666667,60.0,0.0,0.0,3.2,162.88333333333333,7,14,287,0,0,41,10,2023,1,2,-2.4492935982947064e-16,1.0,0.5877852522924732,-0.8090169943749473,429.0,473.0,419.0,461.0,410.0,317.29,321.29,314.81,77.32,228.0,429.0,332.47,445.5,25.632011235952593,1.0249999999883523,0,1.0463414633891137,1.4768494566118924,0
2023-10-14,Munchkins,676.0,Regular Day,14.5,6.4,11.233333333333333,-3.533333333333333,8.200000000000001,11.6,14.7,0.0,-1.4000000000000004,0.2791666666666667,60.0,0.0,0.0,3.2,162.88333333333333,7,14,287,0,0,41,10,2023,1,2,-2.4492935982947064e-16,1.0,0.5877852522924732,-0.8090169943749473,659.0,608.0,455.0,486.0,524.0,401.14,432.5,426.24,154.27,218.0,659.0,448.9,552.0,97.21111047611791,1.346439957477721,0,1.2576335877622589,1.5087833019051802,0
2023-10-15,Donuts,394.0,Regular Day,11.6,5.199999999999999,11.2,-3.5333333333333314,7.600000000000001,12.8,23.3,0.0,-3.6000000000000014,9.069166666666666,62.0,0.0,0.0,5.0,129.92,1,15,288,0,0,41,10,2023,1,3,0.7818314824680298,0.6234898018587336,-0.587785252292473,-0.8090169943749476,413.0,362.0,388.0,386.0,253.0,312.57,320.43,313.14,84.36,195.0,429.0,298.11,387.25,20.838665984174707,1.001291989651146,0,1.6324110671291536,1.1837363678065749,0
2023-10-15,Munchkins,581.0,Regular Day,11.6,5.199999999999999,11.2,-3.5333333333333314,7.600000000000001,12.8,23.3,0.0,-3.6000000000000014,9.069166666666666,62.0,0.0,0.0,5.0,129.92,1,15,288,0,0,41,10,2023,1,3,0.7818314824680298,0.6234898018587336,-0.587785252292473,-0.8090169943749476,481.0,498.0,511.0,575.0,298.0,405.14,427.86,422.52,151.79,218.0,659.0,420.68,516.25,41.047736437794796,0.9014732964926201,0,1.6140939596773793,0.38526912178764955,0
2023-10-16,Donuts,242.0,Regular Day,12.8,6.699999999999999,11.15,-0.033333333333333215,9.899999999999999,11.3,14.9,0.0,-2.5999999999999996,10.050833333333333,25.0,0.0,0.0,0.3,142.72,2,16,289,0,0,42,10,2023,0,3,0.9749279121818236,-0.22252093395631434,-0.587785252292473,-0.8090169943749476,290.0,195.0,267.0,241.0,277.0,306.14,317.64,313.38,84.88,195.0,429.0,293.83,248.25,40.75434537158788,0.9547244094300251,0,1.046931407904443,-0.27544769082522996,0
2023-10-16,Munchkins,372.0,Regular Day,12.8,6.699999999999999,11.15,-0.033333333333333215,9.899999999999999,11.3,14.9,0.0,-2.5999999999999996,10.050833333333333,25.0,0.0,0.0,0.3,142.72,2,16,289,0,0,42,10,2023,0,3,0.9749279121818236,-0.22252093395631434,-0.587785252292473,-0.8090169943749476,489.0,335.0,388.0,370.0,255.0,395.71,408.57,410.29,163.88,194.0,659.0,364.01,395.5,66.10345427182052,1.0870712400911995,0,1.9176470587483274,0.4802904564022277,0
2023-10-17,Donuts,205.0,Regular Day,11.3,5.699999999999999,11.116666666666667,1.166666666666666,9.599999999999998,12.3,11.2,0.0,-2.3999999999999986,10.749444444444444,18.0,0.0,0.0,0.2,125.61833333333335,3,17,290,0,0,42,10,2023,0,3,0.43388373911755823,-0.900968867902419,-0.587785252292473,-0.8090169943749476,195.0,228.0,207.0,230.0,252.0,305.86,312.71,317.1,85.09,195.0,429.0,282.87,215.0,16.911534525287763,0.9679633867055386,0,0.7738095237788171,-1.4349512279427725,0
2023-10-17,Munchkins,361.0,Regular Day,11.3,5.699999999999999,11.116666666666667,1.166666666666666,9.599999999999998,12.3,11.2,0.0,-2.3999999999999986,10.749444444444444,18.0,0.0,0.0,0.2,125.61833333333335,3,17,290,0,0,42,10,2023,0,3,0.43388373911755823,-0.900968867902419,-0.587785252292473,-0.8090169943749476,336.0,308.0,401.0,414.0,366.0,379.0,403.21,404.33,170.05,194.0,659.0,342.0,364.75,50.9468677480111,0.7901840490700591,0,0.918032786860163,-0.40182299321365333,0
2023-10-18,Munchkins,275.0,Regular Day,12.3,4.6,11.066666666666666,1.3333333333333321,10.099999999999998,13.4,6.9,0.0,-1.1999999999999993,10.556666666666667,41.0,0.0,0.0,0.0,136.12,4,18,291,0,0,42,10,2023,0,3,-0.433883739117558,-0.9009688679024191,-0.587785252292473,-0.8090169943749476,194.0,260.0,464.0,451.0,455.0,418.0,396.14,414.57,157.84,194.0,659.0,379.25,342.25,135.8832219223551,0.49617486338255545,0,0.4263736263642555,-1.3974277748734523,0
2023-10-18,Donuts,283.0,Regular Day,12.3,4.6,11.066666666666666,1.3333333333333321,10.099999999999998,13.4,6.9,0.0,-1.1999999999999993,10.556666666666667,41.0,0.0,0.0,0.0,136.12,4,18,291,0,0,42,10,2023,0,3,-0.433883739117558,-0.9009688679024191,-0.587785252292473,-0.8090169943749476,281.0,326.0,320.0,276.0,348.0,306.0,304.36,313.43,85.05,195.0,429.0,283.15,300.75,25.889186931999237,1.018456375821838,0,0.8074712643446129,-0.38130511459361505,0
2023-10-19,Munchkins,521.0,Regular Day,13.4,5.4,11.033333333333333,-1.0999999999999979,12.3,12.6,15.7,0.0,-1.6999999999999993,10.714444444444444,25.0,0.0,0.0,0.0,147.84666666666666,5,19,292,0,0,42,10,2023,0,3,-0.9749279121818236,-0.2225209339563146,-0.587785252292473,-0.8090169943749476,276.0,393.0,351.0,401.0,364.0,420.43,401.0,425.1,162.24,194.0,676.0,453.44,355.25,57.20358380381425,0.8896276595626379,0,0.7582417582209274,-0.9190088756829999,0
2023-10-19,Donuts,346.0,Regular Day,13.4,5.4,11.033333333333333,-1.0999999999999979,12.3,12.6,15.7,0.0,-1.6999999999999993,10.714444444444444,25.0,0.0,0.0,0.0,147.84666666666666,5,19,292,0,0,42,10,2023,0,3,-0.9749279121818236,-0.2225209339563146,-0.587785252292473,-0.8090169943749476,250.0,252.0,319.0,172.0,334.0,308.86,302.64,314.86,90.06,195.0,449.0,324.62,248.25,60.10199663904686,1.0224032586349816,0,0.7485029939895658,-0.7201865422251627,0
2023-10-20,Munchkins,732.0,Regular Day,12.6,2.0,10.983333333333333,0.7333333333333343,4.699999999999999,16.0,17.8,0.0,0.0,0.6897222222222222,95.0,0.0,0.0,8.8,138.39,6,20,293,0,0,42,10,2023,0,3,-0.7818314824680299,0.6234898018587334,-0.587785252292473,-0.8090169943749476,491.0,218.0,590.0,276.0,556.0,434.71,406.93,428.43,172.54,194.0,676.0,485.33,393.75,175.80742305147413,0.8187066974501304,0,0.8830935251639731,0.3626405470984907,0
2023-10-20,Donuts,330.0,Regular Day,12.6,2.0,10.983333333333333,0.7333333333333343,4.699999999999999,16.0,17.8,0.0,0.0,0.6897222222222222,95.0,0.0,0.0,8.8,138.39,6,20,293,0,0,42,10,2023,0,3,-0.7818314824680299,0.6234898018587334,-0.587785252292473,-0.8090169943749476,284.0,283.0,401.0,361.0,362.0,306.14,304.93,315.14,86.62,195.0,449.0,341.96,332.25,58.61384933045546,0.7440944881792113,0,0.7845303867186594,-0.35950126987306597,0
2023-10-21,Munchkins,666.0,Regular Day,16.0,3.0,10.933333333333334,0.8333333333333339,5.700000000000001,15.0,29.8,0.0,-2.6999999999999993,7.0,71.0,0.0,1.0,3.3,174.93333333333334,7,21,294,0,0,42,10,2023,1,3,-2.4492935982947064e-16,1.0,-0.587785252292473,-0.8090169943749476,676.0,659.0,608.0,455.0,215.0,418.0,409.57,427.67,172.07,194.0,676.0,457.0,599.5,100.57335631269348,1.2558795860653258,0,3.1441860463653866,1.4431917242143784,0
2023-10-21,Donuts,389.0,Regular Day,16.0,3.0,10.933333333333334,0.8333333333333339,5.700000000000001,15.0,29.8,0.0,-2.6999999999999993,7.0,71.0,0.0,1.0,3.3,174.93333333333334,7,21,294,0,0,42,10,2023,1,3,-2.4492935982947064e-16,1.0,-0.587785252292473,-0.8090169943749476,449.0,429.0,473.0,419.0,232.0,299.29,308.29,313.95,89.94,195.0,449.0,316.97,442.5,23.853720883753127,0.9843049327243912,0,1.9353448275027867,1.5015565931174613,0
2023-10-22,Donuts,398.0,Regular Day,15.0,5.1,10.9,-1.7333333333333343,7.300000000000001,12.9,26.7,0.0,-5.0,9.263333333333334,18.0,0.0,0.0,0.1,163.5,1,22,295,0,0,42,10,2023,1,4,0.7818314824680298,0.6234898018587336,-0.9510565162951536,0.30901699437494723,394.0,413.0,362.0,388.0,251.0,300.71,306.64,313.86,88.07,205.0,449.0,288.98,389.25,21.06141812256082,1.0759999999856533,0,1.56972111547531,0.9099579878607973,0
2023-10-22,Munchkins,556.0,Regular Day,15.0,5.1,10.9,-1.7333333333333343,7.300000000000001,12.9,26.7,0.0,-5.0,9.263333333333334,18.0,0.0,0.0,0.1,163.5,1,22,295,0,0,42,10,2023,1,4,0.7818314824680298,0.6234898018587336,-0.9510565162951536,0.30901699437494723,581.0,481.0,498.0,511.0,310.0,421.57,413.36,425.76,170.33,194.0,676.0,433.0,517.75,43.91943381541555,1.0525272546972,0,1.874193548326639,0.9114072681904886,0
2023-10-23,Munchkins,281.0,Regular Day,12.9,6.6,10.85,-2.7666666666666657,8.499999999999998,11.4,17.4,0.0,-2.3999999999999986,10.643333333333333,14.0,0.0,0.0,0.0,139.965,2,23,296,0,0,43,10,2023,0,4,0.9749279121818236,-0.22252093395631434,-0.9510565162951536,0.30901699437494723,372.0,489.0,335.0,388.0,301.0,433.14,414.43,416.76,154.29,275.0,676.0,393.5,396.0,65.85337247754792,1.1908713692781345,0,1.235880398630037,-0.29010305267417824,0
2023-10-23,Donuts,257.0,Regular Day,12.9,6.6,10.85,-2.7666666666666657,8.499999999999998,11.4,17.4,0.0,-2.3999999999999986,10.643333333333333,14.0,0.0,0.0,0.0,139.965,2,23,296,0,0,43,10,2023,0,4,0.9749279121818236,-0.22252093395631434,-0.9510565162951536,0.30901699437494723,242.0,290.0,195.0,267.0,299.0,301.0,303.57,312.1,88.0,205.0,449.0,287.48,248.5,40.69807530256601,1.1515151514902269,0,0.8093645484679142,-0.7965909090003878,0
2023-10-24,Munchkins,293.0,Regular Day,11.4,6.800000000000001,10.816666666666666,-1.9666666666666668,13.8,11.2,9.4,0.0,-1.8000000000000007,10.625555555555556,1.0,0.0,0.0,0.0,123.31,3,24,297,0,0,43,10,2023,0,4,0.43388373911755823,-0.900968867902419,-0.9510565162951536,0.30901699437494723,361.0,336.0,308.0,401.0,328.0,468.14,423.57,424.86,139.81,275.0,676.0,425.37,351.5,39.46728603117608,0.9830747531596181,0,1.1006097560640058,-0.4567627494130061,0
2023-10-24,Donuts,266.0,Regular Day,11.4,6.800000000000001,10.816666666666666,-1.9666666666666668,13.8,11.2,9.4,0.0,-1.8000000000000007,10.625555555555556,1.0,0.0,0.0,0.0,123.31,3,24,297,0,0,43,10,2023,0,4,0.43388373911755823,-0.900968867902419,-0.9510565162951536,0.30901699437494723,205.0,195.0,228.0,207.0,308.0,314.71,310.29,313.38,86.19,205.0,449.0,302.11,208.75,13.865424623862047,0.9195402298639186,0,0.6655844155628057,-1.2574544609284772,0
2023-10-25,Munchkins,412.0,Regular Day,11.2,3.5,10.783333333333333,0.6333333333333329,12.1,14.5,14.0,0.0,-2.3000000000000007,10.57638888888889,29.0,0.0,0.0,0.0,120.77333333333333,4,25,298,0,0,43,10,2023,0,4,-0.433883739117558,-0.9009688679024191,-0.9510565162951536,0.30901699437494723,275.0,194.0,260.0,464.0,352.0,502.57,460.29,431.62,172.28,275.0,732.0,502.03,298.25,115.96659001626287,0.6477900552396714,0,0.7812499999778054,-0.9091014626823136,0
2023-10-25,Donuts,316.0,Regular Day,11.2,3.5,10.783333333333333,0.6333333333333329,12.1,14.5,14.0,0.0,-2.3000000000000007,10.57638888888889,29.0,0.0,0.0,0.0,120.77333333333333,4,25,298,0,0,43,10,2023,0,4,-0.433883739117558,-0.9009688679024191,-0.9510565162951536,0.30901699437494723,283.0,281.0,326.0,320.0,333.0,321.29,313.64,310.0,85.21,205.0,449.0,309.08,302.5,23.811761799581316,0.8730650154663612,0,0.8498498498243288,-0.31686421777762425,0
2023-10-26,Munchkins,353.0,Regular Day,14.5,0.6000000000000014,10.733333333333333,3.7666666666666657,12.999999999999998,17.4,12.5,0.0,0.10000000000000142,10.575,23.0,0.0,0.0,0.0,155.63333333333333,5,26,299,0,0,43,10,2023,0,4,-0.9749279121818236,-0.2225209339563146,-0.9510565162951536,0.30901699437494723,521.0,276.0,393.0,351.0,386.0,501.14,460.79,434.38,170.64,275.0,732.0,543.02,385.25,102.62675089858394,1.0712365591253865,0,1.3497409326075196,0.5076183778417945,0
2023-10-26,Donuts,302.0,Regular Day,14.5,0.6000000000000014,10.733333333333333,3.7666666666666657,12.999999999999998,17.4,12.5,0.0,0.10000000000000142,10.575,23.0,0.0,0.0,0.0,155.63333333333333,5,26,299,0,0,43,10,2023,0,4,-0.9749279121818236,-0.2225209339563146,-0.9510565162951536,0.30901699437494723,346.0,250.0,252.0,319.0,421.0,312.71,310.79,306.0,72.25,205.0,394.0,329.06,291.75,48.334770093587906,1.0437828371095659,0,0.8218527315719275,0.5536332179164521,0
2023-10-27,Munchkins,558.0,Regular Day,17.4,0.0,10.7,4.6999999999999975,9.1,19.0,12.6,0.0,0.8999999999999986,6.844722222222222,62.0,1.0,0.0,0.0,186.17999999999998,6,27,300,0,0,43,10,2023,0,4,-0.7818314824680299,0.6234898018587334,-0.9510565162951536,0.30901699437494723,732.0,491.0,218.0,590.0,405.0,497.57,466.14,437.14,168.94,275.0,732.0,546.27,507.75,217.01670442618007,1.5136138613674057,0,1.80740740736278,1.7453533797948766,0
2023-10-27,Donuts,352.0,Regular Day,17.4,0.0,10.7,4.6999999999999975,9.1,19.0,12.6,0.0,0.8999999999999986,6.844722222222222,62.0,1.0,0.0,0.0,186.17999999999998,6,27,300,0,0,43,10,2023,0,4,-0.7818314824680299,0.6234898018587334,-0.9510565162951536,0.30901699437494723,330.0,284.0,283.0,401.0,361.0,313.29,309.71,307.71,73.01,205.0,398.0,346.3,324.5,55.51276129563964,0.8976608187003265,0,0.9141274237973925,0.3053006437056159,0
2023-10-28,Munchkins,594.0,Regular Day,19.0,0.0,10.666666666666666,7.366666666666669,10.7,20.8,15.3,0.0,-0.3000000000000007,10.383333333333333,4.0,2.8000000000000007,0.0,0.0,202.66666666666666,7,28,301,0,0,43,10,2023,1,4,-2.4492935982947064e-16,1.0,-0.9510565162951536,0.30901699437494723,666.0,676.0,659.0,608.0,433.0,484.57,451.29,434.57,183.12,275.0,732.0,479.95,652.25,30.313638294778585,1.0591949486893513,0,1.5381062355302977,1.2638160768204556,0
2023-10-28,Donuts,494.0,Regular Day,19.0,0.0,10.666666666666666,7.366666666666669,10.7,20.8,15.3,0.0,-0.3000000000000007,10.383333333333333,4.0,2.8000000000000007,0.0,0.0,202.66666666666666,7,28,301,0,0,43,10,2023,1,4,-2.4492935982947064e-16,1.0,-0.9510565162951536,0.30901699437494723,389.0,449.0,429.0,473.0,392.0,315.43,307.36,310.67,70.76,205.0,398.0,323.97,435.0,35.552777669262355,0.9290465631826048,0,0.9923469387501952,1.1069813452364354,0
2023-10-29,Donuts,449.0,Regular Day,20.8,0.0,10.633333333333333,5.233333333333334,7.299999999999999,18.0,13.0,0.0,1.0,5.471666666666667,74.0,0.0,0.0,0.0,221.17333333333332,1,29,302,0,0,43,10,2023,1,5,0.7818314824680298,0.6234898018587336,-2.4492935982947064e-16,1.0,398.0,394.0,413.0,362.0,242.0,324.14,312.43,312.48,57.38,257.0,398.0,309.48,391.75,21.453437952924933,1.0219354838577814,0,1.644628099105594,1.4904147784087807,0
2023-10-29,Munchkins,581.0,Regular Day,20.8,0.0,10.633333333333333,5.233333333333334,7.299999999999999,18.0,13.0,0.0,1.0,5.471666666666667,74.0,0.0,0.0,0.0,221.17333333333332,1,29,302,0,0,43,10,2023,1,5,0.7818314824680298,0.6234898018587336,-2.4492935982947064e-16,1.0,556.0,581.0,481.0,498.0,345.0,474.86,448.21,433.86,192.34,275.0,732.0,433.21,529.0,47.25110227991159,1.1613891726132646,0,1.6115942028518377,0.6350213163858259,0
2023-10-30,Donuts,224.0,Regular Day,18.0,0.3999999999999986,10.583333333333334,2.466666666666667,11.399999999999999,17.6,21.9,0.0,0.10000000000000142,8.105833333333333,67.0,0.0,0.0,1.0,190.5,2,30,303,0,0,44,10,2023,0,5,0.9749279121818236,-0.22252093395631434,-2.4492935982947064e-16,1.0,257.0,242.0,290.0,195.0,339.0,328.86,314.93,312.0,54.73,257.0,398.0,311.11,246.0,39.4715087119811,1.0288659793602295,0,0.758112094372917,-1.0049333087876973,0
2023-10-30,Munchkins,471.0,Regular Day,18.0,0.3999999999999986,10.583333333333334,2.466666666666667,11.399999999999999,17.6,21.9,0.0,0.10000000000000142,8.105833333333333,67.0,0.0,0.0,1.0,190.5,2,30,303,0,0,44,10,2023,0,5,0.9749279121818236,-0.22252093395631434,-2.4492935982947064e-16,1.0,281.0,372.0,489.0,335.0,364.0,494.43,463.79,441.1,174.78,281.0,732.0,427.91,369.25,88.14523999248816,0.7924757281457224,0,0.7719780219568138,-0.9160086965948044,0
2023-10-31,Donuts,453.0,Halloween,17.6,7.300000000000001,10.55,-2.466666666666667,5.800000000000001,10.7,20.5,0.0,-2.8000000000000007,0.21555555555555556,100.0,0.0,0.0,0.7,185.68000000000004,3,31,304,0,1,44,10,2023,0,5,0.43388373911755823,-0.900968867902419,-2.4492935982947064e-16,1.0,266.0,205.0,195.0,228.0,250.0,322.57,318.64,314.38,54.96,257.0,398.0,308.83,223.5,31.522478751942504,1.1134751772786413,1,1.0639999999574399,-0.8802765646142144,0
2023-10-31,Munchkins,631.0,Halloween,17.6,7.300000000000001,10.55,-2.466666666666667,5.800000000000001,10.7,20.5,0.0,-2.8000000000000007,0.21555555555555556,100.0,0.0,0.0,0.7,185.68000000000004,3,31,304,0,1,44,10,2023,0,5,0.43388373911755823,-0.900968867902419,-2.4492935982947064e-16,1.0,293.0,361.0,336.0,308.0,378.0,470.43,469.29,439.19,181.91,281.0,732.0,409.18,324.5,30.160680805755472,1.0155279502947898,1,0.775132275111769,-0.8036391621788995,0
2023-11-01,Donuts,284.0,Regular Day,10.7,10.0,10.5,-5.200000000000001,3.6000000000000005,8.0,25.6,0.0,-2.6000000000000005,8.511388888888888,64.0,0.0,0.0,4.5,112.35,4,1,305,1,0,44,11,2023,0,1,-0.433883739117558,-0.9009688679024191,0.9510565162951535,0.30901699437494745,316.0,283.0,281.0,326.0,343.0,325.71,323.5,317.67,56.07,257.0,398.0,319.62,301.5,22.89832599412746,0.9868204283198218,0,0.9212827988069596,-0.029784198318212482,0
2023-11-01,Munchkins,339.0,Regular Day,10.7,10.0,10.5,-5.200000000000001,3.6000000000000005,8.0,25.6,0.0,-2.6000000000000005,8.511388888888888,64.0,0.0,0.0,4.5,112.35,4,1,305,1,0,44,11,2023,0,1,-0.433883739117558,-0.9009688679024191,0.9510565162951535,0.30901699437494745,412.0,275.0,194.0,260.0,319.0,445.57,474.07,455.38,149.15,281.0,666.0,446.39,285.25,91.53278101314305,1.5132158589975062,0,1.2915360501162527,-0.2908481394374221,0
2023-11-02,Donuts,295.0,Regular Day,8.0,13.3,10.466666666666667,-7.199999999999998,9.1,4.7,13.0,0.0,-3.0999999999999996,10.0725,7.0,0.0,0.0,0.0,83.73333333333333,5,2,306,0,0,44,11,2023,0,1,-0.9749279121818236,-0.2225209339563146,0.9510565162951535,0.30901699437494745,302.0,346.0,250.0,252.0,331.0,340.71,326.71,320.76,83.27,257.0,494.0,363.22,287.5,45.822119840385675,1.2908366533607403,0,0.9123867069210759,-0.22529122130115384,0
2023-11-02,Munchkins,248.0,Regular Day,8.0,13.3,10.466666666666667,-7.199999999999998,9.1,4.7,13.0,0.0,-3.0999999999999996,10.0725,7.0,0.0,0.0,0.0,83.73333333333333,5,2,306,0,0,44,11,2023,0,1,-0.9749279121818236,-0.2225209339563146,0.9510565162951535,0.30901699437494745,353.0,521.0,276.0,393.0,493.0,435.29,468.21,452.29,133.03,281.0,594.0,483.29,385.75,102.4089026077974,1.3064275037173927,0,0.7160243407562672,-0.7463729985156452,0
2023-11-03,Donuts,348.0,Regular Day,4.7,11.0,10.433333333333334,-3.833333333333334,11.2,7.0,10.7,0.0,-3.4000000000000004,10.063611111111111,1.0,0.0,0.0,0.0,49.03666666666667,6,3,307,0,0,44,11,2023,0,1,-0.7818314824680299,0.6234898018587334,0.9510565162951535,0.30901699437494745,352.0,330.0,284.0,283.0,512.0,348.0,330.64,322.48,90.99,257.0,494.0,384.66,312.25,34.39355559791204,1.2028218694673223,0,0.6874999999865723,0.32443125614634216,0
2023-11-03,Munchkins,551.0,Regular Day,4.7,11.0,10.433333333333334,-3.833333333333334,11.2,7.0,10.7,0.0,-3.4000000000000004,10.063611111111111,1.0,0.0,0.0,0.0,49.03666666666667,6,3,307,0,0,44,11,2023,0,1,-0.7818314824680299,0.6234898018587334,0.9510565162951535,0.30901699437494745,558.0,732.0,491.0,218.0,663.0,438.86,468.21,457.05,137.09,281.0,594.0,507.72,499.75,213.53590642637442,1.8194640338248311,0,0.8416289592633238,0.7363775621317106,0
2023-11-04,Donuts,436.0,Regular Day,7.0,7.9,10.4,-0.29999999999999893,12.3,10.1,11.1,0.0,-1.9000000000000004,7.056111111111111,62.0,0.0,0.0,0.0,72.8,7,4,308,0,0,44,11,2023,1,1,-2.4492935982947064e-16,1.0,0.9510565162951535,0.30901699437494745,494.0,389.0,449.0,429.0,353.0,343.29,329.36,319.33,97.14,224.0,494.0,344.5,440.25,43.660622991432454,1.005694760808591,0,1.3994334277223957,1.798126415297702,0
2023-11-04,Munchkins,522.0,Regular Day,7.0,7.9,10.4,-0.29999999999999893,12.3,10.1,11.1,0.0,-1.9000000000000004,7.056111111111111,62.0,0.0,0.0,0.0,72.8,7,4,308,0,0,44,11,2023,1,1,-2.4492935982947064e-16,1.0,0.9510565162951535,0.30901699437494745,594.0,666.0,676.0,659.0,432.0,466.0,475.29,456.19,118.12,293.0,594.0,498.54,648.75,37.16068711241312,0.9438202247120314,0,1.3749999999681712,1.1666948864572728,0
2023-11-05,Donuts,311.0,Regular Day,10.1,6.300000000000001,10.366666666666667,0.5333333333333332,14.0,11.7,9.0,0.0,-2.6999999999999993,9.94138888888889,28.0,0.0,0.0,0.0,104.70333333333333,1,5,309,0,0,44,11,2023,1,1,0.7818314824680298,0.6234898018587336,0.9510565162951535,0.30901699437494745,449.0,398.0,394.0,413.0,273.0,370.0,347.07,331.62,98.05,224.0,494.0,371.62,413.5,25.03996805109783,1.049566294906449,0,1.6446886446283997,1.197144314003351,0
2023-11-05,Munchkins,565.0,Regular Day,10.1,6.300000000000001,10.366666666666667,0.5333333333333332,14.0,11.7,9.0,0.0,-2.6999999999999993,9.94138888888889,28.0,0.0,0.0,0.0,104.70333333333333,1,5,309,0,0,44,11,2023,1,1,0.7818314824680298,0.6234898018587336,0.9510565162951535,0.30901699437494745,581.0,556.0,581.0,481.0,272.0,514.29,494.57,470.24,103.83,353.0,631.0,531.65,549.75,47.32423621500228,1.0706214689164726,0,2.136029411686175,1.0667437155863677,0
2023-11-06,Donuts,271.0,Regular Day,11.7,7.5,10.316666666666666,-2.4000000000000004,10.1,10.5,16.6,0.0,-1.299999999999999,9.751666666666667,49.0,0.0,0.0,0.0,120.70499999999998,2,6,310,0,0,45,11,2023,0,1,0.9749279121818236,-0.22252093395631434,0.9510565162951535,0.30901699437494745,224.0,257.0,242.0,290.0,242.0,365.43,347.14,331.76,101.67,224.0,494.0,349.72,253.25,27.968732541893992,0.9041353383288696,0,0.925619834672495,-1.0598996753162289,0
2023-11-06,Munchkins,397.0,Regular Day,11.7,7.5,10.316666666666666,-2.4000000000000004,10.1,10.5,16.6,0.0,-1.299999999999999,9.751666666666667,49.0,0.0,0.0,0.0,120.70499999999998,2,6,310,0,0,45,11,2023,0,1,0.9749279121818236,-0.22252093395631434,0.9510565162951535,0.30901699437494745,471.0,281.0,372.0,489.0,453.0,503.86,499.14,477.14,118.45,339.0,631.0,483.49,403.25,96.37556744320626,0.8734030197343391,0,1.039735099314796,-0.05183621780904706,0
2023-11-07,Donuts,320.0,Regular Day,10.5,2.4000000000000004,10.283333333333333,0.8999999999999986,10.499999999999998,15.6,18.6,0.0,-1.8999999999999986,7.900555555555556,88.0,0.0,0.0,0.0,107.975,3,7,311,0,0,45,11,2023,0,1,0.43388373911755823,-0.900968867902419,0.9510565162951535,0.30901699437494745,453.0,266.0,205.0,195.0,343.0,364.43,343.5,333.9,102.43,224.0,494.0,336.04,279.75,119.68674390535764,1.7974999999550625,0,1.3206997084163061,1.1627452893524608,0
2023-11-07,Munchkins,385.0,Regular Day,10.5,2.4000000000000004,10.283333333333333,0.8999999999999986,10.499999999999998,15.6,18.6,0.0,-1.8999999999999986,7.900555555555556,88.0,0.0,0.0,0.0,107.975,3,7,311,0,0,45,11,2023,0,1,0.43388373911755823,-0.900968867902419,0.9510565162951535,0.30901699437494745,631.0,293.0,361.0,336.0,332.0,488.86,479.64,475.81,144.52,248.0,631.0,424.62,405.25,153.09773566799305,1.3256814920900188,0,1.9006024095813072,1.0738306116057408,0
2023-11-08,Donuts,261.0,Regular Day,15.6,6.5,10.25,-4.800000000000001,10.399999999999999,11.5,17.3,0.0,-2.0,9.758055555555556,19.0,0.0,0.0,0.0,159.9,4,8,312,0,0,45,11,2023,0,2,-0.433883739117558,-0.9009688679024191,0.5877852522924732,-0.8090169943749473,284.0,316.0,283.0,281.0,300.0,363.86,344.79,336.95,102.52,224.0,494.0,339.03,291.0,16.713268182295565,1.0638297872151803,0,0.9466666666351111,-0.5164845883226215,0
2023-11-08,Munchkins,223.0,Regular Day,15.6,6.5,10.25,-4.800000000000001,10.399999999999999,11.5,17.3,0.0,-2.0,9.758055555555556,19.0,0.0,0.0,0.0,159.9,4,8,312,0,0,45,11,2023,0,2,-0.433883739117558,-0.9009688679024191,0.5877852522924732,-0.8090169943749473,339.0,412.0,275.0,194.0,424.0,487.86,466.71,478.67,143.99,248.0,631.0,456.21,305.0,92.78290072349897,1.6012793176630857,0,0.7995283018679357,-0.9699979164546151,0
2023-11-09,Donuts,336.0,Regular Day,11.5,4.800000000000001,10.2,-0.9333333333333336,14.499999999999998,13.2,17.6,0.0,-0.8999999999999986,9.741944444444444,27.0,0.0,0.0,0.0,117.3,5,9,313,0,0,45,11,2023,0,2,-0.9749279121818236,-0.2225209339563146,0.5877852522924732,-0.8090169943749473,295.0,302.0,346.0,250.0,340.0,355.57,348.14,336.33,92.06,224.0,453.0,363.27,298.25,39.29694644625712,1.0016778523321865,0,0.8676470587980104,-0.4489463392951393,0
2023-11-09,Munchkins,255.0,Regular Day,11.5,4.800000000000001,10.2,-0.9333333333333336,14.499999999999998,13.2,17.6,0.0,-0.8999999999999986,9.741944444444444,27.0,0.0,0.0,0.0,117.3,5,9,313,0,0,45,11,2023,0,2,-0.9749279121818236,-0.2225209339563146,0.5877852522924732,-0.8090169943749473,248.0,353.0,521.0,276.0,641.0,477.57,456.43,471.33,137.57,248.0,631.0,472.66,349.5,122.64990827554662,0.7540777917094846,0,0.38689547581299694,-1.6233917277296364,0
2023-11-10,Donuts,338.0,Veterans Day,13.2,6.800000000000001,10.166666666666666,-0.16666666666666607,8.500000000000002,11.2,16.1,0.0,-0.5,0.0,87.0,0.0,0.0,4.2,134.2,6,10,314,0,0,45,11,2023,0,2,-0.7818314824680299,0.6234898018587334,0.5877852522924732,-0.8090169943749473,348.0,352.0,330.0,284.0,355.0,335.86,341.93,332.38,83.05,224.0,453.0,350.2,328.5,31.1715682420161,1.1400651465612368,1,0.9802816901132315,0.18807947017602905,0
2023-11-10,Munchkins,414.0,Veterans Day,13.2,6.800000000000001,10.166666666666666,-0.16666666666666607,8.500000000000002,11.2,16.1,0.0,-0.5,0.0,87.0,0.0,0.0,4.2,134.2,6,10,314,0,0,45,11,2023,0,2,-0.7818314824680299,0.6234898018587334,0.5877852522924732,-0.8090169943749473,551.0,558.0,732.0,491.0,491.0,475.29,457.07,470.57,135.68,248.0,631.0,495.74,583.0,103.78503424546977,0.9067865903441801,1,1.122199592645169,0.5927918631638567,0
2023-11-11,Donuts,396.0,Regular Day,11.2,10.2,10.15,1.2999999999999998,10.4,7.8,12.6,0.0,-3.8000000000000007,9.702777777777778,31.0,0.0,0.0,0.0,113.67999999999999,7,11,315,0,0,45,11,2023,1,2,-2.4492935982947064e-16,1.0,0.5877852522924732,-0.8090169943749473,436.0,494.0,389.0,449.0,401.0,342.57,342.93,333.76,73.9,271.0,453.0,330.4,442.0,43.197222132910355,1.1097852028507185,0,1.0872817954841076,1.3834912041429648,0
2023-11-11,Munchkins,446.0,Regular Day,11.2,10.2,10.15,1.2999999999999998,10.4,7.8,12.6,0.0,-3.8000000000000007,9.702777777777778,31.0,0.0,0.0,0.0,113.67999999999999,7,11,315,0,0,45,11,2023,1,2,-2.4492935982947064e-16,1.0,0.5877852522924732,-0.8090169943749473,522.0,594.0,666.0,676.0,480.0,464.71,465.36,471.76,138.92,248.0,631.0,471.06,614.5,71.67286794875729,0.8315946348671268,0,1.0874999999773438,0.36164699104796677,0
2023-11-12,Donuts,328.0,Regular Day,7.8,11.8,10.116666666666667,-3.666666666666665,7.199999999999999,6.2,13.3,0.0,-3.8,9.688055555555556,32.0,0.0,0.0,0.0,78.91,1,12,316,0,0,45,11,2023,1,2,0.7818314824680298,0.6234898018587336,0.5877852522924732,-0.8090169943749473,311.0,449.0,398.0,394.0,299.0,323.57,346.79,339.24,55.61,271.0,436.0,327.8,388.0,57.113921245174545,0.9595959595838435,0,1.040133779229427,-0.5078223340212513,0
2023-11-12,Munchkins,553.0,Regular Day,7.8,11.8,10.116666666666667,-3.666666666666665,7.199999999999999,6.2,13.3,0.0,-3.8,9.688055555555556,32.0,0.0,0.0,0.0,78.91,1,12,316,0,0,45,11,2023,1,2,0.7818314824680298,0.6234898018587336,0.5877852522924732,-0.8090169943749473,565.0,581.0,556.0,581.0,463.0,429.57,471.93,472.9,119.62,248.0,565.0,449.54,570.75,12.39287429668087,1.0079155672734572,0,1.2203023757835787,0.7699381373708464,0
2023-11-13,Donuts,306.0,Regular Day,6.2,14.0,10.083333333333334,-4.200000000000001,12.1,4.0,10.6,0.0,-3.0999999999999996,9.67388888888889,2.0,0.0,0.0,0.0,62.51666666666667,2,13,317,0,0,46,11,2023,0,2,0.9749279121818236,-0.22252093395631434,0.5877852522924732,-0.8090169943749473,271.0,224.0,257.0,242.0,335.0,320.29,342.86,338.19,58.92,261.0,436.0,311.1,248.5,20.174241001832016,0.9919839679159923,0,0.808955223856449,-1.1403598097182008,0
2023-11-13,Munchkins,340.0,Regular Day,6.2,14.0,10.083333333333334,-4.200000000000001,12.1,4.0,10.6,0.0,-3.0999999999999996,9.67388888888889,2.0,0.0,0.0,0.0,62.51666666666667,2,13,317,0,0,46,11,2023,0,2,0.9749279121818236,-0.22252093395631434,0.5877852522924732,-0.8090169943749473,397.0,471.0,281.0,372.0,401.0,413.0,458.43,470.43,140.47,223.0,565.0,392.91,380.25,78.38951885722139,1.329249617131252,0,0.9900249376311714,-0.5227450700845202,0
2023-11-14,Donuts,284.0,Regular Day,4.0,10.3,10.05,1.0,8.8,7.7,22.6,0.0,-5.0,9.660277777777777,1.0,0.0,0.0,0.0,40.2,3,14,318,0,0,46,11,2023,0,2,0.43388373911755823,-0.900968867902419,0.5877852522924732,-0.8090169943749473,320.0,453.0,266.0,205.0,309.0,326.14,345.29,337.71,58.02,261.0,436.0,317.33,311.0,105.68191267509623,1.6411889596254525,0,1.0355987054681035,-0.30523957250857603,0
2023-11-14,Munchkins,321.0,Regular Day,4.0,10.3,10.05,1.0,8.8,7.7,22.6,0.0,-5.0,9.660277777777777,1.0,0.0,0.0,0.0,40.2,3,14,318,0,0,46,11,2023,0,2,0.43388373911755823,-0.900968867902419,0.5877852522924732,-0.8090169943749473,385.0,631.0,293.0,361.0,390.0,414.0,451.43,457.76,139.12,223.0,565.0,358.43,417.5,147.57032221961163,1.5535168195481113,0,0.9871794871541749,-0.523001725091791,0
2023-11-15,Donuts,261.0,Regular Day,7.7,11.9,10.016666666666667,-0.6666666666666661,12.0,6.1,10.7,0.0,-2.9000000000000004,9.0,71.0,0.0,0.0,0.0,77.12833333333334,4,15,319,0,0,46,11,2023,0,3,-0.433883739117558,-0.9009688679024191,-0.587785252292473,-0.8090169943749476,261.0,284.0,316.0,283.0,349.0,324.71,344.29,338.1,57.51,261.0,436.0,322.49,286.0,22.642143596988927,0.9098497495674482,0,0.747851002843901,-1.340636410825833,0
2023-11-15,Munchkins,301.0,Regular Day,7.7,11.9,10.016666666666667,-0.6666666666666661,12.0,6.1,10.7,0.0,-2.9000000000000004,9.0,71.0,0.0,0.0,0.0,77.12833333333334,4,15,319,0,0,46,11,2023,0,3,-0.433883739117558,-0.9009688679024191,-0.587785252292473,-0.8090169943749476,223.0,339.0,412.0,275.0,311.0,394.43,441.14,442.62,125.62,223.0,565.0,372.32,312.25,81.68792240390661,0.818049490526666,0,0.7170418006200308,-1.7482884889549206,0
2023-11-16,Donuts,321.0,Regular Day,6.1,7.5,9.983333333333333,-0.6333333333333346,13.0,10.5,13.5,0.0,-2.3999999999999986,9.634444444444444,38.0,0.0,0.0,0.0,60.898333333333326,5,16,320,0,0,46,11,2023,0,3,-0.9749279121818236,-0.2225209339563146,-0.587785252292473,-0.8090169943749476,336.0,295.0,302.0,346.0,317.0,319.0,337.29,338.43,45.3,261.0,396.0,340.87,319.75,25.03830398942122,0.9737654320837382,0,1.0599369084839136,-0.05364238409411883,0
2023-11-16,Munchkins,255.0,Regular Day,6.1,7.5,9.983333333333333,-0.6333333333333346,13.0,10.5,13.5,0.0,-2.3999999999999986,9.634444444444444,38.0,0.0,0.0,0.0,60.898333333333326,5,16,320,0,0,46,11,2023,0,3,-0.9749279121818236,-0.2225209339563146,-0.587785252292473,-0.8090169943749476,255.0,248.0,353.0,521.0,481.0,383.57,430.57,432.14,115.64,223.0,565.0,390.74,344.25,127.20947291770374,0.5755148741352916,0,0.5301455301345084,-1.531822898518521,0
2023-11-17,Donuts,333.0,Regular Day,10.5,4.5,9.966666666666667,3.4000000000000004,11.1,13.5,19.5,0.0,-2.3000000000000007,9.0,48.0,0.0,0.0,0.0,104.65,6,17,321,0,0,46,11,2023,0,3,-0.7818314824680299,0.6234898018587334,-0.587785252292473,-0.8090169943749476,338.0,348.0,352.0,330.0,420.0,321.43,328.64,335.1,45.25,261.0,396.0,337.65,342.0,9.93310961716756,1.0058651026245473,0,0.8047619047427438,0.06408839777589156,0
2023-11-17,Munchkins,470.0,Regular Day,10.5,4.5,9.966666666666667,3.4000000000000004,11.1,13.5,19.5,0.0,-2.3000000000000007,9.0,48.0,0.0,0.0,0.0,104.65,6,17,321,0,0,46,11,2023,0,3,-0.7818314824680299,0.6234898018587334,-0.587785252292473,-0.8090169943749476,414.0,551.0,558.0,732.0,703.0,381.86,428.57,432.0,112.55,223.0,553.0,431.31,563.75,130.2929391793738,0.748062015498077,0,0.588904694159475,-0.1599289204655772,0
2023-11-18,Donuts,394.0,Regular Day,13.5,4.800000000000001,9.916666666666666,3.6999999999999993,8.100000000000001,13.2,21.7,0.0,-1.4000000000000004,8.610277777777778,55.0,0.0,0.0,0.1,133.875,7,18,322,0,0,46,11,2023,1,3,-2.4492935982947064e-16,1.0,-0.587785252292473,-0.8090169943749476,396.0,436.0,494.0,389.0,354.0,326.43,334.5,337.43,40.43,261.0,396.0,329.74,428.75,48.17589300331304,0.9422423555952181,0,1.11864406776501,1.4486767248457388,0
2023-11-18,Munchkins,614.0,Regular Day,13.5,4.800000000000001,9.916666666666666,3.6999999999999993,8.100000000000001,13.2,21.7,0.0,-1.4000000000000004,8.610277777777778,55.0,0.0,0.0,0.1,133.875,7,18,322,0,0,46,11,2023,1,3,-2.4492935982947064e-16,1.0,-0.587785252292473,-0.8090169943749476,446.0,522.0,594.0,666.0,555.0,373.71,419.21,434.81,113.33,223.0,553.0,408.48,557.0,94.50925880568528,0.7682539682478711,0,0.8036036035891242,0.09873819817358702,0
2023-11-19,Donuts,405.0,Regular Day,13.2,11.0,9.883333333333333,-1.200000000000001,10.3,7.0,17.4,0.0,-4.300000000000001,9.599166666666667,0.0,0.0,0.0,0.0,130.45999999999998,1,19,323,0,0,46,11,2023,1,3,0.7818314824680298,0.6234898018587336,-0.587785252292473,-0.8090169943749476,328.0,311.0,449.0,398.0,262.0,321.29,322.43,338.29,43.55,261.0,396.0,318.3,371.5,63.92964883369844,0.7544273907821201,0,1.251908396898782,-0.23628013771842066,0
2023-11-19,Munchkins,408.0,Regular Day,13.2,11.0,9.883333333333333,-1.200000000000001,10.3,7.0,17.4,0.0,-4.300000000000001,9.599166666666667,0.0,0.0,0.0,0.0,130.45999999999998,1,19,323,0,0,46,11,2023,1,3,0.7818314824680298,0.6234898018587336,-0.587785252292473,-0.8090169943749476,553.0,565.0,581.0,556.0,253.0,364.57,397.07,436.14,114.84,223.0,553.0,386.61,563.75,12.579745625409124,0.9832893579508947,0,2.185770750901748,1.017589689914874,0
2023-11-20,Donuts,259.0,Regular Day,7.0,12.5,9.866666666666667,-2.2666666666666657,7.8999999999999995,5.5,14.4,0.0,-3.8999999999999995,9.0,23.0,0.0,0.0,0.0,69.06666666666666,2,20,324,0,0,47,11,2023,0,3,0.9749279121818236,-0.22252093395631434,-0.587785252292473,-0.8090169943749476,306.0,271.0,224.0,257.0,264.0,321.29,320.79,335.67,43.55,261.0,396.0,303.98,264.5,33.96566894183989,1.1995841995592602,0,1.159090909047004,-0.6812858781443665,0
2023-11-20,Munchkins,293.0,Regular Day,7.0,12.5,9.866666666666667,-2.2666666666666657,7.8999999999999995,5.5,14.4,0.0,-3.8999999999999995,9.0,23.0,0.0,0.0,0.0,69.06666666666666,2,20,324,0,0,47,11,2023,0,3,0.9749279121818236,-0.22252093395631434,-0.587785252292473,-0.8090169943749476,340.0,397.0,471.0,281.0,323.0,375.71,394.36,430.86,101.87,255.0,553.0,365.21,372.25,81.09819151292257,0.9800531914763291,0,1.052631578914779,-0.8919210757934701,0
2023-11-21,Donuts,251.0,Regular Day,5.5,12.2,9.833333333333334,-3.499999999999999,8.6,5.8,25.1,0.0,-3.5999999999999996,2.4466666666666668,86.0,0.0,0.0,5.8,54.083333333333336,3,21,325,0,0,47,11,2023,0,3,0.43388373911755823,-0.900968867902419,-0.587785252292473,-0.8090169943749476,284.0,320.0,453.0,266.0,328.0,319.14,322.64,336.57,43.08,261.0,396.0,308.23,330.75,84.53549550336828,0.8400556328116822,0,0.8658536585101874,-1.2202878362998402,0
2023-11-21,Munchkins,245.0,Regular Day,5.5,12.2,9.833333333333334,-3.499999999999999,8.6,5.8,25.1,0.0,-3.5999999999999996,2.4466666666666668,86.0,0.0,0.0,5.8,54.083333333333336,3,21,325,0,0,47,11,2023,0,3,0.43388373911755823,-0.900968867902419,-0.587785252292473,-0.8090169943749476,321.0,385.0,631.0,293.0,498.0,375.71,394.86,426.19,101.87,255.0,553.0,337.66,407.5,153.89498583991184,0.764069264060995,0,0.6445783132400686,-1.032590556490371,0
2023-11-22,Donuts,426.0,Regular Day,5.8,4.300000000000001,9.816666666666666,2.533333333333333,5.199999999999999,13.7,27.3,0.0,-2.0999999999999996,4.9127777777777775,92.0,0.0,0.0,32.6,56.93666666666666,4,22,326,0,0,47,11,2023,0,4,-0.433883739117558,-0.9009688679024191,-0.9510565162951536,0.30901699437494723,261.0,261.0,284.0,316.0,343.0,318.43,321.57,335.67,42.75,261.0,396.0,314.43,280.5,26.03203155089258,0.8699999999855,0,0.7609329445842293,-1.74666666625809,0
2023-11-22,Munchkins,421.0,Regular Day,5.8,4.300000000000001,9.816666666666666,2.533333333333333,5.199999999999999,13.7,27.3,0.0,-2.0999999999999996,4.9127777777777775,92.0,0.0,0.0,32.6,56.93666666666666,4,22,326,0,0,47,11,2023,0,4,-0.433883739117558,-0.9009688679024191,-0.9510565162951536,0.30901699437494723,301.0,223.0,339.0,412.0,468.0,383.71,389.07,422.0,107.42,255.0,553.0,370.74,318.75,78.7162626145322,0.6977363515220009,0,0.6431623931486503,-1.126419661038315,0
2023-11-23,Donuts,438.0,Thanksgiving Day,13.7,8.3,9.783333333333333,3.0333333333333323,5.800000000000001,9.7,20.6,0.0,-2.6000000000000014,9.474166666666667,34.0,0.0,0.0,0.1,134.03166666666667,5,23,327,0,0,47,11,2023,0,4,-0.9749279121818236,-0.2225209339563146,-0.9510565162951536,0.30901699437494723,321.0,336.0,295.0,302.0,374.0,318.14,318.57,330.9,42.15,261.0,394.0,334.32,313.5,18.59211302317912,1.1005025125443801,1,0.8582887700305271,-0.2348754447841334,0
2023-11-23,Munchkins,659.0,Thanksgiving Day,13.7,8.3,9.783333333333333,3.0333333333333323,5.800000000000001,9.7,20.6,0.0,-2.6000000000000014,9.474166666666667,34.0,0.0,0.0,0.1,134.03166666666667,5,23,327,0,0,47,11,2023,0,4,-0.9749279121818236,-0.2225209339563146,-0.9510565162951536,0.30901699437494723,255.0,255.0,248.0,353.0,561.0,407.71,395.64,422.95,138.06,255.0,614.0,431.56,277.75,50.275076661635566,0.8485856905016874,1,0.4545454545373521,-1.2165000723441617,0
2023-11-24,Donuts,250.0,Regular Day,9.7,11.0,9.75,0.2666666666666666,8.2,7.0,13.0,0.0,-3.6999999999999993,8.498611111111112,51.0,0.0,0.0,0.0,94.57499999999999,6,24,328,0,0,47,11,2023,0,4,-0.7818314824680299,0.6234898018587334,-0.9510565162951536,0.30901699437494723,333.0,338.0,348.0,352.0,436.0,329.14,325.29,328.81,53.63,261.0,405.0,351.99,342.75,8.770214744615247,0.9585714285577347,0,0.7637614678723907,0.0781279134666925,0
2023-11-24,Munchkins,432.0,Regular Day,9.7,11.0,9.75,0.2666666666666666,8.2,7.0,13.0,0.0,-3.6999999999999993,8.498611111111112,51.0,0.0,0.0,0.0,94.57499999999999,6,24,328,0,0,47,11,2023,0,4,-0.7818314824680299,0.6234898018587334,-0.9510565162951536,0.30901699437494723,470.0,414.0,551.0,558.0,571.0,387.0,384.43,414.71,122.64,255.0,614.0,425.67,498.25,68.91722087644955,0.7971145175762209,0,0.8231173379890873,0.45083170250727095,0
2023-11-25,Donuts,337.0,Regular Day,7.0,16.0,9.733333333333333,-4.733333333333333,8.3,2.0,20.9,0.0,-3.3,9.391666666666667,54.0,0.0,0.0,0.0,68.13333333333333,7,25,329,0,0,47,11,2023,1,4,-2.4492935982947064e-16,1.0,-0.9510565162951536,0.30901699437494723,394.0,396.0,436.0,494.0,310.0,322.43,324.43,330.48,59.62,259.0,405.0,328.74,430.0,46.847269575362304,0.8494623655822638,0,1.270967741894485,1.0654142903278403,0
2023-11-25,Munchkins,308.0,Regular Day,7.0,16.0,9.733333333333333,-4.733333333333333,8.3,2.0,20.9,0.0,-3.3,9.391666666666667,54.0,0.0,0.0,0.0,68.13333333333333,7,25,329,0,0,47,11,2023,1,4,-2.4492935982947064e-16,1.0,-0.9510565162951536,0.30901699437494723,614.0,446.0,522.0,594.0,526.0,380.29,377.0,406.24,126.86,255.0,614.0,392.5,544.0,76.3500709451755,0.9498207885219551,0,1.1673003802059447,1.6377108622388687,0
2023-11-26,Munchkins,395.0,Regular Day,2.0,13.7,9.716666666666667,-4.733333333333333,12.2,4.3,16.1,0.0,-2.1999999999999993,2.7319444444444443,82.0,0.0,1.0,2.2,19.433333333333334,1,26,330,0,0,47,11,2023,1,4,0.7818314824680298,0.6234898018587336,-0.9510565162951536,0.30901699437494723,408.0,553.0,565.0,581.0,374.0,369.43,367.0,387.86,135.72,245.0,614.0,355.63,526.75,79.99322888011626,0.8385689354202569,0,1.0909090908799222,0.14839375183109377,0
2023-11-26,Donuts,306.0,Regular Day,2.0,13.7,9.716666666666667,-4.733333333333333,12.2,4.3,16.1,0.0,-2.1999999999999993,2.7319444444444443,82.0,0.0,1.0,2.2,19.433333333333334,1,26,330,0,0,47,11,2023,1,4,0.7818314824680298,0.6234898018587336,-0.9510565162951536,0.30901699437494723,405.0,328.0,311.0,449.0,263.0,317.71,319.5,320.86,64.29,251.0,405.0,309.31,373.25,64.98397238293968,0.9644736841978359,0,1.5399239543140713,1.3087571937612756,0
2023-11-27,Munchkins,169.0,Regular Day,4.3,9.2,9.666666666666666,-0.5999999999999996,9.100000000000001,8.8,26.6,0.0,-2.0,9.39,35.0,0.0,0.0,4.8,41.56666666666666,2,27,331,0,0,48,11,2023,0,4,0.9749279121818236,-0.22252093395631434,-0.9510565162951536,0.30901699437494723,293.0,340.0,397.0,471.0,430.0,386.57,381.14,391.76,133.19,245.0,614.0,371.97,375.25,76.70017383726498,0.7292626728026582,0,0.6813953488213629,-0.7414971093369248,0
2023-11-27,Donuts,180.0,Regular Day,4.3,9.2,9.666666666666666,-0.5999999999999996,9.100000000000001,8.8,26.6,0.0,-2.0,9.39,35.0,0.0,0.0,4.8,41.56666666666666,2,27,331,0,0,48,11,2023,0,4,0.9749279121818236,-0.22252093395631434,-0.9510565162951536,0.30901699437494723,259.0,306.0,271.0,224.0,323.0,341.29,331.29,327.62,70.02,251.0,426.0,338.48,265.0,33.8329228218117,1.1414141413910825,0,0.8018575851144936,-0.9800057125135669,0
2023-11-28,Munchkins,215.0,Regular Day,8.8,16.2,9.65,-2.0999999999999996,4.5,1.8,26.8,0.0,-4.6,9.376944444444444,7.0,0.0,0.0,0.0,84.92000000000002,3,28,332,0,0,48,11,2023,0,4,0.43388373911755823,-0.900968867902419,-0.9510565162951536,0.30901699437494723,245.0,321.0,385.0,631.0,271.0,444.29,410.0,411.33,152.77,245.0,659.0,443.73,395.5,167.10376018111222,0.5570866141677452,0,0.9040590405570458,-1.0887608823009254,0
2023-11-28,Donuts,272.0,Regular Day,8.8,16.2,9.65,-2.0999999999999996,4.5,1.8,26.8,0.0,-4.6,9.376944444444444,7.0,0.0,0.0,0.0,84.92000000000002,3,28,332,0,0,48,11,2023,0,4,0.43388373911755823,-0.900968867902419,-0.9510565162951536,0.30901699437494723,251.0,284.0,320.0,453.0,280.0,358.0,338.57,334.43,77.89,251.0,438.0,363.36,327.0,88.60022573334675,0.6921086675201539,0,0.8964285713965561,-1.0711259467106016,0
2023-11-29,Munchkins,181.0,Regular Day,1.8,19.4,9.616666666666667,-4.666666666666666,7.0,-1.4,20.3,0.0,-5.1,9.173055555555555,8.0,0.0,0.0,0.0,17.310000000000002,4,29,333,0,0,48,11,2023,0,5,-0.433883739117558,-0.9009688679024191,-2.4492935982947064e-16,1.0,421.0,301.0,223.0,339.0,406.0,438.86,411.29,405.67,152.38,245.0,659.0,440.8,321.0,82.3164625090267,1.2846975088739379,0,1.0369458127823412,0.10060375376685882,0
2023-11-29,Donuts,289.0,Regular Day,1.8,19.4,9.616666666666667,-4.666666666666666,7.0,-1.4,20.3,0.0,-5.1,9.173055555555555,8.0,0.0,0.0,0.0,17.310000000000002,4,29,333,0,0,48,11,2023,0,5,-0.433883739117558,-0.9009688679024191,-2.4492935982947064e-16,1.0,426.0,261.0,261.0,284.0,311.0,346.14,332.29,329.76,88.0,250.0,438.0,335.02,308.0,79.41032678436729,1.260550458692467,0,1.3697749195701037,1.093636363512087,0
2023-11-30,Munchkins,283.0,Regular Day,-1.4,14.6,9.6,-0.6000000000000001,12.5,3.4,14.3,0.0,-4.3,8.936111111111112,42.0,0.0,0.0,0.0,-13.44,5,30,334,0,1,48,11,2023,0,5,-0.9749279121818236,-0.2225209339563146,-2.4492935982947064e-16,1.0,659.0,255.0,255.0,248.0,481.0,395.14,401.43,395.48,136.86,245.0,659.0,407.6,354.25,203.1934628213549,1.817097415470833,0,1.3700623700338863,1.925471284383642,0
2023-11-30,Donuts,277.0,Regular Day,-1.4,14.6,9.6,-0.6000000000000001,12.5,3.4,14.3,0.0,-4.3,8.936111111111112,42.0,0.0,0.0,0.0,-13.44,5,30,334,0,1,48,11,2023,0,5,-0.9749279121818236,-0.2225209339563146,-2.4492935982947064e-16,1.0,438.0,321.0,336.0,295.0,361.0,338.0,328.07,325.05,85.43,250.0,438.0,335.51,347.5,62.66578013557319,1.2028526148779262,0,1.2132963988583574,1.322135081198392,0
2023-12-01,Munchkins,750.0,Regular Day,3.4,11.0,9.583333333333334,3.0666666666666664,5.8999999999999995,7.0,15.8,0.0,-2.8,1.4738888888888888,68.0,0.0,0.0,0.5,32.583333333333336,6,1,335,1,0,48,12,2023,0,1,-0.7818314824680299,0.6234898018587334,0.9510565162951535,0.30901699437494745,432.0,470.0,414.0,551.0,547.0,393.29,390.14,387.38,136.74,245.0,659.0,404.45,466.75,60.82420022765062,0.9347150258970496,0,0.789762340022125,0.3263127102291712,0
2023-12-01,Donuts,404.0,Regular Day,3.4,11.0,9.583333333333334,3.0666666666666664,5.8999999999999995,7.0,15.8,0.0,-2.8,1.4738888888888888,68.0,0.0,0.0,0.5,32.583333333333336,6,1,335,1,0,48,12,2023,0,1,-0.7818314824680299,0.6234898018587334,0.9510565162951535,0.30901699437494745,250.0,333.0,338.0,348.0,472.0,323.86,326.5,324.81,80.54,250.0,438.0,328.14,317.25,45.26496069441203,0.8498542273928592,0,0.5296610169379309,-0.9288552271009617,0
2023-12-02,Munchkins,519.0,Regular Day,7.0,5.800000000000001,9.566666666666666,7.3,7.5,12.2,15.0,0.0,0.3999999999999986,7.903333333333333,91.0,0.0,0.0,4.4,66.96666666666667,7,2,336,0,0,48,12,2023,1,1,-2.4492935982947064e-16,1.0,0.9510565162951535,0.30901699437494745,308.0,614.0,446.0,522.0,531.0,375.57,377.93,376.52,158.24,169.0,659.0,345.59,472.5,129.40247292845683,0.9524793388331355,0,0.580037664772504,-0.43301314456313095,0
2023-12-02,Donuts,505.0,Regular Day,7.0,5.800000000000001,9.566666666666666,7.3,7.5,12.2,15.0,0.0,0.3999999999999986,7.903333333333333,91.0,0.0,0.0,4.4,66.96666666666667,7,2,336,0,0,48,12,2023,1,1,-2.4492935982947064e-16,1.0,0.9510565162951535,0.30901699437494745,337.0,394.0,396.0,436.0,398.0,312.57,317.5,320.48,95.32,180.0,438.0,291.1,390.75,40.721615881494685,0.878605769220209,0,0.8467336683204338,0.17331095256259835,0
2023-12-03,Donuts,345.0,Regular Day,12.2,6.199999999999999,9.55,7.166666666666667,4.0,11.8,17.1,0.0,0.9000000000000004,0.0,100.0,0.0,0.0,13.2,116.51,1,3,337,0,0,48,12,2023,1,1,0.7818314824680298,0.6234898018587336,0.9510565162951535,0.30901699437494745,306.0,405.0,328.0,311.0,335.0,315.57,316.64,318.19,93.37,180.0,438.0,286.33,337.5,45.974630685484215,1.1126760563206153,0,0.9134328357936289,-0.13055585304374467,0
2023-12-03,Munchkins,456.0,Regular Day,12.2,6.199999999999999,9.55,7.166666666666667,4.0,11.8,17.1,0.0,0.9000000000000004,0.0,100.0,0.0,0.0,13.2,116.51,1,3,337,0,0,48,12,2023,1,1,0.7818314824680298,0.6234898018587336,0.9510565162951535,0.30901699437494745,395.0,408.0,553.0,565.0,397.0,371.29,370.36,368.43,162.71,169.0,659.0,312.94,480.25,91.21905868110385,0.7182468694032358,0,0.9949622165996231,0.16329666276422483,0
2023-12-04,Donuts,266.0,Regular Day,11.8,8.3,9.533333333333333,5.833333333333332,7.3,9.7,15.9,0.0,-1.3000000000000007,8.288055555555555,91.0,0.0,0.0,0.0,112.49333333333334,2,4,338,0,0,49,12,2023,0,1,0.9749279121818236,-0.22252093395631434,0.9510565162951535,0.30901699437494745,180.0,259.0,306.0,271.0,225.0,296.0,318.64,319.52,79.73,180.0,438.0,286.99,254.0,53.21027469702946,0.7608318890682698,0,0.7999999999644444,-1.7499059323027835,0
2023-12-04,Munchkins,359.0,Regular Day,11.8,8.3,9.533333333333333,5.833333333333332,7.3,9.7,15.9,0.0,-1.3000000000000007,8.288055555555555,91.0,0.0,0.0,0.0,112.49333333333334,2,4,338,0,0,49,12,2023,0,1,0.9749279121818236,-0.22252093395631434,0.9510565162951535,0.30901699437494745,169.0,293.0,340.0,397.0,333.0,337.0,361.79,366.43,175.29,169.0,659.0,279.95,299.75,96.98582370635411,0.6268656716332854,0,0.507507507492267,-1.1263049802540759,0
2023-12-05,Donuts,282.0,Regular Day,9.7,12.6,9.516666666666667,3.7666666666666666,6.4,5.4,14.2,0.0,-3.0,4.9863888888888885,54.0,0.0,0.0,0.0,92.31166666666667,3,5,339,0,0,49,12,2023,0,1,0.43388373911755823,-0.900968867902419,0.9510565162951535,0.30901699437494745,272.0,251.0,284.0,320.0,205.0,273.0,315.5,316.71,49.39,180.0,337.0,284.5,281.75,28.91798748184251,0.8658940397207633,0,1.3268292682279594,-0.905243976330179,0
2023-12-05,Munchkins,255.0,Regular Day,9.7,12.6,9.516666666666667,3.7666666666666666,6.4,5.4,14.2,0.0,-3.0,4.9863888888888885,54.0,0.0,0.0,0.0,92.31166666666667,3,5,339,0,0,49,12,2023,0,1,0.43388373911755823,-0.900968867902419,0.9510565162951535,0.30901699437494745,215.0,245.0,321.0,385.0,375.0,283.29,363.79,367.76,102.79,169.0,432.0,280.72,291.5,76.65289731423508,0.651558073645162,0,0.5733333333180445,-1.4861367835892463,0
2023-12-06,Donuts,312.0,Regular Day,5.4,14.5,9.5,0.40000000000000036,5.8,3.5,19.2,0.0,-3.0999999999999996,5.461666666666667,66.0,0.0,0.0,0.0,51.300000000000004,4,6,340,0,0,49,12,2023,0,1,-0.433883739117558,-0.9009688679024191,0.9510565162951535,0.30901699437494745,289.0,426.0,261.0,261.0,233.0,295.0,320.57,319.86,68.17,180.0,404.0,314.37,309.25,78.94460082868238,1.3697318007400434,0,1.2403433475862513,-0.45269179984557867,0
2023-12-06,Munchkins,356.0,Regular Day,5.4,14.5,9.5,0.40000000000000036,5.8,3.5,19.2,0.0,-3.0999999999999996,5.461666666666667,66.0,0.0,0.0,0.0,51.300000000000004,4,6,340,0,0,49,12,2023,0,1,-0.433883739117558,-0.9009688679024191,0.9510565162951535,0.30901699437494745,181.0,421.0,301.0,223.0,322.0,328.71,383.79,383.76,201.93,169.0,750.0,398.04,281.5,105.45615202537972,1.1488549618101362,0,0.5621118012247791,-1.0041103352149698,0
2023-12-07,Donuts,356.0,Regular Day,3.5,16.5,9.483333333333333,0.7666666666666666,7.6,1.5,17.2,1.0,-4.0,1.2672222222222222,77.0,0.0,0.0,0.5,33.19166666666666,5,7,341,0,0,49,12,2023,0,1,-0.9749279121818236,-0.2225209339563146,0.9510565162951535,0.30901699437494745,277.0,438.0,321.0,336.0,224.0,319.0,328.5,325.05,105.03,180.0,505.0,362.03,343.0,68.10286337592568,1.0882800608662362,0,1.2366071428019372,-0.4574883366221568,0
2023-12-07,Munchkins,353.0,Regular Day,3.5,16.5,9.483333333333333,0.7666666666666666,7.6,1.5,17.2,1.0,-4.0,1.2672222222222222,77.0,0.0,0.0,0.5,33.19166666666666,5,7,341,0,0,49,12,2023,0,1,-0.9749279121818236,-0.2225209339563146,0.9510565162951535,0.30901699437494745,283.0,659.0,255.0,255.0,436.0,358.86,377.0,387.24,213.73,169.0,750.0,428.28,363.0,197.77428211642348,1.8470588234931948,0,0.6490825687924522,-0.48771814904376004,0
2023-12-08,Munchkins,515.0,Regular Day,1.5,13.9,9.466666666666667,2.8999999999999995,12.200000000000001,4.1,11.4,0.0,-3.2,8.815555555555555,51.0,0.0,0.0,0.0,14.2,6,8,342,0,0,49,12,2023,0,2,-0.7818314824680299,0.6234898018587334,0.5877852522924732,-0.8090169943749473,750.0,432.0,470.0,414.0,536.0,367.57,380.43,382.62,216.67,169.0,750.0,435.21,516.5,157.40711546813887,1.3371040723830645,0,1.399253731317178,1.695573914169217,0
2023-12-08,Donuts,407.0,Regular Day,1.5,13.9,9.466666666666667,2.8999999999999995,12.200000000000001,4.1,11.4,0.0,-3.2,8.815555555555555,51.0,0.0,0.0,0.0,14.2,6,8,342,0,0,49,12,2023,0,2,-0.7818314824680299,0.6234898018587334,0.5877852522924732,-0.8090169943749473,404.0,250.0,333.0,338.0,314.0,324.57,324.21,325.86,105.26,180.0,505.0,357.77,331.25,63.094505835822716,0.9746646795681868,0,1.2866242037806808,0.7423522704975913,0
2023-12-09,Munchkins,421.0,Regular Day,4.1,9.4,9.45,4.7333333333333325,9.0,8.6,11.2,0.0,-2.3000000000000007,8.798333333333334,39.0,0.0,0.0,0.0,38.74499999999999,7,9,343,0,0,49,12,2023,1,2,-2.4492935982947064e-16,1.0,0.5877852522924732,-0.8090169943749473,519.0,308.0,614.0,446.0,659.0,394.71,385.14,383.52,198.81,181.0,750.0,416.16,471.75,129.0280977151876,0.7801886792379228,0,0.7875569043886562,0.681454655164154,0
2023-12-09,Donuts,321.0,Regular Day,4.1,9.4,9.45,4.7333333333333325,9.0,8.6,11.2,0.0,-2.3000000000000007,8.798333333333334,39.0,0.0,0.0,0.0,38.74499999999999,7,9,343,0,0,49,12,2023,1,2,-2.4492935982947064e-16,1.0,0.5877852522924732,-0.8090169943749473,505.0,337.0,394.0,396.0,383.0,336.86,324.71,323.95,89.39,266.0,505.0,334.83,408.0,70.21395872616783,1.065822784796635,0,1.3185378589734063,2.025394339184988,0
2023-12-10,Donuts,402.0,Regular Day,8.6,4.699999999999999,9.433333333333334,5.200000000000001,8.599999999999998,13.3,26.3,0.0,-1.0,2.636388888888889,78.0,0.0,1.0,22.8,81.12666666666667,1,10,344,0,0,49,12,2023,1,2,0.7818314824680298,0.6234898018587336,0.5877852522924732,-0.8090169943749473,345.0,306.0,405.0,328.0,191.0,338.29,326.93,323.86,88.26,266.0,505.0,321.62,346.0,42.44997055358225,0.8881309686099845,0,1.8062827224185192,0.23951960115119864,0
2023-12-10,Munchkins,405.0,Regular Day,8.6,4.699999999999999,9.433333333333334,5.200000000000001,8.599999999999998,13.3,26.3,0.0,-1.0,2.636388888888889,78.0,0.0,1.0,22.8,81.12666666666667,1,10,344,0,0,49,12,2023,1,2,0.7818314824680298,0.6234898018587336,0.5877852522924732,-0.8090169943749473,456.0,395.0,408.0,553.0,345.0,400.43,385.86,380.38,193.28,181.0,750.0,375.87,453.0,71.64263162856783,0.8855359000948435,0,1.3217391303964714,0.3912458609069099,0
2023-12-11,Munchkins,315.0,Regular Day,13.3,9.4,9.433333333333334,1.7666666666666666,13.400000000000002,8.6,28.5,0.0,-1.700000000000001,7.336388888888889,70.0,0.0,0.0,34.0,125.46333333333334,2,11,345,0,0,50,12,2023,0,2,0.9749279121818236,-0.22252093395631434,0.5877852522924732,-0.8090169943749473,359.0,169.0,293.0,340.0,139.0,425.43,381.21,383.0,170.1,255.0,750.0,370.9,290.25,85.46100475265507,0.8341232227356379,0,2.582733812763832,-0.14109347441851303,0
2023-12-11,Donuts,250.0,Regular Day,13.3,9.4,9.433333333333334,1.7666666666666666,13.400000000000002,8.6,28.5,0.0,-1.700000000000001,7.336388888888889,70.0,0.0,0.0,34.0,125.46333333333334,2,11,345,0,0,50,12,2023,0,2,0.9749279121818236,-0.22252093395631434,0.5877852522924732,-0.8090169943749473,266.0,180.0,259.0,306.0,170.0,341.57,318.79,326.29,86.53,266.0,505.0,319.22,252.75,52.73439737653846,0.78938053095948,0,1.5647058822608997,-0.696752571282012,0
2023-12-12,Munchkins,409.0,Regular Day,8.6,15.4,9.416666666666666,-2.766666666666667,8.4,2.6,15.7,0.0,-4.199999999999999,9.092777777777778,2.0,0.0,0.0,0.0,80.98333333333332,3,12,346,0,0,50,12,2023,0,2,0.43388373911755823,-0.900968867902419,0.5877852522924732,-0.8090169943749473,255.0,215.0,245.0,321.0,378.0,435.43,359.36,387.67,162.2,255.0,750.0,366.43,259.0,44.69153536558498,0.8303886925648342,0,0.6746031745853279,-0.8179408137596832,0
2023-12-12,Donuts,209.0,Regular Day,8.6,15.4,9.416666666666666,-2.766666666666667,8.4,2.6,15.7,0.0,-4.199999999999999,9.092777777777778,2.0,0.0,0.0,0.0,80.98333333333332,3,12,346,0,0,50,12,2023,0,2,0.43388373911755823,-0.900968867902419,0.5877852522924732,-0.8090169943749473,282.0,272.0,251.0,284.0,355.0,352.86,312.93,327.95,81.72,266.0,505.0,328.41,272.25,15.107944929738128,1.0355140186722334,0,0.7943661971607221,-0.5622858540672679,0
2023-12-13,Donuts,308.0,Regular Day,2.6,13.7,9.416666666666666,1.6,7.5,4.3,18.8,0.0,-5.1000000000000005,9.078611111111112,26.0,0.0,0.0,0.0,24.483333333333334,4,13,347,0,0,50,12,2023,0,2,-0.433883739117558,-0.9009688679024191,0.5877852522924732,-0.8090169943749473,312.0,289.0,426.0,261.0,229.0,353.29,324.14,331.48,82.04,266.0,505.0,348.06,322.0,72.40165743959182,0.8748180494778047,0,1.3624454147876661,-0.23744514867900496,0
2023-12-13,Munchkins,393.0,Regular Day,2.6,13.7,9.416666666666666,1.6,7.5,4.3,18.8,0.0,-5.1000000000000005,9.078611111111112,26.0,0.0,0.0,0.0,24.483333333333334,4,13,347,0,0,50,12,2023,0,2,-0.433883739117558,-0.9009688679024191,0.5877852522924732,-0.8090169943749473,356.0,181.0,421.0,301.0,314.0,401.86,365.29,389.81,97.77,255.0,519.0,403.57,314.75,101.7656621852381,0.743767313009089,0,1.1337579617473326,-0.34581159861452276,0
2023-12-14,Munchkins,329.0,Regular Day,4.3,16.5,9.4,1.4,7.6000000000000005,1.5,15.1,0.0,-4.300000000000001,9.064722222222223,9.0,0.0,0.0,0.0,40.42,5,14,348,0,0,50,12,2023,0,2,-0.9749279121818236,-0.2225209339563146,0.5877852522924732,-0.8090169943749473,353.0,283.0,659.0,255.0,331.0,387.86,373.36,380.62,84.28,255.0,515.0,407.93,387.5,185.63315077503444,0.6958424507582511,0,1.0664652567653636,-0.32771713332608965,0
2023-12-14,Donuts,256.0,Regular Day,4.3,16.5,9.4,1.4,7.6000000000000005,1.5,15.1,0.0,-4.300000000000001,9.064722222222223,9.0,0.0,0.0,0.0,40.42,5,14,348,0,0,50,12,2023,0,2,-0.9749279121818236,-0.2225209339563146,0.5877852522924732,-0.8090169943749473,356.0,277.0,438.0,321.0,475.0,327.0,323.0,328.0,47.56,266.0,407.0,341.29,348.0,68.15179136799463,0.833992094850672,0,0.7494736841947479,0.5887300251074999,0
2023-12-15,Donuts,357.0,Regular Day,1.5,13.8,9.4,5.766666666666667,10.8,4.2,16.3,0.0,-4.0,9.148888888888889,3.0,0.0,0.0,0.0,14.100000000000001,6,15,349,0,0,50,12,2023,0,3,-0.7818314824680299,0.6234898018587334,-0.587785252292473,-0.8090169943749476,407.0,404.0,250.0,333.0,461.0,335.14,329.86,327.86,55.39,266.0,407.0,356.47,348.5,74.03827838805186,1.391080617471851,0,0.8828633405448403,1.4287777574600506,0
2023-12-15,Munchkins,415.0,Regular Day,1.5,13.8,9.4,5.766666666666667,10.8,4.2,16.3,0.0,-4.0,9.148888888888889,3.0,0.0,0.0,0.0,14.100000000000001,6,15,349,0,0,50,12,2023,0,3,-0.7818314824680299,0.6234898018587334,-0.587785252292473,-0.8090169943749476,515.0,750.0,432.0,470.0,486.0,380.57,374.07,380.48,79.48,255.0,515.0,407.2,541.75,142.91810008999326,1.4024390243746958,0,1.0596707818712001,1.692501257965211,0
2023-12-16,Donuts,384.0,Regular Day,4.2,11.5,9.383333333333333,5.6,11.1,6.5,12.6,0.0,-2.5,8.939166666666667,30.0,0.0,0.0,0.0,39.41,7,16,350,0,0,50,12,2023,1,3,-2.4492935982947064e-16,1.0,-0.587785252292473,-0.8090169943749476,321.0,505.0,337.0,394.0,386.0,332.86,334.86,327.43,58.94,250.0,407.0,329.85,389.25,83.28415215393622,1.1299589603128597,0,0.8316062175950361,-0.10909399387358444,0
2023-12-16,Munchkins,451.0,Regular Day,4.2,11.5,9.383333333333333,5.6,11.1,6.5,12.6,0.0,-2.5,8.939166666666667,30.0,0.0,0.0,0.0,39.41,7,16,350,0,0,50,12,2023,1,3,-2.4492935982947064e-16,1.0,-0.587785252292473,-0.8090169943749476,421.0,519.0,308.0,614.0,575.0,374.29,384.5,381.52,83.12,255.0,515.0,384.15,465.5,131.27706070241925,1.0195227765616104,0,0.7321739130307447,0.4749759383451667,0
2023-12-17,Munchkins,461.0,Regular Day,6.5,8.6,9.383333333333333,3.499999999999999,6.3999999999999995,9.4,14.9,0.0,-1.0999999999999996,0.0,100.0,0.0,0.0,9.8,60.99166666666666,1,17,351,0,0,50,12,2023,1,3,0.7818314824680298,0.6234898018587336,-0.587785252292473,-0.8090169943749476,405.0,456.0,395.0,408.0,370.0,396.29,398.36,389.33,64.61,315.0,515.0,390.36,416.0,27.23967694375247,1.0722291407089386,0,1.0945945945650108,0.2425321157340148,0
2023-12-17,Donuts,376.0,Regular Day,6.5,8.6,9.383333333333333,3.499999999999999,6.3999999999999995,9.4,14.9,0.0,-1.0999999999999996,0.0,100.0,0.0,0.0,9.8,60.99166666666666,1,17,351,0,0,50,12,2023,1,3,0.7818314824680298,0.6234898018587336,-0.587785252292473,-0.8090169943749476,402.0,345.0,306.0,405.0,241.0,322.43,330.36,325.43,73.97,209.0,407.0,299.64,364.5,47.78074926160116,1.0506329113776283,0,1.6680497924619067,1.0351493847458226,0
2023-12-18,Donuts,230.0,Regular Day,9.4,4.699999999999999,9.383333333333333,3.566666666666668,8.3,13.3,34.7,0.0,-1.3000000000000007,3.4230555555555555,77.0,0.0,0.0,92.6,88.20333333333333,2,18,352,0,0,51,12,2023,0,3,0.9749279121818236,-0.22252093395631434,-0.587785252292473,-0.8090169943749476,250.0,266.0,180.0,259.0,230.0,321.86,331.71,319.81,74.08,209.0,407.0,301.73,238.75,39.710410054123926,1.1753986332306288,0,1.0869565216918715,-0.9423596111038933,0
2023-12-18,Munchkins,231.0,Regular Day,9.4,4.699999999999999,9.383333333333333,3.566666666666668,8.3,13.3,34.7,0.0,-1.3000000000000007,3.4230555555555555,77.0,0.0,0.0,92.6,88.20333333333333,2,18,352,0,0,51,12,2023,0,3,0.9749279121818236,-0.22252093395631434,-0.587785252292473,-0.8090169943749476,315.0,359.0,169.0,293.0,414.0,401.57,413.5,388.0,62.23,315.0,515.0,391.02,284.0,81.42890559664097,1.4588744588428815,0,0.7608695651990128,-1.1730676520692485,0
2023-12-19,Munchkins,438.0,Regular Day,13.3,13.4,9.383333333333333,-3.466666666666667,5.800000000000001,4.6,23.7,0.0,-4.800000000000001,8.757222222222222,53.0,0.0,0.0,0.0,124.79833333333333,3,19,353,0,0,51,12,2023,0,3,0.43388373911755823,-0.900968867902419,-0.587785252292473,-0.8090169943749476,409.0,255.0,215.0,245.0,451.0,398.14,416.79,372.29,65.91,315.0,515.0,375.51,281.0,87.00957801682908,1.4434782608381853,0,0.9068736141705793,0.55697162789304,0
2023-12-19,Donuts,282.0,Regular Day,13.3,13.4,9.383333333333333,-3.466666666666667,5.800000000000001,4.6,23.7,0.0,-4.800000000000001,8.757222222222222,53.0,0.0,0.0,0.0,124.79833333333333,3,19,353,0,0,51,12,2023,0,3,0.43388373911755823,-0.900968867902419,-0.587785252292473,-0.8090169943749476,209.0,282.0,272.0,251.0,276.0,307.57,330.21,311.14,76.02,209.0,407.0,290.3,253.5,32.357379374726875,0.9388145315308066,0,0.7572463767841577,-1.343593790930861,0
2023-12-20,Donuts,382.0,Regular Day,4.6,17.0,9.366666666666667,-1.8000000000000003,9.7,1.0,16.6,0.0,-4.3,9.083055555555555,4.0,0.0,0.0,0.0,43.086666666666666,4,20,354,0,0,51,12,2023,0,3,-0.433883739117558,-0.9009688679024191,-0.587785252292473,-0.8090169943749476,308.0,312.0,289.0,426.0,172.0,300.43,326.86,316.24,66.92,209.0,402.0,306.97,333.75,62.31305374210661,0.8671328671207393,0,1.7906976743144942,-0.12313209800909576,0
2023-12-20,Munchkins,381.0,Regular Day,4.6,17.0,9.366666666666667,-1.8000000000000003,9.7,1.0,16.6,0.0,-4.3,9.083055555555555,4.0,0.0,0.0,0.0,43.086666666666666,4,20,354,0,0,51,12,2023,0,3,-0.433883739117558,-0.9009688679024191,-0.587785252292473,-0.8090169943749476,393.0,356.0,181.0,421.0,401.0,383.86,392.86,371.48,43.33,315.0,421.0,385.39,337.75,107.83745484137998,1.2441860464909604,0,0.9800498752872805,0.4966535886229736,0
2023-12-21,Munchkins,479.0,Regular Day,1.0,15.3,9.366666666666667,-0.7666666666666666,6.8,2.7,12.5,0.0,-3.6999999999999997,9.070833333333333,2.0,0.0,0.0,0.0,9.366666666666667,5,21,355,0,0,51,12,2023,0,3,-0.9749279121818236,-0.2225209339563146,-0.587785252292473,-0.8090169943749476,329.0,353.0,283.0,659.0,276.0,388.14,388.0,378.29,48.76,315.0,451.0,401.79,406.0,171.14905784140328,0.7239915074233122,0,1.192028985464057,-1.0108695650100765,0
2023-12-21,Donuts,433.0,Regular Day,1.0,15.3,9.366666666666667,-0.7666666666666666,6.8,2.7,12.5,0.0,-3.6999999999999997,9.070833333333333,2.0,0.0,0.0,0.0,9.366666666666667,5,21,355,0,0,51,12,2023,0,3,-0.9749279121818236,-0.2225209339563146,-0.587785252292473,-0.8090169943749476,256.0,356.0,277.0,438.0,361.0,309.43,318.21,318.48,74.01,209.0,402.0,326.23,331.75,82.89099267511921,0.8559440559320847,0,0.7091412742185833,-0.8442102417451415,0
2023-12-22,Donuts,524.0,Regular Day,2.7,17.8,9.366666666666667,0.16666666666666669,8.399999999999999,0.2,9.7,0.0,-2.9999999999999996,7.735555555555556,62.0,0.0,0.0,0.0,25.290000000000003,6,22,356,0,0,51,12,2023,0,4,-0.7818314824680299,0.6234898018587334,-0.9510565162951536,0.30901699437494723,357.0,407.0,404.0,250.0,419.0,305.71,320.43,321.81,69.08,209.0,384.0,338.67,354.5,73.33257575366262,1.168195718636572,0,0.8520286395978036,0.5094093803547468,0
2023-12-22,Munchkins,836.0,Regular Day,2.7,17.8,9.366666666666667,0.16666666666666669,8.399999999999999,0.2,9.7,0.0,-2.9999999999999996,7.735555555555556,62.0,0.0,0.0,0.0,25.290000000000003,6,22,356,0,0,51,12,2023,0,4,-0.7818314824680299,0.6234898018587334,-0.9510565162951536,0.30901699437494723,415.0,515.0,750.0,432.0,455.0,396.14,388.36,381.43,56.03,315.0,461.0,416.59,528.0,154.31353364713888,0.7868020304501964,0,0.9120879120678662,0.5991433159737384,0
2023-12-23,Donuts,514.0,Regular Day,0.2,14.4,9.366666666666667,3.533333333333333,7.3,3.6,7.6,0.0,-2.6999999999999993,4.420277777777778,96.0,0.0,0.0,0.0,1.8733333333333335,7,23,357,0,0,51,12,2023,1,4,-2.4492935982947064e-16,1.0,-0.9510565162951536,0.30901699437494723,384.0,321.0,505.0,337.0,388.0,302.86,317.86,324.19,72.12,209.0,384.0,311.5,386.75,83.24411891138817,0.8372921615102459,0,0.989690721623977,0.8293122572338725,0
2023-12-23,Munchkins,512.0,Regular Day,0.2,14.4,9.366666666666667,3.533333333333333,7.3,3.6,7.6,0.0,-2.6999999999999993,4.420277777777778,96.0,0.0,0.0,0.0,1.8733333333333335,7,23,357,0,0,51,12,2023,1,4,-2.4492935982947064e-16,1.0,-0.9510565162951536,0.30901699437494723,451.0,421.0,519.0,308.0,511.0,384.14,379.21,384.38,80.12,231.0,461.0,370.19,424.75,87.97111268289532,1.0544135429134895,0,0.8825831702371314,0.8315027457773961,0
2023-12-24,Donuts,479.0,Christmas Eve,3.6,12.5,9.383333333333333,4.033333333333333,10.399999999999999,5.5,8.2,0.0,-1.5,5.876388888888889,83.0,0.0,0.0,0.7,33.78,1,24,358,0,0,51,12,2023,1,4,0.7818314824680298,0.6234898018587336,-0.9510565162951536,0.30901699437494723,376.0,402.0,345.0,306.0,267.0,313.29,317.86,324.67,60.65,230.0,384.0,304.13,357.25,41.35516896350443,1.1950844853887084,1,1.4082397003217888,0.8463314095884035,0
2023-12-24,Munchkins,473.0,Christmas Eve,3.6,12.5,9.383333333333333,4.033333333333333,10.399999999999999,5.5,8.2,0.0,-1.5,5.876388888888889,83.0,0.0,0.0,0.7,33.78,1,24,358,0,0,51,12,2023,1,4,0.7818314824680298,0.6234898018587336,-0.9510565162951536,0.30901699437494723,461.0,405.0,456.0,395.0,388.0,388.29,392.29,395.0,82.34,231.0,461.0,387.15,429.25,34.08200893922383,1.01762632196219,1,1.1881443298662848,0.8015545299002241,0
2023-12-25,Munchkins,460.0,Christmas Day,5.5,10.4,9.366666666666667,4.033333333333333,7.3999999999999995,7.6,9.1,0.0,-2.0999999999999996,5.853888888888889,71.0,0.0,0.0,0.0,51.516666666666666,2,25,359,0,0,52,12,2023,0,4,0.9749279121818236,-0.22252093395631434,-0.9510565162951536,0.30901699437494723,231.0,315.0,359.0,169.0,401.0,386.57,394.07,404.52,82.35,231.0,461.0,385.61,268.5,84.9686216592141,1.034090909071324,1,0.5760598503596992,-2.1071038248807406,1
2023-12-25,Donuts,383.0,Christmas Day,5.5,10.4,9.366666666666667,4.033333333333333,7.3999999999999995,7.6,9.1,0.0,-2.0999999999999996,5.853888888888889,71.0,0.0,0.0,0.0,51.516666666666666,2,25,359,0,0,52,12,2023,0,4,0.9749279121818236,-0.22252093395631434,-0.9510565162951536,0.30901699437494723,230.0,250.0,266.0,180.0,207.0,323.86,322.86,329.1,65.8,230.0,384.0,323.6,231.5,37.35862238716341,1.0762331838323715,1,1.111111111057434,-1.5060790271267364,0
2023-12-26,Munchkins,314.0,Regular Day,7.6,10.1,9.383333333333333,5.200000000000001,5.200000000000001,7.9,10.6,0.0,-1.5,2.942222222222222,92.0,0.0,0.0,0.0,71.31333333333333,3,26,360,0,0,52,12,2023,0,4,0.43388373911755823,-0.900968867902419,-0.9510565162951536,0.30901699437494723,438.0,409.0,255.0,215.0,464.0,408.0,403.07,413.86,84.37,231.0,479.0,408.96,329.25,110.68385910631534,1.8021276595361249,0,0.9439655172210352,0.2861206589681022,0
2023-12-26,Donuts,266.0,Regular Day,7.6,10.1,9.383333333333333,5.200000000000001,5.200000000000001,7.9,10.6,0.0,-1.5,2.942222222222222,92.0,0.0,0.0,0.0,71.31333333333333,3,26,360,0,0,52,12,2023,0,4,0.43388373911755823,-0.900968867902419,-0.9510565162951536,0.30901699437494723,282.0,209.0,282.0,272.0,320.0,349.14,328.36,336.52,69.3,230.0,433.0,350.95,261.25,35.150865328371836,0.8862815884316556,0,0.8812499999724609,-0.7867243866108621,0
2023-12-27,Donuts,409.0,Regular Day,7.9,9.1,9.4,5.966666666666667,4.300000000000001,8.9,15.7,0.0,-2.0,0.03944444444444444,100.0,0.0,0.0,2.4,74.26,4,27,361,0,0,52,12,2023,0,4,-0.433883739117558,-0.9009688679024191,-0.9510565162951536,0.30901699437494723,382.0,308.0,312.0,289.0,319.0,373.0,336.71,342.24,96.04,230.0,524.0,394.21,322.75,40.75434537158788,1.1480865224434595,0,1.1974921629718653,0.4139941690531034,0
2023-12-27,Munchkins,293.0,Regular Day,7.9,9.1,9.4,5.966666666666667,4.300000000000001,8.9,15.7,0.0,-2.0,0.03944444444444444,100.0,0.0,0.0,2.4,74.26,4,27,361,0,0,52,12,2023,0,4,-0.433883739117558,-0.9009688679024191,-0.9510565162951536,0.30901699437494723,381.0,393.0,356.0,181.0,351.0,468.14,426.0,417.95,182.81,231.0,836.0,515.72,327.75,99.03997509423489,1.4413407820960644,0,1.0854700854391603,-0.20212242217591359,0
2023-12-28,Donuts,387.0,Regular Day,8.9,6.9,9.383333333333333,6.933333333333334,3.4000000000000004,11.1,16.0,0.0,-0.40000000000000036,0.0,92.0,0.0,0.0,21.3,83.51166666666667,5,28,362,0,0,52,12,2023,0,4,-0.9749279121818236,-0.2225209339563146,-0.9510565162951536,0.30901699437494723,433.0,256.0,356.0,277.0,401.0,391.57,350.5,342.67,110.07,230.0,524.0,424.16,330.5,80.76509146902515,1.0884676145167698,0,1.0798004987261896,0.8206595801925447,0
2023-12-28,Munchkins,261.0,Regular Day,8.9,6.9,9.383333333333333,6.933333333333334,3.4000000000000004,11.1,16.0,0.0,-0.40000000000000036,0.0,92.0,0.0,0.0,21.3,83.51166666666667,5,28,362,0,0,52,12,2023,0,4,-0.9749279121818236,-0.2225209339563146,-0.9510565162951536,0.30901699437494723,479.0,329.0,353.0,283.0,590.0,476.86,432.5,417.62,183.31,231.0,836.0,514.79,361.0,83.85702117294652,1.2704402515523516,0,0.8118644067659005,0.33484261631472134,0
2023-12-29,Donuts,308.0,Regular Day,11.1,8.2,9.4,0.8666666666666671,5.2,9.8,12.3,0.0,-1.8000000000000007,8.534722222222221,60.0,0.0,0.0,0.0,104.34,6,29,363,0,0,52,12,2023,0,5,-0.7818314824680299,0.6234898018587334,-2.4492935982947064e-16,1.0,524.0,357.0,407.0,404.0,473.0,406.29,356.0,349.05,114.44,230.0,524.0,437.87,423.0,71.11961754677819,1.086313193574768,0,1.1078224101245704,1.528748689135901,0
2023-12-29,Munchkins,343.0,Regular Day,11.1,8.2,9.4,0.8666666666666671,5.2,9.8,12.3,0.0,-1.8000000000000007,8.534722222222221,60.0,0.0,0.0,0.0,104.34,6,29,363,0,0,52,12,2023,0,5,-0.7818314824680299,0.6234898018587334,-2.4492935982947064e-16,1.0,836.0,415.0,515.0,750.0,608.0,478.57,437.36,418.43,183.19,231.0,836.0,504.34,629.0,196.87728834648922,0.9889328063162931,0,1.3749999999773848,2.279436650347757,0
2023-12-30,Munchkins,383.0,Regular Day,9.8,12.2,9.416666666666666,-0.7000000000000002,5.500000000000001,5.8,24.9,0.0,-5.000000000000001,7.605277777777777,65.0,0.0,0.0,0.0,92.28333333333333,7,30,364,0,0,52,12,2023,1,5,-2.4492935982947064e-16,1.0,-2.4492935982947064e-16,1.0,512.0,451.0,421.0,519.0,498.0,511.29,447.71,423.24,148.84,381.0,836.0,493.26,475.75,47.591140632124656,1.0244680850954844,0,1.0281124497785519,0.5963450684898988,0
2023-12-30,Donuts,383.0,Regular Day,9.8,12.2,9.416666666666666,-0.7000000000000002,5.500000000000001,5.8,24.9,0.0,-5.000000000000001,7.605277777777777,65.0,0.0,0.0,0.0,92.28333333333333,7,30,364,0,0,52,12,2023,1,5,-2.4492935982947064e-16,1.0,-2.4492935982947064e-16,1.0,514.0,384.0,321.0,505.0,362.0,428.14,365.5,354.62,86.31,282.0,524.0,424.15,431.0,94.29386689140145,1.0871670702047558,0,1.4198895027232075,1.8465994668234735,0
2023-12-31,Munchkins,360.0,New Years Eve,5.8,12.4,9.433333333333334,-0.033333333333333215,6.4,5.6,17.7,0.0,-4.6,7.776111111111111,62.0,0.0,0.0,0.0,54.71333333333333,1,31,365,0,1,52,12,2023,1,5,0.7818314824680298,0.6234898018587336,-2.4492935982947064e-16,1.0,473.0,461.0,405.0,456.0,335.0,493.57,440.93,426.05,165.47,314.0,836.0,448.44,448.75,30.026377292862577,1.0847851335530223,1,1.411940298465315,0.2837372333182004,0
2023-12-31,Donuts,393.0,New Years Eve,5.8,12.4,9.433333333333334,-0.033333333333333215,6.4,5.6,17.7,0.0,-4.6,7.776111111111111,62.0,0.0,0.0,0.0,54.71333333333333,1,31,365,0,1,52,12,2023,1,5,0.7818314824680298,0.6234898018587336,-2.4492935982947064e-16,1.0,479.0,376.0,402.0,345.0,195.0,425.86,369.57,353.86,90.91,266.0,524.0,384.61,400.5,57.28583303633339,1.1445783132376897,1,2.4564102562842867,1.3765262345862364,0
2024-01-01,Donuts,245.0,New Year,5.6,13.7,9.433333333333334,0.2999999999999998,9.1,4.3,11.7,0.0,-3.0999999999999996,6.43,69.0,0.0,0.0,0.1,52.82666666666667,2,1,1,1,0,1,1,2024,0,1,0.9749279121818236,-0.22252093395631434,0.9510565162951535,0.30901699437494745,383.0,230.0,250.0,266.0,228.0,429.71,376.79,358.48,89.3,266.0,524.0,390.71,282.25,68.76227163205125,1.187984496101008,1,1.6798245613298322,0.2745800671585015,0
2024-01-01,Munchkins,471.0,New Year,5.6,13.7,9.433333333333334,0.2999999999999998,9.1,4.3,11.7,0.0,-3.0999999999999996,6.43,69.0,0.0,0.0,0.1,52.82666666666667,2,1,1,1,0,1,1,2024,0,1,0.9749279121818236,-0.22252093395631434,0.9510565162951535,0.30901699437494745,460.0,231.0,315.0,359.0,308.0,481.0,433.79,423.05,178.29,293.0,836.0,409.58,341.25,95.32532017605116,1.0252225519135723,1,1.493506493458003,0.2072466206625583,0
2024-01-02,Donuts,249.0,Regular Day,4.3,15.8,9.433333333333334,1.5333333333333332,8.2,2.2,15.9,0.0,-2.9000000000000004,9.28138888888889,20.0,0.0,0.0,0.0,40.56333333333333,3,2,2,0,0,1,1,2024,0,1,0.43388373911755823,-0.900968867902419,0.9510565162951535,0.30901699437494745,266.0,282.0,209.0,282.0,326.0,423.14,386.14,359.95,90.7,266.0,524.0,389.78,259.75,34.66386206603836,1.1160896130118922,0,0.8159509202203696,-1.0358324144392688,0
2024-01-02,Munchkins,163.0,Regular Day,4.3,15.8,9.433333333333334,1.5333333333333332,8.2,2.2,15.9,0.0,-2.9000000000000004,9.28138888888889,20.0,0.0,0.0,0.0,40.56333333333333,3,2,2,0,0,1,1,2024,0,1,0.43388373911755823,-0.900968867902419,0.9510565162951535,0.30901699437494745,314.0,438.0,409.0,255.0,260.0,449.86,428.93,418.67,196.78,261.0,836.0,372.44,354.0,84.62072244235846,1.1325301204648714,0,1.2076923076458579,-0.531913812352276,0
2024-01-03,Munchkins,314.0,Regular Day,2.2,16.5,9.45,1.8333333333333333,8.4,1.5,12.3,0.0,-3.5000000000000004,8.88861111111111,31.0,0.0,0.0,0.0,20.79,4,3,3,0,0,1,1,2024,0,1,-0.433883739117558,-0.9009688679024191,0.9510565162951535,0.30901699437494745,293.0,381.0,393.0,356.0,393.0,379.43,423.79,410.48,99.94,261.0,512.0,365.08,355.75,44.582320860777685,0.8998664886395211,0,0.7455470737723779,-1.1755053030642884,0
2024-01-03,Donuts,170.0,Regular Day,2.2,16.5,9.45,1.8333333333333333,8.4,1.5,12.3,0.0,-3.5000000000000004,8.88861111111111,31.0,0.0,0.0,0.0,20.79,4,3,3,0,0,1,1,2024,0,1,-0.433883739117558,-0.9009688679024191,0.9510565162951535,0.30901699437494745,409.0,382.0,308.0,312.0,252.0,392.29,382.64,355.24,87.35,266.0,514.0,369.34,352.75,50.60550035980937,1.2758064515923258,0,1.6230158729514677,0.6154550657566737,0
2024-01-04,Donuts,322.0,Regular Day,1.5,14.6,9.466666666666667,2.9,5.3,3.4,23.8,0.0,-5.5,6.130833333333333,78.0,0.0,0.0,1.1,14.2,5,4,4,0,0,1,1,2024,0,1,-0.9749279121818236,-0.2225209339563146,0.9510565162951535,0.30901699437494745,387.0,433.0,256.0,356.0,283.0,373.57,382.57,358.19,69.04,266.0,479.0,372.75,358.0,74.997777744855,1.3398692810238584,0,1.3674911660294173,0.41729432207165496,0
2024-01-04,Munchkins,169.0,Regular Day,1.5,14.6,9.466666666666667,2.9,5.3,3.4,23.8,0.0,-5.5,6.130833333333333,78.0,0.0,0.0,1.1,14.2,5,4,4,0,0,1,1,2024,0,1,-0.9749279121818236,-0.2225209339563146,0.9510565162951535,0.30901699437494745,261.0,479.0,329.0,353.0,218.0,361.0,418.93,408.67,81.64,261.0,473.0,369.56,355.5,91.08786966440702,1.085043988253885,0,1.1972477063670988,-1.80879470825468,0
2024-01-05,Donuts,322.0,Regular Day,3.4,19.1,9.483333333333333,0.8,7.5,-1.1,22.4,0.0,-4.3,9.323611111111111,14.0,0.0,0.0,0.0,32.24333333333333,6,5,5,0,0,1,1,2024,0,1,-0.7818314824680299,0.6234898018587334,0.9510565162951535,0.30901699437494745,308.0,524.0,357.0,407.0,429.0,361.29,383.79,357.76,52.92,266.0,409.0,377.81,399.0,92.61749294814668,1.0890052355878401,0,0.7179487179319826,-0.9402872258238306,0
2024-01-05,Munchkins,256.0,Regular Day,3.4,19.1,9.483333333333333,0.8,7.5,-1.1,22.4,0.0,-4.3,9.323611111111111,14.0,0.0,0.0,0.0,32.24333333333333,6,5,5,0,0,1,1,2024,0,1,-0.7818314824680299,0.6234898018587334,0.9510565162951535,0.30901699437494745,343.0,836.0,415.0,515.0,659.0,344.86,411.71,406.52,65.34,261.0,460.0,367.17,527.25,217.58121089223982,1.2677419354702393,0,0.5204855842106147,-0.9721456992696438,0
2024-01-06,Donuts,363.0,Regular Day,-1.1,17.4,9.5,0.13333333333333336,8.899999999999999,0.6,21.5,0.0,-3.5999999999999996,0.0,89.0,0.0,0.0,8.8,-10.450000000000001,7,6,6,0,0,1,1,2024,1,1,-2.4492935982947064e-16,1.0,0.9510565162951535,0.30901699437494745,383.0,514.0,384.0,321.0,413.0,341.57,384.86,357.52,67.25,245.0,409.0,344.61,400.5,81.20139571871081,1.2723404255138675,0,0.9273607747959477,0.37888475830797286,0
2024-01-06,Munchkins,348.0,Regular Day,-1.1,17.4,9.5,0.13333333333333336,8.899999999999999,0.6,21.5,0.0,-3.5999999999999996,0.0,89.0,0.0,0.0,8.8,-10.450000000000001,7,6,6,0,0,1,1,2024,1,1,-2.4492935982947064e-16,1.0,0.9510565162951535,0.30901699437494745,383.0,512.0,451.0,421.0,481.0,346.43,428.86,413.95,68.62,261.0,471.0,393.13,441.75,54.475529674646886,1.0263761467772206,0,0.796257796241242,-0.4510346836999365,0
2024-01-07,Munchkins,323.0,Regular Day,0.6,11.6,9.516666666666667,3.1999999999999997,5.9,6.4,29.9,0.0,-3.0,2.721111111111111,88.0,0.0,0.0,10.2,5.71,1,7,7,0,0,1,1,2024,1,1,0.7818314824680298,0.6234898018587336,0.9510565162951535,0.30901699437494745,360.0,473.0,461.0,405.0,489.0,324.86,409.21,402.24,97.97,163.0,471.0,335.59,424.75,52.3601311432022,0.9618937644230728,0,0.7361963190033498,-0.431152393545866,0
2024-01-07,Donuts,367.0,Regular Day,0.6,11.6,9.516666666666667,3.1999999999999997,5.9,6.4,29.9,0.0,-3.0,2.721111111111111,88.0,0.0,0.0,10.2,5.71,1,7,7,0,0,1,1,2024,1,1,0.7818314824680298,0.6234898018587336,0.9510565162951535,0.30901699437494745,393.0,479.0,376.0,402.0,290.0,339.14,382.5,359.43,70.66,245.0,409.0,320.71,412.5,45.625285387235294,1.1208226220935626,0,1.3551724137463734,0.4750919897431231,0
2024-01-08,Donuts,180.0,Regular Day,6.4,14.1,9.533333333333333,1.8666666666666667,7.1,3.9,18.4,0.0,-4.0,9.348888888888888,7.0,0.0,0.0,0.0,61.013333333333335,2,8,8,0,0,2,1,2024,0,2,0.9749279121818236,-0.22252093395631434,0.5877852522924732,-0.8090169943749473,245.0,383.0,230.0,250.0,195.0,305.0,367.36,352.86,87.1,170.0,393.0,283.03,277.0,71.17583859709698,1.3083333333060763,0,1.256410256345825,-1.2383467277567917,0
2024-01-08,Munchkins,128.0,Regular Day,6.4,14.1,9.533333333333333,1.8666666666666667,7.1,3.9,18.4,0.0,-4.0,9.348888888888888,7.0,0.0,0.0,0.0,61.013333333333335,2,8,8,0,0,2,1,2024,0,2,0.9749279121818236,-0.22252093395631434,0.5877852522924732,-0.8090169943749473,471.0,460.0,231.0,315.0,336.0,327.86,404.43,398.48,97.15,163.0,471.0,330.2,369.25,116.39695013186557,1.7051282050969756,0,1.4017857142439945,0.7464745238552263,0
2024-01-09,Donuts,242.0,Regular Day,3.9,13.4,9.55,2.9333333333333327,13.299999999999999,4.6,38.6,0.0,-5.199999999999999,0.0,81.0,0.0,0.0,9.9,37.245000000000005,3,9,9,0,0,2,1,2024,0,2,0.43388373911755823,-0.900968867902419,0.5877852522924732,-0.8090169943749473,249.0,266.0,282.0,209.0,281.0,295.71,359.43,356.0,80.09,170.0,393.0,292.77,251.5,31.374086972106987,1.0488798370458476,0,0.8861209964097465,-1.3359970032043955,0
2024-01-09,Munchkins,298.0,Regular Day,3.9,13.4,9.55,2.9333333333333327,13.299999999999999,4.6,38.6,0.0,-5.199999999999999,0.0,81.0,0.0,0.0,9.9,37.245000000000005,3,9,9,0,0,2,1,2024,0,2,0.43388373911755823,-0.900968867902419,0.5877852522924732,-0.8090169943749473,163.0,314.0,438.0,409.0,194.0,314.71,382.29,390.86,112.69,163.0,471.0,289.9,331.0,123.88973592136948,0.5631641086120052,0,0.8402061855237006,-2.0220072764200903,1
2024-01-10,Munchkins,431.0,Regular Day,4.6,7.300000000000001,9.583333333333334,4.866666666666666,7.8,10.7,43.1,0.0,-3.0,6.340277777777778,64.0,0.0,0.0,53.4,44.083333333333336,4,10,10,0,0,2,1,2024,0,2,-0.433883739117558,-0.9009688679024191,0.5877852522924732,-0.8090169943749473,314.0,293.0,381.0,393.0,276.0,302.29,340.86,383.29,113.84,163.0,471.0,281.42,345.25,49.20958578705305,0.784237726088059,0,1.1376811593790694,-0.6086612789345872,0
2024-01-10,Donuts,367.0,Regular Day,4.6,7.300000000000001,9.583333333333334,4.866666666666666,7.8,10.7,43.1,0.0,-3.0,6.340277777777778,64.0,0.0,0.0,53.4,44.083333333333336,4,10,10,0,0,2,1,2024,0,2,-0.433883739117558,-0.9009688679024191,0.5877852522924732,-0.8090169943749473,170.0,409.0,382.0,308.0,250.0,297.71,345.0,354.33,80.62,170.0,393.0,300.08,317.25,107.04944340506088,0.8391304347704474,0,0.6799999999728,-2.28640535818824,1
2024-01-11,Munchkins,241.0,Regular Day,10.7,13.0,9.6,1.233333333333333,7.8999999999999995,5.0,22.9,0.0,-4.3999999999999995,9.431944444444444,17.0,0.0,0.0,0.0,102.71999999999998,5,11,11,0,0,2,1,2024,0,2,-0.9749279121818236,-0.2225209339563146,0.5877852522924732,-0.8090169943749473,169.0,261.0,479.0,329.0,491.0,297.29,329.14,378.38,110.42,163.0,471.0,298.07,309.5,130.64328022009653,0.5321782178151958,0,0.34419551934125875,-1.896214453731551,0
2024-01-11,Donuts,235.0,Regular Day,10.7,13.0,9.6,1.233333333333333,7.8999999999999995,5.0,22.9,0.0,-4.3999999999999995,9.431944444444444,17.0,0.0,0.0,0.0,102.71999999999998,5,11,11,0,0,2,1,2024,0,2,-0.9749279121818236,-0.2225209339563146,0.5877852522924732,-0.8090169943749473,322.0,387.0,433.0,256.0,284.0,294.86,334.21,353.33,77.38,170.0,393.0,315.81,349.5,77.19455939378112,1.0290275761824523,0,1.1338028168614858,-0.40488498314746885,0
2024-01-12,Munchkins,418.0,Regular Day,5.0,13.3,9.616666666666667,3.0,9.2,4.7,18.5,0.0,-4.199999999999999,8.61,41.0,0.0,0.0,0.0,48.083333333333336,6,12,12,0,0,2,1,2024,0,2,-0.7818314824680299,0.6234898018587334,0.5877852522924732,-0.8090169943749473,256.0,343.0,836.0,415.0,676.0,292.0,318.43,371.81,107.77,163.0,471.0,304.3,462.5,257.3460704965203,0.4788169464390183,0,0.378698224846469,-1.074603321789496,0
2024-01-12,Donuts,285.0,Regular Day,5.0,13.3,9.616666666666667,3.0,9.2,4.7,18.5,0.0,-4.199999999999999,8.61,41.0,0.0,0.0,0.0,48.083333333333336,6,12,12,0,0,2,1,2024,0,2,-0.7818314824680299,0.6234898018587334,0.5877852522924732,-0.8090169943749473,322.0,308.0,524.0,357.0,449.0,291.14,326.21,352.9,72.35,170.0,367.0,328.61,377.75,99.65398470039553,0.7150964812631657,0,0.7171492204740055,-0.4270905320764212,0
2024-01-13,Donuts,288.0,Regular Day,4.7,6.6,9.633333333333333,6.4,10.899999999999999,11.4,34.9,0.0,-2.5999999999999996,6.8436111111111115,69.0,0.0,1.0,24.9,45.276666666666664,7,13,13,0,0,2,1,2024,1,2,-2.4492935982947064e-16,1.0,0.5877852522924732,-0.8090169943749473,363.0,383.0,514.0,384.0,394.0,281.86,311.71,350.52,82.69,170.0,367.0,291.46,411.0,69.34455037468098,0.8307349665831767,0,0.9213197969309309,0.15092514207873706,0
2024-01-13,Munchkins,313.0,Regular Day,4.7,6.6,9.633333333333333,6.4,10.899999999999999,11.4,34.9,0.0,-2.5999999999999996,6.8436111111111115,69.0,0.0,1.0,24.9,45.276666666666664,7,13,13,0,0,2,1,2024,1,2,-2.4492935982947064e-16,1.0,0.5877852522924732,-0.8090169943749473,348.0,383.0,512.0,451.0,581.0,243.0,294.71,366.9,89.2,128.0,348.0,260.23,423.5,72.86745958702463,0.7590861889848485,0,0.5989672977521693,-0.21188340804799488,0
2024-01-14,Munchkins,453.0,Regular Day,11.4,15.8,9.666666666666666,-0.8999999999999999,9.799999999999999,2.2,37.2,0.0,-7.3999999999999995,9.4275,19.0,0.0,1.0,0.1,110.2,1,14,14,0,0,2,1,2024,1,2,0.7818314824680298,0.6234898018587336,0.5877852522924732,-0.8090169943749473,323.0,360.0,473.0,461.0,372.0,262.29,293.57,360.24,83.42,128.0,348.0,269.67,404.25,74.17715281675349,0.7312633832898152,0,0.8682795698691322,-0.4464157275897369,0
2024-01-14,Donuts,344.0,Regular Day,11.4,15.8,9.666666666666666,-0.8999999999999999,9.799999999999999,2.2,37.2,0.0,-7.3999999999999995,9.4275,19.0,0.0,1.0,0.1,110.2,1,14,14,0,0,2,1,2024,1,2,0.7818314824680298,0.6234898018587336,0.5877852522924732,-0.8090169943749473,367.0,393.0,479.0,376.0,242.0,280.86,310.0,348.62,83.19,170.0,367.0,279.09,403.75,51.31195442259695,0.8888888888784925,0,1.5165289255571681,0.22094001680238728,0
2024-01-15,Donuts,271.0,MLK Day,2.2,20.5,9.683333333333334,-2.0333333333333337,3.3000000000000003,-2.5,17.2,1.0,-3.9,1.0,88.0,0.0,0.0,0.4,21.303333333333335,2,15,15,0,0,3,1,2024,0,3,0.9749279121818236,-0.22252093395631434,-0.587785252292473,-0.8090169943749476,180.0,245.0,383.0,230.0,205.0,309.0,307.0,347.9,72.01,180.0,367.0,301.07,259.5,86.89649014776144,0.693311582370419,1,0.8780487804449731,-2.3316206079250628,1
2024-01-15,Munchkins,228.0,MLK Day,2.2,20.5,9.683333333333334,-2.0333333333333337,3.3000000000000003,-2.5,17.2,1.0,-3.9,1.0,88.0,0.0,0.0,0.4,21.303333333333335,2,15,15,0,0,3,1,2024,0,3,0.9749279121818236,-0.22252093395631434,-0.587785252292473,-0.8090169943749476,128.0,471.0,460.0,231.0,361.0,279.0,303.43,362.62,104.56,128.0,431.0,310.0,322.5,170.45136158642637,0.8668596237211742,1,0.35457063710929165,-2.2438791122567063,1
2024-01-16,Donuts,271.0,Regular Day,-2.5,18.7,9.7,1.9333333333333333,6.6,-0.7,21.7,1.0,-2.7,0.0,100.0,0.0,0.0,10.5,-24.25,3,16,16,0,0,3,1,2024,0,3,0.43388373911755823,-0.900968867902419,-0.587785252292473,-0.8090169943749476,242.0,249.0,266.0,282.0,283.0,296.57,296.14,338.48,76.74,180.0,367.0,284.55,259.75,17.93274472392147,0.8959854014435039,0,0.8551236748814444,-1.2572322125023156,0
2024-01-16,Munchkins,211.0,Regular Day,-2.5,18.7,9.7,1.9333333333333333,6.6,-0.7,21.7,1.0,-2.7,0.0,100.0,0.0,0.0,10.5,-24.25,3,16,16,0,0,3,1,2024,0,3,0.43388373911755823,-0.900968867902419,-0.587785252292473,-0.8090169943749476,298.0,163.0,314.0,438.0,275.0,289.29,302.0,351.29,95.04,128.0,431.0,292.75,303.25,112.50296292394555,0.613031914885465,0,1.0836363635969586,-0.5607112794022823,0
2024-01-17,Donuts,261.0,Regular Day,-0.7,23.7,9.733333333333333,-4.3,6.6000000000000005,-5.7,22.4,0.0,-6.000000000000001,9.571944444444444,8.0,0.0,0.0,0.0,-6.813333333333333,4,17,17,0,0,3,1,2024,0,3,-0.433883739117558,-0.9009688679024191,-0.587785252292473,-0.8090169943749476,367.0,170.0,409.0,382.0,346.0,291.29,294.5,327.1,75.97,180.0,367.0,284.66,332.0,109.38921336219582,0.6788874841886361,0,1.0606936415878412,0.5252073186092919,0
2024-01-17,Munchkins,317.0,Regular Day,-0.7,23.7,9.733333333333333,-4.3,6.6000000000000005,-5.7,22.4,0.0,-6.000000000000001,9.571944444444444,8.0,0.0,0.0,0.0,-6.813333333333333,4,17,17,0,0,3,1,2024,0,3,-0.433883739117558,-0.9009688679024191,-0.587785252292473,-0.8090169943749476,431.0,314.0,293.0,381.0,521.0,312.43,307.36,331.38,104.81,128.0,431.0,324.06,354.75,63.18425436768246,1.1053412462744014,0,0.8272552782950623,0.9504818241627249,0
2024-01-18,Munchkins,320.0,Regular Day,-5.7,20.4,9.75,-2.7666666666666666,8.5,-2.4,17.8,0.0,-4.2,4.05,66.0,0.0,0.0,0.0,-55.575,5,18,18,0,0,3,1,2024,0,3,-0.9749279121818236,-0.2225209339563146,-0.587785252292473,-0.8090169943749476,241.0,169.0,261.0,479.0,732.0,307.43,302.36,321.9,103.65,128.0,431.0,321.3,287.5,133.64006385312254,0.5540540540465668,0,0.32923497267309787,-0.7805113361523865,0
2024-01-18,Donuts,298.0,Regular Day,-5.7,20.4,9.75,-2.7666666666666666,8.5,-2.4,17.8,0.0,-4.2,4.05,66.0,0.0,0.0,0.0,-55.575,5,18,18,0,0,3,1,2024,0,3,-0.9749279121818236,-0.2225209339563146,-0.587785252292473,-0.8090169943749476,235.0,322.0,387.0,433.0,330.0,280.57,287.71,316.33,69.15,180.0,367.0,285.5,344.25,85.89674033396145,0.6792682926746431,0,0.7121212120996326,-1.1761388284633203,0
2024-01-19,Donuts,384.0,Regular Day,-2.4,18.6,9.783333333333333,-0.13333333333333336,2.4,-0.6,16.8,1.0,-3.3,0.0,100.0,0.0,0.0,8.3,-23.48,6,19,19,0,0,3,1,2024,0,3,-0.7818314824680299,0.6234898018587334,-0.587785252292473,-0.8090169943749476,285.0,322.0,308.0,524.0,389.0,277.29,284.21,309.9,64.77,180.0,367.0,300.12,359.75,110.55730037707445,0.7295673076835388,0,0.7326478148911916,-0.3844372394033597,0
2024-01-19,Munchkins,454.0,Regular Day,-2.4,18.6,9.783333333333333,-0.13333333333333336,2.4,-0.6,16.8,1.0,-3.3,0.0,100.0,0.0,0.0,8.3,-23.48,6,19,19,0,0,3,1,2024,0,3,-0.7818314824680299,0.6234898018587334,-0.587785252292473,-0.8090169943749476,418.0,256.0,343.0,836.0,666.0,326.0,309.0,320.95,117.62,128.0,453.0,354.22,463.25,257.1658025476949,0.5716709075439215,0,0.6276276276182038,0.8251147763284209,0
2024-01-20,Munchkins,363.0,Regular Day,-0.6,23.5,9.8,-0.4333333333333327,5.4,-5.5,26.8,1.0,-4.199999999999999,9.271666666666667,35.0,0.0,0.0,0.1,-5.88,7,20,20,0,0,3,1,2024,1,3,-2.4492935982947064e-16,1.0,-0.587785252292473,-0.8090169943749476,313.0,348.0,383.0,512.0,556.0,340.29,291.64,309.9,93.07,228.0,453.0,322.67,389.0,86.83701207818396,0.7385474860252677,0,0.5629496402776448,0.03330826259446589,0
2024-01-20,Donuts,413.0,Regular Day,-0.6,23.5,9.8,-0.4333333333333327,5.4,-5.5,26.8,1.0,-4.199999999999999,9.271666666666667,35.0,0.0,0.0,0.1,-5.88,7,20,20,0,0,3,1,2024,1,3,-2.4492935982947064e-16,1.0,-0.587785252292473,-0.8090169943749476,288.0,363.0,383.0,514.0,398.0,290.29,286.07,304.57,49.27,235.0,367.0,292.84,387.0,94.02481941842093,0.7257525083531131,0,0.72361809043408,-0.3363101277985973,0
2024-01-21,Donuts,308.0,Regular Day,-5.5,23.0,9.85,1.4333333333333336,6.4,-5.0,21.5,0.0,-6.1,9.675555555555556,16.0,0.0,0.0,0.0,-54.175,1,21,21,0,0,3,1,2024,1,3,0.7818314824680298,0.6234898018587336,-0.587785252292473,-0.8090169943749476,344.0,367.0,393.0,479.0,257.0,294.43,287.64,304.81,45.61,235.0,367.0,287.38,395.75,58.99929378108408,0.8153669724677137,0,1.3385214007261275,0.859241394242657,0
2024-01-21,Munchkins,379.0,Regular Day,-5.5,23.0,9.85,1.4333333333333336,6.4,-5.0,21.5,0.0,-6.1,9.675555555555556,16.0,0.0,0.0,0.0,-54.175,1,21,21,0,0,3,1,2024,1,3,0.7818314824680298,0.6234898018587336,-0.587785252292473,-0.8090169943749476,453.0,323.0,360.0,473.0,281.0,327.86,295.07,305.0,104.74,211.0,453.0,294.75,402.25,72.21899565442138,0.9315726290404373,0,1.6120996440707438,1.4130227227980694,0
2024-01-22,Munchkins,263.0,Regular Day,-5.0,21.9,9.883333333333333,-1.5999999999999996,10.6,-3.9,11.3,0.0,-4.7,9.355,23.0,0.0,0.0,0.0,-49.416666666666664,2,22,22,0,0,4,1,2024,0,4,0.9749279121818236,-0.22252093395631434,-0.9510565162951536,0.30901699437494723,228.0,128.0,471.0,460.0,293.0,311.57,295.29,306.14,94.37,211.0,453.0,300.31,321.75,170.99390827356004,0.38238453275636536,0,0.7781569965604724,-0.8280173783164121,0
2024-01-22,Donuts,213.0,Regular Day,-5.0,21.9,9.883333333333333,-1.5999999999999996,10.6,-3.9,11.3,0.0,-4.7,9.355,23.0,0.0,0.0,0.0,-49.416666666666664,2,22,22,0,0,4,1,2024,0,4,0.9749279121818236,-0.22252093395631434,-0.9510565162951536,0.30901699437494723,271.0,180.0,245.0,383.0,266.0,279.29,294.14,297.76,33.49,235.0,344.0,280.79,269.75,84.64583076954628,0.7181528662306027,0,1.0187969924429023,-0.7990444906542116,0
2024-01-23,Munchkins,388.0,Regular Day,-3.9,16.3,9.9,2.6,10.899999999999999,1.7,13.6,0.0,-2.999999999999999,8.174166666666666,54.0,0.0,0.0,0.0,-38.61,3,23,23,0,0,4,1,2024,0,4,0.43388373911755823,-0.900968867902419,-0.9510565162951536,0.30901699437494723,211.0,298.0,163.0,314.0,412.0,322.86,306.07,308.95,89.11,211.0,453.0,305.23,246.5,71.74259543674177,1.067085953856036,0,0.5121359223176666,-1.0992032318371447,0
2024-01-23,Donuts,230.0,Regular Day,-3.9,16.3,9.9,2.6,10.899999999999999,1.7,13.6,0.0,-2.999999999999999,8.174166666666666,54.0,0.0,0.0,0.0,-38.61,3,23,23,0,0,4,1,2024,0,4,0.43388373911755823,-0.900968867902419,-0.9510565162951536,0.30901699437494723,271.0,242.0,249.0,266.0,316.0,288.29,292.43,293.52,27.54,261.0,344.0,285.09,257.0,13.73559851869101,0.9961165048350269,0,0.8575949366817217,-0.8177196801678571,0
2024-01-24,Donuts,313.0,Regular Day,1.7,13.1,9.933333333333334,7.2,9.1,4.9,10.3,0.0,-1.3000000000000007,0.0,98.0,0.0,0.0,0.3,16.886666666666667,4,24,24,0,0,4,1,2024,0,4,-0.433883739117558,-0.9009688679024191,-0.9510565162951536,0.30901699437494723,261.0,367.0,170.0,409.0,302.0,302.43,296.86,297.14,45.28,261.0,384.0,309.82,301.75,107.67040757174956,1.0846286701021652,0,0.8642384105674094,-0.7981448761488192,0
2024-01-24,Munchkins,274.0,Regular Day,1.7,13.1,9.933333333333334,7.2,9.1,4.9,10.3,0.0,-1.3000000000000007,0.0,98.0,0.0,0.0,0.3,16.886666666666667,4,24,24,0,0,4,1,2024,0,4,-0.433883739117558,-0.9009688679024191,-0.9510565162951536,0.30901699437494723,317.0,431.0,314.0,293.0,353.0,328.0,320.21,314.24,96.26,211.0,454.0,342.43,338.75,62.419948734358954,1.232289950556305,0,0.8980169971416992,0.028672345727335003,0
2024-01-25,Donuts,307.0,Regular Day,4.9,4.6,9.966666666666667,11.766666666666667,6.0,13.4,22.4,0.0,1.0999999999999996,0.0,98.0,0.0,0.0,9.4,48.83666666666667,5,25,25,0,0,4,1,2024,0,4,-0.9749279121818236,-0.2225209339563146,-0.9510565162951536,0.30901699437494723,298.0,235.0,322.0,387.0,352.0,320.29,300.43,298.57,60.67,261.0,413.0,335.61,310.5,62.82515419798029,0.7517630465338256,0,0.8465909090668582,-0.009395088180419356,0
2024-01-25,Munchkins,311.0,Regular Day,4.9,4.6,9.966666666666667,11.766666666666667,6.0,13.4,22.4,0.0,1.0999999999999996,0.0,98.0,0.0,0.0,9.4,48.83666666666667,5,25,25,0,0,4,1,2024,0,4,-0.9749279121818236,-0.2225209339563146,-0.9510565162951536,0.30901699437494723,320.0,241.0,169.0,261.0,558.0,335.14,321.29,313.29,96.82,211.0,454.0,347.57,247.75,62.29700367326399,1.304651162760357,0,0.5734767024986832,0.06930386283109835,0
2024-01-26,Munchkins,258.0,Regular Day,13.4,5.1,9.983333333333333,8.966666666666667,8.4,12.9,14.2,0.0,1.0,2.006388888888889,97.0,0.0,0.0,4.5,133.77666666666667,6,26,26,0,0,4,1,2024,0,4,-0.7818314824680299,0.6234898018587334,-0.9510565162951536,0.30901699437494723,454.0,418.0,256.0,343.0,594.0,324.57,325.29,314.19,85.14,211.0,454.0,355.43,367.75,87.6826664740529,1.455759599307917,0,0.7643097642968971,1.6421188628562229,0
2024-01-26,Donuts,385.0,Regular Day,13.4,5.1,9.983333333333333,8.966666666666667,8.4,12.9,14.2,0.0,1.0,2.006388888888889,97.0,0.0,0.0,4.5,133.77666666666667,6,26,26,0,0,4,1,2024,0,4,-0.7818314824680299,0.6234898018587334,-0.9510565162951536,0.30901699437494723,384.0,285.0,322.0,308.0,494.0,315.14,296.21,294.52,59.85,261.0,413.0,328.71,324.75,42.342846700082255,1.0619047618879063,0,0.7773279352069367,1.4950710106106817,0
2024-01-27,Donuts,458.0,Regular Day,12.9,9.4,10.033333333333333,8.299999999999999,8.200000000000001,8.6,12.2,0.0,0.09999999999999964,6.042222222222223,95.0,0.0,0.0,0.0,129.43,7,27,27,0,0,4,1,2024,1,4,-2.4492935982947064e-16,1.0,-0.9510565162951536,0.30901699437494723,413.0,288.0,363.0,383.0,449.0,306.86,298.57,293.0,70.11,213.0,413.0,299.78,361.75,53.287740929160556,0.9396782841697094,0,0.9198218262601375,1.7115960630849245,0
2024-01-27,Munchkins,530.0,Regular Day,12.9,9.4,10.033333333333333,8.299999999999999,8.200000000000001,8.6,12.2,0.0,0.09999999999999964,6.042222222222223,95.0,0.0,0.0,0.0,129.43,7,27,27,0,0,4,1,2024,1,4,-2.4492935982947064e-16,1.0,-0.9510565162951536,0.30901699437494723,363.0,313.0,348.0,383.0,581.0,329.57,334.93,304.29,79.36,211.0,454.0,332.32,351.75,29.545163168726393,0.9247606019025341,0,0.6247848536897628,0.7397933466809734,0
2024-01-28,Donuts,377.0,Regular Day,8.6,12.4,10.066666666666666,5.633333333333334,2.6999999999999993,5.6,24.4,0.0,-3.5999999999999996,0.0,100.0,0.0,1.0,21.4,86.57333333333332,1,28,28,0,0,4,1,2024,1,4,0.7818314824680298,0.6234898018587336,-0.9510565162951536,0.30901699437494723,308.0,344.0,367.0,393.0,224.0,301.0,297.71,292.1,75.14,213.0,413.0,282.34,353.0,36.0647565729573,0.8578947368308172,0,1.374999999938616,0.21160500396438553,0
2024-01-28,Munchkins,378.0,Regular Day,8.6,12.4,10.066666666666666,5.633333333333334,2.6999999999999993,5.6,24.4,0.0,-3.5999999999999996,0.0,100.0,0.0,1.0,21.4,86.57333333333332,1,28,28,0,0,4,1,2024,1,4,0.7818314824680298,0.6234898018587336,-0.9510565162951536,0.30901699437494723,379.0,453.0,323.0,360.0,471.0,354.86,341.36,315.0,61.46,263.0,454.0,346.24,378.75,54.68927378075765,1.2181551976395584,0,0.8046709129340834,1.0413276926388988,0
2024-01-29,Donuts,303.0,Regular Day,5.6,13.7,10.1,4.733333333333333,3.0,4.3,23.4,0.0,-5.8,6.3575,93.0,0.0,0.0,0.5,56.559999999999995,2,29,29,0,0,5,1,2024,0,5,0.9749279121818236,-0.22252093395631434,-2.4492935982947064e-16,1.0,213.0,271.0,180.0,245.0,453.0,308.43,293.86,298.9,73.07,213.0,413.0,290.0,227.25,39.4324316605845,1.138823529384969,0,0.47019867548630906,-1.1755850552654186,0
2024-01-29,Munchkins,264.0,Regular Day,5.6,13.7,10.1,4.733333333333333,3.0,4.3,23.4,0.0,-5.8,6.3575,93.0,0.0,0.0,0.5,56.559999999999995,2,29,29,0,0,5,1,2024,0,5,0.9749279121818236,-0.22252093395631434,-2.4492935982947064e-16,1.0,263.0,228.0,128.0,471.0,631.0,348.71,330.14,313.1,67.7,263.0,454.0,328.18,272.5,144.16772639302226,0.819699499151591,0,0.41679873216455154,-0.7400295419881792,0
2024-01-30,Donuts,315.0,Regular Day,4.3,16.4,10.116666666666667,4.166666666666666,8.7,1.6,11.9,0.0,-3.6,6.2575,57.0,0.0,0.0,0.0,43.501666666666665,3,30,30,0,0,5,1,2024,0,5,0.43388373911755823,-0.900968867902419,-2.4492935982947064e-16,1.0,230.0,271.0,242.0,249.0,284.0,309.71,299.0,298.19,72.93,213.0,413.0,294.25,248.0,17.224014243685083,1.0203665987572226,0,0.8098591549010613,-0.935006170172082,0
2024-01-30,Munchkins,344.0,Regular Day,4.3,16.4,10.116666666666667,4.166666666666666,8.7,1.6,11.9,0.0,-3.6,6.2575,57.0,0.0,0.0,0.0,43.501666666666665,3,30,30,0,0,5,1,2024,0,5,0.43388373911755823,-0.900968867902419,-2.4492935982947064e-16,1.0,388.0,211.0,298.0,163.0,339.0,347.43,335.14,319.86,68.42,263.0,454.0,323.89,265.0,99.22701245124736,1.2993492407527256,0,1.1445427728275945,0.9959076292025857,0
2024-01-31,Donuts,242.0,Regular Day,1.6,14.0,10.15,4.733333333333333,3.9000000000000004,4.0,10.0,0.0,-3.2,1.9583333333333333,97.0,0.0,0.0,0.0,16.240000000000002,4,31,31,0,1,5,1,2024,0,5,-0.433883739117558,-0.9009688679024191,-2.4492935982947064e-16,1.0,313.0,261.0,367.0,170.0,295.0,309.86,306.14,301.19,73.1,213.0,413.0,316.94,277.75,83.86248664728865,1.06890130351827,0,1.0610169491165757,0.1615595075018387,0
2024-01-31,Munchkins,281.0,Regular Day,1.6,14.0,10.15,4.733333333333333,3.9000000000000004,4.0,10.0,0.0,-3.2,1.9583333333333333,97.0,0.0,0.0,0.0,16.240000000000002,4,31,31,0,1,5,1,2024,0,5,-0.433883739117558,-0.9009688679024191,-2.4492935982947064e-16,1.0,274.0,317.0,431.0,314.0,248.0,319.43,323.71,319.95,56.63,258.0,388.0,307.41,334.0,67.5721836261046,0.7932885905933786,0,1.1048387096328693,-0.8114073811034065,0
2024-02-01,Donuts,311.0,Regular Day,4.0,14.9,10.183333333333334,3.1,11.4,3.1,16.3,0.0,-4.1000000000000005,9.813611111111111,28.0,0.0,0.0,0.0,40.733333333333334,5,1,32,1,0,5,2,2024,0,1,-0.9749279121818236,-0.2225209339563146,0.9510565162951535,0.30901699437494745,307.0,298.0,235.0,322.0,348.0,316.29,318.29,305.71,84.74,213.0,458.0,352.2,290.5,38.301436004411116,1.0861759425298712,0,0.8821839080206269,0.015223035164595118,0
2024-02-01,Munchkins,386.0,Regular Day,4.0,14.9,10.183333333333334,3.1,11.4,3.1,16.3,0.0,-4.1000000000000005,9.813611111111111,28.0,0.0,0.0,0.0,40.733333333333334,5,1,32,1,0,5,2,2024,0,1,-0.9749279121818236,-0.2225209339563146,0.9510565162951535,0.30901699437494745,311.0,320.0,241.0,169.0,551.0,343.29,339.21,328.62,98.06,258.0,530.0,363.06,260.25,70.33905979847422,1.5390243902063652,0,0.5644283121494659,-0.17968590656947936,0
2024-02-02,Donuts,332.0,Regular Day,3.1,13.1,10.233333333333333,6.0,3.0999999999999996,4.9,18.5,0.0,-2.5999999999999996,0.0,100.0,0.0,0.0,5.0,31.723333333333333,6,2,33,0,0,5,2,2024,0,1,-0.7818314824680299,0.6234898018587334,0.9510565162951535,0.30901699437494745,385.0,384.0,285.0,322.0,436.0,326.14,320.64,306.19,87.58,213.0,458.0,358.4,344.0,49.146040871400146,1.2668863261735275,0,0.8830275229155269,0.8998629823133293,0
2024-02-02,Munchkins,340.0,Regular Day,3.1,13.1,10.233333333333333,6.0,3.0999999999999996,4.9,18.5,0.0,-2.5999999999999996,0.0,100.0,0.0,0.0,5.0,31.723333333333333,6,2,33,0,0,5,2,2024,0,1,-0.7818314824680299,0.6234898018587334,0.9510565162951535,0.30901699437494745,258.0,454.0,418.0,256.0,522.0,343.14,333.86,331.24,98.0,258.0,530.0,366.8,346.5,104.38869670610895,1.0563798219427836,0,0.4942528735537499,-0.7473469386992505,0
2024-02-03,Munchkins,400.0,Regular Day,4.9,14.9,10.266666666666667,2.0666666666666664,8.7,3.1,15.5,0.0,-4.300000000000001,9.844444444444445,22.0,0.0,0.0,0.0,50.30666666666667,7,3,34,0,0,5,2,2024,1,1,-2.4492935982947064e-16,1.0,0.9510565162951535,0.30901699437494745,530.0,363.0,313.0,348.0,565.0,343.29,336.43,337.71,97.87,258.0,530.0,341.1,388.5,96.63160283606324,1.3509833585272166,0,0.93805309732853,1.9647491568443092,0
2024-02-03,Donuts,424.0,Regular Day,4.9,14.9,10.266666666666667,2.0666666666666664,8.7,3.1,15.5,0.0,-4.300000000000001,9.844444444444445,22.0,0.0,0.0,0.0,50.30666666666667,7,3,34,0,0,5,2,2024,1,1,-2.4492935982947064e-16,1.0,0.9510565162951535,0.30901699437494745,458.0,413.0,288.0,363.0,311.0,339.0,322.93,312.05,73.71,230.0,458.0,344.55,380.5,72.85830998131465,1.3379416282436567,0,1.4726688102420364,1.9800569797883523,0
2024-02-04,Donuts,448.0,Regular Day,3.1,16.5,10.3,-0.9333333333333331,10.8,1.5,10.2,0.0,-3.6999999999999997,9.860833333333334,0.0,0.0,0.0,0.0,31.930000000000003,1,4,35,0,0,5,2,2024,1,1,0.7818314824680298,0.6234898018587336,0.9510565162951535,0.30901699437494745,377.0,308.0,344.0,367.0,271.0,351.14,326.07,315.52,58.11,303.0,458.0,337.16,349.0,30.62678566222711,0.9634317862030459,0,1.3911439113877806,1.0579934604959573,0
2024-02-04,Munchkins,405.0,Regular Day,3.1,16.5,10.3,-0.9333333333333331,10.8,1.5,10.2,0.0,-3.6999999999999997,9.860833333333334,0.0,0.0,0.0,0.0,31.930000000000003,1,4,35,0,0,5,2,2024,1,1,0.7818314824680298,0.6234898018587336,0.9510565162951535,0.30901699437494745,378.0,379.0,453.0,323.0,397.0,337.0,345.93,339.9,95.91,258.0,530.0,341.82,383.25,53.356505382817815,0.9755154639049547,0,0.9521410579105254,0.3972474194143213,0
2024-02-05,Munchkins,234.0,Regular Day,1.5,16.3,10.333333333333334,3.0,10.100000000000001,1.7,11.6,0.0,-4.0,9.903055555555556,0.0,0.0,0.0,0.0,15.5,2,5,36,0,0,6,2,2024,0,1,0.9749279121818236,-0.22252093395631434,0.9510565162951535,0.30901699437494745,264.0,263.0,228.0,128.0,385.0,338.0,343.36,332.76,95.18,258.0,530.0,326.62,220.75,64.0592173955734,1.4803370786101029,0,0.685714285696475,-0.7224206765368332,0
2024-02-05,Donuts,301.0,Regular Day,1.5,16.3,10.333333333333334,3.0,10.100000000000001,1.7,11.6,0.0,-4.0,9.903055555555556,0.0,0.0,0.0,0.0,15.5,2,5,36,0,0,6,2,2024,0,1,0.9749279121818236,-0.22252093395631434,0.9510565162951535,0.30901699437494745,303.0,213.0,271.0,180.0,320.0,341.0,324.71,309.57,70.71,242.0,458.0,313.37,241.75,55.51801509420163,1.1441241684890437,0,0.9468749999704101,-0.09291472209122963,0
2024-02-06,Munchkins,233.0,Regular Day,1.7,17.7,10.366666666666667,1.0666666666666667,10.2,0.3,13.4,0.0,-4.7,9.91,0.0,0.0,0.0,0.0,17.623333333333335,3,6,37,0,0,6,2,2024,0,1,0.43388373911755823,-0.900968867902419,0.9510565162951535,0.30901699437494745,344.0,388.0,211.0,298.0,223.0,348.71,348.07,339.67,95.85,258.0,530.0,341.46,310.25,75.6852033094977,1.4381139488911963,0,1.5426008967918117,0.04517475221229251,0
2024-02-06,Donuts,288.0,Regular Day,1.7,17.7,10.366666666666667,1.0666666666666667,10.2,0.3,13.4,0.0,-4.7,9.91,0.0,0.0,0.0,0.0,17.623333333333335,3,6,37,0,0,6,2,2024,0,1,0.43388373911755823,-0.900968867902419,0.9510565162951535,0.30901699437494745,315.0,230.0,271.0,242.0,261.0,341.57,325.64,313.19,70.4,242.0,458.0,312.78,264.5,37.810933163129775,1.0623781676206163,0,1.2068965516778967,0.025710227269075285,0
2024-02-07,Munchkins,338.0,Regular Day,0.3,16.8,10.416666666666666,1.2666666666666664,11.3,1.2,12.4,0.0,-3.6999999999999993,9.913333333333334,20.0,0.0,0.0,0.0,3.1249999999999996,4,7,38,0,0,6,2,2024,0,1,-0.433883739117558,-0.9009688679024191,0.9510565162951535,0.30901699437494745,281.0,274.0,317.0,431.0,255.0,360.43,339.93,335.95,87.57,264.0,530.0,341.1,325.75,72.65156570921235,0.7419786096157489,0,1.1019607842705113,-0.6274980015270643,0
2024-02-07,Donuts,392.0,Regular Day,0.3,16.8,10.416666666666666,1.2666666666666664,11.3,1.2,12.4,0.0,-3.6999999999999993,9.913333333333334,20.0,0.0,0.0,0.0,3.1249999999999996,4,7,38,0,0,6,2,2024,0,1,-0.433883739117558,-0.9009688679024191,0.9510565162951535,0.30901699437494745,242.0,313.0,261.0,367.0,336.0,334.0,321.93,315.43,67.75,242.0,458.0,317.58,295.75,56.18644557779631,0.8837579617693669,0,0.7202380952166596,-1.0838376382164079,0
2024-02-08,Munchkins,293.0,Regular Day,1.2,14.6,10.45,6.9,14.3,3.4,9.8,0.0,-3.0,9.931666666666667,36.0,0.0,0.0,0.0,12.54,5,8,39,0,0,6,2,2024,0,2,-0.9749279121818236,-0.2225209339563146,0.5877852522924732,-0.8090169943749473,386.0,311.0,320.0,241.0,414.0,341.86,342.57,340.1,52.3,264.0,400.0,355.82,314.5,59.321159799855565,1.2424242424020957,0,0.9323671497359332,0.8776290629297072,0
2024-02-08,Donuts,242.0,Regular Day,1.2,14.6,10.45,6.9,14.3,3.4,9.8,0.0,-3.0,9.931666666666667,36.0,0.0,0.0,0.0,12.54,5,8,39,0,0,6,2,2024,0,2,-0.9749279121818236,-0.2225209339563146,0.5877852522924732,-0.8090169943749473,311.0,307.0,298.0,235.0,338.0,329.14,322.71,321.9,57.88,242.0,424.0,344.19,287.75,35.58440669731617,1.15947467164804,0,0.9201183431680439,-0.18832066340906653,0
2024-02-09,Donuts,357.0,Regular Day,3.4,11.0,10.483333333333333,6.9,10.399999999999999,7.0,12.4,0.0,-3.0,7.089722222222222,67.0,0.0,0.0,0.0,35.64333333333333,6,9,40,0,0,6,2,2024,0,2,-0.7818314824680299,0.6234898018587334,0.5877852522924732,-0.8090169943749473,332.0,385.0,384.0,285.0,396.0,339.29,332.71,326.86,72.13,242.0,448.0,370.14,346.5,47.892240150849766,1.0717488789077467,0,0.838383838362667,0.07126022458460259,0
2024-02-09,Munchkins,362.0,Regular Day,3.4,11.0,10.483333333333333,6.9,10.399999999999999,7.0,12.4,0.0,-3.0,7.089722222222222,67.0,0.0,0.0,0.0,35.64333333333333,6,9,40,0,0,6,2,2024,0,2,-0.7818314824680299,0.6234898018587334,0.5877852522924732,-0.8090169943749473,340.0,258.0,454.0,418.0,446.0,345.71,344.43,337.81,56.25,264.0,405.0,368.12,367.5,87.13782186857783,0.685779816505897,0,0.7623318385479297,0.03893333332641181,0
2024-02-10,Munchkins,431.0,Regular Day,7.0,8.9,10.516666666666667,6.799999999999999,9.8,9.1,11.7,0.0,-1.3000000000000007,1.5694444444444444,93.0,0.0,0.0,0.3,73.61666666666667,7,10,41,0,0,6,2,2024,1,2,-2.4492935982947064e-16,1.0,0.5877852522924732,-0.8090169943749473,400.0,530.0,363.0,313.0,553.0,341.43,342.36,338.1,64.11,234.0,405.0,334.59,401.5,92.78828949100563,1.375739644950063,0,0.7233273055927065,0.9655279986015396,0
2024-02-10,Donuts,462.0,Regular Day,7.0,8.9,10.516666666666667,6.799999999999999,9.8,9.1,11.7,0.0,-1.3000000000000007,1.5694444444444444,93.0,0.0,0.0,0.3,73.61666666666667,7,10,41,0,0,6,2,2024,1,2,-2.4492935982947064e-16,1.0,0.5877852522924732,-0.8090169943749473,424.0,458.0,413.0,288.0,328.0,339.0,339.0,328.29,72.3,242.0,448.0,352.86,395.75,74.3432355138426,1.2582025677423936,0,1.2926829267898572,1.3237897646855061,0
2024-02-11,Donuts,469.0,Regular Day,9.1,8.1,10.566666666666666,5.8,4.7,9.9,12.0,0.0,-1.5999999999999996,0.03916666666666667,99.0,0.0,0.0,0.0,96.15666666666667,1,11,42,0,0,6,2,2024,1,2,0.7818314824680298,0.6234898018587336,0.5877852522924732,-0.8090169943749473,448.0,377.0,308.0,344.0,306.0,335.14,343.14,329.1,74.49,242.0,448.0,336.64,369.25,59.583974355526166,1.2653374232934764,0,1.4640522875338544,1.5961874074914502,0
2024-02-11,Munchkins,385.0,Regular Day,9.1,8.1,10.566666666666666,5.8,4.7,9.9,12.0,0.0,-1.5999999999999996,0.03916666666666667,99.0,0.0,0.0,0.0,96.15666666666667,1,11,42,0,0,6,2,2024,1,2,0.7818314824680298,0.6234898018587336,0.5877852522924732,-0.8090169943749473,405.0,378.0,379.0,453.0,340.0,325.57,331.29,339.14,75.99,233.0,405.0,309.19,403.75,35.131894341182345,0.9411057692194579,0,1.1911764705532006,0.8666929858051466,0
2024-02-12,Donuts,245.0,Regular Day,9.9,11.5,10.6,3.966666666666667,6.8,6.5,8.4,0.0,-2.5,1.5683333333333334,90.0,0.0,0.0,0.0,104.94,2,12,43,0,0,7,2,2024,0,2,0.9749279121818236,-0.22252093395631434,0.5877852522924732,-0.8090169943749473,301.0,303.0,213.0,271.0,284.0,356.57,348.79,335.33,64.07,288.0,448.0,350.48,272.0,41.968241961432376,1.247933884271737,0,1.0598591548922585,-0.5358201965762727,0
2024-02-12,Munchkins,219.0,Regular Day,9.9,11.5,10.6,3.966666666666667,6.8,6.5,8.4,0.0,-2.5,1.5683333333333334,90.0,0.0,0.0,0.0,104.94,2,12,43,0,0,7,2,2024,0,2,0.9749279121818236,-0.22252093395631434,0.5877852522924732,-0.8090169943749473,234.0,264.0,263.0,228.0,321.0,333.71,335.86,340.14,73.43,233.0,405.0,316.39,247.25,18.9274932307477,1.014256619123946,0,0.728971962594113,-1.4454582593700858,0
2024-02-13,Munchkins,334.0,Regular Day,6.5,14.0,10.65,1.5666666666666664,4.9,4.0,28.3,1.0,-2.6999999999999997,4.879166666666666,83.0,0.0,0.0,20.3,69.22500000000001,3,13,44,0,0,7,2,2024,0,2,0.43388373911755823,-0.900968867902419,0.5877852522924732,-0.8090169943749473,233.0,344.0,388.0,211.0,301.0,320.43,334.57,338.86,70.76,233.0,405.0,310.54,294.0,85.5297219294751,0.9632721201842526,0,0.7740863787118244,-1.4960429619140698,0
2024-02-13,Donuts,327.0,Regular Day,6.5,14.0,10.65,1.5666666666666664,4.9,4.0,28.3,1.0,-2.6999999999999997,4.879166666666666,83.0,0.0,0.0,20.3,69.22500000000001,3,13,44,0,0,7,2,2024,0,2,0.43388373911755823,-0.900968867902419,0.5877852522924732,-0.8090169943749473,288.0,315.0,230.0,271.0,261.0,346.71,344.14,332.67,76.38,242.0,448.0,323.36,276.0,35.61834733205159,1.2035928143472336,0,1.1034482758197912,-0.5848389630027708,0
2024-02-14,Donuts,764.0,Valentines Day,4.0,16.5,10.683333333333334,0.6,5.7,1.5,24.2,0.0,-5.4,10.3675,9.0,0.0,0.0,0.0,42.733333333333334,4,14,45,0,0,7,2,2024,0,2,-0.433883739117558,-0.9009688679024191,0.5877852522924732,-0.8090169943749473,392.0,242.0,313.0,261.0,321.0,350.29,342.14,331.38,76.16,242.0,448.0,331.77,302.0,67.0870081809188,1.1045296167054959,1,1.2211838005850097,0.7959558822484303,0
2024-02-14,Munchkins,523.0,Valentines Day,4.0,16.5,10.683333333333334,0.6,5.7,1.5,24.2,0.0,-5.4,10.3675,9.0,0.0,0.0,0.0,42.733333333333334,4,14,45,0,0,7,2,2024,0,2,-0.433883739117558,-0.9009688679024191,0.5877852522924732,-0.8090169943749473,338.0,281.0,274.0,317.0,255.0,323.57,342.0,334.48,72.25,233.0,405.0,323.41,302.5,30.24896692450835,1.0473773265474218,1,1.3254901960264514,0.04871972317664754,0
2024-02-15,Munchkins,183.0,Regular Day,1.5,18.7,10.716666666666667,-1.2999999999999998,10.4,-0.7,15.9,0.0,-4.6,9.356944444444444,39.0,0.0,0.0,0.0,16.075,5,15,46,0,0,7,2,2024,0,3,-0.9749279121818236,-0.2225209339563146,-0.587785252292473,-0.8090169943749476,293.0,386.0,311.0,320.0,470.0,328.0,334.93,337.71,78.4,233.0,431.0,350.31,327.5,40.58324777540605,1.0760697305693174,0,0.6234042553058851,-0.5702806121721579,0
2024-02-15,Donuts,273.0,Regular Day,1.5,18.7,10.716666666666667,-1.2999999999999998,10.4,-0.7,15.9,0.0,-4.6,9.356944444444444,39.0,0.0,0.0,0.0,16.075,5,15,46,0,0,7,2,2024,0,3,-0.9749279121818236,-0.2225209339563146,-0.587785252292473,-0.8090169943749476,242.0,311.0,307.0,298.0,333.0,355.71,342.43,333.71,83.31,242.0,462.0,364.33,289.5,32.129944496269104,0.9140495867617512,0,0.7267267267049031,-1.1008282317727969,0
2024-02-16,Donuts,423.0,Regular Day,-0.7,14.8,10.766666666666667,-2.033333333333333,6.4,3.2,24.1,0.0,-5.4,10.258611111111112,25.0,0.0,0.0,0.0,-7.536666666666667,6,16,47,0,0,7,2,2024,0,3,-0.7818314824680299,0.6234898018587334,-0.587785252292473,-0.8090169943749476,357.0,332.0,385.0,384.0,394.0,358.71,349.0,341.38,87.46,242.0,469.0,390.5,364.5,25.25206262202489,0.89596879062554,0,0.9060913705353784,0.1785959295473822,0
2024-02-16,Munchkins,323.0,Regular Day,-0.7,14.8,10.766666666666667,-2.033333333333333,6.4,3.2,24.1,0.0,-5.4,10.258611111111112,25.0,0.0,0.0,0.0,-7.536666666666667,6,16,47,0,0,7,2,2024,0,3,-0.7818314824680299,0.6234898018587334,-0.587785252292473,-0.8090169943749476,362.0,340.0,258.0,454.0,614.0,325.14,335.43,338.0,75.44,233.0,431.0,358.98,353.5,80.5708797684788,0.9859550561659276,0,0.5895765472216681,0.3181336160765995,0
2024-02-17,Munchkins,253.0,Regular Day,3.2,16.3,10.8,-0.43333333333333335,4.6,1.7,27.1,1.0,-5.1,7.053333333333334,74.0,0.0,1.0,5.2,34.56,7,17,48,0,0,7,2,2024,1,3,-2.4492935982947064e-16,1.0,-0.587785252292473,-0.8090169943749476,431.0,400.0,530.0,363.0,408.0,323.0,332.21,335.9,78.6,219.0,431.0,323.98,431.0,71.6147098483731,0.9305711086121996,0,1.0563725489937164,1.2099236639682036,0
2024-02-17,Donuts,295.0,Regular Day,3.2,16.3,10.8,-0.43333333333333335,4.6,1.7,27.1,1.0,-5.1,7.053333333333334,74.0,0.0,1.0,5.2,34.56,7,17,48,0,0,7,2,2024,1,3,-2.4492935982947064e-16,1.0,-0.587785252292473,-0.8090169943749476,462.0,424.0,458.0,413.0,405.0,350.71,344.86,342.9,95.78,242.0,469.0,354.12,439.25,24.43187808308372,1.0172215843740846,0,1.1407407407125743,1.2434746292291217,0
2024-02-18,Munchkins,364.0,Regular Day,1.7,18.2,10.833333333333334,-0.16666666666666666,11.1,-0.2,25.2,0.0,-6.2,10.511111111111111,57.0,0.0,0.0,0.0,18.416666666666668,1,18,49,0,0,7,2,2024,1,3,0.7818314824680298,0.6234898018587336,-0.587785252292473,-0.8090169943749476,385.0,405.0,378.0,379.0,293.0,337.43,331.5,333.33,67.86,219.0,431.0,326.49,386.75,12.553220038433698,1.0435931307656063,0,1.3139931740165873,0.761420571653195,0
2024-02-18,Donuts,412.0,Regular Day,1.7,18.2,10.833333333333334,-0.16666666666666666,11.1,-0.2,25.2,0.0,-6.2,10.511111111111111,57.0,0.0,0.0,0.0,18.416666666666668,1,18,49,0,0,7,2,2024,1,3,0.7818314824680298,0.6234898018587336,-0.587785252292473,-0.8090169943749476,469.0,448.0,377.0,308.0,259.0,356.29,345.71,347.52,92.61,242.0,469.0,347.34,400.5,73.1596427911819,1.3386861313673184,0,1.8108108107408953,1.3117373932284058,0
2024-02-19,Munchkins,246.0,Presidents Day,-0.2,16.1,10.9,1.5999999999999999,9.399999999999999,1.9,15.0,0.0,-3.6999999999999997,10.571388888888889,9.0,0.0,0.0,0.0,-2.18,2,19,50,0,0,8,2,2024,0,3,0.9749279121818236,-0.22252093395631434,-0.587785252292473,-0.8090169943749476,219.0,234.0,264.0,263.0,245.0,363.86,348.79,345.19,97.62,219.0,523.0,375.62,245.0,22.22611077089287,0.8595825426781862,1,0.8938775509839233,-1.2926654372779487,0
2024-02-19,Donuts,257.0,Presidents Day,-0.2,16.1,10.9,1.5999999999999999,9.399999999999999,1.9,15.0,0.0,-3.6999999999999997,10.571388888888889,9.0,0.0,0.0,0.0,-2.18,2,19,50,0,0,8,2,2024,0,3,0.9749279121818236,-0.22252093395631434,-0.587785252292473,-0.8090169943749476,245.0,301.0,303.0,213.0,251.0,409.43,383.0,369.0,181.04,242.0,764.0,451.51,265.5,44.1323766260856,1.0581395348632143,1,0.9760956174909922,-0.684931506811482,0
2024-02-20,Munchkins,275.0,Regular Day,1.9,18.0,10.933333333333334,-0.7000000000000001,9.7,-0.0,12.3,0.0,-3.3,10.560277777777777,24.0,0.0,0.0,0.0,20.773333333333333,3,20,51,0,0,8,2,2024,0,3,0.43388373911755823,-0.900968867902419,-0.587785252292473,-0.8090169943749476,334.0,233.0,344.0,388.0,421.0,348.14,334.29,339.1,117.71,183.0,523.0,327.46,324.75,65.5101773263768,0.7745901639238444,0,0.7933491686272364,-0.04332682014753848,0
2024-02-20,Donuts,310.0,Regular Day,1.9,18.0,10.933333333333334,-0.7000000000000001,9.7,-0.0,12.3,0.0,-3.3,10.560277777777777,24.0,0.0,0.0,0.0,20.773333333333333,3,20,51,0,0,8,2,2024,0,3,0.43388373911755823,-0.900968867902419,-0.587785252292473,-0.8090169943749476,327.0,288.0,315.0,230.0,426.0,413.86,380.29,367.38,176.58,245.0,764.0,406.88,290.0,43.197222132910355,1.1284403669517717,0,0.767605633784798,-0.22867821949095712,0
2024-02-21,Munchkins,297.0,Regular Day,-0.0,17.5,10.966666666666667,-0.7000000000000002,9.4,0.5,13.7,0.0,-3.7,10.61888888888889,55.0,0.0,0.0,0.0,-0.0,4,21,52,0,0,8,2,2024,0,3,-0.433883739117558,-0.9009688679024191,-0.587785252292473,-0.8090169943749476,523.0,338.0,281.0,274.0,659.0,342.57,333.07,342.19,117.87,183.0,523.0,326.35,354.0,116.2554658213253,1.551351351323399,0,0.7936267071199753,1.5339781113486064,0
2024-02-21,Donuts,248.0,Regular Day,-0.0,17.5,10.966666666666667,-0.7000000000000002,9.4,0.5,13.7,0.0,-3.7,10.61888888888889,55.0,0.0,0.0,0.0,-0.0,4,21,52,0,0,8,2,2024,0,3,-0.433883739117558,-0.9009688679024191,-0.587785252292473,-0.8090169943749476,764.0,392.0,242.0,313.0,438.0,423.29,386.79,369.19,174.79,245.0,764.0,410.91,427.75,232.3881451365366,2.0828828828453534,0,1.7442922374030982,2.2587676639247802,0
2024-02-22,Munchkins,345.0,Regular Day,0.5,15.9,11.016666666666667,1.1,10.2,2.1,17.6,0.0,-3.5,7.581388888888889,64.0,0.0,0.0,0.2,5.508333333333334,5,22,53,0,0,8,2,2024,0,4,-0.9749279121818236,-0.2225209339563146,-0.9510565162951536,0.30901699437494723,183.0,293.0,386.0,311.0,432.0,317.14,322.57,329.0,114.78,183.0,523.0,308.01,293.25,83.8107988268815,0.6829268292584946,0,0.4236111111013053,-1.2719986059181043,0
2024-02-22,Donuts,304.0,Regular Day,0.5,15.9,11.016666666666667,1.1,10.2,2.1,17.6,0.0,-3.5,7.581388888888889,64.0,0.0,0.0,0.2,5.508333333333334,5,22,53,0,0,8,2,2024,0,4,-0.9749279121818236,-0.2225209339563146,-0.9510565162951536,0.30901699437494723,273.0,242.0,311.0,307.0,250.0,399.43,377.57,361.43,179.95,245.0,764.0,381.93,283.25,32.356091646962966,0.8333333333198489,0,1.09199999995632,-0.4914142817176208,0
2024-02-23,Donuts,379.0,Regular Day,2.1,10.7,11.05,3.9666666666666663,7.9,7.3,17.0,1.0,-1.5999999999999996,1.8194444444444444,100.0,0.0,0.0,9.0,23.205000000000002,6,23,54,0,0,8,2,2024,0,4,-0.7818314824680299,0.6234898018587334,-0.9510565162951536,0.30901699437494723,423.0,357.0,332.0,385.0,337.0,391.29,375.0,363.1,177.55,245.0,764.0,389.45,374.25,39.050181390957285,1.0878661087714383,0,1.2551928783010329,0.3373697549795904,0
2024-02-23,Munchkins,426.0,Regular Day,2.1,10.7,11.05,3.9666666666666663,7.9,7.3,17.0,1.0,-1.5999999999999996,1.8194444444444444,100.0,0.0,0.0,9.0,23.205000000000002,6,23,54,0,0,8,2,2024,0,4,-0.7818314824680299,0.6234898018587334,-0.9510565162951536,0.30901699437494723,323.0,362.0,340.0,258.0,308.0,314.14,319.64,328.33,112.97,183.0,523.0,322.01,320.75,44.77629581225614,1.1454849498136206,0,1.04870129866725,-0.047180667429655467,0
2024-02-24,Munchkins,388.0,Regular Day,7.3,14.0,11.083333333333334,1.833333333333333,5.5,4.0,15.9,0.0,-2.6999999999999993,4.345555555555555,85.0,0.0,0.0,1.6,80.90833333333333,7,24,55,0,0,8,2,2024,1,4,-2.4492935982947064e-16,1.0,-0.9510565162951536,0.30901699437494723,253.0,431.0,400.0,530.0,395.0,318.0,320.5,327.48,109.59,183.0,523.0,303.01,403.5,114.63129299337652,0.7354838709598335,0,0.6405063290977087,-0.6796240532275187,0
2024-02-24,Donuts,468.0,Regular Day,7.3,14.0,11.083333333333334,1.833333333333333,5.5,4.0,15.9,0.0,-2.6999999999999993,4.345555555555555,85.0,0.0,0.0,1.6,80.90833333333333,7,24,55,0,0,8,2,2024,1,4,-2.4492935982947064e-16,1.0,-0.9510565162951536,0.30901699437494723,295.0,462.0,424.0,458.0,306.0,393.0,371.86,360.9,175.95,257.0,764.0,356.34,409.75,78.37676101158218,0.8582766439811986,0,0.9640522875501943,-0.3745382210642489,0
2024-02-25,Munchkins,318.0,Regular Day,4.0,18.8,11.133333333333333,-3.6333333333333337,12.5,-0.8,16.1,0.0,-3.6,10.716944444444444,3.0,0.0,0.0,0.0,44.53333333333333,1,25,56,0,0,8,2,2024,1,4,0.7818314824680298,0.6234898018587336,-0.9510565162951536,0.30901699437494723,364.0,385.0,405.0,378.0,169.0,309.57,323.5,324.19,110.42,183.0,523.0,296.0,383.0,17.068489485989478,0.9565772669098777,0,2.1538461537187072,0.36053251219339505,0
2024-02-25,Donuts,398.0,Regular Day,4.0,18.8,11.133333333333333,-3.6333333333333337,12.5,-0.8,16.1,0.0,-3.6,10.716944444444444,3.0,0.0,0.0,0.0,44.53333333333333,1,25,56,0,0,8,2,2024,1,4,0.7818314824680298,0.6234898018587336,-0.9510565162951536,0.30901699437494723,412.0,469.0,448.0,377.0,180.0,390.57,373.43,360.67,177.13,257.0,764.0,344.75,426.5,40.53393639902249,1.0678787878658438,0,2.2888888887617282,0.2897871619550732,0
2024-02-26,Munchkins,287.0,Regular Day,-0.8,13.2,11.166666666666666,-1.2000000000000002,16.2,4.8,14.5,0.0,-2.3000000000000007,10.711944444444445,33.0,0.0,0.0,0.0,-8.933333333333334,2,26,57,0,0,9,2,2024,0,4,0.9749279121818236,-0.22252093395631434,-0.9510565162951536,0.30901699437494723,246.0,219.0,234.0,264.0,215.0,277.29,320.57,324.95,58.4,183.0,364.0,296.25,240.75,19.03286631067428,0.9337349397402864,0,1.14418604645841,-1.3518835614123486,0
2024-02-26,Donuts,220.0,Regular Day,-0.8,13.2,11.166666666666666,-1.2000000000000002,16.2,4.8,14.5,0.0,-2.3000000000000007,10.711944444444445,33.0,0.0,0.0,0.0,-8.933333333333334,2,26,57,0,0,9,2,2024,0,4,0.9749279121818236,-0.22252093395631434,-0.9510565162951536,0.30901699437494723,257.0,245.0,301.0,303.0,272.0,316.86,363.14,360.95,71.98,248.0,423.0,320.56,276.5,29.860788111948196,0.8311258278008091,0,0.9448529411417333,-1.4441511528974504,0
2024-02-27,Munchkins,264.0,Regular Day,4.8,8.2,11.216666666666667,2.333333333333333,13.599999999999998,9.8,24.9,0.0,-3.1999999999999993,8.851666666666667,79.0,0.0,0.0,0.0,53.839999999999996,3,27,58,0,0,9,2,2024,0,4,0.43388373911755823,-0.900968867902419,-0.9510565162951536,0.30901699437494723,275.0,334.0,233.0,344.0,181.0,300.43,324.29,323.0,45.47,246.0,364.0,308.44,296.5,52.14403129793476,1.0554592720787614,0,1.5193370164906443,-1.055641081799947,0
2024-02-27,Donuts,283.0,Regular Day,4.8,8.2,11.216666666666667,2.333333333333333,13.599999999999998,9.8,24.9,0.0,-3.1999999999999993,8.851666666666667,79.0,0.0,0.0,0.0,53.839999999999996,3,27,58,0,0,9,2,2024,0,4,0.43388373911755823,-0.900968867902419,-0.9510565162951536,0.30901699437494723,310.0,327.0,288.0,315.0,289.0,321.29,367.57,360.62,69.76,248.0,423.0,316.42,310.0,16.30950643030009,1.0563847429343882,0,1.0726643598244752,-0.725630733840936,0
2024-02-28,Donuts,264.0,Regular Day,9.8,4.0,11.266666666666667,6.166666666666667,6.6,14.0,27.9,0.0,-2.8000000000000007,1.4194444444444445,100.0,0.0,0.0,14.5,110.41333333333336,4,28,59,0,0,9,2,2024,0,4,-0.433883739117558,-0.9009688679024191,-0.9510565162951536,0.30901699437494723,248.0,764.0,392.0,242.0,277.0,315.0,369.14,362.86,60.42,248.0,412.0,332.07,411.5,245.01632598665748,1.5962145110158326,0,0.8953068591734546,-1.9010261499667287,0
2024-02-28,Munchkins,387.0,Regular Day,9.8,4.0,11.266666666666667,6.166666666666667,6.6,14.0,27.9,0.0,-2.8000000000000007,1.4194444444444445,100.0,0.0,0.0,14.5,110.41333333333336,4,28,59,0,0,9,2,2024,0,4,-0.433883739117558,-0.9009688679024191,-0.9510565162951536,0.30901699437494723,297.0,523.0,338.0,281.0,283.0,315.14,328.86,327.1,66.02,246.0,426.0,337.83,359.75,111.44916628968862,1.3247172859236718,0,1.0494699646272272,-0.4559224476740503,0
2024-02-29,Munchkins,358.0,Regular Day,14.0,13.5,11.316666666666666,-1.0,16.1,4.5,32.7,0.0,-2.9000000000000004,10.909166666666666,32.0,0.0,0.0,7.7,158.43333333333334,5,29,60,0,1,9,2,2024,0,5,-0.9749279121818236,-0.2225209339563146,-2.4492935982947064e-16,1.0,345.0,183.0,293.0,386.0,750.0,334.43,325.79,326.52,64.54,246.0,426.0,350.37,301.75,87.83839327613713,0.7776141384274283,0,0.45999999999386665,0.2863340563547672,0
2024-02-29,Donuts,333.0,Regular Day,14.0,13.5,11.316666666666666,-1.0,16.1,4.5,32.7,0.0,-2.9000000000000004,10.909166666666666,32.0,0.0,0.0,7.7,158.43333333333334,5,29,60,0,1,9,2,2024,0,5,-0.9749279121818236,-0.2225209339563146,-2.4492935982947064e-16,1.0,304.0,273.0,242.0,311.0,404.0,339.71,369.57,364.95,82.3,248.0,468.0,366.05,282.5,31.649117944528353,1.0433996383174793,0,0.7524752475061268,-0.7405832319877784,0
2024-03-01,Donuts,413.0,Regular Day,4.5,15.9,11.35,2.2666666666666666,9.8,2.1,15.3,0.0,-4.0,10.129444444444445,27.0,0.0,0.0,0.0,51.074999999999996,6,1,61,1,0,9,3,2024,0,1,-0.7818314824680299,0.6234898018587334,0.9510565162951535,0.30901699437494745,379.0,423.0,357.0,332.0,505.0,337.71,364.5,362.57,80.4,248.0,468.0,374.04,372.75,38.61239006674757,1.1640058054983453,0,0.7504950494900892,0.2043532338054288,0
2024-03-01,Munchkins,386.0,Regular Day,4.5,15.9,11.35,2.2666666666666666,9.8,2.1,15.3,0.0,-4.0,10.129444444444445,27.0,0.0,0.0,0.0,51.074999999999996,6,1,61,1,0,9,3,2024,0,1,-0.7818314824680299,0.6234898018587334,0.9510565162951535,0.30901699437494745,426.0,323.0,362.0,340.0,519.0,327.86,321.0,322.38,63.36,246.0,426.0,342.28,362.75,45.08787715857409,1.0669515669363683,0,0.8208092485390981,1.6354166664085517,0
2024-03-02,Munchkins,461.0,Regular Day,2.1,10.5,11.4,4.966666666666667,9.3,7.5,25.5,0.0,-1.4000000000000004,0.0,100.0,0.0,1.0,34.1,23.94,7,2,62,0,0,9,3,2024,1,1,-2.4492935982947064e-16,1.0,0.9510565162951535,0.30901699437494745,388.0,253.0,431.0,400.0,456.0,333.71,325.86,324.9,56.0,275.0,426.0,328.46,368.0,78.77816956492453,0.7713598074516081,0,0.8508771929637965,1.126785714084503,0
2024-03-02,Donuts,482.0,Regular Day,2.1,10.5,11.4,4.966666666666667,9.3,7.5,25.5,0.0,-1.4000000000000004,0.0,100.0,0.0,1.0,34.1,23.94,7,2,62,0,0,9,3,2024,1,1,-2.4492935982947064e-16,1.0,0.9510565162951535,0.30901699437494745,468.0,295.0,462.0,424.0,345.0,332.43,362.71,358.71,87.49,220.0,468.0,335.53,412.25,80.55795015597984,0.8611738148887,0,1.3565217390911153,1.2491713337239492,0
2024-03-03,Munchkins,382.0,Regular Day,7.5,5.9,11.433333333333334,4.333333333333333,12.2,12.1,14.6,0.0,-1.0999999999999979,10.924166666666666,39.0,0.0,0.0,0.0,85.75,1,3,63,0,0,9,3,2024,1,1,0.7818314824680298,0.6234898018587336,0.9510565162951535,0.30901699437494745,318.0,364.0,385.0,405.0,359.0,332.14,320.86,326.38,58.04,264.0,426.0,312.34,368.0,37.30058087125901,0.8632911392295786,0,0.8857938718416213,-0.1443831839861503,0
2024-03-03,Donuts,420.0,Regular Day,7.5,5.9,11.433333333333334,4.333333333333333,12.2,12.1,14.6,0.0,-1.0999999999999979,10.924166666666666,39.0,0.0,0.0,0.0,85.75,1,3,63,0,0,9,3,2024,1,1,0.7818314824680298,0.6234898018587336,0.9510565162951535,0.30901699437494745,398.0,412.0,469.0,448.0,266.0,328.57,359.57,358.48,89.22,220.0,468.0,322.4,431.75,32.56148031032987,0.8833151581146858,0,1.4962406014475098,0.44295001115860216,0
2024-03-04,Munchkins,247.0,Regular Day,12.1,8.0,11.483333333333333,0.4333333333333318,13.6,10.0,17.7,0.0,-0.8999999999999986,8.598333333333333,50.0,0.0,0.0,0.0,138.94833333333332,2,4,64,0,0,10,3,2024,0,1,0.9749279121818236,-0.22252093395631434,0.9510565162951535,0.30901699437494745,287.0,246.0,219.0,234.0,255.0,345.0,311.14,328.71,58.92,264.0,426.0,331.01,246.5,29.171904291629644,1.1766004414751303,0,1.1254901960342945,-0.7079090290719771,0
2024-03-04,Donuts,285.0,Regular Day,12.1,8.0,11.483333333333333,0.4333333333333318,13.6,10.0,17.7,0.0,-0.8999999999999986,8.598333333333333,50.0,0.0,0.0,0.0,138.94833333333332,2,4,64,0,0,10,3,2024,0,1,0.9749279121818236,-0.22252093395631434,0.9510565162951535,0.30901699437494745,220.0,257.0,245.0,301.0,282.0,330.86,323.86,352.38,86.99,220.0,468.0,307.8,255.75,33.87599937025229,0.8736263736103731,0,0.7801418439439666,-1.5217841129415124,0
2024-03-05,Donuts,239.0,Regular Day,10.0,9.7,11.516666666666667,0.2666666666666675,4.499999999999999,8.3,20.8,0.0,-1.5999999999999996,0.0,100.0,0.0,0.0,8.6,115.16666666666667,3,5,65,0,0,10,3,2024,0,1,0.43388373911755823,-0.900968867902419,0.9510565162951535,0.30901699437494745,283.0,310.0,327.0,288.0,312.0,335.0,328.14,356.71,86.19,220.0,468.0,314.1,302.0,20.37972849017703,0.9642276422607442,0,0.9070512820222099,-0.855203619810279,0
2024-03-05,Munchkins,271.0,Regular Day,10.0,9.7,11.516666666666667,0.2666666666666675,4.499999999999999,8.3,20.8,0.0,-1.5999999999999996,0.0,100.0,0.0,0.0,8.6,115.16666666666667,3,5,65,0,0,10,3,2024,0,1,0.43388373911755823,-0.900968867902419,0.9510565162951535,0.30901699437494745,264.0,275.0,334.0,233.0,356.0,346.86,323.64,331.81,59.12,264.0,426.0,337.76,276.5,42.25714929649972,0.9506172839338516,0,0.7415730336870344,-1.1469891743662062,0
2024-03-06,Munchkins,444.0,Regular Day,8.3,10.0,11.566666666666666,1.6000000000000005,4.6000000000000005,8.0,17.2,0.0,-1.8000000000000007,0.0,100.0,0.0,0.0,39.6,96.00333333333334,4,6,66,0,0,10,3,2024,0,1,-0.433883739117558,-0.9009688679024191,0.9510565162951535,0.30901699437494745,387.0,297.0,523.0,338.0,353.0,341.14,328.14,332.95,51.66,264.0,388.0,349.82,386.25,98.31030803871315,0.7944250870987871,0,1.0963172804222006,1.0462640338663836,0
2024-03-06,Donuts,279.0,Regular Day,8.3,10.0,11.566666666666666,1.6000000000000005,4.6000000000000005,8.0,17.2,0.0,-1.8000000000000007,0.0,100.0,0.0,0.0,39.6,96.00333333333334,4,6,66,0,0,10,3,2024,0,1,-0.433883739117558,-0.9009688679024191,0.9510565162951535,0.30901699437494745,264.0,248.0,764.0,392.0,356.0,339.86,327.43,359.38,89.95,220.0,468.0,338.82,417.0,240.14162487998618,0.44290657439063236,0,0.7415730336870344,-1.0603668703657179,0
2024-03-07,Munchkins,281.0,Regular Day,8.0,7.300000000000001,11.6,0.2666666666666675,4.0,10.7,21.6,0.0,-2.4000000000000004,1.3902777777777777,98.0,0.0,0.0,5.1,92.8,5,7,67,0,0,10,3,2024,0,1,-0.9749279121818236,-0.2225209339563146,0.9510565162951535,0.30901699437494745,358.0,345.0,183.0,293.0,515.0,351.57,343.0,334.38,67.6,264.0,461.0,377.61,294.75,79.6173138624173,1.476890756271494,0,0.6951456310544631,0.34940828397198115,0
2024-03-07,Donuts,296.0,Regular Day,8.0,7.300000000000001,11.6,0.2666666666666675,4.0,10.7,21.6,0.0,-2.4000000000000004,1.3902777777777777,98.0,0.0,0.0,5.1,92.8,5,7,67,0,0,10,3,2024,0,1,-0.9749279121818236,-0.2225209339563146,0.9510565162951535,0.30901699437494745,333.0,304.0,273.0,242.0,407.0,341.86,340.79,360.33,93.37,220.0,482.0,374.62,288.0,39.25132694147634,1.2368932038594778,0,0.8181818181617154,-0.29270643672563906,0
2024-03-08,Munchkins,422.0,Regular Day,10.7,10.2,11.65,-1.033333333333334,9.2,7.8,16.5,0.0,-2.8000000000000007,10.160277777777777,75.0,0.0,0.0,0.0,124.655,6,8,68,0,0,10,3,2024,0,2,-0.7818314824680299,0.6234898018587334,0.5877852522924732,-0.8090169943749473,386.0,426.0,323.0,362.0,421.0,360.71,344.29,334.24,66.63,264.0,461.0,378.71,374.25,43.176961449365564,1.1854014598367095,0,0.9168646080542312,0.7768272548736564,0
2024-03-08,Donuts,365.0,Regular Day,10.7,10.2,11.65,-1.033333333333334,9.2,7.8,16.5,0.0,-2.8000000000000007,10.160277777777777,75.0,0.0,0.0,0.0,124.655,6,8,68,0,0,10,3,2024,0,2,-0.7818314824680299,0.6234898018587334,0.5877852522924732,-0.8090169943749473,413.0,379.0,423.0,357.0,321.0,345.0,341.36,358.0,95.91,220.0,482.0,385.96,393.0,30.506829836393468,1.0153846153715975,0,1.2866043613306353,0.5734542799944267,0
2024-03-09,Donuts,426.0,Regular Day,7.8,11.9,11.683333333333334,-4.199999999999999,6.1000000000000005,6.1,23.0,0.0,-3.6000000000000005,0.0,100.0,0.0,0.0,3.5,91.13,7,9,69,0,0,10,3,2024,1,2,-2.4492935982947064e-16,1.0,0.5877852522924732,-0.8090169943749473,482.0,468.0,295.0,462.0,402.0,354.29,343.36,359.9,84.23,264.0,482.0,360.72,426.75,88.23217478146317,1.2549537648447167,0,1.1990049750945522,1.4496022793007717,0
2024-03-09,Munchkins,479.0,Regular Day,7.8,11.9,11.683333333333334,-4.199999999999999,6.1000000000000005,6.1,23.0,0.0,-3.6000000000000005,0.0,100.0,0.0,0.0,3.5,91.13,7,9,69,0,0,10,3,2024,1,2,-2.4492935982947064e-16,1.0,0.5877852522924732,-0.8090169943749473,461.0,388.0,253.0,431.0,405.0,355.0,344.36,335.57,75.17,247.0,461.0,345.78,383.25,91.85631896246079,1.241228070157292,0,1.1382716049101662,1.6686177994321383,0
2024-03-10,Donuts,428.0,Regular Day,6.1,8.6,11.733333333333333,-3.0999999999999996,6.8999999999999995,9.4,34.0,0.0,-1.5,10.371944444444445,60.0,0.0,1.0,26.4,71.57333333333332,1,10,70,0,0,10,3,2024,1,2,0.7818314824680298,0.6234898018587336,0.5877852522924732,-0.8090169943749473,420.0,398.0,412.0,469.0,250.0,348.0,338.29,355.71,91.74,239.0,482.0,330.29,424.75,30.869348335633305,0.9284903518623326,0,1.6799999999328,0.7007848266077195,0
2024-03-10,Munchkins,435.0,Regular Day,6.1,8.6,11.733333333333333,-3.0999999999999996,6.8999999999999995,9.4,34.0,0.0,-1.5,10.371944444444445,60.0,0.0,1.0,26.4,71.57333333333332,1,10,70,0,0,10,3,2024,1,2,0.7818314824680298,0.6234898018587336,0.5877852522924732,-0.8090169943749473,382.0,318.0,364.0,385.0,315.0,356.0,344.07,332.57,73.79,247.0,461.0,327.09,362.25,30.923292192132454,0.9345794392398588,0,1.2126984126599143,0.6698739665713683,0
2024-03-11,Munchkins,204.0,Regular Day,9.4,13.0,11.766666666666667,-4.133333333333333,9.6,5.0,37.0,0.0,-7.0,11.633055555555556,26.0,0.0,0.0,0.0,110.60666666666668,2,11,71,0,0,11,3,2024,0,2,0.9749279121818236,-0.22252093395631434,0.5877852522924732,-0.8090169943749473,247.0,287.0,246.0,219.0,409.0,364.14,354.57,328.81,80.61,247.0,461.0,356.32,249.75,28.01636426566921,1.1483870967494971,0,0.6039119804253322,-1.0148864903839616,0
2024-03-11,Donuts,328.0,Regular Day,9.4,13.0,11.766666666666667,-4.133333333333333,9.6,5.0,37.0,0.0,-7.0,11.633055555555556,26.0,0.0,0.0,0.0,110.60666666666668,2,11,71,0,0,11,3,2024,0,2,0.9749279121818236,-0.22252093395631434,0.5877852522924732,-0.8090169943749473,285.0,220.0,257.0,245.0,209.0,350.14,340.5,332.62,89.6,239.0,482.0,317.47,251.75,26.998456746019144,1.0059760955974906,0,1.3636363635711177,-0.5314732142263981,0
2024-03-12,Munchkins,126.0,Regular Day,5.0,7.4,11.816666666666666,4.033333333333333,13.799999999999999,10.6,22.7,0.0,-3.799999999999999,11.676111111111112,17.0,0.0,0.0,0.0,59.08333333333333,3,12,72,0,0,11,3,2024,0,2,0.43388373911755823,-0.900968867902419,0.5877852522924732,-0.8090169943749473,271.0,264.0,275.0,334.0,393.0,353.14,350.0,333.48,86.62,247.0,461.0,337.49,286.0,32.321303604073066,0.8784893267507637,0,0.689567430007899,-0.7213114753265633,0
2024-03-12,Donuts,234.0,Regular Day,5.0,7.4,11.816666666666666,4.033333333333333,13.799999999999999,10.6,22.7,0.0,-3.799999999999999,11.676111111111112,17.0,0.0,0.0,0.0,59.08333333333333,3,12,72,0,0,11,3,2024,0,2,0.43388373911755823,-0.900968867902419,0.5877852522924732,-0.8090169943749473,239.0,283.0,310.0,327.0,308.0,344.86,339.93,333.71,91.84,239.0,482.0,312.1,289.75,38.37859646556485,0.8194662480248122,0,0.775974025948832,-1.031249999887712,0
2024-03-13,Donuts,308.0,Regular Day,10.6,4.6,11.85,3.533333333333335,14.700000000000001,13.4,14.2,0.0,-2.5,11.71888888888889,67.0,0.0,0.0,0.0,125.60999999999999,4,13,73,0,0,11,3,2024,0,2,-0.433883739117558,-0.9009688679024191,0.5877852522924732,-0.8090169943749473,279.0,264.0,248.0,764.0,256.0,338.0,338.93,330.95,87.6,239.0,482.0,325.33,388.75,250.48669292665696,0.5365612648168324,0,1.089843749957428,-0.5930365296126671,0
2024-03-13,Munchkins,230.0,Regular Day,10.6,4.6,11.85,3.533333333333335,14.700000000000001,13.4,14.2,0.0,-2.5,11.71888888888889,67.0,0.0,0.0,0.0,125.60999999999999,4,13,73,0,0,11,3,2024,0,2,-0.433883739117558,-0.9009688679024191,0.5877852522924732,-0.8090169943749473,444.0,387.0,297.0,523.0,329.0,358.29,349.71,338.19,89.9,247.0,461.0,358.61,412.75,95.20635482991669,1.0134146341339827,0,1.3495440729073087,1.1769744158868771,0
2024-03-14,Donuts,288.0,Regular Day,13.4,3.5999999999999996,11.9,4.966666666666667,16.2,14.4,12.6,0.0,-0.3999999999999986,11.748055555555556,25.0,0.0,0.0,0.0,159.46,5,14,74,0,0,11,3,2024,0,2,-0.9749279121818236,-0.2225209339563146,0.5877852522924732,-0.8090169943749473,296.0,333.0,304.0,273.0,357.0,330.0,335.93,337.19,73.72,239.0,426.0,350.49,301.5,24.77229635432829,1.0901213171388193,0,0.8291316526378394,-0.5587357568422768,0
2024-03-14,Munchkins,263.0,Regular Day,13.4,3.5999999999999996,11.9,4.966666666666667,16.2,14.4,12.6,0.0,-0.3999999999999986,11.748055555555556,25.0,0.0,0.0,0.0,159.46,5,14,74,0,0,11,3,2024,0,2,-0.9749279121818236,-0.2225209339563146,0.5877852522924732,-0.8090169943749473,281.0,358.0,345.0,183.0,415.0,360.86,356.21,348.95,93.52,247.0,479.0,388.71,291.75,79.93069915036817,1.2102272727043517,0,0.6771084337186238,-0.7265825491096468,0
2024-03-15,Munchkins,401.0,Regular Day,14.4,1.3999999999999986,11.95,2.3000000000000025,10.4,16.6,22.7,0.0,-2.1999999999999993,2.2205555555555554,93.0,0.0,0.0,0.7,172.07999999999998,6,15,75,0,0,11,3,2024,0,3,-0.7818314824680299,0.6234898018587334,-0.587785252292473,-0.8090169943749476,422.0,386.0,426.0,323.0,451.0,368.43,364.57,352.33,97.57,247.0,479.0,400.28,389.25,47.68909728648677,1.0787716955797226,0,0.9356984478728226,0.7140514501676695,0
2024-03-15,Donuts,374.0,Regular Day,14.4,1.3999999999999986,11.95,2.3000000000000025,10.4,16.6,22.7,0.0,-2.1999999999999993,2.2205555555555554,93.0,0.0,0.0,0.7,172.07999999999998,6,15,75,0,0,11,3,2024,0,3,-0.7818314824680299,0.6234898018587334,-0.587785252292473,-0.8090169943749476,365.0,413.0,379.0,423.0,384.0,331.14,338.07,337.95,75.39,239.0,428.0,369.87,395.0,27.47119703738202,0.9700748129554854,0,0.9505208333085802,0.358800901928797,0
2024-03-16,Munchkins,376.0,Regular Day,16.6,6.4,11.983333333333333,1.1333333333333329,9.900000000000002,11.6,19.5,0.0,-1.200000000000001,10.7375,64.0,0.0,0.0,0.0,198.92333333333335,7,16,76,0,0,11,3,2024,1,3,-2.4492935982947064e-16,1.0,-0.587785252292473,-0.8090169943749476,479.0,461.0,388.0,253.0,461.0,362.29,358.64,350.33,107.35,204.0,479.0,351.21,395.25,102.67221305364629,1.4664586583234562,0,1.0390455531227973,1.1986027013322218,0
2024-03-16,Donuts,331.0,Regular Day,16.6,6.4,11.983333333333333,1.1333333333333329,9.900000000000002,11.6,19.5,0.0,-1.200000000000001,10.7375,64.0,0.0,0.0,0.0,198.92333333333335,7,16,76,0,0,11,3,2024,1,3,-2.4492935982947064e-16,1.0,-0.587785252292473,-0.8090169943749476,426.0,482.0,468.0,295.0,376.0,337.29,345.79,341.33,72.7,239.0,428.0,359.4,417.75,85.22274735460402,1.1900393184640885,0,1.1329787233741229,1.1646492433061009,0
2024-03-17,Donuts,408.0,Regular Day,11.6,5.6,12.033333333333333,6.066666666666667,9.7,12.4,27.4,0.0,-3.0999999999999996,11.826944444444445,47.0,0.0,0.0,0.0,139.58666666666667,1,17,77,0,0,11,3,2024,1,3,0.7818314824680298,0.6234898018587336,-0.587785252292473,-0.8090169943749476,428.0,420.0,398.0,412.0,230.0,336.57,342.29,337.71,73.85,234.0,428.0,328.05,414.5,12.793227374930325,1.0469135802339886,0,1.860869565136484,1.222613405386241,0
2024-03-17,Munchkins,473.0,Regular Day,11.6,5.6,12.033333333333333,6.066666666666667,9.7,12.4,27.4,0.0,-3.0999999999999996,11.826944444444445,47.0,0.0,0.0,0.0,139.58666666666667,1,17,77,0,0,11,3,2024,1,3,0.7818314824680298,0.6234898018587336,-0.587785252292473,-0.8090169943749476,435.0,382.0,318.0,364.0,231.0,341.57,348.79,343.24,137.62,126.0,479.0,294.91,374.75,48.36923953643817,1.197947214058681,0,1.8831168830353628,0.6667635517608803,0
2024-03-18,Munchkins,214.0,Regular Day,12.4,9.3,12.066666666666666,2.166666666666667,8.4,8.7,21.9,0.0,-3.4000000000000004,11.85361111111111,63.0,0.0,0.0,0.0,149.62666666666667,2,18,78,0,0,12,3,2024,0,3,0.9749279121818236,-0.22252093395631434,-0.587785252292473,-0.8090169943749476,204.0,247.0,287.0,246.0,438.0,311.0,337.57,340.05,134.82,126.0,479.0,278.68,246.0,33.891985286593446,0.8461538461379708,0,0.4657534246469006,-1.0091232754035662,0
2024-03-18,Donuts,172.0,Regular Day,12.4,9.3,12.066666666666666,2.166666666666667,8.4,8.7,21.9,0.0,-3.4000000000000004,11.85361111111111,63.0,0.0,0.0,0.0,149.62666666666667,2,18,78,0,0,12,3,2024,0,3,0.9749279121818236,-0.22252093395631434,-0.587785252292473,-0.8090169943749476,328.0,285.0,220.0,257.0,282.0,340.71,345.43,340.57,70.83,234.0,428.0,323.04,272.5,45.58142896692321,1.2851153039562868,0,1.163120567334641,-0.17746717490082342,0
2024-03-19,Munchkins,278.0,Regular Day,8.7,14.0,12.116666666666667,-2.9333333333333336,8.799999999999999,4.0,25.3,0.0,-5.8,11.353055555555555,32.0,0.0,0.0,0.0,105.41499999999999,3,19,79,0,0,12,3,2024,0,3,0.43388373911755823,-0.900968867902419,-0.587785252292473,-0.8090169943749476,126.0,271.0,264.0,275.0,381.0,308.43,330.79,336.14,135.66,126.0,479.0,274.76,234.0,72.1433757642839,0.7365491651069286,0,0.3307086614086428,-1.549019607728953,0
2024-03-19,Donuts,267.0,Regular Day,8.7,14.0,12.116666666666667,-2.9333333333333336,8.799999999999999,4.0,25.3,0.0,-5.8,11.353055555555555,32.0,0.0,0.0,0.0,105.41499999999999,3,19,79,0,0,12,3,2024,0,3,0.43388373911755823,-0.900968867902419,-0.587785252292473,-0.8090169943749476,234.0,239.0,283.0,310.0,382.0,339.57,342.21,339.81,71.73,234.0,428.0,314.28,266.5,36.40970566575164,0.7976391230894159,0,0.6125654450101422,-1.4751150144325784,0
2024-03-20,Munchkins,349.0,Regular Day,4.0,9.3,12.166666666666666,-1.166666666666666,12.0,8.7,31.4,0.0,-6.699999999999999,11.7275,51.0,0.0,0.0,0.6,48.666666666666664,4,20,80,0,0,12,3,2024,0,3,-0.433883739117558,-0.9009688679024191,-0.587785252292473,-0.8090169943749476,230.0,444.0,387.0,297.0,479.0,305.43,331.86,334.95,132.93,126.0,479.0,306.32,339.5,94.82088377567464,0.9853801169446582,0,0.4801670146037543,-0.7895132776055431,0
2024-03-20,Donuts,308.0,Regular Day,4.0,9.3,12.166666666666666,-1.166666666666666,12.0,8.7,31.4,0.0,-6.699999999999999,11.7275,51.0,0.0,0.0,0.6,48.666666666666664,4,20,80,0,0,12,3,2024,0,3,-0.433883739117558,-0.9009688679024191,-0.587785252292473,-0.8090169943749476,308.0,279.0,264.0,248.0,433.0,340.86,339.43,339.57,72.34,234.0,428.0,329.21,274.75,25.526130402654715,1.1464843749776077,0,0.7113163972122097,-0.43641139059491124,0
2024-03-21,Donuts,318.0,Regular Day,8.7,15.1,12.2,-5.2333333333333325,11.7,2.9,29.4,0.0,-6.9,11.934444444444445,14.0,0.0,0.0,0.1,106.13999999999999,5,21,81,0,0,12,3,2024,0,3,-0.9749279121818236,-0.2225209339563146,-0.587785252292473,-0.8090169943749476,288.0,296.0,333.0,304.0,524.0,327.29,328.64,333.05,61.86,234.0,428.0,329.66,305.25,19.619293225462194,0.9167974882116672,0,0.5496183206001981,-0.7282573552007345,0
2024-03-21,Munchkins,258.0,Regular Day,8.7,15.1,12.2,-5.2333333333333325,11.7,2.9,29.4,0.0,-6.9,11.934444444444445,14.0,0.0,0.0,0.1,106.13999999999999,5,21,81,0,0,12,3,2024,0,3,-0.9749279121818236,-0.2225209339563146,-0.587785252292473,-0.8090169943749476,263.0,281.0,358.0,345.0,836.0,290.71,325.79,334.38,115.01,126.0,435.0,323.74,311.75,46.78585968716046,0.7738264580259768,0,0.3145933014316436,-0.62064168327792,0
2024-03-22,Donuts,425.0,Regular Day,2.9,15.9,12.25,-4.299999999999999,10.899999999999999,2.1,15.3,0.0,-3.0999999999999996,8.961666666666666,23.0,0.0,0.0,0.0,35.525,6,22,82,0,0,12,3,2024,0,4,-0.7818314824680299,0.6234898018587334,-0.9510565162951536,0.30901699437494723,374.0,365.0,413.0,379.0,514.0,324.43,327.79,333.52,56.67,234.0,408.0,349.24,382.75,20.982135258357285,0.9330808080690267,0,0.7276264591298127,0.7143109227608418,0
2024-03-22,Munchkins,413.0,Regular Day,2.9,15.9,12.25,-4.299999999999999,10.899999999999999,2.1,15.3,0.0,-3.0999999999999996,8.961666666666666,23.0,0.0,0.0,0.0,35.525,6,22,82,0,0,12,3,2024,0,4,-0.7818314824680299,0.6234898018587334,-0.9510565162951536,0.30901699437494723,401.0,422.0,386.0,426.0,512.0,296.14,332.29,341.76,123.53,126.0,473.0,361.06,408.75,18.714967272212903,1.0135467980170745,0,0.783203124984703,0.47955962110584,0
2024-03-23,Munchkins,430.0,Regular Day,2.1,9.0,12.283333333333333,2.0,9.7,9.0,25.7,0.0,-2.6999999999999993,0.6247222222222222,98.0,0.0,1.0,54.7,25.795,7,23,83,0,0,12,3,2024,1,4,-2.4492935982947064e-16,1.0,-0.9510565162951536,0.30901699437494723,376.0,479.0,461.0,388.0,473.0,297.57,329.93,338.29,122.34,126.0,473.0,324.29,426.0,51.56872437178695,1.0070671377973255,0,0.7949260042115237,0.3082393329811802,0
2024-03-23,Donuts,314.0,Regular Day,2.1,9.0,12.283333333333333,2.0,9.7,9.0,25.7,0.0,-2.6999999999999993,0.6247222222222222,98.0,0.0,1.0,54.7,25.795,7,23,83,0,0,12,3,2024,1,4,-2.4492935982947064e-16,1.0,-0.9510565162951536,0.30901699437494723,331.0,426.0,482.0,468.0,479.0,302.14,319.71,331.24,80.64,172.0,408.0,304.93,426.75,68.12427369643413,0.7968421052547701,0,0.6910229644949681,-0.002976190475821518,0
2024-03-24,Donuts,335.0,Regular Day,9.0,14.7,12.333333333333334,-3.033333333333333,10.3,3.3,30.0,0.0,-3.8000000000000007,12.0,17.0,0.0,0.0,0.0,111.0,1,24,84,0,0,12,3,2024,1,4,0.7818314824680298,0.6234898018587336,-0.9510565162951536,0.30901699437494723,408.0,428.0,420.0,398.0,383.0,306.86,321.71,330.48,76.87,172.0,408.0,295.45,413.5,13.203534880225574,1.0220048899630563,0,1.0652741514082174,1.0084558343946328,0
2024-03-24,Munchkins,383.0,Regular Day,9.0,14.7,12.333333333333334,-3.033333333333333,10.3,3.3,30.0,0.0,-3.8000000000000007,12.0,17.0,0.0,0.0,0.0,111.0,1,24,84,0,0,12,3,2024,1,4,0.7818314824680298,0.6234898018587336,-0.9510565162951536,0.30901699437494723,473.0,435.0,382.0,318.0,460.0,319.29,330.43,338.95,97.85,214.0,473.0,312.72,402.0,67.29536883520787,1.2971428571243264,0,1.0282608695428639,1.3699540111016912,0
2024-03-25,Munchkins,279.0,Regular Day,3.3,13.4,12.383333333333333,-4.2666666666666675,8.299999999999999,4.6,19.2,0.0,-3.3999999999999995,12.0,0.0,0.0,0.0,0.0,40.864999999999995,2,25,85,0,0,13,3,2024,0,4,0.9749279121818236,-0.22252093395631434,-0.9510565162951536,0.30901699437494723,214.0,204.0,247.0,287.0,314.0,336.29,323.64,337.14,89.76,214.0,473.0,321.79,238.0,37.47888294315436,0.7827715355658657,0,0.6815286623986774,-1.3718805702571433,0
2024-03-25,Donuts,209.0,Regular Day,3.3,13.4,12.383333333333333,-4.2666666666666675,8.299999999999999,4.6,19.2,0.0,-3.3999999999999995,12.0,0.0,0.0,0.0,0.0,40.864999999999995,2,25,85,0,0,13,3,2024,0,4,0.9749279121818236,-0.22252093395631434,-0.9510565162951536,0.30901699437494723,172.0,328.0,285.0,220.0,266.0,306.86,323.79,332.57,76.87,172.0,408.0,298.59,251.25,69.00905737655022,0.9900990098813842,0,0.6466165413290745,-2.088851307130369,1
2024-03-26,Munchkins,176.0,Regular Day,4.6,12.3,12.416666666666666,-2.833333333333333,9.3,5.7,15.6,0.0,-2.5999999999999996,6.488611111111111,53.0,0.0,0.0,0.0,57.11666666666666,3,26,86,0,0,13,3,2024,0,4,0.43388373911755823,-0.900968867902419,-0.9510565162951536,0.30901699437494723,278.0,126.0,271.0,264.0,293.0,335.57,322.0,332.38,90.46,214.0,473.0,305.84,234.75,72.72493840950756,0.7551401869017731,0,0.9488054607184708,-0.6011496793498619,0
2024-03-26,Donuts,347.0,Regular Day,4.6,12.3,12.416666666666666,-2.833333333333333,9.3,5.7,15.6,0.0,-2.5999999999999996,6.488611111111111,53.0,0.0,0.0,0.0,57.11666666666666,3,26,86,0,0,13,3,2024,0,4,0.43388373911755823,-0.900968867902419,-0.9510565162951536,0.30901699437494723,267.0,234.0,239.0,283.0,409.0,311.14,325.36,331.86,76.48,172.0,408.0,303.44,255.75,23.257615240317882,0.9597701149241423,0,0.6528117359253591,-0.8480648534455985,0
2024-03-27,Munchkins,324.0,Regular Day,5.7,9.7,12.466666666666667,0.6333333333333337,11.4,8.3,14.3,0.0,-1.1000000000000014,2.4583333333333335,90.0,0.0,0.0,0.4,71.06,4,27,87,0,0,13,3,2024,0,4,-0.433883739117558,-0.9009688679024191,-0.9510565162951536,0.30901699437494723,349.0,230.0,444.0,387.0,261.0,337.29,321.36,333.67,92.0,214.0,473.0,332.63,352.5,90.5188746431741,0.6967509025186913,0,1.337164750906622,0.16663043476449654,0
2024-03-27,Donuts,378.0,Regular Day,5.7,9.7,12.466666666666667,0.6333333333333337,11.4,8.3,14.3,0.0,-1.1000000000000014,2.4583333333333335,90.0,0.0,0.0,0.4,71.06,4,27,87,0,0,13,3,2024,0,4,-0.433883739117558,-0.9009688679024191,-0.9510565162951536,0.30901699437494723,308.0,308.0,279.0,264.0,387.0,318.43,329.64,332.43,85.38,172.0,425.0,333.83,289.75,21.94500702513748,1.134438305688132,0,0.7958656330543704,-0.2861325837097527,0
2024-03-28,Munchkins,391.0,Regular Day,8.3,9.3,12.516666666666667,-2.0666666666666664,2.8999999999999995,8.7,15.9,0.0,-2.0999999999999996,0.0,99.0,0.0,0.0,30.9,103.88833333333335,5,28,88,0,0,13,3,2024,0,4,-0.9749279121818236,-0.2225209339563146,-0.9510565162951536,0.30901699437494723,258.0,263.0,281.0,358.0,343.0,345.0,317.86,332.19,97.87,214.0,473.0,356.97,290.0,46.396838972786355,0.8153364632110276,0,0.7521865888993532,-0.7580463879883471,0
2024-03-28,Donuts,319.0,Regular Day,8.3,9.3,12.516666666666667,-2.0666666666666664,2.8999999999999995,8.7,15.9,0.0,-2.0999999999999996,0.0,99.0,0.0,0.0,30.9,103.88833333333335,5,28,88,0,0,13,3,2024,0,4,-0.9749279121818236,-0.2225209339563146,-0.9510565162951536,0.30901699437494723,318.0,288.0,296.0,333.0,308.0,316.0,321.64,324.43,85.2,172.0,425.0,328.87,308.75,20.54872258803452,0.9634340222422347,0,1.0324675324340107,-0.07546948355921727,0
2024-03-29,Munchkins,425.0,Regular Day,8.7,9.6,12.55,-3.6999999999999993,11.1,8.4,29.4,0.0,-6.5,12.0,50.0,0.0,0.0,3.1,109.185,6,29,89,0,0,13,3,2024,0,5,-0.7818314824680299,0.6234898018587334,-2.4492935982947064e-16,1.0,413.0,401.0,422.0,386.0,383.0,332.14,314.14,332.24,83.04,214.0,430.0,363.48,405.5,15.588457268119896,1.0074257425617892,0,1.0783289816950827,0.9725433524840386,0
2024-03-29,Donuts,437.0,Regular Day,8.7,9.6,12.55,-3.6999999999999993,11.1,8.4,29.4,0.0,-6.5,12.0,50.0,0.0,0.0,3.1,109.185,6,29,89,0,0,13,3,2024,0,5,-0.7818314824680299,0.6234898018587334,-2.4492935982947064e-16,1.0,425.0,374.0,365.0,413.0,383.0,305.57,315.0,320.38,76.04,172.0,425.0,330.4,394.25,29.227555491350966,1.0269922879045374,0,1.1096605743835597,1.3758548130752428,0
2024-03-30,Munchkins,443.0,Regular Day,8.4,9.5,12.6,-7.066666666666668,12.9,8.5,22.6,0.0,-3.9000000000000004,8.004444444444445,38.0,0.0,0.0,0.1,105.84,7,30,90,0,0,13,3,2024,1,5,-2.4492935982947064e-16,1.0,-2.4492935982947064e-16,1.0,430.0,376.0,479.0,461.0,360.0,341.43,319.5,333.76,70.28,258.0,430.0,342.36,436.5,45.125750224603834,0.8574468085015166,0,1.1944444444112654,1.369379624164858,0
2024-03-30,Donuts,462.0,Regular Day,8.4,9.5,12.6,-7.066666666666668,12.9,8.5,22.6,0.0,-3.9000000000000004,8.004444444444445,38.0,0.0,0.0,0.1,105.84,7,30,90,0,0,13,3,2024,1,5,-2.4492935982947064e-16,1.0,-2.4492935982947064e-16,1.0,314.0,331.0,426.0,482.0,393.0,310.86,306.5,316.76,65.8,209.0,425.0,300.05,388.25,79.59218973408551,0.7103524228996657,0,0.798982188274835,-0.0419452887474246,0
2024-03-31,Munchkins,548.0,Regular Day,8.5,7.4,12.633333333333333,-4.499999999999998,12.499999999999998,10.6,13.4,0.0,-2.6999999999999993,11.540555555555555,70.0,0.0,1.0,14.4,107.38333333333333,1,31,91,0,1,13,3,2024,1,5,0.7818314824680298,0.6234898018587336,-2.4492935982947064e-16,1.0,383.0,473.0,435.0,382.0,471.0,326.86,323.07,329.24,92.64,176.0,430.0,300.77,418.25,44.10120935605583,1.0477356181022308,0,0.8131634819360263,0.5803108807663739,0
2024-03-31,Donuts,370.0,Regular Day,8.5,7.4,12.633333333333333,-4.499999999999998,12.499999999999998,10.6,13.4,0.0,-2.6999999999999993,11.540555555555555,70.0,0.0,1.0,14.4,107.38333333333333,1,31,91,0,1,13,3,2024,1,5,0.7818314824680298,0.6234898018587336,-2.4492935982947064e-16,1.0,335.0,408.0,428.0,420.0,245.0,322.29,314.57,321.9,63.83,209.0,425.0,311.79,397.75,42.633124836602505,0.8761792452726865,0,1.3673469387197001,0.20523264919234993,0
2024-04-01,Munchkins,563.0,Regular Day,10.6,8.5,12.683333333333334,0.5999999999999996,5.8,9.5,15.6,0.0,-1.799999999999999,2.0844444444444443,87.0,0.0,0.0,18.5,134.44333333333333,2,1,92,1,0,14,4,2024,0,1,0.9749279121818236,-0.22252093395631434,0.9510565162951535,0.30901699437494745,279.0,214.0,204.0,247.0,163.0,323.29,329.79,323.52,92.12,176.0,430.0,306.58,236.0,34.048984321611314,1.0931263857850748,0,1.7116564416127817,-0.483282674719574,0
2024-04-01,Donuts,260.0,Regular Day,10.6,8.5,12.683333333333334,0.5999999999999996,5.8,9.5,15.6,0.0,-1.799999999999999,2.0844444444444443,87.0,0.0,0.0,18.5,134.44333333333333,2,1,92,1,0,14,4,2024,0,1,0.9749279121818236,-0.22252093395631434,0.9510565162951535,0.30901699437494745,209.0,172.0,328.0,285.0,249.0,332.29,319.57,326.62,66.64,209.0,425.0,328.34,248.5,70.86371897287545,0.6215334420779521,0,0.8393574296851664,-1.7650060021361038,0
2024-04-02,Munchkins,150.0,Regular Day,9.5,10.2,12.716666666666667,-3.2249999999999988,2.999999999999999,7.8,20.5,0.0,-1.6999999999999993,0.0,95.0,0.0,0.0,19.3,120.80833333333334,3,2,93,0,0,14,4,2024,0,1,0.43388373911755823,-0.900968867902419,0.9510565162951535,0.30901699437494745,176.0,278.0,126.0,271.0,314.0,342.29,338.93,328.76,90.11,176.0,430.0,327.68,212.75,74.22207667983069,1.143576826167668,0,0.5605095541222768,-1.6952613470541271,0
2024-04-02,Donuts,320.0,Regular Day,9.5,10.2,12.716666666666667,-3.2249999999999988,2.999999999999999,7.8,20.5,0.0,-1.6999999999999993,0.0,95.0,0.0,0.0,19.3,120.80833333333334,3,2,93,0,0,14,4,2024,0,1,0.43388373911755823,-0.900968867902419,0.9510565162951535,0.30901699437494745,347.0,267.0,234.0,239.0,170.0,332.43,321.79,327.71,66.61,209.0,425.0,326.01,271.75,52.226270528665296,1.2980972515581797,0,2.041176470468166,0.2895961566897472,0
2024-04-03,Munchkins,279.0,Regular Day,7.8,9.1,12.766666666666667,-7.050000000000001,5.3,8.9,27.7,0.0,-0.7999999999999989,0.0,100.0,0.0,0.0,27.1,99.58,4,3,94,0,0,14,4,2024,0,1,-0.433883739117558,-0.9009688679024191,0.9510565162951535,0.30901699437494745,324.0,349.0,230.0,444.0,169.0,344.0,340.64,328.9,91.78,176.0,430.0,352.01,336.75,87.95974458049925,0.9985163204599626,0,1.917159763200168,-0.05338853780198401,0
2024-04-03,Donuts,337.0,Regular Day,7.8,9.1,12.766666666666667,-7.050000000000001,5.3,8.9,27.7,0.0,-0.7999999999999989,0.0,100.0,0.0,0.0,27.1,99.58,4,3,94,0,0,14,4,2024,0,1,-0.433883739117558,-0.9009688679024191,0.9510565162951535,0.30901699437494745,378.0,308.0,308.0,279.0,322.0,334.14,326.29,331.14,69.48,209.0,437.0,353.76,318.25,42.11393276972994,1.1686541737449974,0,1.173913043441804,0.674438687294986,0
2024-04-04,Munchkins,280.0,Regular Day,8.9,9.9,12.8,-4.825000000000001,11.1,8.1,26.2,0.0,-0.5999999999999996,8.679166666666667,62.0,0.0,0.0,13.7,113.92000000000002,5,4,95,0,0,14,4,2024,0,1,-0.9749279121818236,-0.2225209339563146,0.9510565162951535,0.30901699437494745,391.0,258.0,263.0,281.0,256.0,345.86,345.43,327.19,93.91,176.0,443.0,374.76,298.25,62.617223402724164,1.1930147058604226,0,1.5273437499403382,0.6794803534576211,0
2024-04-04,Donuts,346.0,Regular Day,8.9,9.9,12.8,-4.825000000000001,11.1,8.1,26.2,0.0,-0.5999999999999996,8.679166666666667,62.0,0.0,0.0,13.7,113.92000000000002,5,4,95,0,0,14,4,2024,0,1,-0.9749279121818236,-0.2225209339563146,0.9510565162951535,0.30901699437494745,319.0,318.0,288.0,296.0,322.0,355.29,335.64,332.86,83.44,209.0,462.0,380.82,305.25,15.649813630413195,1.090753424638857,0,0.990683229782898,-0.16610738253042834,0
2024-04-05,Munchkins,216.0,Regular Day,8.1,10.9,12.85,-6.200000000000001,8.2,7.1,25.4,0.0,-5.799999999999999,10.0,53.0,0.0,0.0,1.0,104.085,6,5,96,0,0,14,4,2024,0,1,-0.7818314824680299,0.6234898018587334,0.9510565162951535,0.30901699437494745,425.0,413.0,401.0,422.0,348.0,369.43,350.79,332.57,121.46,176.0,548.0,418.07,415.25,10.781929326423912,1.0182260024177616,0,1.2212643677809982,0.7609912727843743,0
2024-04-05,Donuts,319.0,Regular Day,8.1,10.9,12.85,-6.200000000000001,8.2,7.1,25.4,0.0,-5.799999999999999,10.0,53.0,0.0,0.0,1.0,104.085,6,5,96,0,0,14,4,2024,0,1,-0.7818314824680299,0.6234898018587334,0.9510565162951535,0.30901699437494745,437.0,425.0,374.0,365.0,363.0,360.29,332.93,330.1,83.07,209.0,462.0,378.11,400.25,36.03123644839294,1.1664411366553933,0,1.2038567492781307,1.2868664979791902,0
2024-04-06,Munchkins,573.0,Regular Day,7.1,11.2,12.9,-2.925,9.3,6.8,28.7,0.0,-6.0,9.4625,44.0,0.0,0.0,0.2,91.59,7,6,97,0,0,14,4,2024,1,1,-2.4492935982947064e-16,1.0,0.9510565162951535,0.30901699437494745,443.0,430.0,376.0,479.0,323.0,410.0,375.71,349.67,133.09,176.0,563.0,454.3,432.0,42.70050741306634,1.0210526315670052,0,1.3715170278213151,0.7012547899390444,0
2024-04-06,Donuts,365.0,Regular Day,7.1,11.2,12.9,-2.925,9.3,6.8,28.7,0.0,-6.0,9.4625,44.0,0.0,0.0,0.2,91.59,7,6,97,0,0,14,4,2024,1,1,-2.4492935982947064e-16,1.0,0.9510565162951535,0.30901699437494745,462.0,314.0,331.0,426.0,367.0,367.57,339.21,326.86,68.56,260.0,462.0,348.58,383.25,72.00636545935829,1.0250990752836844,0,1.2588555857967614,1.9711201864102799,0
2024-04-07,Munchkins,459.0,Regular Day,6.8,9.9,12.933333333333334,1.6999999999999993,12.4,8.1,21.1,0.0,-4.200000000000001,10.429722222222223,34.0,0.0,0.0,0.0,87.94666666666667,1,7,98,0,0,14,4,2024,1,1,0.7818314824680298,0.6234898018587336,0.9510565162951535,0.30901699437494745,548.0,383.0,473.0,435.0,128.0,406.29,366.57,350.81,140.85,150.0,563.0,378.23,459.75,69.44242219277781,1.0253303964644787,0,4.281249999665527,1.3999999999006034,0
2024-04-07,Donuts,322.0,Regular Day,6.8,9.9,12.933333333333334,1.6999999999999993,12.4,8.1,21.1,0.0,-4.200000000000001,10.429722222222223,34.0,0.0,0.0,0.0,87.94666666666667,1,7,98,0,0,14,4,2024,1,1,0.7818314824680298,0.6234898018587336,0.9510565162951535,0.30901699437494745,370.0,335.0,408.0,428.0,180.0,363.71,343.0,330.95,70.64,260.0,462.0,341.44,385.25,41.242170974218446,0.8433014353966112,0,2.055555555441358,0.5528029444291052,0
2024-04-08,Munchkins,269.0,Regular Day,8.1,8.6,12.983333333333333,3.2249999999999996,17.9,9.4,13.1,0.0,-2.1999999999999993,11.535555555555556,30.0,0.0,0.0,0.0,105.16499999999999,2,8,99,0,0,15,4,2024,0,2,0.9749279121818236,-0.22252093395631434,0.5877852522924732,-0.8090169943749473,563.0,279.0,214.0,204.0,298.0,399.86,361.57,353.14,146.16,150.0,563.0,353.42,315.0,168.64360843704296,2.0143540669374556,0,1.8892617449030449,1.4358237546910357,0
2024-04-08,Donuts,267.0,Regular Day,8.1,8.6,12.983333333333333,3.2249999999999996,17.9,9.4,13.1,0.0,-2.1999999999999993,11.535555555555556,30.0,0.0,0.0,0.0,105.16499999999999,2,8,99,0,0,15,4,2024,0,2,0.9749279121818236,-0.22252093395631434,0.5877852522924732,-0.8090169943749473,260.0,209.0,172.0,328.0,242.0,357.86,345.07,332.33,70.96,260.0,462.0,340.33,242.25,67.59869328125606,0.93799999998124,0,1.0743801652448604,-1.0193066514910785,0
2024-04-09,Munchkins,155.0,Regular Day,9.4,3.9000000000000004,13.016666666666667,4.65,17.8,14.1,15.6,0.0,0.5,11.034444444444444,76.0,0.0,0.0,0.0,122.35666666666668,3,9,100,0,0,15,4,2024,0,2,0.43388373911755823,-0.900968867902419,0.5877852522924732,-0.8090169943749473,150.0,176.0,278.0,126.0,431.0,384.0,363.14,353.95,153.13,150.0,563.0,335.06,182.5,66.86055139866357,0.8069306930493334,0,0.3480278422193033,-1.3318748774680418,0
2024-04-09,Donuts,192.0,Regular Day,9.4,3.9000000000000004,13.016666666666667,4.65,17.8,14.1,15.6,0.0,0.5,11.034444444444444,76.0,0.0,0.0,0.0,122.35666666666668,3,9,100,0,0,15,4,2024,0,2,0.43388373911755823,-0.900968867902419,0.5877852522924732,-0.8090169943749473,320.0,347.0,267.0,234.0,367.0,361.71,347.07,335.1,69.21,260.0,462.0,341.75,292.0,50.98365751231794,1.3313373253227279,0,0.8719346048808737,-0.21817656404881172,0
2024-04-10,Munchkins,210.0,Regular Day,14.1,2.0999999999999996,13.066666666666666,3.799999999999999,14.2,15.9,14.1,0.0,0.3999999999999986,9.385555555555555,78.0,0.0,0.0,0.6,184.23999999999998,4,10,101,0,0,15,4,2024,0,2,-0.433883739117558,-0.9009688679024191,0.5877852522924732,-0.8090169943749473,279.0,324.0,349.0,230.0,241.0,354.14,349.07,345.14,163.81,150.0,563.0,305.3,295.5,52.39910940718999,1.0414507771840855,0,1.1576763484996815,-0.403760454160078,0
2024-04-10,Donuts,229.0,Regular Day,14.1,2.0999999999999996,13.066666666666666,3.799999999999999,14.2,15.9,14.1,0.0,0.3999999999999986,9.385555555555555,78.0,0.0,0.0,0.6,184.23999999999998,4,10,101,0,0,15,4,2024,0,2,-0.433883739117558,-0.9009688679024191,0.5877852522924732,-0.8090169943749473,337.0,378.0,308.0,308.0,235.0,344.86,339.5,332.48,61.79,260.0,462.0,336.06,332.75,33.11973228555247,1.1607142856954429,0,1.4340425531304661,0.07315099529484499,0
2024-04-11,Donuts,300.0,Regular Day,15.9,2.4000000000000004,13.1,3.325000000000001,7.1,15.6,23.3,0.0,-0.8000000000000007,4.730555555555555,96.0,0.0,0.0,2.7,208.29,5,11,102,0,0,15,4,2024,0,2,-0.9749279121818236,-0.2225209339563146,0.5877852522924732,-0.8090169943749473,346.0,319.0,318.0,288.0,285.0,331.0,343.14,334.1,37.07,260.0,370.0,343.29,317.75,23.697749541535234,1.0973597359554892,0,1.2140350876767005,0.32101429718882746,0
2024-04-11,Munchkins,300.0,Regular Day,15.9,2.4000000000000004,13.1,3.325000000000001,7.1,15.6,23.3,0.0,-0.8000000000000007,4.730555555555555,96.0,0.0,0.0,2.7,208.29,5,11,102,0,0,15,4,2024,0,2,-0.9749279121818236,-0.2225209339563146,0.5877852522924732,-0.8090169943749473,280.0,391.0,258.0,263.0,418.0,372.71,359.29,354.52,181.93,150.0,573.0,372.22,298.0,62.71097724215966,1.2879078694570458,0,0.6698564593141183,-0.40960809100150547,0
2024-04-12,Donuts,308.0,Regular Day,15.6,1.3999999999999986,13.15,0.9500000000000028,3.6000000000000014,16.6,35.0,0.0,-2.3000000000000007,9.330277777777777,66.0,0.0,0.0,20.0,205.14000000000001,6,12,103,0,0,15,4,2024,0,2,-0.7818314824680299,0.6234898018587334,0.5877852522924732,-0.8090169943749473,319.0,437.0,425.0,374.0,288.0,324.14,342.21,330.0,32.85,260.0,365.0,337.97,388.75,53.92819299772615,0.946182728398671,0,1.1076388888504292,-0.33485540324661933,0
2024-04-12,Munchkins,389.0,Regular Day,15.6,1.3999999999999986,13.15,0.9500000000000028,3.6000000000000014,16.6,35.0,0.0,-2.3000000000000007,9.330277777777777,66.0,0.0,0.0,20.0,205.14000000000001,6,12,103,0,0,15,4,2024,0,2,-0.7818314824680299,0.6234898018587334,0.5877852522924732,-0.8090169943749473,216.0,425.0,413.0,401.0,313.0,360.0,364.71,353.86,170.38,150.0,573.0,393.92,363.75,98.98611013672574,0.7874692874596134,0,0.6900958466233196,-0.8091325272444458,0
2024-04-13,Donuts,454.0,Regular Day,16.6,5.4,13.183333333333334,-4.275,7.5,12.6,37.4,0.0,-5.0,5.929166666666666,75.0,0.0,1.0,0.3,218.84333333333336,7,13,104,0,0,15,4,2024,1,2,-2.4492935982947064e-16,1.0,0.5877852522924732,-0.8090169943749473,365.0,462.0,314.0,331.0,344.0,325.14,346.36,334.52,30.6,267.0,365.0,320.23,368.0,66.15638039272302,1.2821705426157803,0,1.0610465115970626,0.9960784310470338,0
2024-04-13,Munchkins,626.0,Regular Day,16.6,5.4,13.183333333333334,-4.275,7.5,12.6,37.4,0.0,-5.0,5.929166666666666,75.0,0.0,1.0,0.3,218.84333333333336,7,13,104,0,0,15,4,2024,1,2,-2.4492935982947064e-16,1.0,0.5877852522924732,-0.8090169943749473,573.0,443.0,430.0,376.0,453.0,318.0,364.0,356.48,146.57,150.0,573.0,362.69,455.5,83.5324288325598,1.2605459056915564,0,1.2649006622237329,1.4772463668228664,0
2024-04-14,Munchkins,489.0,Regular Day,12.6,4.4,13.233333333333333,-3.9000000000000004,15.900000000000002,13.6,28.0,0.0,-4.100000000000001,12.558055555555555,15.0,0.0,0.0,0.0,166.73999999999998,1,14,105,0,0,15,4,2024,1,2,0.7818314824680298,0.6234898018587336,0.5877852522924732,-0.8090169943749473,459.0,548.0,383.0,473.0,228.0,318.71,362.5,350.62,145.63,155.0,573.0,310.77,465.75,67.60362416320592,1.1764018691451354,0,2.0131578946485456,0.7442147908573635,0
2024-04-14,Donuts,389.0,Regular Day,12.6,4.4,13.233333333333333,-3.9000000000000004,15.900000000000002,13.6,28.0,0.0,-4.100000000000001,12.558055555555555,15.0,0.0,0.0,0.0,166.73999999999998,1,14,105,0,0,15,4,2024,1,2,0.7818314824680298,0.6234898018587336,0.5877852522924732,-0.8090169943749473,322.0,370.0,335.0,408.0,271.0,306.86,335.29,330.95,59.13,192.0,365.0,288.17,358.75,38.586482952799244,0.9313593539578552,0,1.1881918818749744,-0.15136140704357134,0
2024-04-15,Donuts,217.0,Regular Day,13.6,0.0,13.266666666666667,1.5,15.299999999999999,19.4,24.5,0.0,0.1999999999999993,12.450555555555555,58.0,1.3999999999999986,0.0,0.4,180.42666666666668,2,15,106,0,0,16,4,2024,0,3,0.9749279121818236,-0.22252093395631434,-0.587785252292473,-0.8090169943749476,267.0,260.0,209.0,172.0,271.0,291.43,324.64,327.19,63.86,192.0,365.0,273.38,227.0,44.86275366789991,1.3832020997012282,0,0.9852398523621683,-0.9425305353989147,0
2024-04-15,Munchkins,244.0,Regular Day,13.6,0.0,13.266666666666667,1.5,15.299999999999999,19.4,24.5,0.0,0.1999999999999993,12.450555555555555,58.0,1.3999999999999986,0.0,0.4,180.42666666666668,2,15,106,0,0,16,4,2024,0,3,0.9749279121818236,-0.22252093395631434,-0.587785252292473,-0.8090169943749476,269.0,563.0,279.0,214.0,211.0,308.86,354.36,344.0,151.0,155.0,573.0,285.57,331.25,157.12070731341132,1.6876267748136384,0,1.2748815165272567,-0.496688741688961,0
2024-04-16,Donuts,266.0,Regular Day,19.4,1.8999999999999986,13.316666666666666,0.125,12.5,16.1,21.4,0.0,-1.8000000000000007,12.688888888888888,4.0,0.0,0.0,0.0,258.3433333333333,3,16,107,0,0,16,4,2024,0,3,0.43388373911755823,-0.900968867902419,-0.587785252292473,-0.8090169943749476,192.0,320.0,347.0,267.0,261.0,284.86,323.29,326.33,59.52,192.0,365.0,280.03,281.5,68.29592471980546,0.8338762214847902,0,0.7356321838798608,-2.256888440481033,1
2024-04-16,Munchkins,254.0,Regular Day,19.4,1.8999999999999986,13.316666666666666,0.125,12.5,16.1,21.4,0.0,-1.8000000000000007,12.688888888888888,4.0,0.0,0.0,0.0,258.3433333333333,3,16,107,0,0,16,4,2024,0,3,0.43388373911755823,-0.900968867902419,-0.587785252292473,-0.8090169943749476,155.0,150.0,176.0,278.0,317.0,311.71,347.86,346.0,150.55,155.0,573.0,289.18,189.75,59.90200330539873,0.6718061673860836,0,0.488958990520853,-1.2686815010781345,0
2024-04-17,Donuts,335.0,Regular Day,16.1,4.699999999999999,13.35,-0.4750000000000014,10.3,13.3,14.3,0.0,-1.6999999999999993,5.586111111111111,67.0,0.0,0.0,2.2,214.935,4,17,108,0,0,16,4,2024,0,3,-0.433883739117558,-0.9009688679024191,-0.587785252292473,-0.8090169943749476,229.0,337.0,378.0,308.0,298.0,283.29,314.07,320.76,58.61,192.0,365.0,287.03,313.0,62.93382768167424,0.8250728862853488,0,0.7684563758131391,-1.5656031391288852,0
2024-04-17,Munchkins,341.0,Regular Day,16.1,4.699999999999999,13.35,-0.4750000000000014,10.3,13.3,14.3,0.0,-1.6999999999999993,5.586111111111111,67.0,0.0,0.0,2.2,214.935,4,17,108,0,0,16,4,2024,0,3,-0.433883739117558,-0.9009688679024191,-0.587785252292473,-0.8090169943749476,210.0,279.0,324.0,349.0,320.0,336.43,345.29,344.86,146.36,155.0,573.0,314.14,290.5,60.983604353957304,0.7265973253978217,0,0.6562499999794922,-0.9214266192319331,0
2024-04-18,Munchkins,285.0,Regular Day,13.3,5.0,13.4,-0.8500000000000014,5.0,13.0,18.5,0.0,-2.3000000000000007,8.005833333333333,90.0,0.0,0.0,0.0,178.22000000000003,5,18,109,0,0,16,4,2024,0,3,-0.9749279121818236,-0.2225209339563146,-0.587785252292473,-0.8090169943749476,300.0,280.0,391.0,258.0,454.0,344.0,358.36,354.19,161.25,155.0,626.0,392.1,307.25,58.40876075841135,0.8936825885840727,0,0.6607929515272953,-0.3360620154830349,0
2024-04-18,Donuts,400.0,Regular Day,13.3,5.0,13.4,-0.8500000000000014,5.0,13.0,18.5,0.0,-2.3000000000000007,8.005833333333333,90.0,0.0,0.0,0.0,178.22000000000003,5,18,109,0,0,16,4,2024,0,3,-0.9749279121818236,-0.2225209339563146,-0.587785252292473,-0.8090169943749476,300.0,346.0,319.0,318.0,384.0,296.0,313.5,327.43,83.61,192.0,454.0,328.77,320.75,18.962682651284688,1.0141287283985223,0,0.7812499999796549,-0.3280708048884021,0
2024-04-19,Munchkins,393.0,Regular Day,13.0,8.2,13.433333333333334,-2.799999999999999,9.3,9.8,18.2,0.0,-1.5,8.744722222222222,74.0,0.0,0.0,0.0,174.63333333333333,6,19,110,0,0,16,4,2024,0,3,-0.7818314824680299,0.6234898018587334,-0.587785252292473,-0.8090169943749476,389.0,216.0,425.0,413.0,363.0,348.29,354.14,359.24,165.17,155.0,626.0,416.33,360.75,97.65372496735596,0.7219570405641771,0,1.0716253443230956,0.18017799841495558,0
2024-04-19,Donuts,276.0,Regular Day,13.0,8.2,13.433333333333334,-2.799999999999999,9.3,9.8,18.2,0.0,-1.5,8.744722222222222,74.0,0.0,0.0,0.0,174.63333333333333,6,19,110,0,0,16,4,2024,0,3,-0.7818314824680299,0.6234898018587334,-0.587785252292473,-0.8090169943749476,308.0,319.0,437.0,425.0,413.0,305.57,314.86,330.0,90.63,192.0,454.0,343.83,372.25,68.16340660501058,0.7273781902467822,0,0.7457627118463496,-0.2427452278227138,0
2024-04-20,Munchkins,642.0,Regular Day,9.8,5.9,13.483333333333333,0.625,11.7,12.1,21.3,0.0,-2.1999999999999993,5.078888888888889,72.0,0.0,0.0,1.6,132.13666666666666,7,20,111,0,0,16,4,2024,1,3,-2.4492935982947064e-16,1.0,-0.587785252292473,-0.8090169943749476,626.0,573.0,443.0,430.0,379.0,344.71,331.36,357.57,167.42,155.0,626.0,373.24,518.0,96.70918605110202,1.3734249713473834,0,1.6517150395342555,1.603332935037431,0
2024-04-20,Donuts,433.0,Regular Day,9.8,5.9,13.483333333333333,0.625,11.7,12.1,21.3,0.0,-2.1999999999999993,5.078888888888889,72.0,0.0,0.0,1.6,132.13666666666666,7,20,111,0,0,16,4,2024,1,3,-2.4492935982947064e-16,1.0,-0.587785252292473,-0.8090169943749476,454.0,365.0,462.0,314.0,308.0,298.43,311.79,330.38,95.98,192.0,454.0,312.12,398.75,71.58852328876932,1.05541237112042,0,1.474025973978116,1.2879766616703505,0
2024-04-21,Donuts,380.0,Regular Day,12.1,8.4,13.516666666666667,-4.9,10.899999999999999,9.6,15.5,0.0,-3.6999999999999993,3.0955555555555554,84.0,0.0,0.0,0.0,163.55166666666668,1,21,112,0,0,16,4,2024,1,3,0.7818314824680298,0.6234898018587336,-0.587785252292473,-0.8090169943749476,389.0,322.0,370.0,335.0,213.0,309.0,307.93,326.52,85.85,217.0,454.0,300.59,354.0,30.90846701687635,1.0085106382835671,0,1.826291079726465,0.7277810133106839,0
2024-04-21,Munchkins,606.0,Regular Day,12.1,8.4,13.516666666666667,-4.9,10.899999999999999,9.6,15.5,0.0,-3.6999999999999993,3.0955555555555554,84.0,0.0,0.0,0.0,163.55166666666668,1,21,112,0,0,16,4,2024,1,3,0.7818314824680298,0.6234898018587336,-0.587785252292473,-0.8090169943749476,489.0,459.0,548.0,383.0,263.0,358.86,338.79,361.29,152.22,210.0,626.0,343.43,469.75,68.6409741578114,1.0182599355422313,0,1.8593155892829156,0.8389830507923409,0
2024-04-22,Munchkins,285.0,Regular Day,9.6,8.9,13.55,-5.225,12.900000000000002,9.1,16.5,0.0,-3.3000000000000007,12.733888888888888,38.0,0.0,0.0,0.0,130.08,2,22,113,0,0,17,4,2024,0,4,0.9749279121818236,-0.22252093395631434,-0.9510565162951536,0.30901699437494723,244.0,269.0,563.0,279.0,388.0,377.57,343.21,362.1,138.28,244.0,626.0,342.83,338.75,150.22288995578094,0.6092636579500087,0,0.6288659793652354,-0.8540642174678867,0
2024-04-22,Donuts,250.0,Regular Day,9.6,8.9,13.55,-5.225,12.900000000000002,9.1,16.5,0.0,-3.3000000000000007,12.733888888888888,38.0,0.0,0.0,0.0,130.08,2,22,113,0,0,17,4,2024,0,4,0.9749279121818236,-0.22252093395631434,-0.9510565162951536,0.30901699437494723,217.0,267.0,260.0,209.0,230.0,324.14,307.79,324.48,78.41,217.0,454.0,309.19,238.25,29.477392467222515,1.0319829424086997,0,0.9434782608285444,-1.370743527436457,0
2024-04-23,Donuts,257.0,Regular Day,9.1,7.800000000000001,13.6,-3.0000000000000018,12.599999999999998,10.2,20.5,0.0,-1.0999999999999979,13.294166666666667,4.0,0.0,0.0,0.0,123.75999999999999,3,23,114,0,0,17,4,2024,0,4,0.43388373911755823,-0.900968867902419,-0.9510565162951536,0.30901699437494723,266.0,192.0,320.0,347.0,313.0,338.43,311.64,328.33,82.29,217.0,454.0,331.89,281.25,68.3684868927198,0.6866566716538732,0,0.8498402555639029,-0.7574431886307638,0
2024-04-23,Munchkins,335.0,Regular Day,9.1,7.800000000000001,13.6,-3.0000000000000018,12.599999999999998,10.2,20.5,0.0,-1.0999999999999979,13.294166666666667,4.0,0.0,0.0,0.0,123.75999999999999,3,23,114,0,0,17,4,2024,0,4,0.43388373911755823,-0.900968867902419,-0.9510565162951536,0.30901699437494723,254.0,155.0,150.0,176.0,274.0,375.43,343.57,357.05,139.79,244.0,626.0,328.37,183.75,48.16897341650536,1.2546012269553803,0,0.9270072992362406,-0.7371771943102385,0
2024-04-24,Munchkins,331.0,Regular Day,10.2,3.8000000000000007,13.633333333333333,1.4499999999999993,13.2,14.2,21.3,0.0,-2.5,9.837777777777777,72.0,0.0,0.0,0.9,139.05999999999997,4,24,115,0,0,17,4,2024,0,4,-0.433883739117558,-0.9009688679024191,-0.9510565162951536,0.30901699437494723,341.0,210.0,279.0,324.0,311.0,376.0,356.21,355.52,139.86,244.0,626.0,344.53,288.5,58.5064099052403,0.9137645107642824,0,1.0964630224727825,-0.10381810381068067,0
2024-04-24,Donuts,329.0,Regular Day,10.2,3.8000000000000007,13.633333333333333,1.4499999999999993,13.2,14.2,21.3,0.0,-2.5,9.837777777777777,72.0,0.0,0.0,0.9,139.05999999999997,4,24,115,0,0,17,4,2024,0,4,-0.433883739117558,-0.9009688679024191,-0.9510565162951536,0.30901699437494723,335.0,229.0,337.0,378.0,307.0,333.86,308.57,320.67,85.11,217.0,454.0,317.92,319.75,63.66252168008008,0.7888111888001564,0,1.0912052116908402,0.16837034424058608,0
2024-04-25,Donuts,393.0,Regular Day,14.2,7.4,13.666666666666666,-1.375,9.700000000000001,10.6,17.6,0.0,-2.6000000000000014,13.324722222222222,32.0,0.0,0.0,0.0,194.06666666666663,5,25,116,0,0,17,4,2024,0,4,-0.9749279121818236,-0.2225209339563146,-0.9510565162951536,0.30901699437494723,400.0,300.0,346.0,319.0,385.0,330.86,313.43,319.29,80.41,217.0,433.0,346.69,341.25,43.477005416656745,1.0526315789315395,0,1.038961038934053,1.0037308791190485,0
2024-04-25,Munchkins,415.0,Regular Day,14.2,7.4,13.666666666666666,-1.375,9.700000000000001,10.6,17.6,0.0,-2.6000000000000014,13.324722222222222,32.0,0.0,0.0,0.0,194.06666666666663,5,25,116,0,0,17,4,2024,0,4,-0.9749279121818236,-0.2225209339563146,-0.9510565162951536,0.30901699437494723,285.0,300.0,280.0,391.0,258.0,378.29,361.14,365.0,144.68,244.0,642.0,418.9,314.0,52.032041410397625,0.871833084934846,0,1.1046511627478817,-0.5529444290466585,0
2024-04-26,Munchkins,318.0,Regular Day,10.6,10.1,13.716666666666667,-3.125,13.0,7.9,15.7,0.0,-2.3000000000000007,12.835833333333333,11.0,0.0,0.0,0.0,145.39666666666668,6,26,117,0,0,17,4,2024,0,4,-0.7818314824680299,0.6234898018587334,-0.9510565162951536,0.30901699437494723,393.0,389.0,216.0,425.0,530.0,395.0,371.64,367.76,164.94,244.0,642.0,465.67,355.75,94.5493698198636,1.2199687987329177,0,0.7415094339482734,0.15302534253952804,0
2024-04-26,Donuts,415.0,Regular Day,10.6,10.1,13.716666666666667,-3.125,13.0,7.9,15.7,0.0,-2.3000000000000007,12.835833333333333,11.0,0.0,0.0,0.0,145.39666666666668,6,26,117,0,0,17,4,2024,0,4,-0.7818314824680299,0.6234898018587334,-0.9510565162951536,0.30901699437494723,276.0,308.0,319.0,437.0,458.0,329.57,317.57,319.76,79.39,217.0,433.0,355.02,335.0,70.4035983928852,0.7724867724765544,0,0.6026200873230869,-0.5512029222129735,0
2024-04-27,Munchkins,626.0,Regular Day,7.9,9.3,13.75,-2.7500000000000018,7.8999999999999995,8.7,16.1,0.0,-4.299999999999999,2.8858333333333333,85.0,0.0,0.0,0.0,108.625,7,27,118,0,0,17,4,2024,1,4,-2.4492935982947064e-16,1.0,-0.9510565162951536,0.30901699437494723,642.0,626.0,573.0,443.0,378.0,400.86,372.79,354.52,159.32,254.0,642.0,420.5,571.0,90.28473477467458,1.2480314960507084,0,1.6984126983677668,1.804418779700953,0
2024-04-27,Donuts,451.0,Regular Day,7.9,9.3,13.75,-2.7500000000000018,7.8999999999999995,8.7,16.1,0.0,-4.299999999999999,2.8858333333333333,85.0,0.0,0.0,0.0,108.625,7,27,118,0,0,17,4,2024,1,4,-2.4492935982947064e-16,1.0,-0.9510565162951536,0.30901699437494723,433.0,454.0,365.0,462.0,377.0,334.29,316.36,319.29,72.25,250.0,433.0,328.76,428.5,44.06434688800762,1.07255139055535,0,1.14854111402789,1.5738408302319942,0
2024-04-28,Munchkins,618.0,Regular Day,8.7,2.1999999999999993,13.783333333333333,0.9500000000000011,17.200000000000003,15.8,14.0,0.0,1.8999999999999986,12.87861111111111,83.0,0.0,0.0,0.0,119.91499999999999,1,28,119,0,0,17,4,2024,1,4,0.7818314824680298,0.6234898018587336,-0.9510565162951536,0.30901699437494723,606.0,489.0,459.0,548.0,264.0,412.43,385.64,363.33,149.51,285.0,642.0,399.13,525.5,65.16901104052447,1.087388282015021,0,2.2954545453675963,1.6231021335279847,0
2024-04-28,Donuts,376.0,Regular Day,8.7,2.1999999999999993,13.783333333333333,0.9500000000000011,17.200000000000003,15.8,14.0,0.0,1.8999999999999986,12.87861111111111,83.0,0.0,0.0,0.0,119.91499999999999,1,28,119,0,0,17,4,2024,1,4,0.7818314824680298,0.6234898018587336,-0.9510565162951536,0.30901699437494723,380.0,389.0,322.0,370.0,303.0,333.0,321.0,316.29,73.73,250.0,433.0,310.82,365.25,29.859392715414245,1.1112716762845192,0,1.2541254124998638,0.8640987385237894,0
2024-04-29,Donuts,202.0,Regular Day,15.8,0.0,13.816666666666666,4.600000000000001,14.7,22.2,13.1,0.0,2.900000000000002,13.297222222222222,71.0,4.199999999999999,0.0,0.5,218.30333333333334,2,29,120,0,0,18,4,2024,0,5,0.9749279121818236,-0.22252093395631434,-2.4492935982947064e-16,1.0,250.0,217.0,267.0,260.0,315.0,332.14,328.14,315.9,73.74,250.0,433.0,315.37,248.5,22.128413107737,0.8861480075733179,0,0.7936507936255983,-0.8936804989295252,0
2024-04-29,Munchkins,333.0,Regular Day,15.8,0.0,13.816666666666666,4.600000000000001,14.7,22.2,13.1,0.0,2.900000000000002,13.297222222222222,71.0,4.199999999999999,0.0,0.5,218.30333333333334,2,29,120,0,0,18,4,2024,0,5,0.9749279121818236,-0.22252093395631434,-2.4492935982947064e-16,1.0,285.0,244.0,269.0,563.0,344.0,411.0,394.29,365.81,150.35,285.0,642.0,382.1,340.25,149.455400259297,0.6358173076846656,0,0.8284883720689393,-0.5374792151288673,0
2024-04-30,Munchkins,316.0,Regular Day,22.2,0.0,13.866666666666667,6.449999999999999,11.3,22.4,15.5,0.0,1.0999999999999979,13.325277777777778,82.0,4.399999999999999,0.0,0.0,307.84,3,30,121,0,1,18,4,2024,0,5,0.43388373911755823,-0.900968867902419,-2.4492935982947064e-16,1.0,335.0,254.0,155.0,150.0,281.0,429.57,402.5,372.24,139.86,285.0,642.0,390.32,223.5,88.42510955605314,1.9311475409202903,0,1.192170818462912,-0.2662662662472282,0
2024-04-30,Donuts,223.0,Regular Day,22.2,0.0,13.866666666666667,6.449999999999999,11.3,22.4,15.5,0.0,1.0999999999999979,13.325277777777778,82.0,4.399999999999999,0.0,0.0,307.84,3,30,121,0,1,18,4,2024,0,5,0.43388373911755823,-0.900968867902419,-2.4492935982947064e-16,1.0,257.0,266.0,192.0,320.0,242.0,331.14,334.79,318.14,72.7,250.0,433.0,334.78,258.75,52.48094892434778,1.021484374980049,0,1.0619834710304965,-0.8409903712735912,0
2024-05-01,Munchkins,254.0,Regular Day,22.4,0.0,13.9,3.4250000000000007,12.6,19.2,17.9,0.0,0.0,12.0,67.0,1.1999999999999993,0.0,0.0,311.36,4,1,122,1,0,18,5,2024,0,1,-0.433883739117558,-0.9009688679024191,0.9510565162951535,0.30901699437494745,331.0,341.0,210.0,279.0,386.0,418.86,397.43,377.1,145.87,285.0,642.0,372.24,290.25,60.00763840267893,1.3742331288062528,0,0.8575129533456602,-0.31603482550791573,0
2024-05-01,Donuts,228.0,Regular Day,22.4,0.0,13.9,3.4250000000000007,12.6,19.2,17.9,0.0,0.0,12.0,67.0,1.1999999999999993,0.0,0.0,311.36,4,1,122,1,0,18,5,2024,0,1,-0.433883739117558,-0.9009688679024191,0.9510565162951535,0.30901699437494745,329.0,335.0,229.0,337.0,311.0,351.0,342.43,322.71,74.1,250.0,433.0,354.83,307.5,52.443620520834884,1.1731448763043615,0,1.0578778134708078,0.08488529013699282,0
2024-05-02,Munchkins,328.0,Regular Day,19.2,0.0,13.933333333333334,3.875,19.6,19.1,20.5,0.0,-1.8000000000000007,12.579166666666667,70.0,1.1000000000000014,0.0,0.1,267.52,5,2,123,0,0,18,5,2024,0,1,-0.9749279121818236,-0.2225209339563146,0.9510565162951535,0.30901699437494745,415.0,285.0,300.0,280.0,340.0,416.57,397.43,379.62,141.86,285.0,626.0,435.68,320.0,63.900965042269384,1.2068965517033294,0,1.220588235258218,0.2494008176900182,0
2024-05-02,Donuts,243.0,Regular Day,19.2,0.0,13.933333333333334,3.875,19.6,19.1,20.5,0.0,-1.8000000000000007,12.579166666666667,70.0,1.1000000000000014,0.0,0.1,267.52,5,2,123,0,0,18,5,2024,0,1,-0.9749279121818236,-0.2225209339563146,0.9510565162951535,0.30901699437494745,393.0,400.0,300.0,346.0,332.0,353.57,342.21,326.81,77.65,250.0,451.0,378.87,359.75,46.492830988587194,1.227554179547561,0,1.1837349397233814,0.8524146811522969,0
2024-05-03,Donuts,378.0,Regular Day,19.1,2.6999999999999993,13.966666666666667,1.1750000000000007,11.700000000000001,15.3,20.3,0.0,0.8999999999999986,11.135,85.0,0.0,0.0,0.0,266.7633333333334,6,3,124,0,0,18,5,2024,0,1,-0.7818314824680299,0.6234898018587334,0.9510565162951535,0.30901699437494745,415.0,276.0,308.0,319.0,424.0,353.0,341.29,329.38,77.44,250.0,451.0,378.16,329.5,59.84702721661842,1.102073365213683,0,0.978773584882576,1.105630165146484,0
2024-05-03,Munchkins,444.0,Regular Day,19.1,2.6999999999999993,13.966666666666667,1.1750000000000007,11.700000000000001,15.3,20.3,0.0,0.8999999999999986,11.135,85.0,0.0,0.0,0.0,266.7633333333334,6,3,124,0,0,18,5,2024,0,1,-0.7818314824680299,0.6234898018587334,0.9510565162951535,0.30901699437494745,318.0,393.0,389.0,216.0,400.0,418.29,406.64,387.19,144.58,285.0,626.0,481.26,329.0,82.83718971573094,1.175206611550823,0,0.7949999999801249,-0.4785585834500927,0
2024-05-04,Munchkins,596.0,Regular Day,15.3,7.300000000000001,14.0,-3.5249999999999986,5.0,10.7,17.3,0.0,-2.9000000000000004,2.562777777777778,92.0,0.0,1.0,3.2,214.20000000000002,7,4,125,0,0,18,5,2024,1,1,-2.4492935982947064e-16,1.0,0.9510565162951535,0.30901699437494745,626.0,642.0,626.0,573.0,405.0,425.14,413.0,390.24,138.2,318.0,626.0,444.2,616.75,30.126123768804597,1.0575479566217052,0,1.5456790123075141,1.7059334296884274,0
2024-05-04,Donuts,502.0,Regular Day,15.3,7.300000000000001,14.0,-3.5249999999999986,5.0,10.7,17.3,0.0,-2.9000000000000004,2.562777777777778,92.0,0.0,1.0,3.2,214.20000000000002,7,4,125,0,0,18,5,2024,1,1,-2.4492935982947064e-16,1.0,0.9510565162951535,0.30901699437494745,451.0,433.0,454.0,365.0,448.0,346.14,340.21,326.29,89.29,202.0,451.0,334.12,425.75,41.548164821084455,1.0793650793519003,0,1.0066964285489577,1.3966849589655408,0
2024-05-05,Munchkins,578.0,Regular Day,10.7,5.699999999999999,14.05,-3.1999999999999993,7.1,12.3,17.4,0.0,-1.299999999999999,2.0,100.0,0.0,0.0,2.5,150.335,1,5,126,0,0,18,5,2024,1,1,0.7818314824680298,0.6234898018587336,0.9510565162951535,0.30901699437494745,618.0,606.0,489.0,459.0,234.0,422.43,417.43,397.9,140.44,316.0,626.0,412.15,543.0,80.75890043827987,1.2911392404927096,0,2.6410256409127766,1.5672173168921093,0
2024-05-05,Donuts,488.0,Regular Day,10.7,5.699999999999999,14.05,-3.1999999999999993,7.1,12.3,17.4,0.0,-1.299999999999999,2.0,100.0,0.0,0.0,2.5,150.335,1,5,126,0,0,18,5,2024,1,1,0.7818314824680298,0.6234898018587336,0.9510565162951535,0.30901699437494745,376.0,380.0,389.0,322.0,301.0,341.29,337.14,327.76,95.65,202.0,451.0,306.34,366.75,30.324632451743472,1.0632911392255515,0,1.2491694351744462,0.5043387349185219,0
2024-05-06,Munchkins,351.0,Regular Day,12.3,0.3999999999999986,14.083333333333334,1.0500000000000007,9.499999999999998,17.6,12.2,0.0,2.900000000000002,2.7405555555555554,86.0,0.0,0.0,0.8,173.22500000000002,2,6,127,0,0,19,5,2024,0,1,0.9749279121818236,-0.22252093395631434,0.9510565162951535,0.30901699437494745,333.0,285.0,244.0,269.0,233.0,411.43,411.21,400.0,151.38,254.0,626.0,372.61,282.75,37.50888783564059,1.2046783625496165,0,1.4291845492948847,-0.4425947945275073,0
2024-05-06,Donuts,342.0,Regular Day,12.3,0.3999999999999986,14.083333333333334,1.0500000000000007,9.499999999999998,17.6,12.2,0.0,2.900000000000002,2.7405555555555554,86.0,0.0,0.0,0.8,173.22500000000002,2,6,127,0,0,19,5,2024,0,1,0.9749279121818236,-0.22252093395631434,0.9510565162951535,0.30901699437494745,202.0,250.0,217.0,267.0,288.0,326.86,329.5,327.71,104.98,202.0,451.0,286.75,234.0,29.765752132274432,0.933884297501366,0,0.7013888888645351,-1.197466183920988,0
2024-05-07,Donuts,226.0,Regular Day,17.6,0.0,14.116666666666667,2.025000000000002,10.499999999999998,19.6,15.4,0.0,2.200000000000003,11.0,65.0,1.6000000000000014,0.0,0.0,248.45333333333338,3,7,128,0,0,19,5,2024,0,1,0.43388373911755823,-0.900968867902419,0.9510565162951535,0.30901699437494745,223.0,257.0,266.0,192.0,392.0,305.43,318.29,325.0,104.53,202.0,451.0,275.81,234.5,33.84769809996932,1.0480349344749338,0,0.568877551005896,-0.9757964219864349,0
2024-05-07,Munchkins,240.0,Regular Day,17.6,0.0,14.116666666666667,2.025000000000002,10.499999999999998,19.6,15.4,0.0,2.200000000000003,11.0,65.0,1.6000000000000014,0.0,0.0,248.45333333333338,3,7,128,0,0,19,5,2024,0,1,0.43388373911755823,-0.900968867902419,0.9510565162951535,0.30901699437494745,316.0,335.0,254.0,155.0,338.0,399.0,414.29,401.33,154.58,254.0,626.0,361.46,265.0,81.08020720249795,1.5916870415258757,0,0.9349112425758902,-0.5520119031859222,0
2024-05-08,Munchkins,321.0,Regular Day,19.6,0.0,14.15,4.475000000000001,13.6,21.7,21.7,0.0,1.3999999999999986,11.09388888888889,73.0,3.6999999999999993,0.0,1.0,277.34000000000003,4,8,129,0,0,19,5,2024,0,2,-0.433883739117558,-0.9009688679024191,0.5877852522924732,-0.8090169943749473,254.0,331.0,341.0,210.0,293.0,417.0,417.93,403.95,150.86,254.0,626.0,382.09,284.0,62.806581396113785,1.061705989091439,0,0.8668941979226316,-0.993967917208407,0
2024-05-08,Donuts,282.0,Regular Day,19.6,0.0,14.15,4.475000000000001,13.6,21.7,21.7,0.0,1.3999999999999986,11.09388888888889,73.0,3.6999999999999993,0.0,1.0,277.34000000000003,4,8,129,0,0,19,5,2024,0,2,-0.433883739117558,-0.9009688679024191,0.5877852522924732,-0.8090169943749473,228.0,329.0,335.0,229.0,242.0,300.14,325.57,328.33,98.85,202.0,451.0,301.36,280.25,59.80732953966986,0.987588652464759,0,0.9421487602916467,-1.0149721799681364,0
2024-05-09,Donuts,338.0,Regular Day,21.7,0.0,14.183333333333334,3.349999999999998,9.3,19.7,15.8,0.0,0.8000000000000007,3.276111111111111,87.0,1.6999999999999993,0.0,0.0,307.7783333333333,5,9,130,0,0,19,5,2024,0,2,-0.9749279121818236,-0.2225209339563146,0.5877852522924732,-0.8090169943749473,243.0,393.0,400.0,300.0,357.0,307.43,330.5,330.62,112.73,202.0,502.0,351.52,334.0,75.8814865431615,0.908571428558449,0,0.6806722688884965,-0.7772553889135763,0
2024-05-09,Munchkins,415.0,Regular Day,21.7,0.0,14.183333333333334,3.349999999999998,9.3,19.7,15.8,0.0,0.8000000000000007,3.276111111111111,87.0,1.6999999999999993,0.0,0.0,307.7783333333333,5,9,130,0,0,19,5,2024,0,2,-0.9749279121818236,-0.2225209339563146,0.5877852522924732,-0.8090169943749473,328.0,415.0,285.0,300.0,362.0,412.71,414.64,402.52,144.22,254.0,618.0,435.57,332.0,58.13203362461469,1.2700854700637592,0,0.9060773480412686,-0.5167105810208908,0
2024-05-10,Donuts,444.0,Regular Day,19.7,6.199999999999999,14.216666666666667,-3.424999999999999,7.0,11.8,23.7,0.0,-1.5,0.0,97.0,0.0,0.0,7.2,280.0683333333333,6,10,131,0,0,19,5,2024,0,2,-0.7818314824680299,0.6234898018587334,0.5877852522924732,-0.8090169943749473,378.0,415.0,276.0,308.0,462.0,323.43,338.21,335.33,130.61,202.0,502.0,385.64,344.25,63.55247175890696,1.3578767123055158,0,0.8181818181641086,0.32669780259346937,0
2024-05-10,Munchkins,328.0,Regular Day,19.7,6.199999999999999,14.216666666666667,-3.424999999999999,7.0,11.8,23.7,0.0,-1.5,0.0,97.0,0.0,0.0,7.2,280.0683333333333,6,10,131,0,0,19,5,2024,0,2,-0.7818314824680299,0.6234898018587334,0.5877852522924732,-0.8090169943749473,444.0,318.0,393.0,389.0,431.0,407.0,412.64,406.76,135.24,254.0,596.0,471.18,386.0,51.78802950489621,0.9744245524172068,0,1.0301624129691378,0.2753623188202187,0
2024-05-11,Donuts,297.0,Regular Day,11.8,6.5,14.25,-4.175000000000001,9.5,11.5,15.7,0.0,-1.5999999999999996,12.487777777777778,70.0,0.0,0.0,0.0,168.15,7,11,132,0,0,19,5,2024,1,2,-2.4492935982947064e-16,1.0,0.5877852522924732,-0.8090169943749473,502.0,451.0,433.0,454.0,469.0,343.43,344.79,341.29,119.13,223.0,502.0,374.73,460.0,29.49576240750525,1.0744081172370417,0,1.0703624733247257,1.3490304708008871,0
2024-05-11,Munchkins,679.0,Regular Day,11.8,6.5,14.25,-4.175000000000001,9.5,11.5,15.7,0.0,-1.5999999999999996,12.487777777777778,70.0,0.0,0.0,0.0,168.15,7,11,132,0,0,19,5,2024,1,2,-2.4492935982947064e-16,1.0,0.5877852522924732,-0.8090169943749473,596.0,626.0,642.0,626.0,385.0,409.57,417.36,411.86,133.76,254.0,596.0,441.13,622.5,19.209372712298546,0.9637223974687404,0,1.548051948011739,1.376644736739186,0
2024-05-12,Munchkins,579.0,Regular Day,11.5,7.199999999999999,14.283333333333333,-5.049999999999997,5.699999999999999,10.8,14.8,0.0,-1.1999999999999993,6.051666666666667,93.0,0.0,0.0,5.8,164.25833333333333,1,12,133,0,0,19,5,2024,1,2,0.7818314824680298,0.6234898018587336,0.5877852522924732,-0.8090169943749473,578.0,618.0,606.0,489.0,219.0,398.71,410.57,411.19,145.22,240.0,596.0,390.85,572.75,58.29451089082059,1.0922374429123998,0,2.6392694062721795,1.1486709818793093,0
2024-05-12,Donuts,521.0,Regular Day,11.5,7.199999999999999,14.283333333333333,-5.049999999999997,5.699999999999999,10.8,14.8,0.0,-1.1999999999999993,6.051666666666667,93.0,0.0,0.0,5.8,164.25833333333333,1,12,133,0,0,19,5,2024,1,2,0.7818314824680298,0.6234898018587336,0.5877852522924732,-0.8090169943749473,488.0,376.0,380.0,389.0,245.0,343.86,342.57,339.38,118.63,226.0,502.0,337.55,408.25,53.44389581607987,1.1235370611037252,0,1.991836734612578,1.2528028322302283,0
2024-05-13,Munchkins,349.0,Regular Day,10.8,5.800000000000001,14.316666666666666,-3.150000000000002,14.7,12.2,17.0,0.0,-1.1999999999999993,13.134444444444444,24.0,0.0,0.0,0.0,154.62,2,13,134,0,0,20,5,2024,0,2,0.9749279121818236,-0.22252093395631434,0.5877852522924732,-0.8090169943749473,351.0,333.0,285.0,244.0,334.0,408.29,409.86,410.24,136.0,240.0,596.0,373.39,303.25,48.334770093587906,1.2930056710530622,0,1.0508982035613503,-0.4355882352620891,0
2024-05-13,Donuts,230.0,Regular Day,10.8,5.800000000000001,14.316666666666666,-3.150000000000002,14.7,12.2,17.0,0.0,-1.1999999999999993,13.134444444444444,24.0,0.0,0.0,0.0,154.62,2,13,134,0,0,20,5,2024,0,2,0.9749279121818236,-0.22252093395631434,0.5877852522924732,-0.8090169943749473,342.0,202.0,250.0,217.0,327.0,351.57,339.21,336.86,111.38,226.0,502.0,323.66,252.75,62.787339488148405,1.1648822269557841,0,1.0458715596010437,0.046148321058884036,0
2024-05-14,Munchkins,271.0,Regular Day,12.2,1.8000000000000007,14.35,0.125,11.8,16.2,18.0,0.0,0.29999999999999716,9.31861111111111,82.0,0.0,0.0,1.4,175.07,3,14,135,0,0,20,5,2024,0,2,0.43388373911755823,-0.900968867902419,0.5877852522924732,-0.8090169943749473,240.0,316.0,335.0,254.0,523.0,420.71,409.86,416.43,131.34,240.0,596.0,383.79,286.25,46.33483211005157,0.943972835298065,0,0.458891013375547,-1.3433074462202446,0
2024-05-14,Donuts,242.0,Regular Day,12.2,1.8000000000000007,14.35,0.125,11.8,16.2,18.0,0.0,0.29999999999999716,9.31861111111111,82.0,0.0,0.0,1.4,175.07,3,14,135,0,0,20,5,2024,0,2,0.43388373911755823,-0.900968867902419,0.5877852522924732,-0.8090169943749473,226.0,223.0,257.0,266.0,764.0,365.14,335.29,333.9,101.27,226.0,502.0,327.25,243.0,21.710212650578374,0.8585086041900859,0,0.29581151832073543,-1.0654685493171254,0
2024-05-15,Munchkins,234.0,Regular Day,16.2,2.1999999999999993,14.383333333333333,-2.1999999999999993,4.199999999999999,15.8,29.0,0.0,-1.8999999999999986,4.473055555555556,95.0,0.0,0.0,11.1,233.01,4,15,136,0,0,20,5,2024,0,3,-0.433883739117558,-0.9009688679024191,-0.587785252292473,-0.8090169943749476,321.0,254.0,331.0,341.0,183.0,404.14,410.57,413.33,135.17,240.0,596.0,369.84,311.75,39.35627861811463,0.8556547618920289,0,1.7540983605598852,-0.683065768981056,0
2024-05-15,Donuts,318.0,Regular Day,16.2,2.1999999999999993,14.383333333333333,-2.1999999999999993,4.199999999999999,15.8,29.0,0.0,-1.8999999999999986,4.473055555555556,95.0,0.0,0.0,11.1,233.01,4,15,136,0,0,20,5,2024,0,3,-0.433883739117558,-0.9009688679024191,-0.587785252292473,-0.8090169943749476,282.0,228.0,329.0,335.0,273.0,374.57,337.36,341.9,105.65,226.0,502.0,356.43,293.5,49.68232415390139,0.7680722891450591,0,1.0329670329291953,-0.5669663984319008,0
2024-05-16,Munchkins,288.0,Regular Day,15.8,1.3999999999999986,14.416666666666666,-3.3999999999999986,2.700000000000001,16.6,26.8,0.0,-0.9000000000000021,0.0,100.0,0.0,0.0,3.3,227.78333333333333,5,16,137,0,0,20,5,2024,0,3,-0.9749279121818236,-0.2225209339563146,-0.587785252292473,-0.8090169943749476,415.0,328.0,415.0,285.0,323.0,416.0,414.36,415.1,156.73,240.0,679.0,447.13,360.75,65.05574532660432,1.0614285714134082,0,1.284829721322451,-0.000638039941259761,0
2024-05-16,Donuts,369.0,Regular Day,15.8,1.3999999999999986,14.416666666666666,-3.3999999999999986,2.700000000000001,16.6,26.8,0.0,-0.9000000000000021,0.0,100.0,0.0,0.0,3.3,227.78333333333333,5,16,137,0,0,20,5,2024,0,3,-0.9749279121818236,-0.2225209339563146,-0.587785252292473,-0.8090169943749476,338.0,243.0,393.0,400.0,423.0,345.29,326.36,335.43,91.96,226.0,488.0,341.58,343.5,72.50976945671988,0.7326607818318706,0,0.7990543735035684,0.027946933446286692,0
2024-05-17,Munchkins,306.0,Regular Day,16.6,0.6999999999999993,14.433333333333334,-1.0749999999999993,6.999999999999998,17.3,18.0,0.0,-0.5,0.2663888888888889,100.0,0.0,0.0,0.4,239.59333333333336,6,17,138,0,0,20,5,2024,0,3,-0.7818314824680299,0.6234898018587334,-0.587785252292473,-0.8090169943749476,328.0,444.0,318.0,393.0,253.0,416.14,411.57,413.81,156.9,240.0,679.0,480.1,370.75,59.078337823605025,1.0857946553996372,0,1.2964426876957926,-0.5469088591110957,0
2024-05-17,Donuts,421.0,Regular Day,16.6,0.6999999999999993,14.433333333333334,-1.0749999999999993,6.999999999999998,17.3,18.0,0.0,-0.5,0.2663888888888889,100.0,0.0,0.0,0.4,239.59333333333336,6,17,138,0,0,20,5,2024,0,3,-0.7818314824680299,0.6234898018587334,-0.587785252292473,-0.8090169943749476,444.0,378.0,415.0,276.0,295.0,350.0,336.71,342.14,100.91,226.0,521.0,386.43,378.25,73.32291592674149,1.1895803183619453,0,1.505084745711692,1.0094143295006033,0
2024-05-18,Munchkins,431.0,Regular Day,17.3,2.3000000000000007,14.45,-3.275000000000002,7.0,15.7,10.2,0.0,0.8000000000000007,1.0766666666666667,87.0,0.0,1.0,4.3,249.98499999999999,7,18,139,0,0,20,5,2024,1,3,-2.4492935982947064e-16,1.0,-0.587785252292473,-0.8090169943749476,679.0,596.0,626.0,642.0,364.0,415.86,412.71,416.86,157.04,240.0,679.0,447.32,635.75,34.56756668709365,1.0055205047239313,0,1.8653846153333684,1.6692562403419984,0
2024-05-18,Donuts,372.0,Regular Day,17.3,2.3000000000000007,14.45,-3.275000000000002,7.0,15.7,10.2,0.0,0.8000000000000007,1.0766666666666667,87.0,0.0,1.0,4.3,249.98499999999999,7,18,139,0,0,20,5,2024,1,3,-2.4492935982947064e-16,1.0,-0.587785252292473,-0.8090169943749476,297.0,502.0,451.0,433.0,412.0,334.0,338.71,341.19,110.78,226.0,521.0,347.32,420.75,87.52285415821402,0.9038461538359294,0,0.72087378639027,-0.3988987181441687,0
2024-05-19,Donuts,345.0,Regular Day,15.7,1.8000000000000007,14.483333333333333,-2.1750000000000007,10.200000000000001,16.2,16.3,0.0,0.0,6.221111111111111,80.0,0.0,0.0,0.8,227.38833333333332,1,19,140,0,0,20,5,2024,1,3,0.7818314824680298,0.6234898018587336,-0.587785252292473,-0.8090169943749476,521.0,488.0,376.0,380.0,257.0,336.29,340.07,340.48,108.32,230.0,521.0,320.99,441.25,74.28492444635049,1.3346560846384306,0,2.027237354006722,1.6665435744399424,0
2024-05-19,Munchkins,429.0,Regular Day,15.7,1.8000000000000007,14.483333333333333,-2.1750000000000007,10.200000000000001,16.2,16.3,0.0,0.0,6.221111111111111,80.0,0.0,0.0,0.8,227.38833333333332,1,19,140,0,0,20,5,2024,1,3,0.7818314824680298,0.6234898018587336,-0.587785252292473,-0.8090169943749476,579.0,578.0,618.0,606.0,246.0,420.29,409.5,413.81,151.6,271.0,679.0,403.24,595.25,19.956202043475106,0.9452614379007741,0,2.3536585364896885,1.0896437994004193,0
2024-05-20,Munchkins,176.0,Regular Day,16.2,2.1999999999999993,14.516666666666667,-0.34999999999999787,13.500000000000002,15.8,15.5,0.0,0.7999999999999972,14.0,41.0,0.0,0.0,0.0,235.17000000000002,2,20,141,0,0,21,5,2024,0,3,0.9749279121818236,-0.22252093395631434,-0.587785252292473,-0.8090169943749476,349.0,351.0,333.0,285.0,275.0,407.86,408.07,409.19,164.14,234.0,679.0,360.93,329.5,30.740852297878796,1.1326860841240665,0,1.2690909090447602,-0.36669915923195445,0
2024-05-20,Donuts,273.0,Regular Day,16.2,2.1999999999999993,14.516666666666667,-0.34999999999999787,13.500000000000002,15.8,15.5,0.0,0.7999999999999972,14.0,41.0,0.0,0.0,0.0,235.17000000000002,2,20,141,0,0,21,5,2024,0,3,0.9749279121818236,-0.22252093395631434,-0.587785252292473,-0.8090169943749476,230.0,342.0,202.0,250.0,310.0,341.43,346.5,339.95,106.15,230.0,521.0,320.24,256.0,60.61902891556963,1.2654867256357194,0,0.7419354838470343,-1.0357983983951202,0
2024-05-21,Munchkins,354.0,Regular Day,15.8,0.3000000000000007,14.533333333333333,2.2749999999999986,16.5,17.7,15.1,0.0,3.8000000000000007,14.0,47.0,0.0,0.0,0.0,229.62666666666667,3,21,142,0,0,21,5,2024,0,3,0.43388373911755823,-0.900968867902419,-0.587785252292473,-0.8090169943749476,271.0,240.0,316.0,335.0,297.0,389.71,405.21,403.14,170.13,234.0,679.0,342.7,290.5,43.05422937025661,0.7849462365470822,0,0.91245791242719,-0.7767001704122317,0
2024-05-21,Donuts,262.0,Regular Day,15.8,0.3000000000000007,14.533333333333333,2.2749999999999986,16.5,17.7,15.1,0.0,3.8000000000000007,14.0,47.0,0.0,0.0,0.0,229.62666666666667,3,21,142,0,0,21,5,2024,0,3,0.43388373911755823,-0.900968867902419,-0.587785252292473,-0.8090169943749476,242.0,226.0,223.0,257.0,248.0,345.86,355.5,338.81,106.63,230.0,521.0,332.43,237.0,15.726834816113932,0.9749999999796874,0,0.9758064515735562,-0.9079058425482599,0
2024-05-22,Donuts,256.0,Regular Day,17.7,0.0,14.566666666666666,3.5666666666666664,14.999999999999998,19.7,16.9,0.0,3.200000000000003,14.0,30.0,1.6999999999999993,0.0,0.0,257.83,4,22,143,0,0,21,5,2024,0,4,-0.433883739117558,-0.9009688679024191,-0.9510565162951536,0.30901699437494723,318.0,282.0,228.0,329.0,304.0,342.57,358.57,339.1,103.4,230.0,521.0,354.58,289.25,45.5,1.077199281847806,0,1.0460526315445378,-0.2040618955315223,0
2024-05-22,Munchkins,306.0,Regular Day,17.7,0.0,14.566666666666666,3.5666666666666664,14.999999999999998,19.7,16.9,0.0,3.200000000000003,14.0,30.0,1.6999999999999993,0.0,0.0,257.83,4,22,143,0,0,21,5,2024,0,4,-0.433883739117558,-0.9009688679024191,-0.9510565162951536,0.30901699437494723,234.0,321.0,254.0,331.0,345.0,386.57,395.36,402.57,171.66,234.0,679.0,333.52,285.0,48.2147971754177,0.9487179487017313,0,0.6782608695455576,-0.9819993008865199,0
2024-05-23,Donuts,272.0,Regular Day,19.7,0.0,14.6,4.5,8.399999999999999,21.7,15.5,0.0,3.900000000000002,10.133611111111112,76.0,3.6999999999999993,0.0,20.3,287.62,5,23,144,0,0,21,5,2024,0,4,-0.9749279121818236,-0.2225209339563146,-0.9510565162951536,0.30901699437494723,369.0,338.0,243.0,393.0,379.0,353.29,349.29,335.33,101.77,230.0,521.0,358.93,335.75,65.80463509510557,1.1116352201083075,0,0.9736147756999046,0.3308440601030911,0
2024-05-23,Munchkins,313.0,Regular Day,19.7,0.0,14.6,4.5,8.399999999999999,21.7,15.5,0.0,3.900000000000002,10.133611111111112,76.0,3.6999999999999993,0.0,20.3,287.62,5,23,144,0,0,21,5,2024,0,4,-0.9749279121818236,-0.2225209339563146,-0.9510565162951536,0.30901699437494723,288.0,415.0,328.0,415.0,426.0,351.14,383.57,393.29,118.65,234.0,579.0,357.89,361.5,63.89835678638379,0.9461641991797286,0,0.6760563380122991,-0.8873999156437086,0
2024-05-24,Donuts,360.0,Regular Day,21.7,0.0,14.616666666666667,5.166666666666664,12.0,22.8,13.0,0.0,2.0,11.030555555555555,61.0,4.800000000000001,0.0,4.0,317.1816666666667,6,24,145,0,0,21,5,2024,0,4,-0.7818314824680299,0.6234898018587334,-0.9510565162951536,0.30901699437494723,421.0,444.0,378.0,415.0,468.0,328.14,339.07,333.86,70.3,230.0,421.0,355.45,414.5,27.35568192045911,1.0907944514364338,0,0.899572649553428,1.2395448077895383,0
2024-05-24,Munchkins,357.0,Regular Day,21.7,0.0,14.616666666666667,5.166666666666664,12.0,22.8,13.0,0.0,2.0,11.030555555555555,61.0,4.800000000000001,0.0,4.0,317.1816666666667,6,24,145,0,0,21,5,2024,0,4,-0.7818314824680299,0.6234898018587334,-0.9510565162951536,0.30901699437494723,306.0,328.0,444.0,318.0,388.0,329.71,372.93,384.29,76.81,234.0,431.0,375.67,349.0,63.968742366877905,0.8320209973644092,0,0.7886597937941067,-1.0192683243042227,0
2024-05-25,Donuts,389.0,Regular Day,22.8,0.0,14.65,4.599999999999998,12.1,22.0,14.8,0.0,2.8000000000000007,14.0,65.0,4.0,0.0,1.2,334.02000000000004,7,25,146,0,0,21,5,2024,1,4,-2.4492935982947064e-16,1.0,-0.9510565162951536,0.30901699437494723,372.0,297.0,502.0,451.0,398.0,334.29,334.14,337.24,61.64,242.0,421.0,334.84,405.5,89.95739732414079,0.7019937040849739,0,0.9346733668106866,0.5639195326794418,0
2024-05-25,Munchkins,515.0,Regular Day,22.8,0.0,14.65,4.599999999999998,12.1,22.0,14.8,0.0,2.8000000000000007,14.0,65.0,4.0,0.0,1.2,334.02000000000004,7,25,146,0,0,21,5,2024,1,4,-2.4492935982947064e-16,1.0,-0.9510565162951536,0.30901699437494723,431.0,679.0,596.0,626.0,318.0,305.0,360.43,376.81,95.2,176.0,431.0,325.75,583.0,106.98598038995577,0.9083469721693262,0,1.3553459119070645,0.569222689015838,0
2024-05-26,Donuts,358.0,Regular Day,22.0,0.0,14.666666666666666,3.9333333333333336,12.100000000000001,21.7,12.7,0.0,3.599999999999998,13.054722222222223,79.0,3.6999999999999993,0.0,0.0,322.66666666666663,1,26,147,0,0,21,5,2024,1,4,0.7818314824680298,0.6234898018587336,-0.9510565162951536,0.30901699437494723,345.0,521.0,488.0,376.0,220.0,337.14,336.71,339.1,56.94,262.0,421.0,316.63,432.5,85.16846051600714,1.002314814803214,0,1.5681818181105371,0.10361784332567262,0
2024-05-26,Munchkins,504.0,Regular Day,22.0,0.0,14.666666666666666,3.9333333333333336,12.100000000000001,21.7,12.7,0.0,3.599999999999998,13.054722222222223,79.0,3.6999999999999993,0.0,0.0,322.66666666666663,1,26,147,0,0,21,5,2024,1,4,0.7818314824680298,0.6234898018587336,-0.9510565162951536,0.30901699437494723,429.0,579.0,578.0,618.0,287.0,316.86,368.57,378.62,95.43,176.0,431.0,332.81,551.0,83.43860018001261,0.8428093645414482,0,1.4947735191116802,0.5279262285939509,0
2024-05-27,Donuts,355.0,Memorial Day,21.7,0.0,14.683333333333334,3.6666666666666643,8.7,20.2,26.1,0.0,1.3000000000000007,3.4280555555555554,99.0,2.1999999999999993,0.0,3.2,318.62833333333333,2,27,148,0,0,22,5,2024,0,4,0.9749279121818236,-0.22252093395631434,-0.9510565162951536,0.30901699437494723,273.0,230.0,342.0,202.0,283.0,328.29,334.86,340.43,64.7,256.0,421.0,301.47,261.75,60.95011621536637,0.9246323529241796,1,0.9646643109199765,-1.0421947448157352,0
2024-05-27,Munchkins,425.0,Memorial Day,21.7,0.0,14.683333333333334,3.6666666666666643,8.7,20.2,26.1,0.0,1.3000000000000007,3.4280555555555554,99.0,2.1999999999999993,0.0,3.2,318.62833333333333,2,27,148,0,0,22,5,2024,0,4,0.9749279121818236,-0.22252093395631434,-0.9510565162951536,0.30901699437494723,176.0,349.0,351.0,333.0,264.0,327.14,367.5,381.1,88.65,176.0,431.0,326.11,302.25,84.55126649948342,0.7675438596379014,1,0.6666666666414142,-2.3135927803368763,1
2024-05-28,Munchkins,219.0,Regular Day,20.2,0.0,14.716666666666667,3.133333333333333,9.100000000000001,22.2,21.3,0.0,-0.3000000000000007,13.0,22.0,4.199999999999999,0.0,1.4,297.27666666666664,3,28,149,0,0,22,5,2024,0,4,0.43388373911755823,-0.900968867902419,-0.9510565162951536,0.30901699437494723,354.0,271.0,240.0,316.0,387.0,330.71,360.21,380.38,87.3,176.0,431.0,322.83,295.25,50.075775913442754,1.1241007194042427,0,0.9147286821469062,-0.30217640317271743,0
2024-05-28,Donuts,156.0,Regular Day,20.2,0.0,14.716666666666667,3.133333333333333,9.100000000000001,22.2,21.3,0.0,-0.3000000000000007,13.0,22.0,4.199999999999999,0.0,1.4,297.27666666666664,3,28,149,0,0,22,5,2024,0,4,0.43388373911755823,-0.900968867902419,-0.9510565162951536,0.30901699437494723,262.0,242.0,226.0,223.0,264.0,314.43,330.14,341.81,64.92,256.0,421.0,294.1,238.25,17.89553016817328,1.1224944320462695,0,0.9924242423866506,-1.229359211147665,0
2024-05-29,Munchkins,251.0,Regular Day,22.2,0.0,14.733333333333333,2.0,11.000000000000002,20.7,15.0,0.0,1.0999999999999979,14.0,14.0,2.6999999999999993,0.0,0.3,327.08,4,29,150,0,0,22,5,2024,0,5,-0.433883739117558,-0.9009688679024191,-2.4492935982947064e-16,1.0,306.0,234.0,321.0,254.0,358.0,338.0,362.29,376.24,87.02,176.0,431.0,331.37,278.75,41.403502267320334,0.939130434766276,0,0.8547486033280797,-0.8071707652485441,0
2024-05-29,Donuts,203.0,Regular Day,22.2,0.0,14.733333333333333,2.0,11.000000000000002,20.7,15.0,0.0,1.0999999999999979,14.0,14.0,2.6999999999999993,0.0,0.3,327.08,4,29,150,0,0,22,5,2024,0,5,-0.433883739117558,-0.9009688679024191,-2.4492935982947064e-16,1.0,256.0,318.0,282.0,228.0,333.0,305.71,324.14,340.95,50.78,256.0,372.0,310.58,271.0,38.31448812133603,1.125490196056363,0,0.7687687687456826,-1.672902717275915,0
2024-05-30,Munchkins,244.0,Regular Day,20.7,0.0,14.75,1.1333333333333329,9.099999999999998,18.3,17.1,0.0,-1.3999999999999986,13.068888888888889,27.0,0.3000000000000007,0.0,3.2,305.325,5,30,151,0,0,22,5,2024,0,5,-0.9749279121818236,-0.2225209339563146,-2.4492935982947064e-16,1.0,313.0,288.0,415.0,328.0,386.0,350.0,350.57,372.38,105.76,176.0,515.0,377.28,336.0,55.190578906186516,0.8088829071223569,0,0.8108808289945367,-0.5614599091753536,0
2024-05-30,Donuts,286.0,Regular Day,20.7,0.0,14.75,1.1333333333333329,9.099999999999998,18.3,17.1,0.0,-1.3999999999999986,13.068888888888889,27.0,0.3000000000000007,0.0,3.2,305.325,5,30,151,0,0,22,5,2024,0,5,-0.9749279121818236,-0.2225209339563146,-2.4492935982947064e-16,1.0,272.0,369.0,338.0,243.0,413.0,308.14,330.71,335.57,54.73,256.0,389.0,330.18,305.5,58.07179464536406,1.1032702237331622,0,0.6585956416305425,-1.1615201898115255,0
2024-05-31,Munchkins,357.0,Regular Day,18.3,0.0,14.766666666666667,0.6333333333333364,13.1,18.0,19.0,0.0,-2.8999999999999986,14.0,16.0,0.0,0.0,0.0,270.23,6,31,152,0,1,22,5,2024,0,5,-0.7818314824680299,0.6234898018587334,-2.4492935982947064e-16,1.0,357.0,306.0,328.0,444.0,461.0,360.71,345.21,368.86,118.17,176.0,515.0,408.96,358.75,60.549566472436446,0.8588082901443159,0,0.7744034706990368,-0.1003638825336073,0
2024-05-31,Donuts,377.0,Regular Day,18.3,0.0,14.766666666666667,0.6333333333333364,13.1,18.0,19.0,0.0,-2.8999999999999986,14.0,16.0,0.0,0.0,0.0,270.23,6,31,152,0,1,22,5,2024,0,5,-0.7818314824680299,0.6234898018587334,-2.4492935982947064e-16,1.0,360.0,421.0,444.0,378.0,482.0,310.0,319.07,329.38,56.39,256.0,389.0,337.14,400.75,38.55191305240247,0.9501216544896579,0,0.7468879667894837,0.5430040786410705,0
2024-06-01,Munchkins,641.0,Regular Day,18.0,0.0,14.8,0.7999999999999972,15.799999999999999,19.7,13.0,0.0,-0.29999999999999716,14.004166666666666,17.0,1.6999999999999993,0.0,0.0,266.40000000000003,7,1,153,1,0,22,6,2024,1,1,-2.4492935982947064e-16,1.0,0.9510565162951535,0.30901699437494745,515.0,431.0,679.0,596.0,382.0,396.29,350.64,372.38,86.54,306.0,515.0,412.97,555.25,106.50938925747344,0.7419607843079062,0,1.3481675392317234,1.6480240349378295,0
2024-06-01,Donuts,422.0,Regular Day,18.0,0.0,14.8,0.7999999999999972,15.799999999999999,19.7,13.0,0.0,-0.29999999999999716,14.004166666666666,17.0,1.6999999999999993,0.0,0.0,266.40000000000003,7,1,153,1,0,22,6,2024,1,1,-2.4492935982947064e-16,1.0,0.9510565162951535,0.30901699437494745,389.0,372.0,297.0,502.0,420.0,321.71,328.0,330.0,55.94,256.0,389.0,341.6,390.0,84.69159737935439,0.9524405506764401,0,0.926190476168424,1.0547014656677332,0
2024-06-02,Munchkins,539.0,Regular Day,19.7,0.0,14.8,1.6000000000000014,12.1,21.1,15.2,0.0,-1.3000000000000007,9.100277777777778,95.0,3.1000000000000014,0.0,0.0,291.56,1,2,154,0,0,22,6,2024,1,1,0.7818314824680298,0.6234898018587336,0.9510565162951535,0.30901699437494745,504.0,429.0,579.0,578.0,247.0,377.0,346.93,371.38,109.53,219.0,515.0,364.48,522.5,71.54718722633336,0.806395851332702,0,2.0404858298769035,1.2108098236820224,0
2024-06-02,Donuts,342.0,Regular Day,19.7,0.0,14.8,1.6000000000000014,12.1,21.1,15.2,0.0,-1.3000000000000007,9.100277777777778,95.0,3.1000000000000014,0.0,0.0,291.56,1,2,154,0,0,22,6,2024,1,1,0.7818314824680298,0.6234898018587336,0.9510565162951535,0.30901699437494745,358.0,345.0,521.0,488.0,285.0,306.57,321.86,326.67,82.73,156.0,389.0,295.2,428.0,89.5134999129554,0.6967294350773366,0,1.256140350833118,0.37870180099375034,0
2024-06-03,Munchkins,206.0,Regular Day,21.1,0.0,14.816666666666666,3.033333333333335,9.7,22.9,12.1,0.0,1.8000000000000007,9.957777777777778,65.0,4.899999999999999,0.0,9.8,312.63166666666666,2,3,155,0,0,23,6,2024,0,1,0.9749279121818236,-0.22252093395631434,0.9510565162951535,0.30901699437494745,425.0,176.0,349.0,351.0,271.0,369.14,348.14,368.05,117.18,219.0,515.0,336.11,325.25,105.59790086297485,0.8585714285591632,0,1.568265682598957,0.4860044375758657,0
2024-06-03,Donuts,246.0,Regular Day,21.1,0.0,14.816666666666666,3.033333333333335,9.7,22.9,12.1,0.0,1.8000000000000007,9.957777777777778,65.0,4.899999999999999,0.0,9.8,312.63166666666666,2,3,155,0,0,23,6,2024,0,1,0.9749279121818236,-0.22252093395631434,0.9510565162951535,0.30901699437494745,355.0,273.0,230.0,342.0,239.0,299.0,313.64,322.9,90.21,156.0,389.0,272.15,300.0,58.92933621437345,1.0979020978829037,0,1.485355648473416,0.3558363817364113,0
2024-06-04,Munchkins,388.0,Regular Day,22.9,0.0,14.85,1.6333333333333329,10.2,22.1,13.8,0.0,2.5,13.858055555555556,49.0,4.100000000000001,0.0,0.1,340.065,3,4,156,0,0,23,6,2024,0,1,0.43388373911755823,-0.900968867902419,0.9510565162951535,0.30901699437494745,219.0,354.0,271.0,240.0,444.0,359.29,345.0,359.9,125.31,219.0,515.0,313.08,271.0,59.312730505347666,1.1213307240485062,0,0.49324324323213414,-1.1244114594905106,0
2024-06-04,Donuts,237.0,Regular Day,22.9,0.0,14.85,1.6333333333333329,10.2,22.1,13.8,0.0,2.5,13.858055555555556,49.0,4.100000000000001,0.0,0.1,340.065,3,4,156,0,0,23,6,2024,0,1,0.43388373911755823,-0.900968867902419,0.9510565162951535,0.30901699437494745,156.0,262.0,242.0,226.0,279.0,301.0,307.71,320.43,89.67,156.0,389.0,275.61,221.5,46.0832579866774,0.8931623931433085,0,0.5591397849261956,-1.8337236531912877,0
2024-06-05,Munchkins,372.0,Regular Day,22.1,0.0,14.85,-0.3000000000000007,9.400000000000002,21.0,17.6,0.0,2.0,10.268055555555556,97.0,3.0,0.0,2.4,328.185,4,5,157,0,0,23,6,2024,0,1,-0.433883739117558,-0.9009688679024191,0.9510565162951535,0.30901699437494745,251.0,306.0,234.0,321.0,281.0,359.29,348.64,361.29,125.31,219.0,515.0,324.06,278.0,42.02380277890139,1.0036036035855207,0,0.8932384341319132,-0.8801372595259648,0
2024-06-05,Donuts,261.0,Regular Day,22.1,0.0,14.85,-0.3000000000000007,9.400000000000002,21.0,17.6,0.0,2.0,10.268055555555556,97.0,3.0,0.0,2.4,328.185,4,5,157,0,0,23,6,2024,0,1,-0.433883739117558,-0.9009688679024191,0.9510565162951535,0.30901699437494745,203.0,256.0,318.0,282.0,296.0,303.43,304.57,317.24,91.74,156.0,389.0,300.96,264.75,48.38302043761495,0.76499999998725,0,0.6858108107876415,-1.2452583386477811,0
2024-06-06,Munchkins,321.0,Regular Day,21.0,0.0,14.866666666666667,1.8666666666666671,7.799999999999997,23.7,21.1,0.0,2.400000000000002,10.35,96.0,5.699999999999999,0.0,27.9,312.2,5,6,158,0,0,23,6,2024,0,1,-0.9749279121818236,-0.2225209339563146,0.9510565162951535,0.30901699437494745,244.0,313.0,288.0,415.0,422.0,377.29,363.64,359.48,156.56,219.0,641.0,403.3,315.0,72.5120679611332,0.7923186344126271,0,0.578199052119,-0.7376085845211032,0
2024-06-06,Donuts,310.0,Regular Day,21.0,0.0,14.866666666666667,1.8666666666666671,7.799999999999997,23.7,21.1,0.0,2.400000000000002,10.35,96.0,5.699999999999999,0.0,27.9,312.2,5,6,158,0,0,23,6,2024,0,1,-0.9749279121818236,-0.2225209339563146,0.9510565162951535,0.30901699437494745,286.0,272.0,369.0,338.0,365.0,308.14,308.14,323.19,97.54,156.0,422.0,331.22,316.25,45.198635672624754,0.7892503535956259,0,0.783561643814149,-0.38127947504805415,0
2024-06-07,Munchkins,328.0,National Donut Day,23.7,0.0,14.883333333333333,3.666666666666668,10.600000000000001,24.4,23.7,0.0,-0.5,12.292777777777777,32.0,6.399999999999999,0.0,0.0,352.73499999999996,6,7,159,0,0,23,6,2024,0,1,-0.7818314824680299,0.6234898018587334,0.9510565162951535,0.30901699437494745,357.0,357.0,306.0,328.0,479.0,382.29,371.5,357.57,161.75,219.0,641.0,437.22,337.0,24.779023386727733,1.1261829652819213,1,0.7453027139719144,-0.0035239567231205786,0
2024-06-07,Donuts,796.0,National Donut Day,23.7,0.0,14.883333333333333,3.666666666666668,10.600000000000001,24.4,23.7,0.0,-0.5,12.292777777777777,32.0,6.399999999999999,0.0,0.0,352.73499999999996,6,7,159,0,0,23,6,2024,0,1,-0.7818314824680299,0.6234898018587334,0.9510565162951535,0.30901699437494745,377.0,360.0,421.0,444.0,426.0,305.86,307.93,314.67,96.35,156.0,422.0,333.92,400.5,38.75134406271177,0.8520231213774333,1,0.8849765258008221,0.6469122988430811,0
2024-06-08,Munchkins,456.0,Regular Day,24.4,0.0,14.883333333333333,2.8333333333333357,11.7,22.7,20.5,0.0,-1.5,14.0,22.0,4.699999999999999,0.0,0.0,363.1533333333333,7,8,160,0,0,23,6,2024,1,2,-2.4492935982947064e-16,1.0,0.5877852522924732,-0.8090169943749473,641.0,515.0,431.0,679.0,435.0,351.0,373.64,350.76,172.91,206.0,641.0,379.42,566.5,114.33722053644648,1.0414414414320592,0,1.4735632183569296,1.6785611010538106,0
2024-06-08,Donuts,366.0,Regular Day,24.4,0.0,14.883333333333333,2.8333333333333357,11.7,22.7,20.5,0.0,-1.5,14.0,22.0,4.699999999999999,0.0,0.0,363.1533333333333,7,8,160,0,0,23,6,2024,1,2,-2.4492935982947064e-16,1.0,0.5877852522924732,-0.8090169943749473,422.0,389.0,372.0,297.0,428.0,290.29,306.0,315.43,95.89,156.0,422.0,311.94,370.0,52.90872643839893,1.2122571001313565,0,0.985981308388178,1.1113776200738994,0
2024-06-09,Munchkins,436.0,Regular Day,22.7,0.0,14.916666666666666,1.7333333333333343,9.600000000000001,23.0,25.6,0.0,-1.8999999999999986,11.579166666666667,46.0,5.0,0.0,0.2,338.6083333333333,1,9,161,0,0,23,6,2024,1,2,0.7818314824680298,0.6234898018587336,0.5877852522924732,-0.8090169943749473,539.0,504.0,429.0,579.0,204.0,375.14,376.07,356.33,162.91,206.0,641.0,381.56,512.75,63.688696014284986,1.0347222222119572,0,2.6421568626155802,1.1212939659246643,0
2024-06-09,Donuts,410.0,Regular Day,22.7,0.0,14.916666666666666,1.7333333333333343,9.600000000000001,23.0,25.6,0.0,-1.8999999999999986,11.579166666666667,46.0,5.0,0.0,0.2,338.6083333333333,1,9,161,0,0,23,6,2024,1,2,0.7818314824680298,0.6234898018587336,0.5877852522924732,-0.8090169943749473,342.0,358.0,345.0,521.0,328.0,301.86,304.21,315.19,80.67,203.0,422.0,293.2,391.5,86.61216234840617,0.8083140877504813,0,1.042682926797479,0.3323416387340596,0
2024-06-10,Donuts,242.0,Regular Day,23.0,0.0,14.916666666666666,-0.9999999999999964,9.600000000000001,21.6,20.9,0.0,-2.8000000000000007,13.116944444444444,32.0,3.6000000000000014,0.0,0.0,343.0833333333333,2,10,162,0,0,24,6,2024,0,2,0.9749279121818236,-0.22252093395631434,0.5877852522924732,-0.8090169943749473,246.0,355.0,273.0,230.0,234.0,310.14,304.57,312.48,71.25,237.0,422.0,285.15,276.0,55.575774098672404,1.194831013892747,0,1.0512820512371246,-0.933052631447993,0
2024-06-10,Munchkins,281.0,Regular Day,23.0,0.0,14.916666666666666,-0.9999999999999964,9.600000000000001,21.6,20.9,0.0,-2.8000000000000007,13.116944444444444,32.0,3.6000000000000014,0.0,0.0,343.0833333333333,2,10,162,0,0,24,6,2024,0,2,0.9749279121818236,-0.22252093395631434,0.5877852522924732,-0.8090169943749473,206.0,425.0,176.0,349.0,126.0,392.43,380.79,362.9,153.7,206.0,641.0,379.17,289.0,117.97457353175726,1.2019047618818686,0,1.6349206347908793,-1.0208197787234339,0
2024-06-11,Munchkins,361.0,Regular Day,21.6,0.0,14.933333333333334,-2.4666666666666686,8.4,19.3,12.0,0.0,0.6999999999999993,11.959444444444445,57.0,1.3000000000000007,0.0,5.4,322.56,3,11,163,0,0,24,6,2024,0,2,0.43388373911755823,-0.900968867902419,0.5877852522924732,-0.8090169943749473,388.0,219.0,354.0,271.0,230.0,403.43,381.36,364.48,143.74,206.0,641.0,364.63,308.0,77.04111456445405,0.9711999999844608,0,1.6869565216657845,0.163628774164211,0
2024-06-11,Donuts,283.0,Regular Day,21.6,0.0,14.933333333333334,-2.4666666666666686,8.4,19.3,12.0,0.0,0.6999999999999993,11.959444444444445,57.0,1.3000000000000007,0.0,5.4,322.56,3,11,163,0,0,24,6,2024,0,2,0.43388373911755823,-0.900968867902419,0.5877852522924732,-0.8090169943749473,237.0,156.0,262.0,242.0,308.0,313.57,307.29,309.67,70.47,237.0,422.0,291.36,224.25,46.76448082323449,0.7797619047464333,0,0.7694805194555363,-1.0312189582756894,0
2024-06-12,Munchkins,302.0,Regular Day,19.3,0.0,14.933333333333334,-1.3666666666666671,13.9,19.8,9.6,0.0,-0.6999999999999993,14.0,41.0,1.8000000000000007,0.0,0.0,288.21333333333337,4,12,164,0,0,24,6,2024,0,2,-0.433883739117558,-0.9009688679024191,0.5877852522924732,-0.8090169943749473,372.0,251.0,306.0,234.0,263.0,399.29,379.29,365.52,145.71,206.0,641.0,355.47,290.75,62.27559714687608,1.1537037036823388,0,1.4144486691477396,0.044471896229190164,0
2024-06-12,Donuts,323.0,Regular Day,19.3,0.0,14.933333333333334,-1.3666666666666671,13.9,19.8,9.6,0.0,-0.6999999999999993,14.0,41.0,1.8000000000000007,0.0,0.0,288.21333333333337,4,12,164,0,0,24,6,2024,0,2,-0.433883739117558,-0.9009688679024191,0.5877852522924732,-0.8090169943749473,261.0,203.0,256.0,318.0,288.0,373.43,338.43,327.52,197.24,237.0,796.0,417.52,259.5,47.00709166356356,0.8083623693238962,0,0.906249999968533,-0.33725410665497585,0
2024-06-13,Munchkins,314.0,Regular Day,19.8,0.0,14.95,1.2999999999999972,12.0,22.3,22.0,0.0,1.6000000000000014,13.777777777777779,21.0,4.300000000000001,0.0,0.1,296.01,5,13,165,0,0,24,6,2024,0,2,-0.9749279121818236,-0.2225209339563146,0.5877852522924732,-0.8090169943749473,321.0,244.0,313.0,288.0,401.0,372.86,375.07,366.71,105.9,206.0,539.0,380.6,291.5,34.645827069552446,0.9400998335950066,0,0.8004987530972444,-0.43163361657869354,0
2024-06-13,Donuts,319.0,Regular Day,19.8,0.0,14.95,1.2999999999999972,12.0,22.3,22.0,0.0,1.6000000000000014,13.777777777777779,21.0,4.300000000000001,0.0,0.1,296.01,5,13,165,0,0,24,6,2024,0,2,-0.9749279121818236,-0.2225209339563146,0.5877852522924732,-0.8090169943749473,310.0,286.0,272.0,369.0,374.0,365.43,336.79,327.24,196.08,237.0,796.0,404.64,309.25,42.81257603399575,0.9297971918731701,0,0.8288770053254311,-0.08792329660914308,0
2024-06-14,Donuts,301.0,Regular Day,22.3,0.0,14.95,3.5,11.600000000000001,24.5,17.3,0.0,3.299999999999997,13.578611111111112,34.0,6.5,0.0,2.5,333.385,6,14,166,0,0,24,6,2024,0,2,-0.7818314824680299,0.6234898018587334,0.5877852522924732,-0.8090169943749473,796.0,377.0,360.0,421.0,331.0,375.14,340.5,330.33,196.41,237.0,796.0,405.98,488.5,206.60509835593763,1.5019206145774402,0,2.4048338367853526,2.37090779479808,0
2024-06-14,Munchkins,428.0,Regular Day,22.3,0.0,14.95,3.5,11.600000000000001,24.5,17.3,0.0,3.299999999999997,13.578611111111112,34.0,6.5,0.0,2.5,333.385,6,14,166,0,0,24,6,2024,0,2,-0.7818314824680299,0.6234898018587334,0.5877852522924732,-0.8090169943749473,328.0,357.0,357.0,306.0,376.0,358.14,370.21,367.05,83.82,206.0,456.0,394.45,337.0,24.779023386727733,1.0331825037551556,0,0.8723404255087144,-0.4658792650362828,0
2024-06-15,Donuts,456.0,Regular Day,24.5,0.0,14.95,2.4666666666666686,10.399999999999999,22.8,14.3,0.0,0.10000000000000142,13.604722222222222,34.0,4.800000000000001,1.0,13.0,366.275,7,15,167,0,0,24,6,2024,1,3,-2.4492935982947064e-16,1.0,-0.587785252292473,-0.8090169943749476,366.0,422.0,389.0,372.0,408.0,374.57,332.43,328.86,196.85,237.0,796.0,364.99,387.25,25.13132175858113,1.0354796320494681,0,0.897058823507425,0.18867157733357007,0
2024-06-15,Munchkins,554.0,Regular Day,24.5,0.0,14.95,2.4666666666666686,10.399999999999999,22.8,14.3,0.0,0.10000000000000142,13.604722222222222,34.0,4.800000000000001,1.0,13.0,366.275,7,15,167,0,0,24,6,2024,1,3,-2.4492935982947064e-16,1.0,-0.587785252292473,-0.8090169943749476,456.0,641.0,515.0,431.0,473.0,368.86,359.93,372.05,63.45,281.0,456.0,366.09,510.75,93.7029882127566,1.1596194503048667,0,0.9640591965969544,1.3230890462847769,0
2024-06-16,Donuts,509.0,Regular Day,22.8,0.0,14.966666666666667,0.49999999999999645,12.3,20.9,16.5,0.0,2.1000000000000014,14.0,42.0,2.8999999999999986,0.0,0.0,341.24,1,16,168,0,0,24,6,2024,1,3,0.7818314824680298,0.6234898018587336,-0.587785252292473,-0.8090169943749476,410.0,342.0,358.0,345.0,172.0,381.14,341.5,329.86,192.21,242.0,796.0,344.49,363.75,31.605642956071414,1.0697012802123798,0,2.3837209300939697,0.41693980539946196,0
2024-06-16,Munchkins,682.0,Regular Day,22.8,0.0,14.966666666666667,0.49999999999999645,12.3,20.9,16.5,0.0,2.1000000000000014,14.0,42.0,2.8999999999999986,0.0,0.0,341.24,1,16,168,0,0,24,6,2024,1,3,0.7818314824680298,0.6234898018587336,-0.587785252292473,-0.8090169943749476,436.0,539.0,504.0,429.0,214.0,365.0,370.07,372.38,62.91,281.0,456.0,364.82,477.0,53.410361042279675,1.0450160771592174,0,2.0373831774748887,1.0112859639149125,0
2024-06-17,Donuts,272.0,Regular Day,20.9,0.0,14.95,0.33333333333333215,11.799999999999997,22.6,19.7,0.0,1.4000000000000021,14.0,50.0,4.600000000000001,0.0,0.0,312.455,2,17,169,0,0,25,6,2024,0,3,0.9749279121818236,-0.22252093395631434,-0.587785252292473,-0.8090169943749476,242.0,246.0,355.0,273.0,267.0,390.0,350.07,333.05,187.11,242.0,796.0,339.12,279.0,52.50396810400778,0.7770700636818938,0,0.9063670411645555,-0.4866121532528132,0
2024-06-17,Munchkins,384.0,Regular Day,20.9,0.0,14.95,0.33333333333333215,11.799999999999997,22.6,19.7,0.0,1.4000000000000021,14.0,50.0,4.600000000000001,0.0,0.0,312.455,2,17,169,0,0,25,6,2024,0,3,0.9749279121818236,-0.22252093395631434,-0.587785252292473,-0.8090169943749476,281.0,206.0,425.0,176.0,278.0,355.0,373.71,372.19,67.04,281.0,456.0,349.11,272.0,111.14854924829204,0.8103161397535721,0,1.0107913668701154,-1.360232696694476,0
2024-06-18,Donuts,305.0,Regular Day,22.6,0.0,14.95,0.23333333333333783,10.200000000000003,24.3,17.9,0.0,3.8999999999999986,14.0,52.0,6.300000000000001,0.0,0.0,337.87,3,18,170,0,0,25,6,2024,0,3,0.43388373911755823,-0.900968867902419,-0.587785252292473,-0.8090169943749476,283.0,237.0,156.0,262.0,308.0,391.29,352.43,335.29,186.5,242.0,796.0,334.09,234.5,55.60875230872685,1.2440191387262196,0,0.9188311688013366,-0.28037533510561,0
2024-06-18,Munchkins,394.0,Regular Day,22.6,0.0,14.95,0.23333333333333783,10.200000000000003,24.3,17.9,0.0,3.8999999999999986,14.0,52.0,6.300000000000001,0.0,0.0,337.87,3,18,170,0,0,25,6,2024,0,3,0.43388373911755823,-0.900968867902419,-0.587785252292473,-0.8090169943749476,361.0,388.0,219.0,354.0,349.0,354.0,378.71,372.24,67.68,281.0,456.0,340.33,330.5,75.76498751622238,1.3071553228393167,0,1.0343839541250892,-0.16607565009366507,0
2024-06-19,Donuts,330.0,Juneteenth Day,24.3,0.0,14.966666666666667,1.5333333333333314,11.7,24.0,17.2,0.0,3.6000000000000014,14.0,44.0,6.0,0.0,0.0,363.69,4,19,171,0,0,25,6,2024,0,3,-0.433883739117558,-0.9009688679024191,-0.587785252292473,-0.8090169943749476,323.0,261.0,203.0,256.0,318.0,320.57,347.0,332.48,54.83,242.0,410.0,325.82,260.75,49.10108620658678,1.2723311546563763,1,1.0157232704083106,-0.1728980484820543,0
2024-06-19,Munchkins,458.0,Juneteenth Day,24.3,0.0,14.966666666666667,1.5333333333333314,11.7,24.0,17.2,0.0,3.6000000000000014,14.0,44.0,6.0,0.0,0.0,363.69,4,19,171,0,0,25,6,2024,0,3,-0.433883739117558,-0.9009688679024191,-0.587785252292473,-0.8090169943749476,302.0,372.0,251.0,306.0,258.0,368.29,383.79,375.62,71.71,281.0,456.0,362.25,307.75,49.614346043592406,1.210053859942369,1,1.1705426356135449,-1.0266350577288197,0
2024-06-20,Donuts,307.0,Regular Day,24.0,0.0,14.966666666666667,2.333333333333332,12.899999999999999,24.8,15.2,0.0,3.1000000000000014,14.0,58.0,6.800000000000001,0.0,0.0,359.2,5,20,172,0,0,25,6,2024,0,3,-0.9749279121818236,-0.2225209339563146,-0.587785252292473,-0.8090169943749476,319.0,310.0,286.0,272.0,425.0,333.43,349.43,335.67,74.34,242.0,456.0,358.36,296.75,21.592822881689184,1.1272401433489743,0,0.7505882352764567,-0.22423997844710272,0
2024-06-20,Munchkins,485.0,Regular Day,24.0,0.0,14.966666666666667,2.333333333333332,12.899999999999999,24.8,15.2,0.0,3.1000000000000014,14.0,58.0,6.800000000000001,0.0,0.0,359.2,5,20,172,0,0,25,6,2024,0,3,-0.9749279121818236,-0.2225209339563146,-0.587785252292473,-0.8090169943749476,314.0,321.0,244.0,313.0,413.0,382.29,377.57,377.48,96.85,281.0,554.0,410.19,298.0,36.175498153676706,1.1400359066222614,0,0.7602905568823174,-0.6554465667882866,0
2024-06-21,Donuts,302.0,Regular Day,24.8,0.0,14.966666666666667,2.8000000000000007,13.8,26.1,16.1,0.0,2.5,14.0,23.0,8.100000000000001,0.0,0.0,371.17333333333335,6,21,173,0,0,25,6,2024,0,3,-0.7818314824680299,0.6234898018587334,-0.587785252292473,-0.8090169943749476,301.0,796.0,377.0,360.0,314.0,347.57,361.36,342.86,97.23,242.0,509.0,396.02,458.5,227.34481886919409,1.4884667571032772,0,0.958598726084121,-0.43052555791108466,0
2024-06-21,Munchkins,316.0,Regular Day,24.8,0.0,14.966666666666667,2.8000000000000007,13.8,26.1,16.1,0.0,2.5,14.0,23.0,8.100000000000001,0.0,0.0,371.17333333333335,6,21,173,0,0,25,6,2024,0,3,-0.7818314824680299,0.6234898018587334,-0.587785252292473,-0.8090169943749476,428.0,328.0,357.0,357.0,430.0,417.43,387.79,385.95,149.77,281.0,682.0,478.14,367.5,42.58716551575917,1.0588235293969352,0,0.9953488371861546,0.28076383786601034,0
2024-06-22,Donuts,307.0,Regular Day,26.1,0.0,14.966666666666667,1.7333333333333307,14.399999999999999,28.2,17.6,0.0,3.0,14.0,20.0,10.2,0.0,0.0,390.63000000000005,7,22,174,0,0,25,6,2024,1,4,-2.4492935982947064e-16,1.0,-0.9510565162951536,0.30901699437494723,456.0,366.0,422.0,389.0,335.0,351.86,363.21,338.9,92.34,272.0,509.0,365.02,408.25,39.26300209272507,1.0135635018370708,0,1.3611940298101135,1.26813948437642,0
2024-06-22,Munchkins,400.0,Regular Day,26.1,0.0,14.966666666666667,1.7333333333333307,14.399999999999999,28.2,17.6,0.0,3.0,14.0,20.0,10.2,0.0,0.0,390.63000000000005,7,22,174,0,0,25,6,2024,1,4,-2.4492935982947064e-16,1.0,-0.9510565162951536,0.30901699437494723,554.0,456.0,641.0,515.0,383.0,432.14,400.5,384.0,138.79,302.0,682.0,454.61,541.5,77.60798927945498,0.8737024221377708,0,1.4464751957846873,1.2248721088533128,0
2024-06-23,Donuts,306.0,Regular Day,28.2,0.0,14.95,1.6999999999999993,11.400000000000002,29.5,26.7,0.0,-0.4000000000000057,13.14611111111111,67.0,11.5,0.0,0.0,421.59,1,23,175,0,0,25,6,2024,1,4,0.7818314824680298,0.6234898018587336,-0.9510565162951536,0.30901699437494723,509.0,410.0,342.0,358.0,209.0,355.0,368.07,346.0,89.95,272.0,509.0,350.01,404.75,75.31876702832214,1.3128571428383877,0,2.4354066984480665,1.8121178430447897,0
2024-06-23,Munchkins,398.0,Regular Day,28.2,0.0,14.95,1.6999999999999993,11.400000000000002,29.5,26.7,0.0,-0.4000000000000057,13.14611111111111,67.0,11.5,0.0,0.0,421.59,1,23,175,0,0,25,6,2024,1,4,0.7818314824680298,0.6234898018587336,-0.9510565162951536,0.30901699437494723,682.0,436.0,539.0,504.0,279.0,436.86,400.93,392.33,136.51,302.0,682.0,439.45,540.25,103.72519783864799,1.071907957803721,0,2.44444444435683,2.1219690863583645,0
2024-06-24,Donuts,205.0,Regular Day,29.5,0.0,14.95,-0.23333333333333783,5.600000000000001,26.4,27.9,0.0,1.3999999999999986,13.0,46.0,8.399999999999999,0.0,3.7,441.025,2,24,176,0,0,26,6,2024,0,4,0.9749279121818236,-0.22252093395631434,-0.9510565162951536,0.30901699437494723,272.0,242.0,246.0,355.0,347.0,356.0,373.0,352.05,89.57,272.0,509.0,345.01,278.75,52.54442564789025,0.855241264544838,0,0.7838616714471509,-0.8937144132082492,0
2024-06-24,Munchkins,232.0,Regular Day,29.5,0.0,14.95,-0.23333333333333783,5.600000000000001,26.4,27.9,0.0,1.3999999999999986,13.0,46.0,8.399999999999999,0.0,3.7,441.025,2,24,176,0,0,26,6,2024,0,4,0.9749279121818236,-0.22252093395631434,-0.9510565162951536,0.30901699437494723,384.0,281.0,206.0,425.0,176.0,459.14,407.07,402.19,122.88,314.0,682.0,444.09,324.0,99.2874614440313,1.053882725815311,0,2.1818181816942146,-0.14803059894628656,0
2024-06-25,Donuts,207.0,Regular Day,26.4,0.0,14.966666666666667,-0.10000000000000142,12.600000000000001,25.1,20.1,0.0,0.20000000000000284,14.0,17.0,7.100000000000001,0.0,0.0,395.12,3,25,177,0,0,26,6,2024,0,4,0.43388373911755823,-0.900968867902419,-0.9510565162951536,0.30901699437494723,305.0,283.0,237.0,156.0,378.0,354.29,372.79,353.05,90.51,272.0,509.0,335.51,245.25,65.90080930206143,1.4961832060687994,0,0.8068783068569608,-0.5308805656246957,0
2024-06-25,Munchkins,235.0,Regular Day,26.4,0.0,14.966666666666667,-0.10000000000000142,12.600000000000001,25.1,20.1,0.0,0.20000000000000284,14.0,17.0,7.100000000000001,0.0,0.0,395.12,3,25,177,0,0,26,6,2024,0,4,0.43388373911755823,-0.900968867902419,-0.9510565162951536,0.30901699437494723,394.0,361.0,388.0,219.0,324.0,483.57,418.79,413.67,104.89,384.0,682.0,454.32,340.5,82.26177727231524,1.2438220757620457,0,1.216049382678517,-0.18752979309871978,0
2024-06-26,Donuts,312.0,Regular Day,25.1,0.0,14.95,3.6333333333333293,11.700000000000003,27.4,18.5,0.0,2.3999999999999986,14.0,88.0,9.399999999999999,0.0,0.0,375.245,4,26,178,0,0,26,6,2024,0,4,-0.433883739117558,-0.9009688679024191,-0.9510565162951536,0.30901699437494723,330.0,323.0,261.0,203.0,319.0,354.43,337.5,349.48,90.41,272.0,509.0,327.13,279.25,59.54480106049002,1.4073275861765662,0,1.0344827585882608,-0.21546289124925774,0
2024-06-26,Munchkins,437.0,Regular Day,25.1,0.0,14.95,3.6333333333333293,11.700000000000003,27.4,18.5,0.0,2.3999999999999986,14.0,88.0,9.399999999999999,0.0,0.0,375.245,4,26,178,0,0,26,6,2024,0,4,-0.433883739117558,-0.9009688679024191,-0.9510565162951536,0.30901699437494723,458.0,302.0,372.0,251.0,391.0,467.57,417.93,411.71,121.94,316.0,682.0,419.74,345.75,89.7788950700553,1.219903691794223,0,1.1713554986912698,0.3796129243579129,0
2024-06-27,Donuts,350.0,Regular Day,27.4,0.0,14.95,1.6666666666666679,9.0,26.0,18.9,0.0,0.8999999999999986,10.926666666666666,86.0,8.0,0.0,3.7,409.62999999999994,5,27,179,0,0,26,6,2024,0,4,-0.9749279121818236,-0.2225209339563146,-0.9510565162951536,0.30901699437494723,307.0,319.0,310.0,286.0,437.0,333.14,333.29,344.0,79.38,272.0,509.0,322.1,305.5,13.96424004376894,1.0503355704521755,0,0.7025171624553199,-0.46611237081555656,0
2024-06-27,Munchkins,408.0,Regular Day,27.4,0.0,14.95,1.6666666666666679,9.0,26.0,18.9,0.0,0.8999999999999986,10.926666666666666,86.0,8.0,0.0,3.7,409.62999999999994,5,27,179,0,0,26,6,2024,0,4,-0.9749279121818236,-0.2225209339563146,-0.9510565162951536,0.30901699437494723,485.0,314.0,321.0,244.0,425.0,445.57,413.93,400.24,117.56,316.0,682.0,414.8,341.0,102.10125692990594,1.414159292010369,0,1.141176470561384,0.72099353515473,0
2024-06-28,Donuts,305.0,Regular Day,26.0,0.0,14.933333333333334,-1.3000000000000007,9.200000000000003,22.5,16.0,0.0,-0.40000000000000213,14.0,27.0,4.5,0.0,0.0,388.26666666666665,6,28,180,0,0,26,6,2024,0,4,-0.7818314824680299,0.6234898018587334,-0.9510565162951536,0.30901699437494723,302.0,301.0,796.0,377.0,462.0,304.14,325.86,342.29,16.96,272.0,330.0,318.07,444.0,237.35065479861927,0.5140664961593004,0,0.6536796536655047,-2.375589621240809,1
2024-06-28,Munchkins,330.0,Regular Day,26.0,0.0,14.933333333333334,-1.3000000000000007,9.200000000000003,22.5,16.0,0.0,-0.40000000000000213,14.0,27.0,4.5,0.0,0.0,388.26666666666665,6,28,180,0,0,26,6,2024,0,4,-0.7818314824680299,0.6234898018587334,-0.9510565162951536,0.30901699437494723,316.0,428.0,328.0,357.0,443.0,405.0,411.21,393.52,54.42,316.0,485.0,410.6,357.25,50.20873098044469,1.0861313868454578,0,0.7133182844082773,-1.4244762952178467,0
2024-06-29,Munchkins,588.0,Regular Day,22.5,0.0,14.933333333333334,-0.93333333333333,9.100000000000001,23.1,26.0,0.0,1.6999999999999993,13.655,84.0,5.100000000000001,0.0,2.1,336.0,7,29,181,0,0,26,6,2024,1,5,-2.4492935982947064e-16,1.0,-2.4492935982947064e-16,1.0,400.0,554.0,456.0,641.0,548.0,383.29,407.71,394.76,85.59,232.0,485.0,365.95,512.75,106.58760090492076,0.8696444849510516,0,0.7299270072859503,0.0612221053789904,0
2024-06-29,Donuts,461.0,Regular Day,22.5,0.0,14.933333333333334,-0.93333333333333,9.100000000000001,23.1,26.0,0.0,1.6999999999999993,13.655,84.0,5.100000000000001,0.0,2.1,336.0,7,29,181,0,0,26,6,2024,1,5,-2.4492935982947064e-16,1.0,-2.4492935982947064e-16,1.0,307.0,456.0,366.0,422.0,370.0,294.57,323.21,340.33,40.58,205.0,330.0,289.8,387.75,65.38284688407707,0.9682741116628392,0,0.8297297297073046,-0.8213405616507289,0
2024-06-30,Munchkins,506.0,Regular Day,23.1,0.0,14.916666666666666,1.1333333333333329,6.199999999999999,26.2,19.5,0.0,4.200000000000003,5.628333333333333,81.0,8.2,0.0,5.6,344.575,1,30,182,0,1,26,6,2024,1,5,0.7818314824680298,0.6234898018587336,-2.4492935982947064e-16,1.0,398.0,682.0,436.0,539.0,563.0,360.57,398.71,387.48,101.83,232.0,485.0,333.21,513.75,127.00229656716186,1.1076923076809468,0,0.7069271758311381,0.1033094372873111,0
2024-06-30,Donuts,391.0,Regular Day,23.1,0.0,14.916666666666666,1.1333333333333329,6.199999999999999,26.2,19.5,0.0,4.200000000000003,5.628333333333333,81.0,8.2,0.0,5.6,344.575,1,30,182,0,1,26,6,2024,1,5,0.7818314824680298,0.6234898018587336,-2.4492935982947064e-16,1.0,306.0,509.0,410.0,342.0,260.0,280.57,317.79,338.9,51.75,205.0,330.0,269.1,391.75,89.27252283504333,1.083776595730269,0,1.1769230768778107,-0.635748792147681,0
2024-07-01,Munchkins,293.0,Regular Day,26.2,0.0,14.9,-1.1666666666666643,10.7,22.7,20.1,0.0,5.5000000000000036,14.0,41.0,4.699999999999999,0.0,8.1,390.38,2,1,183,1,0,27,7,2024,0,1,0.9749279121818236,-0.22252093395631434,0.9510565162951535,0.30901699437494745,232.0,384.0,281.0,206.0,150.0,357.57,408.36,390.57,98.74,232.0,485.0,359.16,275.75,78.58063798841714,1.2648870636290577,0,1.5466666665635556,-1.6059347780427453,0
2024-07-01,Donuts,318.0,Regular Day,26.2,0.0,14.9,-1.1666666666666643,10.7,22.7,20.1,0.0,5.5000000000000036,14.0,41.0,4.699999999999999,0.0,8.1,390.38,2,1,183,1,0,27,7,2024,0,1,0.9749279121818236,-0.22252093395631434,0.9510565162951535,0.30901699437494745,205.0,272.0,242.0,246.0,320.0,278.0,317.0,341.33,49.27,205.0,312.0,279.83,241.25,27.584717991429,0.9774590163734127,0,0.6406249999799805,-2.7669981727690276,1
2024-07-02,Munchkins,272.0,Regular Day,22.7,0.0,14.883333333333333,-2.3999999999999986,12.100000000000001,22.2,14.1,0.0,2.3000000000000007,13.668333333333333,31.0,4.199999999999999,0.0,0.0,337.85166666666663,3,2,184,0,0,27,7,2024,0,1,0.43388373911755823,-0.900968867902419,0.9510565162951535,0.30901699437494745,235.0,394.0,361.0,388.0,279.0,346.57,415.07,394.71,85.6,232.0,437.0,371.37,344.5,74.39758060582346,0.8397863818312445,0,0.8422939067798461,-1.8657710278194193,0
2024-07-02,Donuts,215.0,Regular Day,22.7,0.0,14.883333333333333,-2.3999999999999986,12.100000000000001,22.2,14.1,0.0,2.3000000000000007,13.668333333333333,31.0,4.199999999999999,0.0,0.0,337.85166666666663,3,2,184,0,0,27,7,2024,0,1,0.43388373911755823,-0.900968867902419,0.9510565162951535,0.30901699437494745,207.0,305.0,283.0,237.0,337.0,284.14,319.21,343.24,55.75,205.0,350.0,297.37,258.0,44.256826215474,0.9846153845964497,0,0.6142433234239096,-2.443766815705154,1
2024-07-03,Munchkins,310.0,Regular Day,22.2,0.0,14.883333333333333,-1.7333333333333343,11.8,22.0,18.4,0.0,1.5,13.259722222222223,55.0,4.0,0.0,0.0,330.40999999999997,4,3,185,0,0,27,7,2024,0,1,-0.433883739117558,-0.9009688679024191,0.9510565162951535,0.30901699437494745,437.0,458.0,302.0,372.0,280.0,348.57,408.07,394.81,84.92,232.0,437.0,361.03,392.25,70.42904230500369,1.3278931750544822,0,1.5607142856585459,0.49682053691747285,0
2024-07-03,Donuts,325.0,Regular Day,22.2,0.0,14.883333333333333,-1.7333333333333343,11.8,22.0,18.4,0.0,1.5,13.259722222222223,55.0,4.0,0.0,0.0,330.40999999999997,4,3,185,0,0,27,7,2024,0,1,-0.433883739117558,-0.9009688679024191,0.9510565162951535,0.30901699437494745,312.0,330.0,323.0,261.0,346.0,284.57,319.5,319.86,55.92,205.0,350.0,299.28,306.5,31.22498999199199,1.0993150684743267,0,0.9017341040201811,-0.1405579398890278,0
2024-07-04,Munchkins,417.0,Independence Day,22.0,0.0,14.866666666666667,-0.26666666666666927,12.5,24.4,15.9,0.0,4.899999999999999,13.712777777777777,91.0,6.399999999999999,0.0,0.1,327.06666666666666,5,4,186,0,0,27,7,2024,0,1,-0.9749279121818236,-0.2225209339563146,0.9510565162951535,0.30901699437494745,408.0,485.0,314.0,321.0,216.0,375.43,410.5,401.1,124.43,232.0,588.0,417.77,382.0,80.89087299153924,1.4062992125762788,1,1.8888888888014403,0.05545286506023828,0
2024-07-04,Donuts,371.0,Independence Day,22.0,0.0,14.866666666666667,-0.26666666666666927,12.5,24.4,15.9,0.0,4.899999999999999,13.712777777777777,91.0,6.399999999999999,0.0,0.1,327.06666666666666,5,4,186,0,0,27,7,2024,0,1,-0.9749279121818236,-0.2225209339563146,0.9510565162951535,0.30901699437494745,350.0,307.0,319.0,310.0,319.0,306.57,319.86,324.38,87.56,205.0,461.0,339.71,321.5,19.672315572906,1.0445151033220268,1,1.0971786833511856,0.29259936040513945,0
2024-07-05,Munchkins,304.0,Regular Day,24.4,0.0,14.866666666666667,1.7666666666666693,11.599999999999998,27.8,16.7,0.0,5.200000000000003,13.619444444444444,62.0,9.8,0.0,0.4,362.74666666666667,6,5,187,0,0,27,7,2024,0,1,-0.7818314824680299,0.6234898018587334,0.9510565162951535,0.30901699437494745,330.0,316.0,428.0,328.0,573.0,390.86,397.93,404.43,134.03,232.0,588.0,439.83,350.5,52.03524446629098,0.8544973544860516,0,0.5759162303564412,-0.5553234350104213,0
2024-07-05,Donuts,296.0,Regular Day,24.4,0.0,14.866666666666667,1.7666666666666693,11.599999999999998,27.8,16.7,0.0,5.200000000000003,13.619444444444444,62.0,9.8,0.0,0.4,362.74666666666667,6,5,187,0,0,27,7,2024,0,1,-0.7818314824680299,0.6234898018587334,0.9510565162951535,0.30901699437494745,305.0,302.0,301.0,796.0,365.0,318.71,311.43,323.48,93.18,205.0,461.0,352.53,426.0,246.6725224530153,0.553327256148101,0,0.8356164383332708,-0.19832582097034512,0
2024-07-06,Munchkins,558.0,Regular Day,27.8,0.0,14.833333333333334,2.066666666666663,10.8,28.7,17.0,0.0,6.600000000000001,14.0,71.0,10.7,0.0,0.6,412.3666666666667,7,6,188,0,0,27,7,2024,1,1,-2.4492935982947064e-16,1.0,0.9510565162951535,0.30901699437494745,588.0,400.0,554.0,456.0,459.0,399.57,391.43,405.0,123.55,235.0,588.0,403.12,499.5,86.78517538535408,0.9782178217724928,0,1.2810457516060774,1.4811817076907179,0
2024-07-06,Donuts,306.0,Regular Day,27.8,0.0,14.833333333333334,2.066666666666663,10.8,28.7,17.0,0.0,6.600000000000001,14.0,71.0,10.7,0.0,0.6,412.3666666666667,7,6,188,0,0,27,7,2024,1,1,-2.4492935982947064e-16,1.0,0.9510565162951535,0.30901699437494745,461.0,307.0,456.0,366.0,322.0,334.86,314.71,327.1,78.89,207.0,461.0,343.9,397.5,74.4692330205345,0.9343065693316994,0,1.4316770185890784,1.6973000378124856,0
2024-07-07,Munchkins,465.0,Regular Day,28.7,0.0,14.833333333333334,1.5,8.100000000000001,28.5,12.0,0.0,5.699999999999996,13.138055555555555,62.0,10.5,0.0,0.4,425.7166666666667,1,7,189,0,0,27,7,2024,1,1,0.7818314824680298,0.6234898018587336,0.9510565162951535,0.30901699437494745,506.0,398.0,682.0,436.0,269.0,404.86,382.71,400.76,115.89,272.0,588.0,370.34,505.5,125.8822200842253,0.8085867620679018,0,1.8810408921233812,0.9081025109234532,0
2024-07-07,Donuts,291.0,Regular Day,28.7,0.0,14.833333333333334,1.5,8.100000000000001,28.5,12.0,0.0,5.699999999999996,13.138055555555555,62.0,10.5,0.0,0.4,425.7166666666667,1,7,189,0,0,27,7,2024,1,1,0.7818314824680298,0.6234898018587336,0.9510565162951535,0.30901699437494745,391.0,306.0,509.0,410.0,267.0,336.0,308.29,323.86,76.76,215.0,461.0,311.67,404.0,83.33466665600017,0.7584330794259148,0,1.4644194756005835,0.8746743094222674,0
2024-07-08,Munchkins,319.0,Regular Day,28.5,0.0,14.816666666666666,1.5999999999999979,9.300000000000004,27.5,12.0,0.0,4.599999999999994,12.831944444444444,65.0,9.5,0.0,0.2,422.275,2,8,190,0,0,28,7,2024,0,2,0.9749279121818236,-0.22252093395631434,0.5877852522924732,-0.8090169943749473,293.0,232.0,384.0,281.0,155.0,386.71,372.14,401.14,119.89,272.0,588.0,355.26,297.5,63.41661191412442,0.7894736841986545,0,1.890322580523205,-0.9019934939609647,0
2024-07-08,Donuts,235.0,Regular Day,28.5,0.0,14.816666666666666,1.5999999999999979,9.300000000000004,27.5,12.0,0.0,4.599999999999994,12.831944444444444,65.0,9.5,0.0,0.2,422.275,2,8,190,0,0,28,7,2024,0,2,0.9749279121818236,-0.22252093395631434,0.5877852522924732,-0.8090169943749473,318.0,205.0,272.0,242.0,192.0,337.86,307.93,323.95,76.23,215.0,461.0,315.01,259.25,47.800801945853024,1.0175097276066631,0,1.656249999913737,-0.07805325986120236,0
2024-07-09,Munchkins,298.0,Regular Day,27.5,0.0,14.783333333333333,2.7333333333333307,10.0,27.7,17.0,0.0,4.799999999999997,12.550277777777778,96.0,9.7,0.0,0.0,406.5416666666667,3,9,191,0,0,28,7,2024,0,2,0.43388373911755823,-0.900968867902419,0.5877852522924732,-0.8090169943749473,272.0,235.0,394.0,361.0,210.0,388.0,367.29,406.05,120.2,272.0,588.0,370.69,315.5,74.39758060582346,0.6715231787990527,0,1.295238095176417,-1.1152246255311795,0
2024-07-09,Donuts,196.0,Regular Day,27.5,0.0,14.783333333333333,2.7333333333333307,10.0,27.7,17.0,0.0,4.799999999999997,12.550277777777778,96.0,9.7,0.0,0.0,406.5416666666667,3,9,191,0,0,28,7,2024,0,2,0.43388373911755823,-0.900968867902419,0.5877852522924732,-0.8090169943749473,215.0,207.0,305.0,283.0,229.0,340.86,312.5,326.43,77.2,215.0,461.0,329.0,252.5,48.86375616616744,0.7176870748177264,0,0.9388646287799622,-1.4433937821964518,0
2024-07-10,Munchkins,305.0,Regular Day,27.7,0.0,14.783333333333333,1.7666666666666693,7.099999999999998,27.6,29.6,0.0,3.0000000000000036,13.280555555555555,73.0,9.600000000000001,0.0,0.1,409.49833333333333,4,10,192,0,0,28,7,2024,0,2,-0.433883739117558,-0.9009688679024191,0.5877852522924732,-0.8090169943749473,310.0,437.0,458.0,302.0,300.0,384.29,366.43,400.14,122.67,272.0,588.0,354.02,376.75,82.20857619494453,0.9828947368291724,0,1.0333333332988888,-0.7348169886088841,0
2024-07-10,Donuts,281.0,Regular Day,27.7,0.0,14.783333333333333,1.7666666666666693,7.099999999999998,27.6,29.6,0.0,3.0000000000000036,13.280555555555555,73.0,9.600000000000001,0.0,0.1,409.49833333333333,4,10,192,0,0,28,7,2024,0,2,-0.433883739117558,-0.9009688679024191,0.5877852522924732,-0.8090169943749473,325.0,312.0,330.0,323.0,300.0,339.57,312.07,326.19,77.97,215.0,461.0,320.75,322.5,7.593857166596345,0.975497702894709,0,1.0833333332972221,-0.015262280362285174,0
2024-07-11,Munchkins,376.0,Regular Day,27.6,0.0,14.766666666666667,1.0,9.700000000000003,27.5,22.9,0.0,2.299999999999997,14.0,40.0,9.5,0.0,2.7,407.56000000000006,5,11,193,0,0,28,7,2024,0,2,-0.9749279121818236,-0.2225209339563146,0.5877852522924732,-0.8090169943749473,417.0,408.0,485.0,314.0,389.0,380.0,377.71,400.33,114.63,272.0,558.0,405.01,406.0,70.30884249746495,1.0325406758318831,0,1.0719794344197435,0.14542440895529768,0
2024-07-11,Donuts,272.0,Regular Day,27.6,0.0,14.766666666666667,1.0,9.700000000000003,27.5,22.9,0.0,2.299999999999997,14.0,40.0,9.5,0.0,2.7,407.56000000000006,5,11,193,0,0,28,7,2024,0,2,-0.9749279121818236,-0.2225209339563146,0.5877852522924732,-0.8090169943749473,371.0,350.0,307.0,319.0,308.0,317.43,312.0,319.05,56.89,215.0,391.0,317.06,336.75,29.14761282392322,1.151757188480004,0,1.2045454545063459,0.9131657583207652,0
2024-07-12,Munchkins,418.0,Regular Day,27.5,0.0,14.733333333333333,-0.3999999999999986,6.899999999999999,25.6,18.7,0.0,3.3999999999999986,8.211388888888889,91.0,7.600000000000001,0.0,11.9,405.16666666666663,6,12,194,0,0,28,7,2024,0,2,-0.7818314824680299,0.6234898018587334,0.5877852522924732,-0.8090169943749473,304.0,330.0,316.0,428.0,626.0,374.14,382.5,390.0,107.97,272.0,558.0,420.01,344.5,56.67156841544679,0.852150537622955,0,0.48562300318713064,-0.7965175510978497,0
2024-07-12,Donuts,317.0,Regular Day,27.5,0.0,14.733333333333333,-0.3999999999999986,6.899999999999999,25.6,18.7,0.0,3.3999999999999986,8.211388888888889,91.0,7.600000000000001,0.0,11.9,405.16666666666663,6,12,194,0,0,28,7,2024,0,2,-0.7818314824680299,0.6234898018587334,0.5877852522924732,-0.8090169943749473,296.0,305.0,302.0,301.0,454.0,303.14,310.93,308.67,47.04,215.0,371.0,310.55,301.0,3.7416573867739413,0.9966832503980649,0,0.6519823788402647,-0.26934523803797966,0
2024-07-13,Munchkins,398.0,Regular Day,25.6,0.0,14.733333333333333,-0.6333333333333329,8.399999999999999,25.3,18.2,0.0,5.0,8.913055555555555,76.0,7.300000000000001,0.0,13.3,377.17333333333335,7,13,195,0,0,28,7,2024,1,2,-2.4492935982947064e-16,1.0,0.5877852522924732,-0.8090169943749473,558.0,588.0,400.0,554.0,489.0,377.86,388.71,386.9,105.12,272.0,558.0,394.76,525.0,84.70340410318033,1.2012578616226284,0,1.1411042944551921,1.6276636223717977,0
2024-07-13,Donuts,411.0,Regular Day,25.6,0.0,14.733333333333333,-0.6333333333333329,8.399999999999999,25.3,18.2,0.0,5.0,8.913055555555555,76.0,7.300000000000001,0.0,13.3,377.17333333333335,7,13,195,0,0,28,7,2024,1,2,-2.4492935982947064e-16,1.0,0.5877852522924732,-0.8090169943749473,306.0,461.0,307.0,456.0,389.0,291.29,313.07,306.9,52.78,215.0,371.0,291.66,382.5,87.78192676551744,1.0052424639448854,0,0.7866323907252794,-0.017051913600406556,0
2024-07-14,Munchkins,499.0,Regular Day,25.3,0.0,14.7,0.5666666666666664,9.100000000000001,26.4,11.5,0.0,5.899999999999999,13.751388888888888,43.0,8.399999999999999,0.0,3.8,371.90999999999997,1,14,196,0,0,28,7,2024,1,2,0.7818314824680298,0.6234898018587336,0.5877852522924732,-0.8090169943749473,465.0,506.0,398.0,682.0,244.0,381.57,393.21,382.33,101.14,298.0,558.0,370.57,512.75,121.29681226918812,0.8990740740657494,0,1.9057377048399287,0.8173818468640123,0
2024-07-14,Donuts,309.0,Regular Day,25.3,0.0,14.7,0.5666666666666664,9.100000000000001,26.4,11.5,0.0,5.899999999999999,13.751388888888888,43.0,8.399999999999999,0.0,3.8,371.90999999999997,1,14,196,0,0,28,7,2024,1,2,0.7818314824680298,0.6234898018587336,0.5877852522924732,-0.8090169943749473,291.0,391.0,306.0,509.0,217.0,288.57,312.29,301.71,57.63,196.0,371.0,267.75,374.25,100.04457339939366,0.8368098159406526,0,1.3410138248229948,-0.1858407079323542,0
2024-07-15,Munchkins,209.0,Regular Day,26.4,0.0,14.666666666666666,2.1000000000000014,11.999999999999996,28.4,14.8,0.0,4.0,14.0,32.0,10.399999999999999,0.0,0.2,387.2,2,15,197,0,0,29,7,2024,0,3,0.9749279121818236,-0.22252093395631434,-0.587785252292473,-0.8090169943749476,319.0,293.0,232.0,384.0,254.0,380.86,383.79,375.05,101.75,298.0,558.0,354.18,307.0,62.96559907335645,0.9935064934903651,0,1.2559055117615785,-0.5508599508058124,0
2024-07-15,Donuts,197.0,Regular Day,26.4,0.0,14.666666666666666,2.1000000000000014,11.999999999999996,28.4,14.8,0.0,4.0,14.0,32.0,10.399999999999999,0.0,0.2,387.2,2,15,197,0,0,29,7,2024,0,3,0.9749279121818236,-0.22252093395631434,-0.587785252292473,-0.8090169943749476,235.0,318.0,205.0,272.0,266.0,282.29,310.07,299.38,55.35,196.0,371.0,271.06,257.5,48.761323471237596,1.1593291404369113,0,0.8834586465833286,-1.163143631226171,0
2024-07-16,Munchkins,253.0,Regular Day,28.4,0.0,14.65,1.6666666666666679,10.899999999999999,29.2,19.0,0.0,4.100000000000001,12.106111111111112,23.0,11.2,0.0,3.2,416.06,3,16,198,0,0,29,7,2024,0,3,0.43388373911755823,-0.900968867902419,-0.587785252292473,-0.8090169943749476,298.0,272.0,235.0,394.0,341.0,375.0,381.5,369.86,100.5,298.0,558.0,359.63,299.75,67.94299080847118,0.9062003179506168,0,0.8739002932295044,-0.715024875550744,0
2024-07-16,Donuts,282.0,Regular Day,28.4,0.0,14.65,1.6666666666666679,10.899999999999999,29.2,19.0,0.0,4.100000000000001,12.106111111111112,23.0,11.2,0.0,3.2,416.06,3,16,198,0,0,29,7,2024,0,3,0.43388373911755823,-0.900968867902419,-0.587785252292473,-0.8090169943749476,196.0,215.0,207.0,305.0,335.0,268.14,304.5,297.71,39.19,196.0,306.0,271.29,230.75,50.10904775254332,0.8027343749843215,0,0.5850746268482068,-2.5953049240634583,1
2024-07-17,Munchkins,394.0,Regular Day,29.2,0.0,14.633333333333333,1.6999999999999993,9.999999999999996,29.2,18.0,0.0,4.800000000000004,13.766111111111112,48.0,11.2,0.0,1.1,427.2933333333333,4,17,199,0,0,29,7,2024,0,3,-0.433883739117558,-0.9009688679024191,-0.587785252292473,-0.8090169943749476,305.0,310.0,437.0,458.0,285.0,391.29,387.79,374.71,96.22,298.0,558.0,374.22,377.5,81.30805618141414,0.6871508379811492,0,1.0701754385589413,-0.7244855538635951,0
2024-07-17,Donuts,288.0,Regular Day,29.2,0.0,14.633333333333333,1.6999999999999993,9.999999999999996,29.2,18.0,0.0,4.800000000000004,13.766111111111112,48.0,11.2,0.0,1.1,427.2933333333333,4,17,199,0,0,29,7,2024,0,3,-0.433883739117558,-0.9009688679024191,-0.587785252292473,-0.8090169943749476,281.0,325.0,312.0,330.0,400.0,271.14,305.36,298.43,42.35,196.0,317.0,282.72,312.0,22.015146301277824,0.9439252336301569,0,0.7024999999824375,-0.4115702478367014,0
2024-07-18,Munchkins,436.0,Regular Day,29.2,0.0,14.616666666666667,1.600000000000005,6.699999999999999,26.5,16.0,0.0,5.199999999999999,10.221388888888889,92.0,8.5,0.0,2.6,426.8066666666667,5,18,200,0,0,29,7,2024,0,3,-0.9749279121818236,-0.2225209339563146,-0.587785252292473,-0.8090169943749476,376.0,417.0,408.0,485.0,393.0,368.43,374.21,374.62,63.43,298.0,465.0,380.17,421.5,45.84393816707577,0.8880179171233145,0,0.9567430025201846,0.02175626674731882,0
2024-07-18,Donuts,303.0,Regular Day,29.2,0.0,14.616666666666667,1.600000000000005,6.699999999999999,26.5,16.0,0.0,5.199999999999999,10.221388888888889,92.0,8.5,0.0,2.6,426.8066666666667,5,18,200,0,0,29,7,2024,0,3,-0.9749279121818236,-0.2225209339563146,-0.587785252292473,-0.8090169943749476,272.0,371.0,350.0,307.0,276.0,286.14,301.79,303.38,67.74,196.0,411.0,314.79,325.0,44.24929377967517,0.9786910197720138,0,0.9855072463411048,-0.4632418068403836,0
2024-07-19,Munchkins,403.0,Regular Day,26.5,0.0,14.583333333333334,-0.43333333333333357,11.8,24.3,17.4,0.0,0.1999999999999993,13.009166666666667,42.0,6.300000000000001,0.0,0.0,386.45833333333337,6,19,201,0,0,29,7,2024,0,3,-0.7818314824680299,0.6234898018587334,-0.587785252292473,-0.8090169943749476,418.0,304.0,330.0,316.0,642.0,373.29,373.71,379.43,72.69,298.0,499.0,409.88,342.0,51.76871642217914,1.1176470588062284,0,0.6510903426689861,0.5306094372636387,0
2024-07-19,Donuts,307.0,Regular Day,26.5,0.0,14.583333333333334,-0.43333333333333357,11.8,24.3,17.4,0.0,0.1999999999999993,13.009166666666667,42.0,6.300000000000001,0.0,0.0,386.45833333333337,6,19,201,0,0,29,7,2024,0,3,-0.7818314824680299,0.6234898018587334,-0.587785252292473,-0.8090169943749476,317.0,296.0,305.0,302.0,433.0,288.71,295.93,303.52,68.3,196.0,411.0,313.34,305.0,8.831760866327848,1.0098846787313034,0,0.7321016166112678,0.1973645680530948,0
2024-07-20,Munchkins,586.0,Regular Day,24.3,0.0,14.55,-1.3000000000000007,9.600000000000001,23.4,14.5,0.0,1.1999999999999993,7.785277777777778,81.0,5.399999999999999,0.0,0.3,353.56500000000005,7,20,202,0,0,29,7,2024,1,3,-2.4492935982947064e-16,1.0,-0.587785252292473,-0.8090169943749476,398.0,558.0,588.0,400.0,606.0,357.57,367.71,378.33,94.88,209.0,499.0,359.66,486.0,101.20606042459447,0.967611336022595,0,0.6567656765568191,0.20731450250766098,0
2024-07-20,Donuts,370.0,Regular Day,24.3,0.0,14.55,-1.3000000000000007,9.600000000000001,23.4,14.5,0.0,1.1999999999999993,7.785277777777778,81.0,5.399999999999999,0.0,0.3,353.56500000000005,7,20,202,0,0,29,7,2024,1,3,-2.4492935982947064e-16,1.0,-0.587785252292473,-0.8090169943749476,411.0,306.0,461.0,307.0,380.0,283.29,287.29,303.14,74.5,196.0,411.0,284.26,371.25,77.50430095592546,0.9335937499878438,0,1.0815789473399584,1.4477852347049955,0
2024-07-21,Munchkins,485.0,Regular Day,23.4,0.0,14.516666666666667,0.3999999999999986,10.8,24.3,11.6,0.0,4.0,13.0,62.0,6.300000000000001,0.0,1.0,339.69,1,21,203,0,0,29,7,2024,1,3,0.7818314824680298,0.6234898018587336,-0.587785252292473,-0.8090169943749476,499.0,465.0,506.0,398.0,285.0,351.14,366.36,379.19,100.92,209.0,499.0,332.99,467.0,49.362603929155384,1.066371681404133,0,1.7508771929210218,1.187177962625131,0
2024-07-21,Donuts,350.0,Regular Day,23.4,0.0,14.516666666666667,0.3999999999999986,10.8,24.3,11.6,0.0,4.0,13.0,62.0,6.300000000000001,0.0,1.0,339.69,1,21,203,0,0,29,7,2024,1,3,0.7818314824680298,0.6234898018587336,-0.587785252292473,-0.8090169943749476,309.0,291.0,391.0,306.0,250.0,295.57,292.07,306.71,64.07,197.0,411.0,283.69,324.25,45.191260216993285,0.8608321377207915,0,1.23599999995056,0.035742157010185724,0
2024-07-22,Munchkins,168.0,Regular Day,24.3,0.0,14.5,0.3999999999999986,6.900000000000002,24.3,14.2,0.0,2.5,6.247777777777777,97.0,6.300000000000001,0.0,0.2,352.35,2,22,204,0,0,30,7,2024,0,4,0.9749279121818236,-0.22252093395631434,-0.9510565162951536,0.30901699437494723,209.0,319.0,293.0,232.0,335.0,363.86,372.36,377.14,99.74,209.0,499.0,348.24,263.25,51.35740777466609,1.0057142856951293,0,0.623880596996302,-1.6857830357243049,0
2024-07-22,Donuts,200.0,Regular Day,24.3,0.0,14.5,0.3999999999999986,6.900000000000002,24.3,14.2,0.0,2.5,6.247777777777777,97.0,6.300000000000001,0.0,0.2,352.35,2,22,204,0,0,30,7,2024,0,4,0.9749279121818236,-0.22252093395631434,-0.9510565162951536,0.30901699437494723,197.0,235.0,318.0,205.0,257.0,296.57,289.43,305.57,63.86,197.0,411.0,284.77,238.75,55.30747387710513,0.8260038240759846,0,0.7665369649507184,-1.7001252737707289,0
2024-07-23,Munchkins,451.0,Regular Day,24.3,0.0,14.483333333333333,0.9999999999999964,9.299999999999997,25.6,14.8,0.0,2.8000000000000043,11.42361111111111,90.0,7.600000000000001,0.0,1.5,351.945,3,23,205,0,0,30,7,2024,0,4,0.43388373911755823,-0.900968867902419,-0.9510565162951536,0.30901699437494723,253.0,298.0,272.0,235.0,331.0,372.43,373.71,378.48,103.46,209.0,499.0,370.18,264.5,26.962937525425527,1.0867850098404974,0,0.7643504531491132,-1.212835878483198,0
2024-07-23,Donuts,203.0,Regular Day,24.3,0.0,14.483333333333333,0.9999999999999964,9.299999999999997,25.6,14.8,0.0,2.8000000000000043,11.42361111111111,90.0,7.600000000000001,0.0,1.5,351.945,3,23,205,0,0,30,7,2024,0,4,0.43388373911755823,-0.900968867902419,-0.9510565162951536,0.30901699437494723,282.0,196.0,215.0,207.0,329.0,301.0,284.57,303.33,62.94,197.0,411.0,289.33,225.0,38.79003308411411,1.1327014217741065,0,0.8571428571168042,-0.338894184884192,0
2024-07-24,Donuts,257.0,Regular Day,25.6,0.0,14.45,-0.3000000000000007,5.600000000000001,25.1,7.9,0.0,4.0,5.9225,95.0,7.100000000000001,0.0,4.4,369.92,4,24,206,0,0,30,7,2024,0,4,-0.433883739117558,-0.9009688679024191,-0.9510565162951536,0.30901699437494723,288.0,281.0,325.0,312.0,393.0,299.57,285.36,303.43,62.63,197.0,411.0,293.75,301.5,20.534523775015252,0.893249607521299,0,0.7328244274622691,-0.24636755544525515,0
2024-07-24,Munchkins,287.0,Regular Day,25.6,0.0,14.45,-0.3000000000000007,5.600000000000001,25.1,7.9,0.0,4.0,5.9225,95.0,7.100000000000001,0.0,4.4,369.92,4,24,206,0,0,30,7,2024,0,4,-0.433883739117558,-0.9009688679024191,-0.9510565162951536,0.30901699437494723,394.0,305.0,310.0,437.0,415.0,370.29,380.79,381.95,102.51,209.0,499.0,378.39,361.5,64.80997865555375,0.9357429718750235,0,0.9493975903385687,0.11754950735366809,0
2024-07-25,Donuts,256.0,Regular Day,25.1,0.0,14.416666666666666,-0.36666666666666714,5.199999999999999,24.7,12.4,0.0,3.3000000000000007,4.4061111111111115,91.0,6.699999999999999,0.0,5.8,361.85833333333335,5,25,207,0,0,30,7,2024,0,4,-0.9749279121818236,-0.2225209339563146,-0.9510565162951536,0.30901699437494723,303.0,272.0,371.0,350.0,415.0,293.71,289.93,299.1,51.38,197.0,370.0,312.81,324.0,44.83302354291979,0.797503467395319,0,0.7301204819101176,0.07590502139433489,0
2024-07-25,Munchkins,487.0,Regular Day,25.1,0.0,14.416666666666666,-0.36666666666666714,5.199999999999999,24.7,12.4,0.0,3.3000000000000007,4.4061111111111115,91.0,6.699999999999999,0.0,5.8,361.85833333333335,5,25,207,0,0,30,7,2024,0,4,-0.9749279121818236,-0.2225209339563146,-0.9510565162951536,0.30901699437494723,436.0,376.0,417.0,408.0,318.0,397.14,382.79,381.86,131.51,209.0,586.0,430.29,409.25,25.0516133878306,0.984242424230494,0,1.3710691823468217,0.41167972014206666,0
2024-07-26,Donuts,272.0,Regular Day,24.7,0.0,14.383333333333333,-2.333333333333332,11.899999999999999,23.0,17.7,0.0,0.3000000000000007,12.422222222222222,52.0,5.0,0.0,0.0,355.2683333333333,6,26,208,0,0,30,7,2024,0,4,-0.7818314824680299,0.6234898018587334,-0.9510565162951536,0.30901699437494723,307.0,317.0,296.0,305.0,451.0,299.57,294.14,297.14,55.58,197.0,370.0,322.11,306.25,8.616843969807043,1.0382695507314763,0,0.6807095343529777,0.17740194311309815,0
2024-07-26,Munchkins,438.0,Regular Day,24.7,0.0,14.383333333333333,-2.333333333333332,11.899999999999999,23.0,17.7,0.0,0.3000000000000007,12.422222222222222,52.0,5.0,0.0,0.0,355.2683333333333,6,26,208,0,0,30,7,2024,0,4,-0.7818314824680299,0.6234898018587334,-0.9510565162951536,0.30901699437494723,403.0,418.0,304.0,330.0,626.0,395.14,384.21,380.86,129.8,209.0,586.0,443.97,363.75,55.35566818312286,1.2949526813675876,0,0.6437699680408343,0.17057010784510232,0
2024-07-27,Donuts,359.0,Regular Day,23.0,0.0,14.35,-3.4666666666666686,10.799999999999997,23.3,12.0,0.0,1.0,11.074444444444444,42.0,5.300000000000001,0.0,0.0,330.05,7,27,209,0,0,30,7,2024,1,4,-2.4492935982947064e-16,1.0,-0.9510565162951536,0.30901699437494723,370.0,411.0,306.0,461.0,376.0,300.0,291.64,291.52,54.66,200.0,370.0,291.58,387.0,65.57946833168646,1.018252933493895,0,0.984042553165318,1.4357848515485212,0
2024-07-27,Munchkins,327.0,Regular Day,23.0,0.0,14.35,-3.4666666666666686,10.799999999999997,23.3,12.0,0.0,1.0,11.074444444444444,42.0,5.300000000000001,0.0,0.0,330.05,7,27,209,0,0,30,7,2024,1,4,-2.4492935982947064e-16,1.0,-0.9510565162951536,0.30901699437494723,586.0,398.0,558.0,588.0,618.0,389.29,373.43,374.9,140.11,168.0,586.0,374.98,532.5,90.70648635388027,0.858638743448005,0,0.9482200647095758,1.5066733279918154,0
2024-07-28,Donuts,376.0,Regular Day,23.3,0.0,14.316666666666666,-3.166666666666668,13.0,23.6,14.8,0.0,2.6999999999999993,12.739166666666666,28.0,5.600000000000001,0.0,0.0,333.5783333333333,1,28,210,0,0,30,7,2024,1,4,0.7818314824680298,0.6234898018587336,-0.9510565162951536,0.30901699437494723,350.0,309.0,291.0,391.0,202.0,288.71,292.14,290.95,65.98,200.0,370.0,269.44,335.25,44.61968922646892,0.9662756598098786,0,1.7326732672409566,0.8949681720377437,0
2024-07-28,Munchkins,426.0,Regular Day,23.3,0.0,14.316666666666666,-3.166666666666668,13.0,23.6,14.8,0.0,2.6999999999999993,12.739166666666666,28.0,5.600000000000001,0.0,0.0,333.5783333333333,1,28,210,0,0,30,7,2024,1,4,0.7818314824680298,0.6234898018587336,-0.9510565162951536,0.30901699437494723,485.0,499.0,465.0,506.0,333.0,417.57,384.36,383.43,127.43,168.0,586.0,393.98,488.75,18.080837001274766,1.013388259515825,0,1.456456456412719,0.7970650552619426,0
2024-07-29,Donuts,180.0,Regular Day,23.6,0.0,14.3,-1.5666666666666664,7.700000000000003,24.4,16.4,0.0,3.1999999999999957,10.128333333333334,90.0,6.399999999999999,0.0,0.7,337.48,2,29,211,0,0,31,7,2024,0,5,0.9749279121818236,-0.22252093395631434,-2.4492935982947064e-16,1.0,200.0,197.0,235.0,318.0,223.0,284.29,290.43,287.71,67.07,200.0,370.0,266.33,237.5,56.37079622168439,0.7179023508007613,0,0.8968609865068672,-1.3077381837918982,0
2024-07-29,Munchkins,281.0,Regular Day,23.6,0.0,14.3,-1.5666666666666664,7.700000000000003,24.4,16.4,0.0,3.1999999999999957,10.128333333333334,90.0,6.399999999999999,0.0,0.7,337.48,2,29,211,0,0,31,7,2024,0,5,0.9749279121818236,-0.22252093395631434,-2.4492935982947064e-16,1.0,168.0,209.0,319.0,293.0,316.0,402.29,383.07,382.33,136.8,168.0,586.0,367.24,247.25,70.67472438337957,0.6160130718853593,0,0.5316455696034289,-1.5667397659673432,0
2024-07-30,Donuts,207.0,Regular Day,24.4,0.0,14.266666666666667,0.03333333333333144,7.199999999999999,25.2,24.2,0.0,1.9000000000000021,12.411944444444444,58.0,7.199999999999999,0.0,1.1,348.1066666666667,3,30,212,0,0,31,7,2024,0,5,0.43388373911755823,-0.900968867902419,-2.4492935982947064e-16,1.0,203.0,282.0,196.0,215.0,228.0,277.57,289.29,282.24,67.23,200.0,370.0,263.74,224.0,39.45461527713414,1.180048661771775,0,0.8903508771539319,-1.1786404877021213,0
2024-07-30,Munchkins,278.0,Regular Day,24.4,0.0,14.266666666666667,0.03333333333333144,7.199999999999999,25.2,24.2,0.0,1.9000000000000021,12.411944444444444,58.0,7.199999999999999,0.0,1.1,348.1066666666667,3,30,212,0,0,31,7,2024,0,5,0.43388373911755823,-0.900968867902419,-2.4492935982947064e-16,1.0,451.0,253.0,298.0,272.0,254.0,409.57,391.0,385.67,140.21,168.0,586.0,397.18,318.5,90.2385726837476,1.2350877192765775,0,1.7755905511111971,0.4659439411977786,0
2024-07-31,Donuts,310.0,Regular Day,25.2,0.0,14.25,2.4333333333333336,8.899999999999999,26.1,17.9,0.0,4.100000000000001,10.515555555555556,69.0,8.100000000000001,0.0,3.8,359.09999999999997,4,31,213,0,1,31,7,2024,0,5,-0.433883739117558,-0.9009688679024191,-2.4492935982947064e-16,1.0,257.0,288.0,281.0,325.0,243.0,272.57,286.07,281.1,65.97,200.0,370.0,265.81,287.75,28.158776015066184,0.8993399339785587,0,1.0576131686807566,-0.36531756853640823,0
2024-07-31,Munchkins,356.0,Regular Day,25.2,0.0,14.25,2.4333333333333336,8.899999999999999,26.1,17.9,0.0,4.100000000000001,10.515555555555556,69.0,8.100000000000001,0.0,3.8,359.09999999999997,4,31,213,0,1,31,7,2024,0,5,-0.433883739117558,-0.9009688679024191,-2.4492935982947064e-16,1.0,287.0,394.0,305.0,310.0,328.0,414.57,392.43,392.05,140.56,168.0,586.0,407.38,324.0,47.70045422565003,1.1073170731527264,0,0.8749999999733231,-0.7473676721152983,0
2024-08-01,Donuts,219.0,Regular Day,26.1,0.0,14.216666666666667,4.933333333333337,13.400000000000002,28.5,12.3,0.0,2.5,13.94361111111111,13.0,10.5,0.0,0.0,371.055,5,1,214,1,0,31,8,2024,0,1,-0.9749279121818236,-0.2225209339563146,0.9510565162951535,0.30901699437494745,256.0,303.0,272.0,371.0,378.0,271.0,282.36,283.62,63.34,200.0,359.0,289.11,300.5,50.888767588404676,0.8693623639056086,0,0.6772486772307607,-0.4360593621035587,0
2024-08-01,Munchkins,297.0,Regular Day,26.1,0.0,14.216666666666667,4.933333333333337,13.400000000000002,28.5,12.3,0.0,2.5,13.94361111111111,13.0,10.5,0.0,0.0,371.055,5,1,214,1,0,31,8,2024,0,1,-0.9749279121818236,-0.2225209339563146,0.9510565162951535,0.30901699437494745,487.0,436.0,376.0,417.0,444.0,377.57,387.36,381.05,120.58,168.0,487.0,387.29,429.0,46.06517122512408,1.1639344262148306,0,1.096846846822143,0.8786697627401998,0
2024-08-02,Donuts,302.0,Regular Day,28.5,0.0,14.166666666666666,4.699999999999999,9.499999999999996,28.4,19.1,0.0,3.9000000000000057,12.469722222222222,52.0,10.399999999999999,0.0,4.4,403.75,6,2,215,0,0,31,8,2024,0,1,-0.7818314824680299,0.6234898018587334,0.9510565162951535,0.30901699437494745,272.0,307.0,317.0,296.0,502.0,274.71,287.14,287.67,69.23,200.0,376.0,310.83,298.0,19.339079605813716,0.9445350733940533,0,0.5418326693119156,-0.22634695937796542,0
2024-08-02,Munchkins,462.0,Regular Day,28.5,0.0,14.166666666666666,4.699999999999999,9.499999999999996,28.4,19.1,0.0,3.9000000000000057,12.469722222222222,52.0,10.399999999999999,0.0,4.4,403.75,6,2,215,0,0,31,8,2024,0,1,-0.7818314824680299,0.6234898018587334,0.9510565162951535,0.30901699437494745,438.0,403.0,418.0,304.0,596.0,369.14,382.14,379.19,113.69,168.0,487.0,396.97,390.75,59.583974355526166,1.1648199445822047,0,0.7348993288467298,0.517283841981064,0
2024-08-03,Donuts,340.0,Regular Day,28.4,0.0,14.133333333333333,3.7333333333333343,8.400000000000002,27.3,17.3,0.0,5.0,13.91388888888889,63.0,9.3,1.0,3.7,401.38666666666666,7,3,216,0,0,31,8,2024,1,1,-2.4492935982947064e-16,1.0,0.9510565162951535,0.30901699437494745,359.0,370.0,411.0,306.0,488.0,271.86,285.93,285.05,73.13,180.0,376.0,278.12,361.5,43.23964230502684,1.0167364016594598,0,0.7356557376898432,1.0112129083807995,0
2024-08-03,Munchkins,488.0,Regular Day,28.4,0.0,14.133333333333333,3.7333333333333343,8.400000000000002,27.3,17.3,0.0,5.0,13.91388888888889,63.0,9.3,1.0,3.7,401.38666666666666,7,3,216,0,0,31,8,2024,1,1,-2.4492935982947064e-16,1.0,0.9510565162951535,0.30901699437494745,327.0,586.0,398.0,558.0,578.0,385.29,387.29,377.38,84.69,281.0,487.0,367.97,467.25,124.90362951758715,0.9550209204921023,0,0.5657439446268903,-0.5948754279614034,0
2024-08-04,Donuts,328.0,Regular Day,27.3,0.0,14.1,1.0000000000000036,4.700000000000003,24.6,19.4,0.0,3.8999999999999986,9.959722222222222,97.0,6.600000000000001,1.0,17.7,384.93,1,4,217,0,0,31,8,2024,1,1,0.7818314824680298,0.6234898018587336,0.9510565162951535,0.30901699437494745,376.0,350.0,309.0,291.0,342.0,272.43,280.57,285.57,72.52,180.0,376.0,260.34,331.5,38.59620015839211,1.2099999999798332,0,1.099415204646216,1.2469663539372635,0
2024-08-04,Munchkins,478.0,Regular Day,27.3,0.0,14.1,1.0000000000000036,4.700000000000003,24.6,19.4,0.0,3.8999999999999986,9.959722222222222,97.0,6.600000000000001,1.0,17.7,384.93,1,4,217,0,0,31,8,2024,1,1,0.7818314824680298,0.6234898018587336,0.9510565162951535,0.30901699437494745,426.0,485.0,499.0,465.0,351.0,360.57,389.07,376.43,87.51,278.0,487.0,345.48,468.75,31.731950249971504,0.9450207468781637,0,1.213675213640636,0.5664495485582848,0
2024-08-05,Donuts,181.0,Regular Day,24.6,0.0,14.066666666666666,1.5,10.7,25.8,16.4,0.0,4.800000000000001,12.873333333333333,20.0,7.800000000000001,0.0,0.2,346.04,2,5,218,0,0,32,8,2024,0,1,0.9749279121818236,-0.22252093395631434,0.9510565162951535,0.30901699437494745,180.0,200.0,197.0,235.0,226.0,280.0,282.14,286.95,73.4,180.0,376.0,272.76,203.0,23.079572497485014,0.8796296296092678,0,0.7964601769559088,-1.457084468466337,0
2024-08-05,Munchkins,410.0,Regular Day,24.6,0.0,14.066666666666666,1.5,10.7,25.8,16.4,0.0,4.800000000000001,12.873333333333333,20.0,7.800000000000001,0.0,0.2,346.04,2,5,218,0,0,32,8,2024,0,1,0.9749279121818236,-0.22252093395631434,0.9510565162951535,0.30901699437494745,281.0,168.0,209.0,319.0,240.0,370.43,386.36,378.86,81.52,278.0,487.0,348.11,244.25,68.30019521690012,0.8503787878626822,0,1.1708333332845486,-1.200441609273744,0
2024-08-06,Donuts,205.0,Regular Day,25.8,0.0,14.033333333333333,2.366666666666667,7.699999999999999,27.1,16.4,0.0,4.699999999999999,13.86111111111111,33.0,9.100000000000001,0.0,2.5,362.06,3,6,219,0,0,32,8,2024,0,1,0.43388373911755823,-0.900968867902419,0.9510565162951535,0.30901699437494745,207.0,203.0,282.0,196.0,282.0,274.71,276.14,284.43,76.68,180.0,376.0,259.32,222.0,40.25750447639131,0.8577405857561142,0,0.7340425531654594,-1.009780907536544,0
2024-08-06,Munchkins,238.0,Regular Day,25.8,0.0,14.033333333333333,2.366666666666667,7.699999999999999,27.1,16.4,0.0,4.699999999999999,13.86111111111111,33.0,9.100000000000001,0.0,2.5,362.06,3,6,219,0,0,32,8,2024,0,1,0.43388373911755823,-0.900968867902419,0.9510565162951535,0.30901699437494745,278.0,451.0,253.0,298.0,321.0,343.29,376.43,375.1,66.49,278.0,438.0,335.33,320.0,89.25245094673872,1.3230490017908703,0,0.8660436136801856,-1.4603699802285508,0
2024-08-07,Donuts,312.0,Regular Day,27.1,0.0,14.0,0.7333333333333343,6.100000000000001,24.0,15.2,0.0,5.400000000000002,6.096388888888889,96.0,6.0,0.0,7.3,379.40000000000003,4,7,220,0,0,32,8,2024,0,1,-0.433883739117558,-0.9009688679024191,0.9510565162951535,0.30901699437494745,310.0,257.0,288.0,281.0,338.0,279.0,275.79,283.71,77.33,180.0,376.0,269.99,284.0,21.83269719175042,0.9964850614939106,0,0.9171597632864745,0.33997155045390287,0
2024-08-07,Munchkins,274.0,Regular Day,27.1,0.0,14.0,0.7333333333333343,6.100000000000001,24.0,15.2,0.0,5.400000000000002,6.096388888888889,96.0,6.0,0.0,7.3,379.40000000000003,4,7,220,0,0,32,8,2024,0,1,-0.433883739117558,-0.9009688679024191,0.9510565162951535,0.30901699437494745,356.0,287.0,394.0,305.0,415.0,346.71,380.64,377.19,72.53,278.0,462.0,367.0,335.5,48.73397172404482,0.9198855507736783,0,0.8578313252805342,-0.29215497031681303,0
2024-08-08,Donuts,237.0,Regular Day,24.0,0.0,13.966666666666667,0.36666666666666714,4.0,23.4,19.4,0.0,3.1999999999999993,0.0,100.0,5.399999999999999,0.0,7.7,335.2,5,8,221,0,0,32,8,2024,0,2,-0.9749279121818236,-0.2225209339563146,0.5877852522924732,-0.8090169943749473,219.0,256.0,303.0,272.0,444.0,276.29,273.64,280.33,74.33,180.0,376.0,287.49,262.5,34.952348514322566,0.8260869565073724,0,0.49324324323213414,-0.8251042646542305,0
2024-08-08,Munchkins,357.0,Regular Day,24.0,0.0,13.966666666666667,0.36666666666666714,4.0,23.4,19.4,0.0,3.1999999999999993,0.0,100.0,5.399999999999999,0.0,7.7,335.2,5,8,221,0,0,32,8,2024,0,2,-0.9749279121818236,-0.2225209339563146,0.5877852522924732,-0.8090169943749473,297.0,487.0,436.0,376.0,328.0,369.71,373.64,381.48,88.91,278.0,488.0,397.25,399.0,81.74350127074322,0.9655172413674197,0,0.9054878048504424,-0.9501743334889021,0
2024-08-09,Donuts,312.0,Regular Day,23.4,0.0,13.916666666666666,2.2666666666666693,5.100000000000001,25.6,41.8,0.0,1.1999999999999993,7.446666666666666,98.0,7.600000000000001,0.0,8.2,325.65,6,9,222,0,0,32,8,2024,0,2,-0.7818314824680299,0.6234898018587334,0.5877852522924732,-0.8090169943749473,302.0,272.0,307.0,317.0,297.0,269.43,272.07,281.24,65.26,180.0,340.0,297.62,299.5,19.364916731037084,0.9198717948570533,0,1.01683501680078,0.31811216666899894,0
2024-08-09,Munchkins,422.0,Regular Day,23.4,0.0,13.916666666666666,2.2666666666666693,5.100000000000001,25.6,41.8,0.0,1.1999999999999993,7.446666666666666,98.0,7.600000000000001,0.0,8.2,325.65,6,9,222,0,0,32,8,2024,0,2,-0.7818314824680299,0.6234898018587334,0.5877852522924732,-0.8090169943749473,462.0,438.0,403.0,418.0,679.0,377.14,373.14,380.48,96.27,278.0,488.0,417.44,430.25,25.565275929145248,1.0962241169172202,0,0.6804123711239998,0.8467850835310288,0
2024-08-10,Donuts,398.0,Regular Day,25.6,0.0,13.883333333333333,2.0,7.100000000000001,25.8,17.8,0.0,2.299999999999997,12.724722222222223,45.0,7.800000000000001,0.0,7.5,355.41333333333336,7,10,223,0,0,32,8,2024,1,2,-2.4492935982947064e-16,1.0,0.5877852522924732,-0.8090169943749473,340.0,359.0,370.0,411.0,521.0,269.57,270.71,280.48,65.04,181.0,340.0,268.46,370.0,30.011109054259666,0.8950064020371958,0,0.6525911708128102,0.9151291511508102,0
2024-08-10,Munchkins,551.0,Regular Day,25.6,0.0,13.883333333333333,2.0,7.100000000000001,25.8,17.8,0.0,2.299999999999997,12.724722222222223,45.0,7.800000000000001,0.0,7.5,355.41333333333336,7,10,223,0,0,32,8,2024,1,2,-2.4492935982947064e-16,1.0,0.5877852522924732,-0.8090169943749473,488.0,327.0,586.0,398.0,579.0,395.57,390.43,390.05,86.66,278.0,488.0,415.58,449.75,112.2092539261654,0.828252032511908,0,0.8428324697609183,1.1302792521197462,0
2024-08-11,Donuts,338.0,Regular Day,25.8,0.0,13.85,-0.1666666666666643,6.600000000000001,24.4,12.7,0.0,1.5,11.926666666666666,51.0,6.399999999999999,0.0,1.8,357.33,1,11,224,0,0,32,8,2024,1,2,0.7818314824680298,0.6234898018587336,0.5877852522924732,-0.8090169943749473,328.0,376.0,350.0,309.0,230.0,269.29,270.86,276.81,65.36,181.0,340.0,252.6,340.75,28.860295678781025,1.0682852807121657,0,1.4260869564597354,0.7832007342742962,0
2024-08-11,Munchkins,453.0,Regular Day,25.8,0.0,13.85,-0.1666666666666643,6.600000000000001,24.4,12.7,0.0,1.5,11.926666666666666,51.0,6.399999999999999,0.0,1.8,357.33,1,11,224,0,0,32,8,2024,1,2,0.7818314824680298,0.6234898018587336,0.5877852522924732,-0.8090169943749473,478.0,426.0,485.0,499.0,349.0,389.86,375.21,389.33,96.47,238.0,488.0,371.18,472.0,31.88521078284832,0.9186991869825335,0,1.3696275071240793,0.9191458483550178,0
2024-08-12,Donuts,213.0,Regular Day,24.4,0.0,13.816666666666666,-2.3999999999999986,10.5,22.6,17.4,0.0,0.6000000000000014,13.209166666666667,37.0,4.600000000000001,0.0,0.0,337.12666666666667,2,12,225,0,0,33,8,2024,0,2,0.9749279121818236,-0.22252093395631434,0.5877852522924732,-0.8090169943749473,181.0,180.0,200.0,197.0,242.0,269.57,274.79,277.95,65.57,181.0,340.0,267.45,189.5,10.472185381603339,0.9093198992214276,0,0.7479338842666142,-1.4785725176942852,0
2024-08-12,Munchkins,319.0,Regular Day,24.4,0.0,13.816666666666666,-2.3999999999999986,10.5,22.6,17.4,0.0,0.6000000000000014,13.209166666666667,37.0,4.600000000000001,0.0,0.0,337.12666666666667,2,12,225,0,0,33,8,2024,0,2,0.9749279121818236,-0.22252093395631434,0.5877852522924732,-0.8090169943749473,410.0,281.0,168.0,209.0,271.0,378.14,374.29,383.62,105.8,238.0,488.0,346.89,267.0,106.1602562167217,1.8328912466357323,0,1.5129151290954643,0.24933837426754835,0
2024-08-13,Donuts,271.0,Regular Day,22.6,0.0,13.766666666666667,-2.166666666666668,10.399999999999999,21.9,13.2,0.0,0.0,13.625555555555556,32.0,3.8999999999999986,0.0,0.0,311.1266666666667,3,13,226,0,0,33,8,2024,0,2,0.43388373911755823,-0.900968867902419,0.5877852522924732,-0.8090169943749473,205.0,207.0,203.0,282.0,318.0,272.14,273.43,274.81,63.58,181.0,340.0,259.84,224.25,38.53461647229237,0.8494845360649591,0,0.6446540880300423,-1.0979867881255132,0
2024-08-13,Munchkins,379.0,Regular Day,22.6,0.0,13.766666666666667,-2.166666666666668,10.399999999999999,21.9,13.2,0.0,0.0,13.625555555555556,32.0,3.8999999999999986,0.0,0.0,311.1266666666667,3,13,226,0,0,33,8,2024,0,2,0.43388373911755823,-0.900968867902419,0.5877852522924732,-0.8090169943749473,238.0,278.0,451.0,253.0,234.0,386.71,365.0,379.86,100.42,238.0,488.0,349.42,305.0,98.72183142547549,0.7329545454441342,0,1.0170940170505516,-1.4126667993016666,0
2024-08-14,Donuts,236.0,Regular Day,21.9,0.0,13.75,-2.3333333333333357,11.0,22.8,10.5,0.0,0.9000000000000021,13.520833333333334,13.0,4.800000000000001,0.0,0.1,301.125,4,14,227,0,0,33,8,2024,0,2,-0.433883739117558,-0.9009688679024191,0.5877852522924732,-0.8090169943749473,312.0,310.0,257.0,288.0,369.0,273.57,276.29,275.05,64.47,181.0,340.0,272.88,291.75,25.591339680967597,1.1412844036487837,0,0.8455284552616388,0.5731347912869341,0
2024-08-14,Munchkins,417.0,Regular Day,21.9,0.0,13.75,-2.3333333333333357,11.0,22.8,10.5,0.0,0.9000000000000021,13.520833333333334,13.0,4.800000000000001,0.0,0.1,301.125,4,14,227,0,0,33,8,2024,0,2,-0.433883739117558,-0.9009688679024191,0.5877852522924732,-0.8090169943749473,274.0,356.0,287.0,394.0,288.0,381.0,363.86,380.76,96.48,238.0,488.0,367.56,327.75,56.97002135626538,0.9251101321450057,0,0.9513888888558545,-1.1065505803164852,0
2024-08-15,Donuts,251.0,Regular Day,22.8,0.0,13.716666666666667,-0.6333333333333329,12.0,23.4,9.6,0.0,1.8999999999999986,13.421388888888888,10.0,5.399999999999999,0.0,0.0,312.74,5,15,228,0,0,33,8,2024,0,3,-0.9749279121818236,-0.2225209339563146,-0.587785252292473,-0.8090169943749476,237.0,219.0,256.0,303.0,421.0,281.86,279.07,276.38,76.95,181.0,398.0,304.16,253.75,36.1420807370024,0.8157423971231531,0,0.5629453681576497,-0.5117608836242026,0
2024-08-15,Munchkins,284.0,Regular Day,22.8,0.0,13.716666666666667,-0.6333333333333329,12.0,23.4,9.6,0.0,1.8999999999999986,13.421388888888888,10.0,5.399999999999999,0.0,0.0,312.74,5,15,228,0,0,33,8,2024,0,3,-0.9749279121818236,-0.2225209339563146,-0.587785252292473,-0.8090169943749476,357.0,297.0,487.0,436.0,306.0,390.0,379.86,379.1,110.1,238.0,551.0,413.42,394.25,84.04512676731075,0.7085590465795389,0,1.1666666666285403,-0.2007266121525228,0
2024-08-16,Donuts,325.0,Regular Day,23.4,0.0,13.666666666666666,0.10000000000000142,13.199999999999996,24.6,17.6,0.0,2.6000000000000014,13.405277777777778,13.0,6.600000000000001,0.0,0.0,319.79999999999995,6,16,229,0,0,33,8,2024,0,3,-0.7818314824680299,0.6234898018587334,-0.587785252292473,-0.8090169943749476,312.0,302.0,272.0,307.0,372.0,283.29,276.36,275.81,78.03,181.0,398.0,312.62,298.25,17.969882210706523,1.0604490500680406,0,0.8387096773968089,0.4637959758472644,0
2024-08-16,Munchkins,484.0,Regular Day,23.4,0.0,13.666666666666666,0.10000000000000142,13.199999999999996,24.6,17.6,0.0,2.6000000000000014,13.405277777777778,13.0,6.600000000000001,0.0,0.0,319.79999999999995,6,16,229,0,0,33,8,2024,0,3,-0.7818314824680299,0.6234898018587334,-0.587785252292473,-0.8090169943749476,422.0,462.0,438.0,403.0,431.0,386.43,381.79,377.57,107.14,238.0,551.0,423.32,431.25,24.998333277774073,1.0511296075974896,0,0.97911832944364,0.4146910583895193,0
2024-08-17,Donuts,397.0,Regular Day,24.6,0.0,13.633333333333333,0.1666666666666643,7.600000000000001,23.8,19.6,0.0,0.8000000000000007,10.2175,79.0,5.800000000000001,0.0,0.1,335.38,7,17,230,0,0,33,8,2024,1,3,-2.4492935982947064e-16,1.0,-0.587785252292473,-0.8090169943749476,398.0,340.0,359.0,370.0,345.0,287.86,278.71,276.43,71.73,205.0,398.0,287.71,366.75,24.2401182615377,1.0123456789984588,0,1.1536231883723587,1.6948278263355878,0
2024-08-17,Munchkins,426.0,Regular Day,24.6,0.0,13.633333333333333,0.1666666666666643,7.600000000000001,23.8,19.6,0.0,0.8000000000000007,10.2175,79.0,5.800000000000001,0.0,0.1,335.38,7,17,230,0,0,33,8,2024,1,3,-2.4492935982947064e-16,1.0,-0.587785252292473,-0.8090169943749476,551.0,488.0,327.0,586.0,429.0,373.43,384.5,384.76,109.3,238.0,551.0,397.24,488.0,114.73738129601297,1.138006571729047,0,1.2843822843523454,1.5209515094674337,0
2024-08-18,Donuts,221.0,Regular Day,23.8,0.0,13.583333333333334,1.8333333333333321,6.799999999999997,23.8,17.8,0.0,4.800000000000004,10.528055555555556,80.0,5.800000000000001,1.0,4.8,323.28333333333336,1,18,231,0,0,33,8,2024,1,3,0.7818314824680298,0.6234898018587336,-0.587785252292473,-0.8090169943749476,338.0,328.0,376.0,350.0,273.0,297.29,283.29,279.67,62.8,213.0,398.0,283.54,348.0,20.72036035722674,0.9173553718881907,0,1.2380952380498866,0.9288216559030537,0
2024-08-18,Munchkins,381.0,Regular Day,23.8,0.0,13.583333333333334,1.8333333333333321,6.799999999999997,23.8,17.8,0.0,4.800000000000004,10.528055555555556,80.0,5.800000000000001,1.0,4.8,323.28333333333336,1,18,231,0,0,33,8,2024,1,3,0.7818314824680298,0.6234898018587336,-0.587785252292473,-0.8090169943749476,453.0,478.0,426.0,485.0,176.0,393.57,391.71,381.33,91.77,274.0,551.0,392.68,460.5,26.78930134711741,1.021953896805467,0,2.573863636217394,0.7809741744817509,0
2024-08-19,Donuts,181.0,Regular Day,23.8,0.0,13.55,0.8333333333333321,7.899999999999999,24.1,18.4,0.0,4.200000000000003,11.0,63.0,6.100000000000001,0.0,5.1,322.49,2,19,232,0,0,34,8,2024,0,3,0.9749279121818236,-0.22252093395631434,-0.587785252292473,-0.8090169943749476,213.0,181.0,180.0,200.0,262.0,286.43,278.0,278.67,66.3,213.0,398.0,271.65,193.5,15.92691642053372,1.0368421052358725,0,0.8129770992056116,-0.9904977374071651,0
2024-08-19,Munchkins,178.0,Regular Day,23.8,0.0,13.55,0.8333333333333321,7.899999999999999,24.1,18.4,0.0,4.200000000000003,11.0,63.0,6.100000000000001,0.0,5.1,322.49,2,19,232,0,0,34,8,2024,0,3,0.9749279121818236,-0.22252093395631434,-0.587785252292473,-0.8090169943749476,319.0,410.0,281.0,168.0,354.0,414.0,396.07,387.52,75.12,319.0,551.0,398.76,294.5,100.20811677038276,1.6236080177812113,0,0.9011299434773692,-0.9121405749584475,0
2024-08-20,Munchkins,382.0,Regular Day,24.1,0.0,13.516666666666667,-1.9333333333333336,6.899999999999999,20.1,18.1,0.0,2.1000000000000014,12.416666666666666,37.0,2.1000000000000014,0.0,0.5,325.7516666666667,3,20,233,0,0,34,8,2024,0,3,0.43388373911755823,-0.900968867902419,-0.587785252292473,-0.8090169943749476,379.0,238.0,278.0,451.0,306.0,403.57,395.14,377.86,88.27,284.0,551.0,370.07,336.5,96.6798841538404,0.8463648833903105,0,1.238562091462792,0.012914920129951709,0
2024-08-20,Donuts,197.0,Regular Day,24.1,0.0,13.516666666666667,-1.9333333333333336,6.899999999999999,20.1,18.1,0.0,2.1000000000000014,12.416666666666666,37.0,2.1000000000000014,0.0,0.5,325.7516666666667,3,20,233,0,0,34,8,2024,0,3,0.43388373911755823,-0.900968867902419,-0.587785252292473,-0.8090169943749476,271.0,205.0,207.0,203.0,256.0,288.43,280.29,278.43,64.76,213.0,398.0,266.49,221.5,33.04037933599835,1.160975609727781,0,1.0585937499586486,-0.11473131560921393,0
2024-08-21,Donuts,278.0,Regular Day,20.1,0.1999999999999993,13.466666666666667,-3.2333333333333343,10.3,17.8,18.7,0.0,-1.8999999999999986,13.0925,13.0,0.0,0.0,0.0,270.68,4,21,234,0,0,34,8,2024,0,3,-0.433883739117558,-0.9009688679024191,-0.587785252292473,-0.8090169943749476,236.0,312.0,310.0,257.0,272.0,290.29,281.93,280.95,65.73,213.0,398.0,281.12,278.75,38.22193959843831,0.9664902998065874,0,0.8676470587916306,-0.6838582077158285,0
2024-08-21,Munchkins,462.0,Regular Day,20.1,0.1999999999999993,13.466666666666667,-3.2333333333333343,10.3,17.8,18.7,0.0,-1.8999999999999986,13.0925,13.0,0.0,0.0,0.0,270.68,4,21,234,0,0,34,8,2024,0,3,-0.433883739117558,-0.9009688679024191,-0.587785252292473,-0.8090169943749476,417.0,274.0,356.0,287.0,313.0,412.43,396.71,380.05,93.39,284.0,551.0,398.55,333.5,66.28473931959503,1.0746500777437846,0,1.3322683705644642,0.3956526394265282,0
2024-08-22,Donuts,329.0,Regular Day,17.8,0.0,13.433333333333334,-1.6666666666666643,11.9,18.7,11.4,0.0,-0.5,12.552777777777777,19.0,0.6999999999999993,0.0,0.0,239.11333333333334,5,22,235,0,0,34,8,2024,0,4,-0.9749279121818236,-0.2225209339563146,-0.9510565162951536,0.30901699437494723,251.0,237.0,219.0,256.0,360.0,290.14,286.0,282.76,65.45,213.0,397.0,310.09,240.75,16.580611166861935,1.0273684210310028,0,0.6972222222028549,-0.4852559204758966,0
2024-08-22,Munchkins,482.0,Regular Day,17.8,0.0,13.433333333333334,-1.6666666666666643,11.9,18.7,11.4,0.0,-0.5,12.552777777777777,19.0,0.6999999999999993,0.0,0.0,239.11333333333334,5,22,235,0,0,34,8,2024,0,4,-0.9749279121818236,-0.2225209339563146,-0.9510565162951536,0.30901699437494723,284.0,357.0,297.0,487.0,357.0,394.57,392.29,384.76,71.97,284.0,484.0,405.41,356.25,92.78424794471671,0.8176020408058979,0,0.7955182072606297,-1.400027789162147,0
2024-08-23,Munchkins,411.0,Regular Day,18.7,0.0,13.383333333333333,-1.1666666666666679,13.6,20.3,12.3,0.0,0.9000000000000021,12.808333333333334,8.0,2.3000000000000007,0.0,0.0,250.26833333333332,6,23,236,0,0,34,8,2024,0,4,-0.7818314824680299,0.6234898018587334,-0.9510565162951536,0.30901699437494723,484.0,422.0,462.0,438.0,515.0,384.29,385.36,382.62,67.22,284.0,484.0,399.31,451.5,27.19681353884434,1.0066666666554815,0,0.9398058252244698,1.508182088439723,0
2024-08-23,Donuts,430.0,Regular Day,18.7,0.0,13.383333333333333,-1.1666666666666679,13.6,20.3,12.3,0.0,0.9000000000000021,12.808333333333334,8.0,2.3000000000000007,0.0,0.0,250.26833333333332,6,23,236,0,0,34,8,2024,0,4,-0.7818314824680299,0.6234898018587334,-0.9510565162951536,0.30901699437494723,325.0,312.0,302.0,272.0,389.0,273.43,278.36,275.38,66.13,213.0,397.0,287.82,302.75,22.559181427229728,1.1097560975416418,0,0.8354755783846921,0.7503402388098686,0
2024-08-24,Munchkins,491.0,Regular Day,20.3,0.0,13.35,-1.2999999999999936,13.000000000000002,21.6,13.3,0.0,0.8999999999999986,12.65638888888889,32.0,3.6000000000000014,0.0,0.0,271.005,7,24,237,0,0,34,8,2024,1,4,-2.4492935982947064e-16,1.0,-0.9510565162951536,0.30901699437494723,426.0,551.0,488.0,327.0,504.0,364.14,368.79,377.71,102.11,178.0,484.0,343.98,448.0,95.45330446523752,1.1987730061202604,0,0.8452380952213246,0.47292135927206747,0
2024-08-24,Donuts,406.0,Regular Day,20.3,0.0,13.35,-1.2999999999999936,13.000000000000002,21.6,13.3,0.0,0.8999999999999986,12.65638888888889,32.0,3.6000000000000014,0.0,0.0,271.005,7,24,237,0,0,34,8,2024,1,4,-2.4492935982947064e-16,1.0,-0.9510565162951536,0.30901699437494723,397.0,398.0,340.0,359.0,358.0,268.86,278.36,275.43,71.86,181.0,397.0,261.11,373.5,28.780780624113262,1.1373390557777205,0,1.1089385474550575,1.6917617587403617,0
2024-08-25,Munchkins,456.0,Regular Day,21.6,0.0,13.3,-0.4333333333333371,12.8,22.7,16.2,0.0,1.1000000000000014,12.37138888888889,29.0,4.699999999999999,0.0,0.0,287.28000000000003,1,25,238,0,0,34,8,2024,1,4,0.7818314824680298,0.6234898018587336,-0.9510565162951536,0.30901699437494723,381.0,453.0,478.0,426.0,425.0,364.57,379.07,382.67,102.19,178.0,484.0,353.49,434.5,41.50903516103452,0.9225663716712106,0,0.8964705882142007,-0.016342107836741317,0
2024-08-25,Donuts,363.0,Regular Day,21.6,0.0,13.3,-0.4333333333333371,12.8,22.7,16.2,0.0,1.1000000000000014,12.37138888888889,29.0,4.699999999999999,0.0,0.0,287.28000000000003,1,25,238,0,0,34,8,2024,1,4,0.7818314824680298,0.6234898018587336,-0.9510565162951536,0.30901699437494723,221.0,338.0,328.0,376.0,355.0,258.29,277.79,274.95,76.77,181.0,397.0,245.08,315.75,66.46490301906212,0.794034090897812,0,0.6225352112500694,-0.7027484693626743,0
2024-08-26,Munchkins,272.0,Regular Day,22.7,0.0,13.266666666666667,0.7333333333333307,11.100000000000001,22.9,12.9,0.0,3.1999999999999957,12.395555555555555,24.0,4.899999999999999,0.0,1.7,301.15333333333336,2,26,239,0,0,35,8,2024,0,4,0.9749279121818236,-0.22252093395631434,-0.9510565162951536,0.30901699437494723,178.0,319.0,410.0,281.0,219.0,371.0,392.5,387.71,107.33,178.0,484.0,380.62,297.0,96.03818684946803,0.7192474674280861,0,0.8127853880907404,-1.953880555114704,0
2024-08-26,Donuts,231.0,Regular Day,22.7,0.0,13.266666666666667,0.7333333333333307,11.100000000000001,22.9,12.9,0.0,3.1999999999999957,12.395555555555555,24.0,4.899999999999999,0.0,1.7,301.15333333333336,2,26,239,0,0,35,8,2024,0,4,0.9749279121818236,-0.22252093395631434,-0.9510565162951536,0.30901699437494723,181.0,213.0,181.0,180.0,156.0,264.29,275.36,273.43,76.38,181.0,397.0,253.31,188.75,16.17353805861084,1.0914127423520383,0,1.1602564101820347,-1.210133542653819,0
2024-08-27,Munchkins,390.0,Regular Day,22.9,0.0,13.216666666666667,1.2333333333333378,12.399999999999999,22.6,15.3,0.0,3.5,10.141666666666667,44.0,4.600000000000001,0.0,0.0,302.66166666666663,3,27,240,0,0,35,8,2024,0,4,0.43388373911755823,-0.900968867902419,-0.9510565162951536,0.30901699437494723,382.0,379.0,238.0,278.0,251.0,399.29,401.43,396.52,106.67,178.0,484.0,405.96,319.25,72.59648751833659,1.474806201521806,0,1.5219123505369756,-0.13612074621391934,0
2024-08-27,Donuts,216.0,Regular Day,22.9,0.0,13.216666666666667,1.2333333333333378,12.399999999999999,22.6,15.3,0.0,3.5,10.141666666666667,44.0,4.600000000000001,0.0,0.0,302.66166666666663,3,27,240,0,0,35,8,2024,0,4,0.43388373911755823,-0.900968867902419,-0.9510565162951536,0.30901699437494723,197.0,271.0,205.0,207.0,203.0,275.43,281.93,278.67,79.73,181.0,397.0,272.23,220.0,34.27341049073854,1.1359223300695165,0,0.9704433497058894,-1.02433212077959,0
2024-08-28,Munchkins,475.0,Regular Day,22.6,0.0,13.2,3.033333333333335,13.700000000000003,26.6,13.9,0.0,3.0,12.224722222222223,51.0,8.600000000000001,0.0,0.1,298.32,4,28,241,0,0,35,8,2024,0,4,-0.433883739117558,-0.9009688679024191,-0.9510565162951536,0.30901699437494723,462.0,417.0,274.0,356.0,244.0,388.86,400.64,394.1,100.39,178.0,482.0,407.22,377.25,81.39359106629138,1.3952380952159487,0,1.8934426228732195,0.6763621874014978,0
2024-08-28,Donuts,281.0,Regular Day,22.6,0.0,13.2,3.033333333333335,13.700000000000003,26.6,13.9,0.0,3.0,12.224722222222223,51.0,8.600000000000001,0.0,0.1,298.32,4,28,241,0,0,35,8,2024,0,4,-0.433883739117558,-0.9009688679024191,-0.9510565162951536,0.30901699437494723,278.0,236.0,312.0,310.0,286.0,290.43,290.36,284.76,98.32,181.0,430.0,311.68,284.0,35.59026084010437,0.8263665594722449,0,0.972027971993985,-0.06875508542832019,0
2024-08-29,Munchkins,430.0,Regular Day,26.6,0.0,13.15,2.6666666666666643,7.399999999999999,25.3,18.6,0.0,3.5000000000000036,10.350277777777778,55.0,7.300000000000001,0.0,4.3,349.79,5,29,242,0,0,35,8,2024,0,5,-0.9749279121818236,-0.2225209339563146,-2.4492935982947064e-16,1.0,482.0,284.0,357.0,297.0,357.0,398.14,396.36,394.24,107.17,178.0,491.0,428.17,355.0,90.43966681348031,1.1712538226120603,0,1.35014005598459,0.8188858821667551,0
2024-08-29,Donuts,314.0,Regular Day,26.6,0.0,13.15,2.6666666666666643,7.399999999999999,25.3,18.6,0.0,3.5000000000000036,10.350277777777778,55.0,7.300000000000001,0.0,4.3,349.79,5,29,242,0,0,35,8,2024,0,5,-0.9749279121818236,-0.2225209339563146,-2.4492935982947064e-16,1.0,329.0,251.0,237.0,219.0,377.0,291.71,290.93,287.9,99.99,181.0,430.0,335.26,259.0,48.46992194478276,1.2719298245335102,0,0.8726790450696902,0.4110411040693031,0
2024-08-30,Donuts,356.0,Regular Day,25.3,0.0,13.116666666666667,1.466666666666665,4.899999999999999,22.1,16.9,0.0,1.0,4.368055555555555,94.0,4.100000000000001,0.0,12.9,331.8516666666667,6,30,243,0,0,35,8,2024,0,5,-0.7818314824680299,0.6234898018587334,-2.4492935982947064e-16,1.0,430.0,325.0,312.0,302.0,422.0,312.0,292.71,289.57,97.63,181.0,430.0,342.19,342.25,59.25298867286499,1.2296416937910482,0,1.0189573459474182,1.4383898390414434,0
2024-08-30,Munchkins,645.0,Regular Day,25.3,0.0,13.116666666666667,1.466666666666665,4.899999999999999,22.1,16.9,0.0,1.0,4.368055555555555,94.0,4.100000000000001,0.0,12.9,331.8516666666667,6,30,243,0,0,35,8,2024,0,5,-0.7818314824680299,0.6234898018587334,-2.4492935982947064e-16,1.0,411.0,484.0,422.0,462.0,641.0,408.86,396.57,393.19,108.91,178.0,491.0,435.12,444.75,34.13087556255577,1.0124434389025743,0,0.6411856474158941,0.163529519771965,0
2024-08-31,Donuts,383.0,Regular Day,22.1,0.0,13.066666666666666,2.333333333333332,7.5,22.4,12.0,0.0,2.8000000000000007,7.081944444444445,69.0,4.399999999999999,0.0,0.9,288.77333333333337,7,31,244,0,1,35,8,2024,1,5,-2.4492935982947064e-16,1.0,-2.4492935982947064e-16,1.0,406.0,397.0,398.0,340.0,342.0,319.14,294.0,291.95,87.78,197.0,430.0,314.39,385.25,30.434355587066403,1.088075880744064,0,1.187134502889265,1.2992709043860482,0
2024-08-31,Munchkins,698.0,Regular Day,22.1,0.0,13.066666666666666,2.333333333333332,7.5,22.4,12.0,0.0,2.8000000000000007,7.081944444444445,69.0,4.399999999999999,0.0,0.9,288.77333333333337,7,31,244,0,1,35,8,2024,1,5,-2.4492935982947064e-16,1.0,-2.4492935982947064e-16,1.0,491.0,426.0,551.0,488.0,539.0,422.29,393.21,386.62,76.74,272.0,491.0,394.34,489.0,51.048996072400875,0.8825794032638828,0,0.9109461966435817,1.3601772216106103,0
2024-09-01,Munchkins,428.0,Regular Day,22.4,0.0,13.033333333333333,3.4333333333333336,7.799999999999997,24.1,15.3,0.0,3.200000000000003,9.0,85.0,6.100000000000001,1.0,3.2,291.94666666666666,1,1,245,1,0,35,9,2024,1,1,0.7818314824680298,0.6234898018587336,0.9510565162951535,0.30901699437494745,456.0,381.0,453.0,478.0,206.0,423.43,394.0,393.86,76.1,272.0,491.0,393.26,442.0,42.16633728461603,0.8990332975198815,0,2.213592232902253,0.8165571615221343,0
2024-09-01,Donuts,378.0,Regular Day,22.4,0.0,13.033333333333333,3.4333333333333336,7.799999999999997,24.1,15.3,0.0,3.200000000000003,9.0,85.0,6.100000000000001,1.0,3.2,291.94666666666666,1,1,245,1,0,35,9,2024,1,1,0.7818314824680298,0.6234898018587336,0.9510565162951535,0.30901699437494745,363.0,221.0,338.0,328.0,246.0,321.86,290.07,292.48,83.57,216.0,430.0,289.8,312.5,62.75083000779087,0.8768768768637105,0,1.4756097560375767,0.843843484403034,0
2024-09-02,Munchkins,358.0,Labor Day,24.1,0.0,12.983333333333333,1.5666666666666664,6.600000000000001,23.5,16.2,0.0,1.5999999999999979,11.0,69.0,5.5,0.0,0.0,312.8983333333333,2,2,246,0,0,36,9,2024,0,1,0.9749279121818236,-0.22252093395631434,0.9510565162951535,0.30901699437494745,272.0,178.0,319.0,410.0,388.0,425.29,398.14,403.43,77.35,272.0,491.0,413.69,294.75,96.64151971763138,0.6172839506088164,1,0.7010309278169837,-1.699159663645875,0
2024-09-02,Donuts,256.0,Labor Day,24.1,0.0,12.983333333333333,1.5666666666666664,6.600000000000001,23.5,16.2,0.0,1.5999999999999979,11.0,69.0,5.5,0.0,0.0,312.8983333333333,2,2,246,0,0,36,9,2024,0,1,0.9749279121818236,-0.22252093395631434,0.9510565162951535,0.30901699437494745,231.0,181.0,213.0,181.0,237.0,322.29,293.29,291.0,83.31,216.0,430.0,287.6,201.5,24.78574859336174,1.045685279161277,1,0.9746835442626716,-0.7202016563773614,0
2024-09-03,Donuts,201.0,Regular Day,23.5,0.0,12.933333333333334,-3.599999999999998,9.2,18.7,17.1,0.0,-1.1000000000000014,12.114444444444445,0.0,0.6999999999999993,0.0,0.0,303.93333333333334,3,3,247,0,0,36,9,2024,0,1,0.43388373911755823,-0.900968867902419,0.9510565162951535,0.30901699437494745,216.0,197.0,271.0,205.0,261.0,320.14,297.79,294.67,83.31,216.0,430.0,294.2,222.25,33.42030321027424,0.8676470588053015,0,0.8275862068648434,-0.9443044051201174,0
2024-09-03,Munchkins,278.0,Regular Day,23.5,0.0,12.933333333333334,-3.599999999999998,9.2,18.7,17.1,0.0,-1.1000000000000014,12.114444444444445,0.0,0.6999999999999993,0.0,0.0,303.93333333333334,3,3,247,0,0,36,9,2024,0,1,0.43388373911755823,-0.900968867902419,0.9510565162951535,0.30901699437494745,390.0,382.0,379.0,238.0,372.0,417.86,408.57,406.9,73.39,272.0,491.0,417.77,347.25,72.98116195293139,1.2512155591369334,0,1.0483870967460112,-0.23027660441064468,0
2024-09-04,Donuts,178.0,Regular Day,18.7,0.1999999999999993,12.9,-4.733333333333331,11.5,17.8,12.8,0.0,0.1999999999999993,12.0,9.0,0.0,0.0,0.0,241.23,4,4,248,0,0,36,9,2024,0,1,-0.433883739117558,-0.9009688679024191,0.9510565162951535,0.30901699437494745,281.0,278.0,236.0,312.0,310.0,309.57,300.0,296.76,70.8,216.0,406.0,309.65,276.75,31.212978070027216,1.0200729926821155,0,0.9064516128739855,-0.22259887002505654,0
2024-09-04,Munchkins,344.0,Regular Day,18.7,0.1999999999999993,12.9,-4.733333333333331,11.5,17.8,12.8,0.0,0.1999999999999993,12.0,9.0,0.0,0.0,0.0,241.23,4,4,248,0,0,36,9,2024,0,1,-0.433883739117558,-0.9009688679024191,0.9510565162951535,0.30901699437494745,475.0,462.0,417.0,274.0,321.0,451.29,420.07,417.52,112.58,272.0,645.0,474.58,407.0,92.08329562593497,1.3560057886923877,0,1.4797507787701012,0.5105702611022768,0
2024-09-05,Munchkins,234.0,Regular Day,17.8,0.0,12.85,-4.833333333333332,10.700000000000001,19.0,16.6,0.0,0.3999999999999986,12.049444444444445,26.0,1.0,0.0,0.0,228.73,5,5,249,0,0,36,9,2024,0,1,-0.9749279121818236,-0.2225209339563146,0.9510565162951535,0.30901699437494745,430.0,482.0,284.0,357.0,328.0,480.86,439.5,424.52,146.75,272.0,698.0,530.43,388.25,86.36501992512169,1.4227769110542468,0,1.3109756097161287,0.037342419077523635,0
2024-09-05,Donuts,158.0,Regular Day,17.8,0.0,12.85,-4.833333333333332,10.700000000000001,19.0,16.6,0.0,0.3999999999999986,12.049444444444445,26.0,1.0,0.0,0.0,228.73,5,5,249,0,0,36,9,2024,0,1,-0.9749279121818236,-0.2225209339563146,0.9510565162951535,0.30901699437494745,314.0,329.0,251.0,237.0,796.0,306.29,299.0,296.05,65.94,216.0,383.0,327.99,282.75,45.521972716480555,1.3176229507926716,0,0.39447236180408957,0.27221716708034305,0
2024-09-06,Donuts,276.0,Regular Day,19.0,0.0,12.816666666666666,-2.3999999999999986,6.699999999999999,19.7,13.2,0.0,1.8000000000000007,2.7169444444444446,68.0,1.6999999999999993,0.0,0.6,243.51666666666665,6,6,250,0,0,36,9,2024,0,1,-0.7818314824680299,0.6234898018587334,0.9510565162951535,0.30901699437494745,356.0,430.0,325.0,312.0,366.0,308.43,310.21,297.95,68.3,216.0,383.0,340.49,355.75,52.82912706705144,1.2339089481752918,0,0.9726775956018394,0.8499267934333932,0
2024-09-06,Munchkins,404.0,Regular Day,19.0,0.0,12.816666666666666,-2.3999999999999986,6.699999999999999,19.7,13.2,0.0,1.8000000000000007,2.7169444444444446,68.0,1.6999999999999993,0.0,0.6,243.51666666666665,6,6,250,0,0,36,9,2024,0,1,-0.7818314824680299,0.6234898018587334,0.9510565162951535,0.30901699437494745,645.0,411.0,484.0,422.0,456.0,476.86,442.86,423.33,147.91,272.0,698.0,504.82,490.5,107.89655539759676,1.16556291389442,0,1.4144736841795071,1.4986816306200608,0
2024-09-07,Donuts,299.0,Regular Day,19.7,0.0,12.766666666666667,-0.6333333333333364,7.400000000000002,21.0,18.1,0.0,0.3999999999999986,8.3975,94.0,3.0,0.0,1.5,251.50333333333333,7,7,251,0,0,36,9,2024,1,1,-2.4492935982947064e-16,1.0,0.9510565162951535,0.30901699437494745,383.0,406.0,397.0,398.0,410.0,312.0,315.57,300.0,64.1,216.0,383.0,319.37,396.0,9.556847457887633,0.9924528301761956,0,0.9341463414406306,1.2948517938697581,0
2024-09-07,Munchkins,433.0,Regular Day,19.7,0.0,12.766666666666667,-0.6333333333333364,7.400000000000002,21.0,18.1,0.0,0.3999999999999986,8.3975,94.0,3.0,0.0,1.5,251.50333333333333,7,7,251,0,0,36,9,2024,1,1,-2.4492935982947064e-16,1.0,0.9510565162951535,0.30901699437494745,698.0,491.0,426.0,551.0,436.0,489.14,455.71,425.19,130.62,358.0,698.0,468.12,541.5,116.15076409563564,1.2169907881144628,0,1.6009174311559422,2.0885775530478807,0
2024-09-08,Donuts,325.0,Regular Day,21.0,0.8999999999999986,12.733333333333333,-2.4333333333333336,9.8,17.1,16.6,0.0,-2.3000000000000007,12.0,10.0,0.0,0.0,0.0,267.4,1,8,252,0,0,36,9,2024,1,2,0.7818314824680298,0.6234898018587336,0.5877852522924732,-0.8090169943749473,378.0,363.0,221.0,338.0,242.0,309.86,315.86,296.67,67.97,201.0,383.0,289.78,325.0,71.26944179193025,1.3255813953251236,0,1.5619834710098353,1.1965573045172049,0
2024-09-08,Munchkins,582.0,Regular Day,21.0,0.8999999999999986,12.733333333333333,-2.4333333333333336,9.8,17.1,16.6,0.0,-2.3000000000000007,12.0,10.0,0.0,0.0,0.0,267.4,1,8,252,0,0,36,9,2024,1,2,0.7818314824680298,0.6234898018587336,0.5877852522924732,-0.8090169943749473,428.0,456.0,381.0,453.0,281.0,473.14,448.29,420.38,150.19,278.0,698.0,420.59,429.5,34.68429039204925,1.0599520383565952,0,1.5231316725436608,0.05073573473262299,0
2024-09-09,Donuts,145.0,Regular Day,17.1,0.5,12.683333333333334,-2.4666666666666686,13.100000000000001,17.5,13.9,0.0,-1.0,12.0,2.0,0.0,0.0,0.0,216.88500000000002,2,9,253,0,0,37,9,2024,0,2,0.9749279121818236,-0.22252093395631434,0.5877852522924732,-0.8090169943749473,256.0,231.0,181.0,213.0,283.0,295.14,308.71,293.9,84.42,178.0,383.0,261.83,220.25,31.55286569130185,1.2360406091056841,0,0.9045936395440073,-0.44894574740002985,0
2024-09-09,Munchkins,297.0,Regular Day,17.1,0.5,12.683333333333334,-2.4666666666666686,13.100000000000001,17.5,13.9,0.0,-1.0,12.0,2.0,0.0,0.0,0.0,216.88500000000002,2,9,253,0,0,37,9,2024,0,2,0.9749279121818236,-0.22252093395631434,0.5877852522924732,-0.8090169943749473,358.0,272.0,178.0,319.0,361.0,454.43,439.86,416.9,157.88,278.0,698.0,401.44,281.75,77.59027000855197,1.2676056337773118,0,0.9916897506650502,-0.3730681530039859,0
2024-09-10,Donuts,192.0,Regular Day,17.5,0.0,12.65,-0.966666666666665,11.500000000000002,19.9,11.6,0.0,0.3999999999999986,12.0,0.0,1.8999999999999986,0.0,0.0,221.375,3,10,254,0,0,37,9,2024,0,2,0.43388373911755823,-0.900968867902419,0.5877852522924732,-0.8090169943749473,201.0,216.0,197.0,271.0,323.0,272.86,296.5,289.48,98.1,158.0,383.0,235.87,221.25,34.16016198244187,0.891025641006602,0,0.6222910216525607,-0.9019367990925653,0
2024-09-10,Munchkins,164.0,Regular Day,17.5,0.0,12.65,-0.966666666666665,11.500000000000002,19.9,11.6,0.0,0.3999999999999986,12.0,0.0,1.8999999999999986,0.0,0.0,221.375,3,10,254,0,0,37,9,2024,0,2,0.43388373911755823,-0.900968867902419,0.5877852522924732,-0.8090169943749473,278.0,390.0,382.0,379.0,302.0,426.43,422.14,414.52,178.92,234.0,698.0,359.58,357.25,53.03693681451321,0.8777923784378739,0,0.9205298012940222,-0.7630225798813423,0
2024-09-11,Donuts,224.0,Regular Day,19.9,0.0,12.616666666666667,-0.9333333333333336,12.6,19.9,14.0,0.0,1.6000000000000014,12.0,15.0,1.8999999999999986,0.0,0.0,251.07166666666666,4,11,255,0,0,37,9,2024,0,2,-0.433883739117558,-0.9009688679024191,0.5877852522924732,-0.8090169943749473,178.0,281.0,278.0,236.0,319.0,261.43,285.5,287.14,91.21,158.0,383.0,245.91,243.25,48.106652346634974,0.8929961089320428,0,0.5579937303900315,-1.196579322311525,0
2024-09-11,Munchkins,263.0,Regular Day,19.9,0.0,12.616666666666667,-0.9333333333333336,12.6,19.9,14.0,0.0,1.6000000000000014,12.0,15.0,1.8999999999999986,0.0,0.0,251.07166666666666,4,11,255,0,0,37,9,2024,0,2,-0.433883739117558,-0.9009688679024191,0.5877852522924732,-0.8090169943749473,344.0,475.0,462.0,417.0,314.0,392.0,421.64,410.71,150.83,234.0,698.0,370.69,424.5,59.14107427724548,0.931740614323871,0,1.0955414012389955,-0.44228601734122597,0
2024-09-12,Donuts,209.0,Regular Day,19.9,0.0,12.566666666666666,-1.1333333333333329,12.4,19.8,14.0,0.0,1.3999999999999986,12.0,4.0,1.8000000000000007,0.0,0.0,250.07666666666665,5,12,256,0,0,37,9,2024,0,2,-0.9749279121818236,-0.2225209339563146,0.5877852522924732,-0.8090169943749473,158.0,314.0,329.0,251.0,301.0,249.43,277.86,282.48,76.97,158.0,378.0,259.18,263.0,77.7303029712351,0.8137931034342449,0,0.5249169435041555,-1.6172534751699037,0
2024-09-12,Munchkins,335.0,Regular Day,19.9,0.0,12.566666666666666,-1.1333333333333329,12.4,19.8,14.0,0.0,1.3999999999999986,12.0,4.0,1.8000000000000007,0.0,0.0,250.07666666666665,5,12,256,0,0,37,9,2024,0,2,-0.9749279121818236,-0.2225209339563146,0.5877852522924732,-0.8090169943749473,234.0,430.0,482.0,284.0,428.0,354.14,417.5,411.05,75.84,234.0,433.0,386.26,357.5,117.48900657792058,0.8668407310591796,0,0.5467289719498428,-2.3345200418862713,1
2024-09-13,Donuts,341.0,Regular Day,19.8,0.0,12.533333333333333,-0.13333333333333286,10.8,21.0,12.2,0.0,2.099999999999998,12.0,14.0,3.0,0.0,0.0,248.16,6,13,257,0,0,37,9,2024,0,2,-0.7818314824680299,0.6234898018587334,0.5877852522924732,-0.8090169943749473,276.0,356.0,430.0,325.0,456.0,241.86,275.14,287.43,63.67,158.0,325.0,275.63,346.75,64.5361655714582,0.8370860927041446,0,0.6052631578814636,-0.17951939686201998,0
2024-09-13,Munchkins,507.0,Regular Day,19.8,0.0,12.533333333333333,-0.13333333333333286,10.8,21.0,12.2,0.0,2.099999999999998,12.0,14.0,3.0,0.0,0.0,248.16,6,13,257,0,0,37,9,2024,0,2,-0.7818314824680299,0.6234898018587334,0.5877852522924732,-0.8090169943749473,404.0,645.0,411.0,484.0,554.0,376.14,426.5,420.62,113.71,234.0,582.0,435.2,486.0,112.00297615093389,1.1720670390930494,0,0.7292418772431545,-0.14616128747285545,0
2024-09-14,Donuts,374.0,Regular Day,21.0,0.0,12.483333333333333,0.9333333333333336,12.5,20.8,15.6,0.0,-0.3000000000000007,11.0,34.0,2.8000000000000007,0.0,0.0,262.15,7,14,258,0,0,37,9,2024,1,2,-2.4492935982947064e-16,1.0,0.5877852522924732,-0.8090169943749473,299.0,383.0,406.0,397.0,509.0,226.0,269.0,285.71,72.74,145.0,325.0,242.98,371.25,49.08750689669759,0.8493150684825739,0,0.5874263261181252,0.18270552650773944,0
2024-09-14,Munchkins,589.0,Regular Day,21.0,0.0,12.483333333333333,0.9333333333333336,12.5,20.8,15.6,0.0,-0.3000000000000007,11.0,34.0,2.8000000000000007,0.0,0.0,262.15,7,14,258,0,0,37,9,2024,1,2,-2.4492935982947064e-16,1.0,0.5877852522924732,-0.8090169943749473,433.0,698.0,491.0,426.0,682.0,367.43,428.29,426.29,117.61,234.0,582.0,400.65,512.0,127.37608357406293,1.2333696837379131,0,0.634897360694503,0.057052971681229914,0
2024-09-15,Donuts,338.0,Regular Day,20.8,0.0,12.433333333333334,1.1999999999999993,9.5,20.9,19.2,0.0,0.0,12.0,43.0,2.8999999999999986,0.0,0.1,258.61333333333334,1,15,259,0,0,37,9,2024,1,3,0.7818314824680298,0.6234898018587336,-0.587785252292473,-0.8090169943749476,325.0,378.0,363.0,221.0,272.0,224.71,267.29,285.48,73.33,145.0,325.0,230.23,321.75,70.77370038839757,1.2037671232670588,0,1.1948529411325421,0.5389335878168642,0
2024-09-15,Munchkins,496.0,Regular Day,20.8,0.0,12.433333333333334,1.1999999999999993,9.5,20.9,19.2,0.0,0.0,12.0,43.0,2.8999999999999986,0.0,0.1,258.61333333333334,1,15,259,0,0,37,9,2024,1,3,0.7818314824680298,0.6234898018587336,-0.587785252292473,-0.8090169943749476,582.0,428.0,456.0,381.0,384.0,351.14,412.14,415.9,138.15,164.0,582.0,341.49,461.75,85.93165889240123,1.2066905615148544,0,1.5156249999605305,1.2023163227504658,0
2024-09-16,Munchkins,185.0,Regular Day,20.9,0.0,12.4,0.06666666666666643,9.7,19.5,19.0,0.0,-0.3999999999999986,9.199444444444444,93.0,1.5,0.0,0.0,259.15999999999997,2,16,260,0,0,38,9,2024,0,3,0.9749279121818236,-0.22252093395631434,-0.587785252292473,-0.8090169943749476,297.0,358.0,272.0,178.0,394.0,339.57,397.0,406.43,142.18,164.0,582.0,321.86,276.25,74.79917557477934,1.4555555555232098,0,0.7538071065798526,-0.7696581797179871,0
2024-09-16,Donuts,201.0,Regular Day,20.9,0.0,12.4,0.06666666666666643,9.7,19.5,19.0,0.0,-0.3999999999999986,9.199444444444444,93.0,1.5,0.0,0.0,259.15999999999997,2,16,260,0,0,38,9,2024,0,3,0.9749279121818236,-0.22252093395631434,-0.587785252292473,-0.8090169943749476,145.0,256.0,231.0,181.0,305.0,231.29,263.21,282.9,70.45,145.0,325.0,228.67,203.25,49.80210838910337,0.9733009708501625,0,0.47540983604998654,-1.957416607245221,0
2024-09-17,Donuts,192.0,Regular Day,19.5,0.0,12.35,0.533333333333335,6.899999999999999,21.3,22.3,0.0,0.3000000000000007,9.686111111111112,98.0,3.3000000000000007,0.0,0.8,240.825,3,17,261,0,0,38,9,2024,0,3,0.43388373911755823,-0.900968867902419,-0.587785252292473,-0.8090169943749476,192.0,201.0,216.0,197.0,330.0,238.57,255.71,277.19,63.94,145.0,325.0,223.76,201.5,10.344080432788601,0.9515738498558941,0,0.581818181800551,-1.332342821186684,0
2024-09-17,Munchkins,245.0,Regular Day,19.5,0.0,12.35,0.533333333333335,6.899999999999999,21.3,22.3,0.0,0.3000000000000007,9.686111111111112,98.0,3.3000000000000007,0.0,0.8,240.825,3,17,261,0,0,38,9,2024,0,3,0.43388373911755823,-0.900968867902419,-0.587785252292473,-0.8090169943749476,164.0,278.0,390.0,382.0,458.0,354.0,390.21,399.43,134.61,164.0,582.0,325.15,303.5,106.07387362902642,0.5725388600962106,0,0.35807860261226904,-1.7489785304398646,0
2024-09-18,Munchkins,301.0,Regular Day,21.3,0.0,12.3,0.966666666666665,5.300000000000001,22.2,21.0,0.0,0.1999999999999993,6.428055555555556,99.0,4.199999999999999,0.0,1.2,261.99,4,18,262,0,0,38,9,2024,0,3,-0.433883739117558,-0.9009688679024191,-0.587785252292473,-0.8090169943749476,263.0,344.0,475.0,462.0,485.0,368.71,380.36,404.0,146.12,164.0,582.0,370.61,386.0,100.9785455761107,0.6478121664818803,0,0.5422680412259326,-0.9649603065312783,0
2024-09-18,Donuts,236.0,Regular Day,21.3,0.0,12.3,0.966666666666665,5.300000000000001,22.2,21.0,0.0,0.1999999999999993,6.428055555555556,99.0,4.199999999999999,0.0,1.2,261.99,4,18,262,0,0,38,9,2024,0,3,-0.433883739117558,-0.9009688679024191,-0.587785252292473,-0.8090169943749476,224.0,178.0,281.0,278.0,307.0,247.86,254.64,272.95,74.19,145.0,341.0,253.07,240.25,49.073923829259876,0.7191413237796218,0,0.729641693787308,-0.6597924247661688,0
2024-09-19,Munchkins,295.0,Regular Day,22.2,0.0,12.266666666666667,1.5999999999999979,10.600000000000001,21.9,15.9,0.0,1.3000000000000007,11.922777777777778,66.0,3.8999999999999986,0.0,0.0,272.32,5,19,263,0,0,38,9,2024,0,3,-0.9749279121818236,-0.2225209339563146,-0.587785252292473,-0.8090169943749476,335.0,234.0,430.0,482.0,316.0,391.0,372.57,408.67,167.84,164.0,589.0,425.21,370.25,109.33854154261738,0.6239035087650888,0,1.0601265822449326,-0.4389299332436291,0
2024-09-19,Donuts,243.0,Regular Day,22.2,0.0,12.266666666666667,1.5999999999999979,10.600000000000001,21.9,15.9,0.0,1.3000000000000007,11.922777777777778,66.0,3.8999999999999986,0.0,0.0,272.32,5,19,263,0,0,38,9,2024,0,3,-0.9749279121818236,-0.2225209339563146,-0.587785252292473,-0.8090169943749476,209.0,158.0,314.0,329.0,302.0,258.57,254.0,271.43,87.1,145.0,374.0,283.3,252.5,82.57723657279892,0.5707620528682619,0,0.6920529801095346,-0.7167623420531848,0
2024-09-20,Munchkins,541.0,Regular Day,21.9,0.0,12.216666666666667,2.0333333333333314,9.2,21.4,14.8,0.0,0.7000000000000028,11.73638888888889,22.0,3.3999999999999986,0.0,1.7,267.54499999999996,6,20,264,0,0,38,9,2024,0,3,-0.7818314824680299,0.6234898018587334,-0.587785252292473,-0.8090169943749476,507.0,404.0,645.0,411.0,400.0,378.71,377.43,410.57,154.12,164.0,589.0,442.91,491.75,112.45554677293602,0.8626893939312246,0,1.2674999999683125,0.6256812872679937,0
2024-09-20,Donuts,360.0,Regular Day,21.9,0.0,12.216666666666667,2.0333333333333314,9.2,21.4,14.8,0.0,0.7000000000000028,11.73638888888889,22.0,3.3999999999999986,0.0,1.7,267.54499999999996,6,20,264,0,0,38,9,2024,0,3,-0.7818314824680299,0.6234898018587334,-0.587785252292473,-0.8090169943749476,341.0,276.0,356.0,430.0,307.0,260.43,251.14,270.24,88.87,145.0,374.0,296.97,350.75,63.22117261382192,0.7849872773437024,0,1.1107491856315717,0.7962191964896793,0
2024-09-21,Munchkins,497.0,Regular Day,21.4,0.0,12.166666666666666,1.7333333333333343,9.8,20.0,12.9,0.0,1.2999999999999972,10.395555555555555,37.0,2.0,0.0,0.2,260.3666666666666,7,21,265,0,0,38,9,2024,1,3,-2.4492935982947064e-16,1.0,-0.587785252292473,-0.8090169943749476,589.0,433.0,698.0,491.0,398.0,362.71,365.07,406.43,169.1,164.0,589.0,378.43,552.75,116.28234317097903,0.8595458368304496,0,1.4798994974502537,1.0796570076239114,0
2024-09-21,Donuts,372.0,Regular Day,21.4,0.0,12.166666666666666,1.7333333333333343,9.8,20.0,12.9,0.0,1.2999999999999972,10.395555555555555,37.0,2.0,0.0,0.2,260.3666666666666,7,21,265,0,0,38,9,2024,1,3,-2.4492935982947064e-16,1.0,-0.587785252292473,-0.8090169943749476,374.0,299.0,383.0,406.0,306.0,268.43,247.21,268.81,78.68,192.0,374.0,272.98,365.5,46.33573135281238,0.8529784537280991,0,1.2222222221822803,1.3369344177253515,0
2024-09-22,Donuts,350.0,Regular Day,20.0,0.0,12.133333333333333,-0.09999999999999787,9.1,19.2,17.6,0.0,0.1999999999999993,11.84,44.0,1.1999999999999993,0.0,0.0,242.66666666666666,1,22,266,0,0,38,9,2024,1,4,0.7818314824680298,0.6234898018587336,-0.9510565162951536,0.30901699437494723,338.0,325.0,378.0,363.0,205.0,268.43,246.57,267.67,78.68,192.0,374.0,252.74,351.0,23.930454794396756,0.8947368420931884,0,1.6487804877244496,0.8938739195610225,0
2024-09-22,Munchkins,373.0,Regular Day,20.0,0.0,12.133333333333333,-0.09999999999999787,9.1,19.2,17.6,0.0,0.1999999999999993,11.84,44.0,1.1999999999999993,0.0,0.0,242.66666666666666,1,22,266,0,0,38,9,2024,1,4,0.7818314824680298,0.6234898018587336,-0.9510565162951536,0.30901699437494723,496.0,582.0,428.0,456.0,232.0,374.29,362.71,399.52,155.46,185.0,589.0,345.07,490.5,67.07955475900737,1.2194570135608658,0,2.1379310343906064,0.6206098031248805,0
2024-09-23,Donuts,190.0,Regular Day,19.2,0.8000000000000007,12.1,-2.6666666666666643,6.099999999999998,17.2,14.2,0.0,-1.1999999999999993,6.291111111111111,73.0,0.0,0.0,0.4,232.32,2,23,267,0,0,39,9,2024,0,4,0.9749279121818236,-0.22252093395631434,-0.9510565162951536,0.30901699437494723,201.0,145.0,256.0,231.0,207.0,270.14,250.71,265.52,77.68,192.0,374.0,248.55,208.25,47.78685314323735,0.7104722792461915,0,0.9710144927067142,-0.8305870235799963,0
2024-09-23,Munchkins,235.0,Regular Day,19.2,0.8000000000000007,12.1,-2.6666666666666643,6.099999999999998,17.2,14.2,0.0,-1.1999999999999993,6.291111111111111,73.0,0.0,0.0,0.4,232.32,2,23,267,0,0,39,9,2024,0,4,0.9749279121818236,-0.22252093395631434,-0.9510565162951536,0.30901699437494723,185.0,297.0,358.0,272.0,235.0,379.71,359.64,391.24,151.54,185.0,589.0,334.05,278.0,71.75421009715504,0.765079365067221,0,0.7872340425196921,-1.360960802338593,0
2024-09-24,Donuts,236.0,Regular Day,17.2,0.0,12.05,-1.9333333333333336,5.299999999999999,18.0,15.0,0.0,-0.5999999999999979,4.454166666666667,97.0,0.0,0.0,0.0,207.26,3,24,268,0,0,39,9,2024,0,4,0.43388373911755823,-0.900968867902419,-0.9510565162951536,0.30901699437494723,192.0,192.0,201.0,216.0,312.0,275.0,256.79,262.14,74.2,192.0,374.0,247.16,200.25,11.324751652906125,0.9208633093304349,0,0.6153846153648915,-0.9452830187405278,0
2024-09-24,Munchkins,283.0,Regular Day,17.2,0.0,12.05,-1.9333333333333336,5.299999999999999,18.0,15.0,0.0,-0.5999999999999979,4.454166666666667,97.0,0.0,0.0,0.0,207.26,3,24,268,0,0,39,9,2024,0,4,0.43388373911755823,-0.900968867902419,-0.9510565162951536,0.30901699437494723,245.0,164.0,278.0,390.0,437.0,374.0,364.0,384.81,154.23,185.0,589.0,324.29,269.25,93.67096668658864,0.6122754490926307,0,0.5606407322526169,-0.9065032742717692,0
2024-09-25,Donuts,315.0,Regular Day,18.0,0.0,12.016666666666667,-0.533333333333335,3.6999999999999993,19.1,18.2,0.0,0.10000000000000142,0.0,99.0,1.1000000000000014,0.0,1.7,216.3,4,25,269,0,0,39,9,2024,0,4,-0.433883739117558,-0.9009688679024191,-0.9510565162951536,0.30901699437494723,236.0,224.0,178.0,281.0,350.0,277.71,262.79,262.33,77.3,192.0,374.0,275.37,229.75,42.33497372149887,1.0021786492156388,0,0.674285714266449,-0.34062095726512004,0
2024-09-25,Munchkins,244.0,Regular Day,18.0,0.0,12.016666666666667,-0.533333333333335,3.6999999999999993,19.1,18.2,0.0,0.10000000000000142,0.0,99.0,1.1000000000000014,0.0,1.7,216.3,4,25,269,0,0,39,9,2024,0,4,-0.433883739117558,-0.9009688679024191,-0.9510565162951536,0.30901699437494723,301.0,263.0,344.0,475.0,408.0,378.86,373.79,379.86,159.56,185.0,589.0,378.47,345.75,92.3015890076294,0.6886446886362803,0,0.7377450980211336,-0.49423414386473846,0
2024-09-26,Donuts,190.0,Regular Day,19.1,0.0,11.966666666666667,2.3000000000000007,8.400000000000002,22.2,14.9,0.0,3.299999999999997,4.535555555555556,100.0,4.199999999999999,0.0,0.6,228.56333333333336,5,26,270,0,0,39,9,2024,0,4,-0.9749279121818236,-0.2225209339563146,-0.9510565162951536,0.30901699437494723,243.0,209.0,158.0,314.0,305.0,277.43,268.0,261.81,76.89,192.0,372.0,299.53,231.0,65.43699259593154,0.957627118623779,0,0.7967213114492878,-0.244635193101231,0
2024-09-26,Munchkins,202.0,Regular Day,19.1,0.0,11.966666666666667,2.3000000000000007,8.400000000000002,22.2,14.9,0.0,3.299999999999997,4.535555555555556,100.0,4.199999999999999,0.0,0.6,228.56333333333336,5,26,270,0,0,39,9,2024,0,4,-0.9749279121818236,-0.2225209339563146,-0.9510565162951536,0.30901699437494723,295.0,335.0,234.0,430.0,330.0,365.71,378.36,370.29,142.22,185.0,541.0,408.1,323.5,82.25367266369732,0.9487951807086025,0,0.8939393939123048,-0.5293910841984679,0
2024-09-27,Donuts,282.0,Regular Day,22.2,0.0,11.933333333333334,1.7333333333333343,1.8000000000000007,21.6,15.9,0.0,3.1999999999999993,0.0,100.0,3.6000000000000014,0.0,2.6,264.92,6,27,271,0,0,39,9,2024,0,4,-0.7818314824680299,0.6234898018587334,-0.9510565162951536,0.30901699437494723,360.0,341.0,276.0,356.0,461.0,279.14,269.79,260.48,78.58,192.0,372.0,312.15,333.25,39.033105607078376,1.1091772151723231,0,0.780911062889785,1.2664800202002442,0
2024-09-27,Munchkins,644.0,Regular Day,22.2,0.0,11.933333333333334,1.7333333333333343,1.8000000000000007,21.6,15.9,0.0,3.1999999999999993,0.0,100.0,3.6000000000000014,0.0,2.6,264.92,6,27,271,0,0,39,9,2024,0,4,-0.7818314824680299,0.6234898018587334,-0.9510565162951536,0.30901699437494723,541.0,507.0,404.0,645.0,588.0,348.14,363.43,367.67,130.56,185.0,541.0,399.33,524.25,99.36255163121902,0.9990467111439558,0,0.920068027195237,1.3275888479375313,0
2024-09-28,Donuts,379.0,Regular Day,21.6,0.0,11.883333333333333,2.06666666666667,7.300000000000001,22.6,16.9,0.0,3.6999999999999993,6.377777777777778,90.0,4.600000000000001,0.0,4.4,256.68,7,28,272,0,0,39,9,2024,1,4,-2.4492935982947064e-16,1.0,-0.9510565162951536,0.30901699437494723,372.0,374.0,299.0,383.0,391.0,277.57,273.0,257.33,80.49,190.0,372.0,281.61,357.0,38.961519477556315,1.0938416422127002,0,0.9514066495920356,1.4246490245465715,0
2024-09-28,Munchkins,541.0,Regular Day,21.6,0.0,11.883333333333333,2.06666666666667,7.300000000000001,22.6,16.9,0.0,3.6999999999999993,6.377777777777778,90.0,4.600000000000001,0.0,4.4,256.68,7,28,272,0,0,39,9,2024,1,4,-2.4492935982947064e-16,1.0,-0.9510565162951536,0.30901699437494723,497.0,589.0,433.0,698.0,506.0,355.29,359.0,361.81,121.17,235.0,541.0,358.24,554.25,115.25442869292847,0.9602122015830221,0,0.9822134387157665,1.1157052074675493,0
2024-09-29,Donuts,347.0,Regular Day,22.6,0.0,11.833333333333334,0.8999999999999986,4.0,20.2,18.0,0.0,3.3999999999999986,0.0,100.0,2.1999999999999993,0.0,11.7,267.43333333333334,1,29,273,0,0,39,9,2024,1,5,0.7818314824680298,0.6234898018587336,-2.4492935982947064e-16,1.0,350.0,338.0,325.0,378.0,318.0,283.86,276.14,259.0,74.16,190.0,372.0,270.21,347.75,22.60346581094737,0.9786628733857943,0,1.100628930782999,1.2270765909887977,0
2024-09-29,Munchkins,626.0,Regular Day,22.6,0.0,11.833333333333334,0.8999999999999986,4.0,20.2,18.0,0.0,3.3999999999999986,0.0,100.0,2.1999999999999993,0.0,11.7,267.43333333333334,1,29,273,0,0,39,9,2024,1,5,0.7818314824680298,0.6234898018587336,-2.4492935982947064e-16,1.0,373.0,496.0,582.0,428.0,293.0,360.71,367.5,362.05,116.16,235.0,541.0,339.43,469.75,90.17159567550453,0.8603960395954416,0,1.2730375426186675,0.09426652891750452,0
2024-09-30,Donuts,153.0,Regular Day,20.2,0.0,11.8,0.10000000000000142,5.5,18.8,15.7,0.0,-0.3000000000000007,4.748888888888889,92.0,0.8000000000000007,0.0,0.1,238.36,2,30,274,0,1,40,9,2024,0,5,0.9749279121818236,-0.22252093395631434,-2.4492935982947064e-16,1.0,190.0,201.0,145.0,256.0,215.0,295.14,282.64,265.52,71.63,190.0,372.0,281.41,198.0,45.628938186199335,0.9750623441153351,0,0.8837209301914548,-1.054306854522643,0
2024-09-30,Munchkins,191.0,Regular Day,20.2,0.0,11.8,0.10000000000000142,5.5,18.8,15.7,0.0,-0.3000000000000007,4.748888888888889,92.0,0.8000000000000007,0.0,0.1,238.36,2,30,274,0,1,40,9,2024,0,5,0.9749279121818236,-0.22252093395631434,-2.4492935982947064e-16,1.0,235.0,185.0,297.0,358.0,272.0,352.57,366.14,357.29,122.85,235.0,541.0,315.57,268.75,75.09272046388163,0.6412213740360119,0,0.8639705882035305,-0.9954415953605666,0
2024-10-01,Donuts,243.0,Regular Day,18.8,0.0,11.75,1.1333333333333329,3.1999999999999993,18.9,19.4,0.0,-1.0,4.693888888888889,89.0,0.8999999999999986,0.0,1.7,220.9,3,1,275,1,0,40,10,2024,0,1,0.43388373911755823,-0.900968867902419,0.9510565162951535,0.30901699437494745,236.0,192.0,192.0,201.0,325.0,287.57,281.29,267.05,80.34,190.0,372.0,258.55,205.25,20.93442141545832,1.0890585241453166,0,0.7261538461315029,-0.38648244954114,0
2024-10-01,Munchkins,236.0,Regular Day,18.8,0.0,11.75,1.1333333333333329,3.1999999999999993,18.9,19.4,0.0,-1.0,4.693888888888889,89.0,0.8999999999999986,0.0,1.7,220.9,3,1,275,1,0,40,10,2024,0,1,0.43388373911755823,-0.900968867902419,0.9510565162951535,0.30901699437494745,283.0,245.0,164.0,278.0,310.0,339.29,356.64,355.76,134.58,202.0,541.0,287.18,242.5,54.981815175565096,1.19457013571958,0,0.9129032257770031,-0.5406449694946762,0
2024-10-02,Donuts,287.0,Regular Day,18.9,0.0,11.716666666666667,1.3333333333333321,4.699999999999999,18.4,13.7,0.0,-0.8000000000000007,10.569166666666666,74.0,0.3999999999999986,0.0,0.0,221.445,4,2,276,0,0,40,10,2024,0,1,-0.433883739117558,-0.9009688679024191,0.9510565162951535,0.30901699437494745,315.0,236.0,224.0,178.0,371.0,276.43,277.07,267.33,73.76,190.0,372.0,264.42,238.25,56.94661242485515,1.3706467661350585,0,0.8490566037506992,0.6462852493700808,0
2024-10-02,Munchkins,305.0,Regular Day,18.9,0.0,11.716666666666667,1.3333333333333321,4.699999999999999,18.4,13.7,0.0,-0.8000000000000007,10.569166666666666,74.0,0.3999999999999986,0.0,0.0,221.445,4,2,276,0,0,40,10,2024,0,1,-0.433883739117558,-0.9009688679024191,0.9510565162951535,0.30901699437494745,244.0,301.0,263.0,344.0,417.0,354.0,366.43,367.19,162.95,202.0,644.0,376.39,288.0,44.219151205482596,0.8978583195898211,0,0.5851318944703805,-0.7559987725832464,0
2024-10-03,Donuts,284.0,Regular Day,18.4,0.3000000000000007,11.666666666666666,-0.29999999999999716,10.8,17.7,14.6,0.0,0.6000000000000014,10.310555555555556,37.0,0.0,0.0,0.0,214.66666666666663,5,3,277,0,0,40,10,2024,0,1,-0.9749279121818236,-0.2225209339563146,0.9510565162951535,0.30901699437494745,190.0,243.0,209.0,158.0,296.0,277.43,277.43,271.14,75.3,190.0,379.0,293.06,200.0,35.56215216584433,1.1798365122294323,0,0.6418918918702063,-1.0775564407599527,0
2024-10-03,Munchkins,381.0,Regular Day,18.4,0.3000000000000007,11.666666666666666,-0.29999999999999716,10.8,17.7,14.6,0.0,0.6000000000000014,10.310555555555556,37.0,0.0,0.0,0.0,214.66666666666663,5,3,277,0,0,40,10,2024,0,1,-0.9749279121818236,-0.2225209339563146,0.9510565162951535,0.30901699437494745,202.0,295.0,335.0,234.0,304.0,360.29,363.0,372.33,170.08,202.0,644.0,417.54,266.5,59.78015278222921,0.873462214395897,0,0.6644736841886686,-1.0014698964604025,0
2024-10-04,Donuts,342.0,Regular Day,17.7,0.3000000000000007,11.616666666666667,-0.6666666666666679,11.5,17.7,12.4,0.0,1.5,9.612777777777778,52.0,0.0,0.0,0.0,205.615,6,4,278,0,0,40,10,2024,0,1,-0.7818314824680299,0.6234898018587334,0.9510565162951535,0.30901699437494745,282.0,360.0,341.0,276.0,306.0,277.0,278.07,272.19,74.82,190.0,379.0,306.55,314.75,42.07433897282285,1.0405186385568796,0,0.9215686274208638,0.13111467520300532,0
2024-10-04,Munchkins,493.0,Regular Day,17.7,0.3000000000000007,11.616666666666667,-0.6666666666666679,11.5,17.7,12.4,0.0,1.5,9.612777777777778,52.0,0.0,0.0,0.0,205.615,6,4,278,0,0,40,10,2024,0,1,-0.7818314824680299,0.6234898018587334,0.9510565162951535,0.30901699437494745,644.0,541.0,507.0,404.0,558.0,396.43,372.29,374.43,197.85,202.0,644.0,469.65,524.0,98.95790350783845,1.3007683863743056,0,1.1541218637786,1.3624968409723277,0
2024-10-05,Donuts,394.0,Regular Day,17.7,0.0,11.583333333333334,0.09999999999999787,8.599999999999998,19.8,13.8,0.0,0.3000000000000007,11.11111111111111,36.0,1.8000000000000007,0.0,0.1,205.025,7,5,279,0,0,40,10,2024,1,1,-2.4492935982947064e-16,1.0,0.9510565162951535,0.30901699437494745,379.0,372.0,374.0,299.0,291.0,271.71,274.64,272.57,82.87,153.0,379.0,268.16,356.0,38.113864493995706,1.1158989598645483,0,1.3024054982370308,1.2843007118035115,0
2024-10-05,Munchkins,532.0,Regular Day,17.7,0.0,11.583333333333334,0.09999999999999787,8.599999999999998,19.8,13.8,0.0,0.3000000000000007,11.11111111111111,36.0,1.8000000000000007,0.0,0.1,205.025,7,5,279,0,0,40,10,2024,1,1,-2.4492935982947064e-16,1.0,0.9510565162951535,0.30901699437494745,541.0,497.0,589.0,433.0,465.0,390.14,372.71,369.38,204.42,191.0,644.0,399.99,515.0,66.332495807108,1.015655577289475,0,1.1634408601900335,0.8395460326367505,0
2024-10-06,Donuts,385.0,Regular Day,19.8,0.6000000000000014,11.533333333333333,-1.4000000000000021,11.999999999999998,17.4,12.8,0.0,-0.5999999999999979,11.108333333333333,9.0,0.0,0.0,0.0,228.36,1,6,280,0,0,40,10,2024,1,1,0.7818314824680298,0.6234898018587336,0.9510565162951535,0.30901699437494745,347.0,350.0,338.0,325.0,235.0,272.71,278.29,275.0,82.41,153.0,379.0,261.87,340.0,11.224972160321824,1.051282051266195,0,1.4765957446180171,0.8736803784888145,0
2024-10-06,Munchkins,468.0,Regular Day,19.8,0.6000000000000014,11.533333333333333,-1.4000000000000021,11.999999999999998,17.4,12.8,0.0,-0.5999999999999979,11.108333333333333,9.0,0.0,0.0,0.0,228.36,1,6,280,0,0,40,10,2024,1,1,0.7818314824680298,0.6234898018587336,0.9510565162951535,0.30901699437494745,626.0,373.0,496.0,582.0,319.0,383.43,372.07,372.81,209.24,191.0,644.0,358.99,519.25,111.44916628968862,0.9267161409932587,0,1.962382445079549,1.2100458802709784,0
2024-10-07,Munchkins,262.0,Regular Day,17.4,0.0,11.5,1.6333333333333329,7.0,19.3,15.9,0.0,-0.8999999999999986,8.0925,56.0,1.3000000000000007,0.0,0.2,200.1,2,7,281,0,0,41,10,2024,0,1,0.9749279121818236,-0.22252093395631434,0.9510565162951535,0.30901699437494745,191.0,235.0,185.0,297.0,298.0,392.14,372.36,374.81,203.66,191.0,644.0,345.49,227.0,51.717179608585255,0.8838174273675556,0,0.6409395972939281,-0.9025336344445383,0
2024-10-07,Donuts,164.0,Regular Day,17.4,0.0,11.5,1.6333333333333329,7.0,19.3,15.9,0.0,-0.8999999999999986,8.0925,56.0,1.3000000000000007,0.0,0.2,200.1,2,7,281,0,0,41,10,2024,0,1,0.9749279121818236,-0.22252093395631434,0.9510565162951535,0.30901699437494745,153.0,190.0,201.0,145.0,196.0,268.71,281.93,278.0,80.67,153.0,379.0,268.15,172.25,27.41502021398732,0.991329479740135,0,0.780612244858132,-1.5495227468018442,0
2024-10-08,Munchkins,464.0,Regular Day,19.3,2.5999999999999996,11.45,1.5333333333333332,9.600000000000001,15.4,11.3,0.0,-1.6999999999999993,10.934722222222222,12.0,0.0,0.0,0.0,220.98499999999999,3,8,282,0,0,41,10,2024,0,2,0.43388373911755823,-0.900968867902419,0.5877852522924732,-0.8090169943749473,236.0,283.0,245.0,164.0,305.0,417.71,378.5,377.0,186.31,191.0,644.0,354.37,232.0,49.69909455915671,1.268948655225698,0,0.7737704917779091,-0.7568031774592451,0
2024-10-08,Donuts,277.0,Regular Day,19.3,2.5999999999999996,11.45,1.5333333333333332,9.600000000000001,15.4,11.3,0.0,-1.6999999999999993,10.934722222222222,12.0,0.0,0.0,0.0,220.98499999999999,3,8,282,0,0,41,10,2024,0,2,0.43388373911755823,-0.900968867902419,0.5877852522924732,-0.8090169943749473,243.0,236.0,192.0,192.0,281.0,282.14,284.86,281.57,72.83,153.0,379.0,272.11,215.75,27.572631357924475,1.247395833300849,0,0.8647686832432466,-0.529589454822245,0
2024-10-09,Munchkins,441.0,Regular Day,15.4,2.8000000000000007,11.416666666666666,1.9000000000000004,10.4,15.2,18.4,0.0,-3.1000000000000014,10.93138888888889,6.0,0.0,0.0,0.0,175.81666666666666,4,9,283,0,0,41,10,2024,0,2,-0.433883739117558,-0.9009688679024191,0.5877852522924732,-0.8090169943749473,305.0,244.0,301.0,263.0,376.0,396.14,375.07,376.33,163.03,191.0,626.0,389.03,278.25,29.65777020164081,0.97340425530189,0,0.8111702127443837,-0.4375268355249016,0
2024-10-09,Donuts,157.0,Regular Day,15.4,2.8000000000000007,11.416666666666666,1.9000000000000004,10.4,15.2,18.4,0.0,-3.1000000000000014,10.93138888888889,6.0,0.0,0.0,0.0,175.81666666666666,4,9,283,0,0,41,10,2024,0,2,-0.433883739117558,-0.9009688679024191,0.5877852522924732,-0.8090169943749473,287.0,315.0,236.0,224.0,272.0,290.71,283.57,281.62,76.26,153.0,379.0,289.59,265.5,42.83689998120779,1.3086956521454631,0,1.0551470587847371,0.070548124826836,0
2024-10-10,Munchkins,434.0,Regular Day,15.2,5.1,11.366666666666667,-1.5666666666666664,7.9,12.9,16.1,0.0,-3.0,10.927777777777777,6.0,0.0,0.0,0.0,172.77333333333334,5,10,284,0,0,41,10,2024,0,2,-0.9749279121818236,-0.2225209339563146,0.5877852522924732,-0.8090169943749473,381.0,202.0,295.0,335.0,418.0,394.86,377.57,373.62,161.72,191.0,626.0,424.77,303.25,76.0980726869391,0.9253968253821365,0,0.9114832535667109,0.04563442987598102,0
2024-10-10,Donuts,290.0,Regular Day,15.2,5.1,11.366666666666667,-1.5666666666666664,7.9,12.9,16.1,0.0,-3.0,10.927777777777777,6.0,0.0,0.0,0.0,172.77333333333334,5,10,284,0,0,41,10,2024,0,2,-0.9749279121818236,-0.2225209339563146,0.5877852522924732,-0.8090169943749473,284.0,190.0,243.0,209.0,317.0,292.86,285.14,282.57,79.3,153.0,394.0,315.69,231.5,41.29971751315821,1.0486725663484806,0,0.8958990535994984,0.018032786882971993,0
2024-10-11,Munchkins,442.0,Regular Day,12.9,5.800000000000001,11.316666666666666,-2.2666666666666675,13.099999999999998,12.2,14.8,0.0,-3.0,10.84,0.0,0.0,0.0,0.0,145.985,6,11,285,0,0,41,10,2024,0,2,-0.7818314824680299,0.6234898018587334,0.5877852522924732,-0.8090169943749473,493.0,644.0,541.0,507.0,398.0,372.29,384.36,372.29,132.47,191.0,532.0,435.58,546.25,68.21229117004256,1.0849236641117852,0,1.2386934673055605,0.9112251829915281,0
2024-10-11,Donuts,291.0,Regular Day,12.9,5.800000000000001,11.316666666666666,-2.2666666666666675,13.099999999999998,12.2,14.8,0.0,-3.0,10.84,0.0,0.0,0.0,0.0,145.985,6,11,285,0,0,41,10,2024,0,2,-0.7818314824680299,0.6234898018587334,0.5877852522924732,-0.8090169943749473,342.0,282.0,360.0,341.0,411.0,298.29,287.64,284.81,84.74,153.0,394.0,333.02,331.25,33.974254958718376,0.8901569186748908,0,0.8321167883009217,0.6748878922970395,0
2024-10-12,Munchkins,573.0,Regular Day,12.2,0.6999999999999993,11.283333333333333,1.533333333333335,11.8,17.3,15.4,0.0,-1.7000000000000028,10.823055555555555,5.0,0.0,0.0,0.0,137.65666666666667,7,12,286,0,0,41,10,2024,1,2,-2.4492935982947064e-16,1.0,0.5877852522924732,-0.8090169943749473,532.0,541.0,497.0,589.0,499.0,382.43,386.29,375.95,118.22,236.0,532.0,392.18,539.75,37.9242666376029,0.9880294659209207,0,1.0661322645076927,1.3199966163660977,0
2024-10-12,Donuts,453.0,Regular Day,12.2,0.6999999999999993,11.283333333333333,1.533333333333335,11.8,17.3,15.4,0.0,-1.7000000000000028,10.823055555555555,5.0,0.0,0.0,0.0,137.65666666666667,7,12,286,0,0,41,10,2024,1,2,-2.4492935982947064e-16,1.0,0.5877852522924732,-0.8090169943749473,394.0,379.0,372.0,374.0,309.0,299.86,285.79,283.05,81.64,164.0,394.0,290.76,379.75,9.945685831890462,1.0361930294767265,0,1.2750809061076025,1.3590151884665587,0
2024-10-13,Munchkins,598.0,Regular Day,17.3,0.0,11.233333333333333,3.166666666666668,12.8,18.3,21.4,0.0,-1.0,10.805833333333334,19.0,0.3000000000000007,0.0,0.0,194.33666666666667,1,13,287,0,0,41,10,2024,1,2,0.7818314824680298,0.6234898018587336,0.5877852522924732,-0.8090169943749473,468.0,626.0,373.0,496.0,209.0,415.0,399.21,386.38,101.36,262.0,532.0,410.14,490.75,104.40745503395179,1.2589182968784935,0,2.239234449653625,0.805248618705086,0
2024-10-13,Donuts,380.0,Regular Day,17.3,0.0,11.233333333333333,3.166666666666668,12.8,18.3,21.4,0.0,-1.0,10.805833333333334,19.0,0.3000000000000007,0.0,0.0,194.33666666666667,1,13,287,0,0,41,10,2024,1,2,0.7818314824680298,0.6234898018587336,0.5877852522924732,-0.8090169943749473,385.0,347.0,350.0,338.0,197.0,304.71,288.71,287.1,78.65,164.0,394.0,287.32,355.0,20.639767440550294,1.0639534883566286,0,1.954314720712979,1.2447552445969794,0
2024-10-14,Munchkins,370.0,Columbus Day,18.3,0.0,11.2,2.866666666666667,8.0,19.2,29.1,0.0,-1.6000000000000014,10.698611111111111,44.0,1.1999999999999993,0.0,0.0,204.96,2,14,288,0,0,42,10,2024,0,2,0.9749279121818236,-0.22252093395631434,0.5877852522924732,-0.8090169943749473,262.0,191.0,235.0,185.0,253.0,434.43,413.29,393.05,89.05,262.0,532.0,417.85,218.25,36.709444742917775,1.0785714285457484,1,1.0355731224887126,-1.4716451430127295,0
2024-10-14,Donuts,279.0,Columbus Day,18.3,0.0,11.2,2.866666666666667,8.0,19.2,29.1,0.0,-1.6000000000000014,10.698611111111111,44.0,1.1999999999999993,0.0,0.0,204.96,2,14,288,0,0,42,10,2024,0,2,0.9749279121818236,-0.22252093395631434,0.5877852522924732,-0.8090169943749473,164.0,153.0,190.0,201.0,282.0,286.14,277.43,283.33,96.79,157.0,394.0,254.74,177.0,22.28601953392904,0.8107416879588045,1,0.5815602836673205,-1.2328752969074412,0
2024-10-15,Munchkins,204.0,Regular Day,19.2,7.4,11.15,-0.7333333333333343,8.0,10.6,22.4,0.0,-4.799999999999999,9.846111111111112,56.0,0.0,0.0,0.0,214.08,3,15,289,0,0,42,10,2024,0,3,0.43388373911755823,-0.900968867902419,-0.587785252292473,-0.8090169943749476,464.0,236.0,283.0,245.0,394.0,442.0,429.86,399.67,85.95,262.0,532.0,421.89,307.0,106.6302021005306,1.3257575757324667,0,1.1776649745893994,0.7484584059629482,0
2024-10-15,Donuts,223.0,Regular Day,19.2,7.4,11.15,-0.7333333333333343,8.0,10.6,22.4,0.0,-4.799999999999999,9.846111111111112,56.0,0.0,0.0,0.0,214.08,3,15,289,0,0,42,10,2024,0,3,0.43388373911755823,-0.900968867902419,-0.587785252292473,-0.8090169943749476,277.0,243.0,236.0,192.0,288.0,287.0,284.57,285.57,96.8,157.0,394.0,263.56,237.0,34.93804039534368,1.2149532709996507,0,0.9618055555221595,-0.08853305784209363,0
2024-10-16,Munchkins,630.0,Regular Day,10.6,8.2,11.116666666666667,-1.333333333333334,9.2,9.8,19.0,0.0,-4.6,10.754166666666666,14.0,0.0,0.0,0.0,117.83666666666667,4,16,290,0,0,42,10,2024,0,3,-0.433883739117558,-0.9009688679024191,-0.587785252292473,-0.8090169943749476,441.0,305.0,244.0,301.0,436.0,434.71,415.43,394.95,83.02,262.0,532.0,426.92,322.75,83.6117017328715,1.3688073394244256,0,1.011467889885058,0.5546856178565787,0
2024-10-16,Donuts,294.0,Regular Day,10.6,8.2,11.116666666666667,-1.333333333333334,9.2,9.8,19.0,0.0,-4.6,10.754166666666666,14.0,0.0,0.0,0.0,117.83666666666667,4,16,290,0,0,42,10,2024,0,3,-0.433883739117558,-0.9009688679024191,-0.587785252292473,-0.8090169943749476,157.0,287.0,315.0,236.0,303.0,279.71,285.21,282.29,93.84,157.0,394.0,270.42,248.75,69.3607718142371,0.8058076224899128,0,0.5181518151644174,-1.3351449273939533,0
2024-10-17,Munchkins,451.0,Regular Day,9.8,8.1,11.083333333333334,-2.166666666666668,9.5,9.9,16.6,0.0,-3.5999999999999996,10.401666666666667,47.0,0.0,0.0,0.0,108.61666666666667,5,17,291,0,0,42,10,2024,0,3,-0.9749279121818236,-0.2225209339563146,-0.587785252292473,-0.8090169943749476,434.0,381.0,202.0,295.0,403.0,440.57,417.71,398.57,91.99,262.0,573.0,463.44,328.0,101.66939887039102,1.6398390341722366,0,1.0769230768963542,0.38515055980159263,0
2024-10-17,Donuts,307.0,Regular Day,9.8,8.1,11.083333333333334,-2.166666666666668,9.5,9.9,16.6,0.0,-3.5999999999999996,10.401666666666667,47.0,0.0,0.0,0.0,108.61666666666667,5,17,291,0,0,42,10,2024,0,3,-0.9749279121818236,-0.2225209339563146,-0.587785252292473,-0.8090169943749476,290.0,284.0,190.0,243.0,307.0,288.14,290.5,286.14,107.47,157.0,453.0,316.06,251.75,46.16185293796888,1.325635103895482,0,0.9446254071353541,0.0359170000897073,0
2024-10-18,Munchkins,711.0,Regular Day,9.9,6.300000000000001,11.033333333333333,-1.9999999999999982,12.799999999999999,11.7,15.2,0.0,-3.599999999999998,10.719444444444445,5.0,0.0,0.0,0.0,109.23,6,18,292,0,0,42,10,2024,0,3,-0.7818314824680299,0.6234898018587334,-0.587785252292473,-0.8090169943749476,442.0,493.0,644.0,541.0,586.0,459.14,415.71,409.29,109.84,262.0,598.0,497.08,530.0,86.08135686662938,0.7890295358583205,0,0.7542662115912241,0.2977967953115624,0
2024-10-18,Donuts,386.0,Regular Day,9.9,6.300000000000001,11.033333333333333,-1.9999999999999982,12.799999999999999,11.7,15.2,0.0,-3.599999999999998,10.719444444444445,5.0,0.0,0.0,0.0,109.23,6,18,292,0,0,42,10,2024,0,3,-0.7818314824680299,0.6234898018587334,-0.587785252292473,-0.8090169943749476,291.0,342.0,282.0,360.0,370.0,287.43,292.86,287.57,106.74,157.0,453.0,332.05,318.75,38.13462993133669,0.985981308395857,0,0.7864864864652301,0.032134157763525066,0
2024-10-19,Munchkins,353.0,Regular Day,11.7,5.1,11.0,-2.3666666666666654,14.7,12.9,9.6,0.0,-1.0999999999999979,10.701666666666666,0.0,0.0,0.0,0.0,128.7,7,19,293,0,0,42,10,2024,1,3,-2.4492935982947064e-16,1.0,-0.587785252292473,-0.8090169943749476,573.0,532.0,541.0,497.0,485.0,474.57,428.5,415.71,81.45,370.0,598.0,465.31,535.75,31.255666152982034,1.0645472061554477,0,1.1814432989447126,1.9311233883448593,0
2024-10-19,Donuts,466.0,Regular Day,11.7,5.1,11.0,-2.3666666666666654,14.7,12.9,9.6,0.0,-1.0999999999999979,10.701666666666666,0.0,0.0,0.0,0.0,128.7,7,19,293,0,0,42,10,2024,1,3,-2.4492935982947064e-16,1.0,-0.587785252292473,-0.8090169943749476,453.0,394.0,379.0,372.0,350.0,303.86,301.86,291.81,92.47,157.0,453.0,318.79,399.5,36.8284310463171,1.1278295605708677,0,1.2942857142487347,1.7431599435770349,0
2024-10-20,Munchkins,445.0,Regular Day,12.9,4.1,10.95,-0.2666666666666657,15.500000000000002,13.9,10.6,0.0,-2.400000000000002,10.684166666666666,1.0,0.0,0.0,0.0,141.255,1,20,294,0,0,42,10,2024,1,3,0.7818314824680298,0.6234898018587336,-0.587785252292473,-0.8090169943749476,598.0,468.0,626.0,373.0,168.0,437.43,426.21,411.95,131.18,204.0,598.0,399.98,516.25,117.72390015059247,1.0670670670563858,0,3.559523809311933,1.4182802255360358,0
2024-10-20,Donuts,398.0,Regular Day,12.9,4.1,10.95,-0.2666666666666657,15.500000000000002,13.9,10.6,0.0,-2.400000000000002,10.684166666666666,1.0,0.0,0.0,0.0,141.255,1,20,294,0,0,42,10,2024,1,3,0.7818314824680298,0.6234898018587336,-0.587785252292473,-0.8090169943749476,380.0,385.0,347.0,350.0,200.0,296.14,300.43,291.19,97.22,157.0,453.0,294.84,365.5,19.77371993328519,1.0975609755940092,0,1.899999999905,0.9134951655098237,0
2024-10-21,Munchkins,446.0,Regular Day,13.9,2.3000000000000007,10.916666666666666,1.0666666666666647,15.900000000000002,15.7,11.0,0.0,-2.0,10.66611111111111,0.0,0.0,0.0,0.0,151.74166666666667,2,21,295,0,0,43,10,2024,0,3,0.9749279121818236,-0.22252093395631434,-0.587785252292473,-0.8090169943749476,370.0,262.0,191.0,235.0,451.0,464.43,449.43,430.33,150.12,204.0,630.0,457.49,264.5,76.1774244773345,1.4835680750825453,0,0.8203991130638493,-0.4018784971754676,0
2024-10-21,Donuts,262.0,Regular Day,13.9,2.3000000000000007,10.916666666666666,1.0666666666666647,15.900000000000002,15.7,11.0,0.0,-2.0,10.66611111111111,0.0,0.0,0.0,0.0,151.74166666666667,2,21,295,0,0,43,10,2024,0,3,0.9749279121818236,-0.22252093395631434,-0.587785252292473,-0.8090169943749476,279.0,164.0,153.0,190.0,203.0,315.71,300.93,290.19,76.01,223.0,453.0,294.63,196.5,57.14601181768214,1.2915451894667187,0,1.3743842363854983,-0.14721747136597582,0
2024-10-22,Munchkins,672.0,Regular Day,15.7,0.0,10.883333333333333,4.333333333333334,15.6,18.5,10.5,0.0,0.1999999999999993,10.648333333333333,0.0,0.5,0.0,0.0,170.8683333333333,3,22,296,0,0,43,10,2024,0,4,0.43388373911755823,-0.900968867902419,-0.9510565162951536,0.30901699437494723,204.0,464.0,236.0,283.0,287.0,466.86,454.43,442.19,149.68,204.0,630.0,455.86,296.75,116.12457391382182,1.2870905587420598,0,0.7108013937034564,-1.59132816664943,0
2024-10-22,Donuts,229.0,Regular Day,15.7,0.0,10.883333333333333,4.333333333333334,15.6,18.5,10.5,0.0,0.1999999999999993,10.648333333333333,0.0,0.5,0.0,0.0,170.8683333333333,3,22,296,0,0,43,10,2024,0,4,0.43388373911755823,-0.900968867902419,-0.9510565162951536,0.30901699437494723,223.0,277.0,243.0,236.0,257.0,318.14,302.57,295.76,75.32,223.0,453.0,297.72,244.75,23.0416289933387,1.0438413360951182,0,0.8677042801218792,-0.9660116833555481,0
2024-10-23,Munchkins,745.0,Regular Day,18.5,0.0,10.833333333333334,5.133333333333335,11.4,18.3,17.0,0.0,-1.1000000000000014,10.463888888888889,7.0,0.3000000000000007,0.0,0.0,200.41666666666669,4,23,297,0,0,43,10,2024,0,4,-0.433883739117558,-0.9009688679024191,-0.9510565162951536,0.30901699437494723,630.0,441.0,305.0,244.0,487.0,505.29,470.0,445.38,174.68,204.0,711.0,519.65,405.0,171.11594509766374,1.9508196720956135,0,1.2936344968933544,1.0569040530652103,0
2024-10-23,Donuts,253.0,Regular Day,18.5,0.0,10.833333333333334,5.133333333333335,11.4,18.3,17.0,0.0,-1.1000000000000014,10.463888888888889,7.0,0.3000000000000007,0.0,0.0,200.41666666666669,4,23,297,0,0,43,10,2024,0,4,-0.433883739117558,-0.9009688679024191,-0.9510565162951536,0.30901699437494723,294.0,157.0,287.0,315.0,256.0,331.71,305.71,300.71,78.12,223.0,453.0,319.79,263.25,71.82559896490017,0.7491694352035022,0,1.1484374999551392,-0.08589349717282443,0
2024-10-24,Donuts,338.0,Regular Day,18.3,0.8999999999999986,10.783333333333333,3.2333333333333343,5.9,17.1,19.9,0.0,-2.8999999999999986,10.474722222222223,3.0,0.0,0.0,0.1,197.335,5,24,298,0,0,43,10,2024,0,4,-0.9749279121818236,-0.2225209339563146,-0.9510565162951536,0.30901699437494723,307.0,290.0,284.0,190.0,272.0,333.57,310.86,304.86,81.57,223.0,466.0,356.34,267.75,52.74071798272501,1.2594936708595044,0,1.1286764705467398,0.02623513546325408,0
2024-10-24,Munchkins,589.0,Regular Day,18.3,0.8999999999999986,10.783333333333333,3.2333333333333343,5.9,17.1,19.9,0.0,-2.8999999999999986,10.474722222222223,3.0,0.0,0.0,0.1,197.335,5,24,298,0,0,43,10,2024,0,4,-0.9749279121818236,-0.2225209339563146,-0.9510565162951536,0.30901699437494723,451.0,434.0,381.0,202.0,438.0,473.86,457.21,436.43,180.17,204.0,711.0,477.99,367.0,113.96783171872082,1.5180102915691593,0,1.0296803652732949,0.08086806904141262,0
2024-10-25,Donuts,332.0,Regular Day,17.1,5.800000000000001,10.75,-1.4333333333333336,11.600000000000001,12.2,17.0,0.0,-3.4000000000000004,10.59361111111111,2.0,0.0,0.0,0.0,183.82500000000002,6,25,299,0,0,43,10,2024,0,4,-0.7818314824680299,0.6234898018587334,-0.9510565162951536,0.30901699437494723,386.0,291.0,342.0,282.0,359.0,336.14,311.79,307.29,83.53,223.0,466.0,366.76,325.25,48.355454707819675,1.0849358974185106,0,1.075208913619075,0.9422961809000002,0
2024-10-25,Munchkins,652.0,Regular Day,17.1,5.800000000000001,10.75,-1.4333333333333336,11.600000000000001,12.2,17.0,0.0,-3.4000000000000004,10.59361111111111,2.0,0.0,0.0,0.0,183.82500000000002,6,25,299,0,0,43,10,2024,0,4,-0.7818314824680299,0.6234898018587334,-0.9510565162951536,0.30901699437494723,711.0,442.0,493.0,644.0,327.0,452.0,455.57,427.81,171.68,204.0,711.0,469.74,572.5,126.02248476627759,1.014072119604098,0,2.1743119265390116,1.6495223670986996,0
2024-10-26,Donuts,473.0,Regular Day,12.2,3.8000000000000007,10.7,-0.1000000000000032,8.4,14.2,21.0,0.0,-3.9000000000000004,10.39611111111111,18.0,0.0,0.0,0.0,130.54,7,26,300,0,0,43,10,2024,1,4,-2.4492935982947064e-16,1.0,-0.9510565162951536,0.30901699437494723,466.0,453.0,394.0,379.0,376.0,333.71,318.79,312.48,85.69,223.0,466.0,340.57,423.0,42.91852746774987,1.1888745148617221,0,1.2393617020946979,1.791574279170081,0
2024-10-26,Munchkins,867.0,Regular Day,12.2,3.8000000000000007,10.7,-0.1000000000000032,8.4,14.2,21.0,0.0,-3.9000000000000004,10.39611111111111,18.0,0.0,0.0,0.0,130.54,7,26,300,0,0,43,10,2024,1,4,-2.4492935982947064e-16,1.0,-0.9510565162951536,0.30901699437494723,353.0,573.0,532.0,541.0,426.0,462.86,468.71,439.95,167.99,204.0,711.0,463.8,499.75,99.40280009469888,0.8630009319584064,0,0.8286384976331306,-0.5175903327270913,0
2024-10-27,Donuts,472.0,Regular Day,14.2,7.5,10.666666666666666,-2.933333333333332,9.0,10.5,15.5,0.0,-3.6000000000000014,10.521666666666667,39.0,0.0,0.0,0.0,151.46666666666664,1,27,301,0,0,43,10,2024,1,4,0.7818314824680298,0.6234898018587336,-0.9510565162951536,0.30901699437494723,398.0,380.0,385.0,347.0,180.0,334.57,315.36,311.81,84.42,229.0,466.0,312.68,377.5,21.702534414210707,1.062841530040125,0,2.2111111109882713,1.0209665954725224,0
2024-10-27,Munchkins,744.0,Regular Day,14.2,7.5,10.666666666666666,-2.933333333333332,9.0,10.5,15.5,0.0,-3.6000000000000014,10.521666666666667,39.0,0.0,0.0,0.0,151.46666666666664,1,27,301,0,0,43,10,2024,1,4,0.7818314824680298,0.6234898018587336,-0.9510565162951536,0.30901699437494723,445.0,598.0,468.0,626.0,281.0,529.71,483.57,460.71,138.31,353.0,711.0,515.85,534.25,90.98855239351083,0.9533820840863494,0,1.5836298931820771,-0.11358542403921715,0
2024-10-28,Donuts,249.0,Regular Day,10.5,9.0,10.633333333333333,-3.7666666666666657,13.2,9.0,9.5,0.0,-3.0,10.375277777777777,22.0,0.0,0.0,0.0,111.64999999999999,2,28,302,0,0,44,10,2024,0,4,0.9749279121818236,-0.22252093395631434,-0.9510565162951536,0.30901699437494723,262.0,279.0,164.0,153.0,207.0,328.71,322.21,310.19,89.0,229.0,466.0,297.76,214.5,65.18946745193327,1.7066246056243966,0,1.2657004830306424,-0.5414606740964651,0
2024-10-28,Munchkins,431.0,Regular Day,10.5,9.0,10.633333333333333,-3.7666666666666657,13.2,9.0,9.5,0.0,-3.0,10.375277777777777,22.0,0.0,0.0,0.0,111.64999999999999,2,28,302,0,0,44,10,2024,0,4,0.9749279121818236,-0.22252093395631434,-0.9510565162951536,0.30901699437494723,446.0,370.0,262.0,191.0,278.0,546.14,505.29,481.67,157.68,353.0,745.0,573.14,317.25,113.06450960992726,1.801324503271494,0,1.6043165467048806,-0.22621765599783,0
2024-10-29,Donuts,258.0,Regular Day,9.0,5.5,10.6,-2.6333333333333346,15.6,12.5,9.9,0.0,-1.6999999999999993,9.354444444444445,39.0,0.0,0.0,0.0,95.39999999999999,3,29,303,0,0,44,10,2024,0,5,0.43388373911755823,-0.900968867902419,-2.4492935982947064e-16,1.0,229.0,223.0,277.0,243.0,310.0,333.14,325.64,312.76,88.51,229.0,466.0,307.82,243.0,24.166091947189145,0.8692307692140533,0,0.7387096773955255,-0.946333747492223,0
2024-10-29,Munchkins,449.0,Regular Day,9.0,5.5,10.6,-2.6333333333333346,15.6,12.5,9.9,0.0,-1.6999999999999993,9.354444444444445,39.0,0.0,0.0,0.0,95.39999999999999,3,29,303,0,0,44,10,2024,0,5,0.43388373911755823,-0.900968867902419,-2.4492935982947064e-16,1.0,672.0,204.0,464.0,236.0,356.0,565.86,516.36,491.57,152.34,353.0,745.0,577.11,394.0,218.51620839959065,1.2514285714106939,0,1.8876404493851786,1.1843901797830911,0
2024-10-30,Donuts,262.0,Regular Day,12.5,2.3000000000000007,10.55,2.533333333333333,13.899999999999999,15.7,10.5,0.0,-0.29999999999999716,9.449722222222222,63.0,0.0,0.0,0.0,131.875,4,30,304,0,0,44,10,2024,0,5,-0.433883739117558,-0.9009688679024191,-2.4492935982947064e-16,1.0,253.0,294.0,157.0,287.0,219.0,325.43,328.57,312.29,85.44,229.0,466.0,313.86,247.75,63.094505835822716,1.2319819819542346,0,1.1552511414997602,-0.693937265836384,0
2024-10-30,Munchkins,333.0,Regular Day,12.5,2.3000000000000007,10.55,2.533333333333333,13.899999999999999,15.7,10.5,0.0,-0.29999999999999716,9.449722222222222,63.0,0.0,0.0,0.0,131.875,4,30,304,0,0,44,10,2024,0,5,-0.433883739117558,-0.9009688679024191,-2.4492935982947064e-16,1.0,745.0,630.0,441.0,305.0,297.0,557.43,531.36,499.14,144.39,353.0,745.0,595.83,530.25,195.59375416067525,1.8431635388492873,0,2.50841750833305,1.7027494977697384,0
2024-10-31,Munchkins,931.0,Halloween,15.7,0.0,10.516666666666667,6.4,10.6,19.6,15.6,0.0,-0.3999999999999986,10.082222222222223,45.0,1.6000000000000014,0.0,0.0,165.11166666666668,5,31,305,0,1,44,10,2024,0,5,-0.9749279121818236,-0.2225209339563146,-2.4492935982947064e-16,1.0,589.0,451.0,434.0,381.0,462.0,630.86,552.36,515.1,153.51,445.0,867.0,663.62,463.75,88.66181064396704,1.2760736196162445,1,1.2748917748641797,0.48140186303944993,0
2024-10-31,Donuts,513.0,Halloween,15.7,0.0,10.516666666666667,6.4,10.6,19.6,15.6,0.0,-0.3999999999999986,10.082222222222223,45.0,1.6000000000000014,0.0,0.0,165.11166666666668,5,31,305,0,1,44,10,2024,0,5,-0.9749279121818236,-0.2225209339563146,-2.4492935982947064e-16,1.0,338.0,307.0,290.0,284.0,302.0,326.43,330.0,316.05,87.37,229.0,473.0,353.65,304.75,24.212600025606502,1.1236933797713642,1,1.1192052979761853,0.25123039942185743,0
2024-11-01,Donuts,329.0,Regular Day,19.6,0.0,10.483333333333333,9.5,6.299999999999997,21.4,23.6,0.0,-2.099999999999998,6.8630555555555555,68.0,3.3999999999999986,0.0,0.0,205.47333333333333,6,1,306,1,0,44,11,2024,0,1,-0.7818314824680299,0.6234898018587334,0.9510565162951535,0.30901699437494745,332.0,386.0,291.0,342.0,340.0,337.0,336.57,320.19,100.91,229.0,473.0,383.24,337.75,39.00747791556554,1.1342812006139924,0,0.9764705882065744,0.1170349816552339,0
2024-11-01,Munchkins,508.0,Regular Day,19.6,0.0,10.483333333333333,9.5,6.299999999999997,21.4,23.6,0.0,-2.099999999999998,6.8630555555555555,68.0,3.3999999999999986,0.0,0.0,205.47333333333333,6,1,306,1,0,44,11,2024,0,1,-0.7818314824680299,0.6234898018587334,0.9510565162951535,0.30901699437494745,652.0,711.0,442.0,493.0,488.0,673.57,562.79,528.24,133.47,446.0,867.0,683.72,574.5,127.58918449461146,1.457754010679596,0,1.3360655737431133,0.927249569122106,0
2024-11-02,Donuts,398.0,Regular Day,21.4,3.8000000000000007,10.433333333333334,3.3666666666666654,11.200000000000001,14.2,16.1,0.0,-3.700000000000003,9.975833333333334,22.0,0.0,0.0,0.0,223.2733333333333,7,2,307,0,0,44,11,2024,1,1,-2.4492935982947064e-16,1.0,0.9510565162951535,0.30901699437494745,473.0,466.0,453.0,394.0,328.0,335.14,334.43,324.24,102.62,229.0,473.0,349.68,446.5,35.96757799277937,1.1086186540601108,0,1.4420731706877417,1.4496199569821067,0
2024-11-02,Munchkins,436.0,Regular Day,21.4,3.8000000000000007,10.433333333333334,3.3666666666666654,11.200000000000001,14.2,16.1,0.0,-3.700000000000003,9.975833333333334,22.0,0.0,0.0,0.0,223.2733333333333,7,2,307,0,0,44,11,2024,1,1,-2.4492935982947064e-16,1.0,0.9510565162951535,0.30901699437494745,867.0,353.0,573.0,532.0,478.0,671.43,567.14,536.29,137.78,431.0,867.0,620.54,581.25,213.10775834461464,1.1040723981800538,0,1.8138075313428073,2.400275801828983,0
2024-11-03,Donuts,428.0,Regular Day,14.2,8.8,10.4,-1.1999999999999993,9.6,9.2,13.2,0.0,-3.5,9.967222222222222,26.0,0.0,0.0,0.0,147.68,1,3,308,0,0,44,11,2024,1,1,0.7818314824680298,0.6234898018587336,0.9510565162951535,0.30901699437494745,472.0,398.0,380.0,385.0,181.0,339.29,336.93,323.33,98.11,249.0,473.0,326.76,408.75,42.843708211747185,1.1372549019459182,0,2.6077348064857606,1.5153399244200043,0
2024-11-03,Munchkins,470.0,Regular Day,14.2,8.8,10.4,-1.1999999999999993,9.6,9.2,13.2,0.0,-3.5,9.967222222222222,26.0,0.0,0.0,0.0,147.68,1,3,308,0,0,44,11,2024,1,1,0.7818314824680298,0.6234898018587336,0.9510565162951535,0.30901699437494745,744.0,445.0,598.0,468.0,410.0,639.57,584.64,535.57,161.39,431.0,867.0,577.65,563.75,137.7591497263733,1.1153846153741522,0,1.814634146297204,1.291467872774554,0
2024-11-04,Munchkins,413.0,Regular Day,9.2,7.9,10.366666666666667,-1.0666666666666664,10.7,10.1,14.7,0.0,-2.6999999999999993,9.110555555555555,75.0,0.0,0.0,0.0,95.37333333333333,2,4,309,0,0,45,11,2024,0,1,0.9749279121818236,-0.22252093395631434,0.9510565162951535,0.30901699437494745,431.0,446.0,370.0,262.0,238.0,580.71,563.43,530.43,189.25,333.0,867.0,516.49,377.25,83.56783671564877,1.3876582278261447,0,1.8109243696718098,-0.5253896961413266,0
2024-11-04,Donuts,299.0,Regular Day,9.2,7.9,10.366666666666667,-1.0666666666666664,10.7,10.1,14.7,0.0,-2.6999999999999993,9.110555555555555,75.0,0.0,0.0,0.0,95.37333333333333,2,4,309,0,0,45,11,2024,0,1,0.9749279121818236,-0.22252093395631434,0.9510565162951535,0.30901699437494745,249.0,262.0,279.0,164.0,205.0,340.57,334.64,328.33,96.84,249.0,473.0,310.57,238.5,51.163137771902406,1.15349887130579,0,1.214634146282213,-0.8191862865738138,0
2024-11-05,Donuts,381.0,Regular Day,10.1,2.4000000000000004,10.333333333333334,2.6999999999999993,11.2,15.6,18.3,0.0,-0.7999999999999972,9.78888888888889,43.0,0.0,0.0,0.0,104.36666666666667,3,5,310,0,0,45,11,2024,0,1,0.43388373911755823,-0.900968867902419,0.9510565162951535,0.30901699437494745,258.0,229.0,223.0,277.0,312.0,365.57,349.36,338.95,116.63,249.0,513.0,361.18,246.75,25.30316185775999,0.97399999998052,0,0.826923076896573,-0.694075280743027,0
2024-11-05,Munchkins,471.0,Regular Day,10.1,2.4000000000000004,10.333333333333334,2.6999999999999993,11.2,15.6,18.3,0.0,-0.7999999999999972,9.78888888888889,43.0,0.0,0.0,0.0,104.36666666666667,3,5,310,0,0,45,11,2024,0,1,0.43388373911755823,-0.900968867902419,0.9510565162951535,0.30901699437494745,449.0,672.0,204.0,464.0,274.0,629.57,597.71,554.1,231.24,333.0,931.0,620.12,447.25,191.45647895366022,1.6781437125497283,0,1.638686131327055,-0.4545061407864338,0
2024-11-06,Donuts,260.0,Regular Day,15.6,0.0,10.3,5.4,8.799999999999997,20.1,20.4,0.0,-0.8999999999999986,9.338055555555556,27.0,2.1000000000000014,0.0,0.0,160.68,4,6,311,0,0,45,11,2024,0,1,-0.433883739117558,-0.9009688679024191,0.9510565162951535,0.30901699437494745,262.0,253.0,294.0,157.0,237.0,365.14,345.29,340.76,116.78,249.0,513.0,353.13,241.5,59.016946718718,1.1419068735888713,0,1.1054852320208655,-0.6744305531191616,0
2024-11-06,Munchkins,358.0,Regular Day,15.6,0.0,10.3,5.4,8.799999999999997,20.1,20.4,0.0,-0.8999999999999986,9.338055555555556,27.0,2.1000000000000014,0.0,0.0,160.68,4,6,311,0,0,45,11,2024,0,1,-0.433883739117558,-0.9009688679024191,0.9510565162951535,0.30901699437494745,333.0,745.0,630.0,441.0,357.0,609.0,583.21,557.24,235.28,333.0,931.0,592.09,537.25,185.06282716958583,1.0065359477030202,0,0.9327731092175694,-0.9530771845905697,0
2024-11-07,Munchkins,446.0,Regular Day,20.1,0.0,10.266666666666667,5.199999999999999,8.5,21.5,20.9,0.0,-1.2999999999999972,9.129166666666666,68.0,3.5,0.0,0.0,206.36000000000004,5,7,312,0,0,45,11,2024,0,1,-0.9749279121818236,-0.2225209339563146,0.9510565162951535,0.30901699437494745,931.0,589.0,451.0,434.0,422.0,547.43,589.14,550.71,211.72,333.0,931.0,553.07,601.25,230.5303667632531,1.7175141242743783,0,2.2061611373884795,1.7961930851220387,0
2024-11-07,Donuts,346.0,Regular Day,20.1,0.0,10.266666666666667,5.199999999999999,8.5,21.5,20.9,0.0,-1.2999999999999972,9.129166666666666,68.0,3.5,0.0,0.0,206.36000000000004,5,7,312,0,0,45,11,2024,0,1,-0.9749279121818236,-0.2225209339563146,0.9510565162951535,0.30901699437494745,513.0,338.0,307.0,290.0,312.0,354.43,340.43,338.14,108.37,249.0,513.0,364.35,362.0,102.60929132718277,1.425460636492036,0,1.6442307691780695,1.6135461842194754,0
2024-11-08,Donuts,282.0,Regular Day,21.5,2.9000000000000004,10.233333333333333,0.9666666666666668,12.2,15.1,20.8,0.0,-4.199999999999999,9.753055555555555,0.0,0.0,0.0,0.0,220.01666666666665,6,8,313,0,0,45,11,2024,0,2,-0.7818314824680299,0.6234898018587334,0.5877852522924732,-0.8090169943749473,329.0,332.0,386.0,291.0,398.0,348.14,342.57,340.43,101.47,249.0,513.0,380.26,334.5,39.07684736515984,0.9763663219944406,0,0.826633165808376,-0.11264413125922505,0
2024-11-08,Munchkins,542.0,Regular Day,21.5,2.9000000000000004,10.233333333333333,0.9666666666666668,12.2,15.1,20.8,0.0,-4.199999999999999,9.753055555555555,0.0,0.0,0.0,0.0,220.01666666666665,6,8,313,0,0,45,11,2024,0,2,-0.7818314824680299,0.6234898018587334,0.5877852522924732,-0.8090169943749473,508.0,652.0,711.0,442.0,551.0,508.29,590.93,544.62,193.9,333.0,931.0,532.3,578.25,124.58029539216867,1.0060711188117428,0,0.9219600725785488,-0.1888602372259484,0
2024-11-09,Donuts,387.0,Regular Day,15.1,6.300000000000001,10.2,0.3333333333333339,11.499999999999998,11.7,21.8,0.0,-4.899999999999999,9.747222222222222,6.0,0.0,0.0,0.0,154.01999999999998,7,9,314,0,0,45,11,2024,1,2,-2.4492935982947064e-16,1.0,0.5877852522924732,-0.8090169943749473,398.0,473.0,466.0,453.0,338.0,355.29,345.21,341.38,94.88,258.0,513.0,359.95,447.5,34.02450097601237,0.9477693144619393,0,1.1775147928645706,0.5967537942035464,0
2024-11-09,Munchkins,480.0,Regular Day,15.1,6.300000000000001,10.2,0.3333333333333339,11.499999999999998,11.7,21.8,0.0,-4.899999999999999,9.747222222222222,6.0,0.0,0.0,0.0,154.01999999999998,7,9,314,0,0,45,11,2024,1,2,-2.4492935982947064e-16,1.0,0.5877852522924732,-0.8090169943749473,436.0,867.0,353.0,573.0,453.0,505.71,588.57,546.67,195.21,333.0,931.0,502.47,557.25,225.54581943956902,1.4071274297904197,0,0.9624724061597688,-0.5669279237453546,0
2024-11-10,Munchkins,556.0,Regular Day,11.7,9.3,10.166666666666666,2.1999999999999993,11.5,8.7,13.8,0.0,-2.4000000000000004,1.2883333333333333,86.0,0.0,0.0,0.0,118.94999999999999,1,10,315,0,0,45,11,2024,1,2,0.7818314824680298,0.6234898018587336,0.5877852522924732,-0.8090169943749473,470.0,744.0,445.0,598.0,319.0,508.86,574.21,559.38,194.32,333.0,931.0,494.61,564.25,137.29864043997912,1.1639501438047561,0,1.473354231928735,-0.4599629476914387,0
2024-11-10,Donuts,438.0,Regular Day,11.7,9.3,10.166666666666666,2.1999999999999993,11.5,8.7,13.8,0.0,-2.4000000000000004,1.2883333333333333,86.0,0.0,0.0,0.0,118.94999999999999,1,10,315,0,0,45,11,2024,1,2,0.7818314824680298,0.6234898018587336,0.5877852522924732,-0.8090169943749473,428.0,472.0,398.0,380.0,213.0,372.86,356.07,348.9,84.7,262.0,513.0,365.21,419.5,40.2119385257662,1.1568123393167504,0,2.0093896712671646,0.9338842974104036,0
2024-11-11,Donuts,200.0,Veterans Day,8.7,0.8000000000000007,10.116666666666667,7.333333333333334,8.000000000000002,17.2,23.0,0.0,-2.3000000000000007,9.403333333333334,64.0,0.0,0.0,9.8,88.015,2,11,316,0,0,46,11,2024,0,2,0.9749279121818236,-0.22252093395631434,0.5877852522924732,-0.8090169943749473,299.0,249.0,262.0,279.0,271.0,372.57,356.57,347.29,85.14,260.0,513.0,338.91,272.25,21.654483754332883,1.0129390018297053,1,1.103321033169619,-0.5671834624656823,0
2024-11-11,Munchkins,255.0,Veterans Day,8.7,0.8000000000000007,10.116666666666667,7.333333333333334,8.000000000000002,17.2,23.0,0.0,-2.3000000000000007,9.403333333333334,64.0,0.0,0.0,9.8,88.015,2,11,316,0,0,46,11,2024,0,2,0.9749279121818236,-0.22252093395631434,0.5877852522924732,-0.8090169943749473,413.0,431.0,446.0,370.0,379.0,512.43,546.57,546.43,190.75,358.0,931.0,460.45,415.0,32.89376840679705,1.0343137254775208,1,1.0897097625042294,-0.6995019658873128,0
2024-11-12,Donuts,242.0,Regular Day,17.2,6.199999999999999,10.083333333333334,3.5999999999999996,9.6,11.8,26.7,0.0,-3.1999999999999993,9.678888888888888,5.0,0.0,0.0,0.0,173.43333333333334,3,12,317,0,0,46,11,2024,0,2,0.43388373911755823,-0.900968867902419,0.5877852522924732,-0.8090169943749473,381.0,258.0,229.0,223.0,236.0,348.71,357.14,349.14,58.45,260.0,428.0,340.68,272.75,73.76708841572461,1.4137168141280152,0,1.6144067795926098,0.5450812659460941,0
2024-11-12,Munchkins,116.0,Regular Day,17.2,6.199999999999999,10.083333333333334,3.5999999999999996,9.6,11.8,26.7,0.0,-3.1999999999999993,9.678888888888888,5.0,0.0,0.0,0.0,173.43333333333334,3,12,317,0,0,46,11,2024,0,2,0.43388373911755823,-0.900968867902419,0.5877852522924732,-0.8090169943749473,471.0,449.0,672.0,204.0,417.0,443.14,536.36,546.19,48.17,358.0,508.0,456.84,449.0,191.69246203228755,1.050228310490294,0,1.1294964028506116,-1.5609300391195922,0
2024-11-13,Munchkins,370.0,Regular Day,11.8,12.5,10.05,-1.2000000000000002,8.799999999999999,5.5,20.2,0.0,-3.8,9.664722222222222,6.0,0.0,0.0,0.0,118.59000000000002,4,13,318,0,0,46,11,2024,0,2,-0.433883739117558,-0.9009688679024191,0.5877852522924732,-0.8090169943749473,358.0,333.0,745.0,630.0,284.0,448.0,528.5,538.14,56.75,358.0,542.0,478.13,516.5,203.21499288520357,0.5025454545417997,0,1.260563380237304,-3.1742731271939606,1
2024-11-13,Donuts,322.0,Regular Day,11.8,12.5,10.05,-1.2000000000000002,8.799999999999999,5.5,20.2,0.0,-3.8,9.664722222222222,6.0,0.0,0.0,0.0,118.59000000000002,4,13,318,0,0,46,11,2024,0,2,-0.433883739117558,-0.9009688679024191,0.5877852522924732,-0.8090169943749473,260.0,262.0,253.0,294.0,251.0,342.0,353.57,344.19,63.56,260.0,428.0,326.01,267.25,18.246004128758347,0.9542961608600677,0,1.03585657366391,-1.3245752043227539,0
2024-11-14,Donuts,203.0,Regular Day,5.5,12.5,10.016666666666667,-1.2666666666666657,9.5,5.5,12.2,0.0,-3.1999999999999993,1.5075,81.0,0.0,0.0,0.0,55.09166666666667,5,14,319,0,0,46,11,2024,0,2,-0.9749279121818236,-0.2225209339563146,0.5877852522924732,-0.8090169943749473,346.0,513.0,338.0,307.0,325.0,340.43,347.43,340.43,62.07,260.0,428.0,341.26,376.0,92.86908348135383,1.3317829457157864,0,1.0646153845826272,0.08973739325121023,0
2024-11-14,Munchkins,365.0,Regular Day,5.5,12.5,10.016666666666667,-1.2666666666666657,9.5,5.5,12.2,0.0,-3.1999999999999993,1.5075,81.0,0.0,0.0,0.0,55.09166666666667,5,14,319,0,0,46,11,2024,0,2,-0.9749279121818236,-0.2225209339563146,0.5877852522924732,-0.8090169943749473,446.0,931.0,589.0,451.0,484.0,454.29,500.86,544.19,57.63,358.0,542.0,478.6,604.25,227.68893253735456,1.3240384615257306,0,0.9214876032867461,-1.7038001038167976,0
2024-11-15,Donuts,324.0,Regular Day,5.5,9.4,10.0,-2.533333333333335,7.499999999999999,8.6,15.8,0.0,-3.6999999999999993,7.851944444444444,78.0,0.0,0.0,0.0,55.0,6,15,320,0,0,46,11,2024,0,3,-0.7818314824680299,0.6234898018587334,-0.587785252292473,-0.8090169943749476,282.0,329.0,332.0,386.0,397.0,341.86,345.0,342.33,64.49,260.0,438.0,365.44,332.25,42.523522902036234,0.850974930350265,0,0.710327455901503,-0.9354938748743225,0
2024-11-15,Munchkins,415.0,Regular Day,5.5,9.4,10.0,-2.533333333333335,7.499999999999999,8.6,15.8,0.0,-3.6999999999999993,7.851944444444444,78.0,0.0,0.0,0.0,55.0,6,15,320,0,0,46,11,2024,0,3,-0.7818314824680299,0.6234898018587334,-0.587785252292473,-0.8090169943749476,542.0,508.0,652.0,711.0,426.0,466.57,487.43,549.48,69.48,358.0,556.0,497.95,603.25,94.53526678793828,0.7703595010948617,0,1.272300469453702,-0.10765687966211067,0
2024-11-16,Munchkins,565.0,Regular Day,8.6,7.4,9.966666666666667,0.5,9.8,10.6,19.7,0.0,-4.300000000000001,9.625277777777777,2.0,0.0,0.0,0.0,85.71333333333332,7,16,321,0,0,46,11,2024,1,3,-2.4492935982947064e-16,1.0,-0.587785252292473,-0.8090169943749476,480.0,436.0,867.0,353.0,381.0,444.0,474.86,540.38,105.9,255.0,556.0,437.21,534.0,228.1593010741983,0.7508196721249933,0,1.2598425196519727,-0.5701605287469159,0
2024-11-16,Donuts,477.0,Regular Day,8.6,7.4,9.966666666666667,0.5,9.8,10.6,19.7,0.0,-4.300000000000001,9.625277777777777,2.0,0.0,0.0,0.0,85.71333333333332,7,16,321,0,0,46,11,2024,1,3,-2.4492935982947064e-16,1.0,-0.587785252292473,-0.8090169943749476,387.0,398.0,473.0,466.0,221.0,327.71,341.5,339.38,83.5,200.0,438.0,324.08,431.0,44.773504069557326,0.8359957401401917,0,1.7511312216402202,0.5702994011293055,0
2024-11-17,Munchkins,748.0,Regular Day,10.6,7.800000000000001,9.933333333333334,0.6999999999999993,12.799999999999999,10.2,15.9,0.0,-3.599999999999998,8.156666666666666,44.0,0.0,0.0,0.0,105.29333333333334,1,17,322,0,0,46,11,2024,1,3,0.7818314824680298,0.6234898018587336,-0.587785252292473,-0.8090169943749476,556.0,470.0,744.0,445.0,178.0,393.29,451.07,513.9,161.32,116.0,556.0,356.91,553.75,135.45079057232064,0.8629100084031716,0,3.1235955054424944,0.26097198113929027,0
2024-11-17,Donuts,370.0,Regular Day,10.6,7.800000000000001,9.933333333333334,0.6999999999999993,12.799999999999999,10.2,15.9,0.0,-3.599999999999998,8.156666666666666,44.0,0.0,0.0,0.0,105.29333333333334,1,17,322,0,0,46,11,2024,1,3,0.7818314824680298,0.6234898018587336,-0.587785252292473,-0.8090169943749476,438.0,428.0,472.0,398.0,181.0,307.86,340.36,340.0,85.23,200.0,438.0,303.56,434.0,30.506829836393468,0.9954022988391333,0,2.4198895026287355,1.1498298719758502,0
2024-11-18,Donuts,305.0,Regular Day,10.2,6.699999999999999,9.9,3.0999999999999996,12.4,11.3,12.5,0.0,-2.6000000000000014,9.445277777777777,68.0,0.0,0.0,0.0,100.97999999999999,2,18,323,0,0,47,11,2024,0,3,0.9749279121818236,-0.22252093395631434,-0.587785252292473,-0.8090169943749476,200.0,299.0,249.0,262.0,197.0,316.71,344.64,343.29,82.61,200.0,438.0,308.17,252.5,40.91047135718026,0.9765166340317707,0,1.0152284263444047,-1.734535770277868,0
2024-11-18,Munchkins,261.0,Regular Day,10.2,6.699999999999999,9.9,3.0999999999999996,12.4,11.3,12.5,0.0,-2.6000000000000014,9.445277777777777,68.0,0.0,0.0,0.0,100.97999999999999,2,18,323,0,0,47,11,2024,0,3,0.9749279121818236,-0.22252093395631434,-0.587785252292473,-0.8090169943749476,255.0,413.0,431.0,446.0,382.0,395.0,453.71,496.05,160.95,116.0,556.0,360.18,386.25,88.53389181550757,0.7616875712569933,0,0.667539266998232,-1.4976700837839287,0
2024-11-19,Munchkins,162.0,Regular Day,11.3,7.1,9.866666666666667,3.1333333333333346,10.6,10.9,12.7,0.0,-2.799999999999999,9.0,65.0,0.0,0.0,0.0,111.49333333333334,3,19,324,0,0,47,11,2024,0,3,0.43388373911755823,-0.900968867902419,-0.587785252292473,-0.8090169943749476,116.0,471.0,449.0,672.0,462.0,383.43,413.29,485.38,159.57,116.0,556.0,361.39,427.0,230.33743363451225,0.5236396074886384,0,0.2510822510768164,-2.3148461488804384,1
2024-11-19,Donuts,238.0,Regular Day,11.3,7.1,9.866666666666667,3.1333333333333346,10.6,10.9,12.7,0.0,-2.799999999999999,9.0,65.0,0.0,0.0,0.0,111.49333333333334,3,19,324,0,0,47,11,2024,0,3,0.43388373911755823,-0.900968867902419,-0.587785252292473,-0.8090169943749476,242.0,381.0,258.0,229.0,278.0,296.29,322.5,336.86,91.38,200.0,438.0,281.88,277.5,70.0119037497672,1.2792607802612062,0,0.870503597090989,-1.038082731337483,0
2024-11-20,Munchkins,239.0,Regular Day,10.9,5.6,9.833333333333334,3.1000000000000014,10.5,12.4,10.2,0.0,-1.8999999999999986,7.416944444444445,72.0,0.0,0.0,0.0,107.18333333333334,4,20,325,0,0,47,11,2024,0,3,-0.433883739117558,-0.9009688679024191,-0.587785252292473,-0.8090169943749476,370.0,358.0,333.0,745.0,482.0,365.29,406.64,474.1,145.1,116.0,556.0,374.79,451.5,196.27276937975884,0.6753246753184108,0,0.7676348547558581,-0.7174362508120308,0
2024-11-20,Donuts,246.0,Regular Day,10.9,5.6,9.833333333333334,3.1000000000000014,10.5,12.4,10.2,0.0,-1.8999999999999986,7.416944444444445,72.0,0.0,0.0,0.0,107.18333333333334,4,20,325,0,0,47,11,2024,0,3,-0.433883739117558,-0.9009688679024191,-0.587785252292473,-0.8090169943749476,322.0,260.0,262.0,253.0,329.0,302.29,322.14,336.48,91.66,200.0,438.0,292.41,274.25,32.06633748964793,1.1300970873566971,0,0.9787234042255707,-0.1579751254464354,0
2024-11-21,Donuts,299.0,Regular Day,12.4,8.3,9.816666666666666,-1.4666666666666668,8.0,9.7,30.0,0.0,-1.4000000000000004,0.0,96.0,0.0,0.0,32.6,121.72666666666667,5,21,326,0,0,47,11,2024,0,3,-0.9749279121818236,-0.2225209339563146,-0.587785252292473,-0.8090169943749476,203.0,346.0,513.0,338.0,430.0,315.14,327.79,336.67,110.0,200.0,477.0,338.56,350.0,126.93567925003067,0.6451233842462383,0,0.47209302324483504,-1.2151818180713474,0
2024-11-21,Munchkins,294.0,Regular Day,12.4,8.3,9.816666666666666,-1.4666666666666668,8.0,9.7,30.0,0.0,-1.4000000000000004,0.0,96.0,0.0,0.0,32.6,121.72666666666667,5,21,326,0,0,47,11,2024,0,3,-0.9749279121818236,-0.2225209339563146,-0.587785252292473,-0.8090169943749476,365.0,446.0,931.0,589.0,411.0,377.43,415.86,459.71,159.18,116.0,565.0,422.34,582.75,249.95516264589003,0.5335526315754372,0,0.8880778588591708,-0.5949868073504844,0
2024-11-22,Donuts,348.0,Regular Day,9.7,13.6,9.783333333333333,-2.2666666666666666,5.4,4.4,24.8,0.0,-4.6,5.272222222222222,37.0,0.0,0.0,1.2,94.89833333333333,6,22,327,0,0,47,11,2024,0,4,-0.7818314824680299,0.6234898018587334,-0.9510565162951536,0.30901699437494723,324.0,282.0,329.0,332.0,406.0,305.43,323.64,331.81,99.88,200.0,477.0,346.42,316.75,23.400498570187203,0.9167927382614706,0,0.7980295566305904,-0.0781938325912902,0
2024-11-22,Munchkins,461.0,Regular Day,9.7,13.6,9.783333333333333,-2.2666666666666666,5.4,4.4,24.8,0.0,-4.6,5.272222222222222,37.0,0.0,0.0,1.2,94.89833333333333,6,22,327,0,0,47,11,2024,0,4,-0.7818314824680299,0.6234898018587334,-0.9510565162951536,0.30901699437494723,415.0,542.0,508.0,652.0,491.0,404.86,435.71,459.9,205.02,116.0,748.0,503.76,529.25,97.86853426919195,0.824999999992888,0,0.8452138492699549,-0.21900302408452807,0
2024-11-23,Donuts,496.0,Regular Day,4.4,12.1,9.766666666666667,-0.833333333333333,9.2,5.9,28.6,0.0,-6.3999999999999995,9.479722222222222,58.0,0.0,0.0,2.7,42.97333333333334,7,23,328,0,0,47,11,2024,1,4,-2.4492935982947064e-16,1.0,-0.9510565162951536,0.30901699437494723,477.0,387.0,398.0,473.0,363.0,320.43,324.07,334.48,88.66,203.0,477.0,336.06,433.75,47.870484991624366,0.9919632606085882,0,1.3140495867406599,1.6074892847273303,0
2024-11-23,Munchkins,696.0,Regular Day,4.4,12.1,9.766666666666667,-0.833333333333333,9.2,5.9,28.6,0.0,-6.3999999999999995,9.479722222222222,58.0,0.0,0.0,2.7,42.97333333333334,7,23,328,0,0,47,11,2024,1,4,-2.4492935982947064e-16,1.0,-0.9510565162951536,0.30901699437494723,565.0,480.0,436.0,867.0,456.0,405.71,424.86,451.81,204.3,116.0,748.0,443.07,587.0,194.19406101457722,0.8019953952355949,0,1.2390350876921263,0.5540381791211924,0
2024-11-24,Munchkins,599.0,Regular Day,5.9,8.5,9.733333333333333,2.7666666666666666,7.1000000000000005,9.5,23.9,0.0,-5.0,7.201666666666667,55.0,0.0,0.0,0.0,57.42666666666666,1,24,329,0,0,47,11,2024,1,4,0.7818314824680298,0.6234898018587336,-0.9510565162951536,0.30901699437494723,748.0,556.0,470.0,744.0,272.0,412.29,402.79,438.14,193.9,162.0,748.0,372.8,629.5,139.03836401032152,1.0741350906007074,0,2.749999999898897,1.5980402268386775,0
2024-11-24,Donuts,349.0,Regular Day,5.9,8.5,9.733333333333333,2.7666666666666666,7.1000000000000005,9.5,23.9,0.0,-5.0,7.201666666666667,55.0,0.0,0.0,0.0,57.42666666666666,1,24,329,0,0,47,11,2024,1,4,0.7818314824680298,0.6234898018587336,-0.9510565162951536,0.30901699437494723,370.0,438.0,428.0,472.0,231.0,319.86,313.86,333.52,89.26,203.0,477.0,311.55,427.0,42.410690476183795,0.8977777777678024,0,1.6017316016622627,0.4086937037409039,0
2024-11-25,Donuts,245.0,Regular Day,9.5,10.3,9.716666666666667,-1.333333333333333,10.100000000000001,7.7,12.5,0.0,-2.8000000000000007,9.301388888888889,25.0,0.0,0.0,0.0,92.30833333333334,2,25,330,0,0,48,11,2024,0,4,0.9749279121818236,-0.22252093395631434,-0.9510565162951536,0.30901699437494723,305.0,200.0,299.0,249.0,216.0,309.0,312.86,332.76,93.48,203.0,477.0,295.16,263.25,49.073923829259876,0.9215328466985122,0,1.4120370369716648,-0.2969619169558234,0
2024-11-25,Munchkins,141.0,Regular Day,9.5,10.3,9.716666666666667,-1.333333333333333,10.100000000000001,7.7,12.5,0.0,-2.8000000000000007,9.301388888888889,25.0,0.0,0.0,0.0,92.30833333333334,2,25,330,0,0,48,11,2024,0,4,0.9749279121818236,-0.22252093395631434,-0.9510565162951536,0.30901699437494723,261.0,255.0,413.0,431.0,390.0,393.57,394.29,433.67,204.69,162.0,748.0,339.35,340.0,95.0017543697659,0.6113744075756946,0,0.6692307692136095,-0.8435683227884329,0
2024-11-26,Munchkins,236.0,Regular Day,7.7,6.199999999999999,9.683333333333334,2.4000000000000004,9.8,11.8,18.1,0.0,-2.900000000000002,5.776111111111111,72.0,0.0,0.0,1.2,74.56166666666667,3,26,331,0,0,48,11,2024,0,4,0.43388373911755823,-0.900968867902419,-0.9510565162951536,0.30901699437494723,162.0,116.0,471.0,449.0,475.0,383.43,383.43,403.33,208.07,162.0,748.0,328.01,299.5,186.4948614126763,0.30217391304019375,0,0.3410526315717673,-1.159850050408043,0
2024-11-26,Donuts,261.0,Regular Day,7.7,6.199999999999999,9.683333333333334,2.4000000000000004,9.8,11.8,18.1,0.0,-2.900000000000002,5.776111111111111,72.0,0.0,0.0,1.2,74.56166666666667,3,26,331,0,0,48,11,2024,0,4,0.43388373911755823,-0.900968867902419,-0.9510565162951536,0.30901699437494723,238.0,242.0,381.0,258.0,281.0,322.71,309.5,322.57,81.63,238.0,477.0,296.12,279.75,68.05083883881717,0.7511737089084324,0,0.84697508893783,-1.036016170398626,0
2024-11-27,Munchkins,484.0,Regular Day,11.8,10.7,9.666666666666666,3.4,9.3,7.3,16.3,0.0,-3.6999999999999993,7.4825,57.0,0.0,0.0,0.0,114.06666666666666,4,27,332,0,0,48,11,2024,0,4,-0.433883739117558,-0.9009688679024191,-0.9510565162951536,0.30901699437494723,239.0,370.0,358.0,333.0,430.0,390.0,377.64,401.1,209.95,162.0,748.0,361.26,325.0,59.36890319575279,0.8813314037499084,0,0.5558139534754462,-0.7720885924852543,0
2024-11-27,Donuts,576.0,Regular Day,11.8,10.7,9.666666666666666,3.4,9.3,7.3,16.3,0.0,-3.6999999999999993,7.4825,57.0,0.0,0.0,0.0,114.06666666666666,4,27,332,0,0,48,11,2024,0,4,-0.433883739117558,-0.9009688679024191,-0.9510565162951536,0.30901699437494723,246.0,322.0,260.0,262.0,314.0,326.14,314.21,323.48,82.19,238.0,477.0,309.09,272.5,33.75894943073121,1.0881226053431394,0,0.7834394904209095,-0.942693758250068,0
2024-11-28,Munchkins,401.0,Thanksgiving Day,7.3,8.5,9.633333333333333,6.233333333333334,8.5,9.5,25.0,0.0,-1.8000000000000007,0.19,99.0,0.0,0.0,14.5,70.32333333333332,5,28,333,0,0,48,11,2024,0,4,-0.9749279121818236,-0.2225209339563146,-0.9510565162951536,0.30901699437494723,294.0,365.0,446.0,931.0,645.0,408.71,393.07,413.48,232.75,162.0,748.0,444.94,509.0,288.10530482215466,0.47857661582804234,1,0.4558139534813052,-0.5133404940703185,0
2024-11-28,Donuts,524.0,Thanksgiving Day,7.3,8.5,9.633333333333333,6.233333333333334,8.5,9.5,25.0,0.0,-1.8000000000000007,0.19,99.0,0.0,0.0,14.5,70.32333333333332,5,28,333,0,0,48,11,2024,0,4,-0.9749279121818236,-0.2225209339563146,-0.9510565162951536,0.30901699437494723,299.0,203.0,346.0,513.0,356.0,328.86,322.0,328.14,88.11,238.0,496.0,355.82,340.25,129.63377903411853,0.5844004656509383,1,0.8398876404258458,-0.3307229598989077,0
2024-11-29,Munchkins,524.0,Regular Day,9.5,12.4,9.616666666666667,1.5999999999999996,7.800000000000001,5.6,22.6,0.0,-5.200000000000001,7.196111111111111,24.0,0.0,0.0,0.0,91.35833333333333,6,29,334,0,0,48,11,2024,0,5,-0.7818314824680299,0.6234898018587334,-2.4492935982947064e-16,1.0,461.0,415.0,542.0,508.0,698.0,387.43,396.14,419.62,201.23,162.0,696.0,483.46,481.5,55.39253860704827,0.8342857142777688,0,0.6604584527126008,0.20563534263252817,0
2024-11-29,Donuts,314.0,Regular Day,9.5,12.4,9.616666666666667,1.5999999999999996,7.800000000000001,5.6,22.6,0.0,-5.200000000000001,7.196111111111111,24.0,0.0,0.0,0.0,91.35833333333333,6,29,334,0,0,48,11,2024,0,5,-0.7818314824680299,0.6234898018587334,-2.4492935982947064e-16,1.0,348.0,324.0,282.0,329.0,383.0,325.86,315.64,324.38,86.82,238.0,496.0,354.11,320.75,27.825348155953055,1.0998363338608865,0,0.9086161879658324,0.2720571296622833,0
2024-11-30,Donuts,306.0,Regular Day,5.6,17.3,9.6,-3.2333333333333334,7.1,0.7,19.9,0.0,-5.5,7.926111111111111,24.0,0.0,0.0,0.0,53.76,7,30,335,0,1,48,11,2024,1,5,-2.4492935982947064e-16,1.0,-2.4492935982947064e-16,1.0,496.0,477.0,387.0,398.0,378.0,317.29,318.86,321.81,92.03,238.0,496.0,326.83,439.5,55.0060602721797,1.239490445844083,0,1.3121693121345988,1.8927523631541072,0
2024-11-30,Munchkins,416.0,Regular Day,5.6,17.3,9.6,-3.2333333333333334,7.1,0.7,19.9,0.0,-5.5,7.926111111111111,24.0,0.0,0.0,0.0,53.76,7,30,335,0,1,48,11,2024,1,5,-2.4492935982947064e-16,1.0,-2.4492935982947064e-16,1.0,696.0,565.0,480.0,436.0,428.0,370.29,388.0,406.67,218.19,141.0,696.0,397.84,544.25,114.46214803738978,1.376637554570124,0,1.6261682242610709,1.3260461065435607,0
2024-12-01,Munchkins,601.0,Regular Day,0.7,18.4,9.583333333333334,-5.3,8.5,-0.4,19.4,0.0,-5.3,7.721111111111111,55.0,0.0,0.0,0.0,6.708333333333333,1,1,336,1,0,48,12,2024,1,1,0.7818314824680298,0.6234898018587336,0.9510565162951535,0.30901699437494745,599.0,748.0,556.0,470.0,358.0,380.86,396.57,395.48,207.97,141.0,696.0,357.38,593.25,116.27374309504847,1.3128654970632276,0,1.6731843574951624,0.9786026830322352,0
2024-12-01,Donuts,252.0,Regular Day,0.7,18.4,9.583333333333334,-5.3,8.5,-0.4,19.4,0.0,-5.3,7.721111111111111,55.0,0.0,0.0,0.0,6.708333333333333,1,1,336,1,0,48,12,2024,1,1,0.7818314824680298,0.6234898018587336,0.9510565162951535,0.30901699437494745,349.0,370.0,438.0,428.0,256.0,320.57,320.21,316.1,89.09,245.0,496.0,310.38,396.25,43.48467162882418,0.8302540415608516,0,1.3632812499467468,0.3692894825042887,0
2024-12-02,Munchkins,273.0,Regular Day,-0.4,18.3,9.55,-4.933333333333334,8.2,-0.3,11.6,0.0,-4.8,9.220833333333333,16.0,0.0,0.0,0.0,-3.8200000000000003,2,2,337,0,0,49,12,2024,0,1,0.9749279121818236,-0.22252093395631434,0.9510565162951535,0.30901699437494745,141.0,261.0,255.0,413.0,278.0,415.86,404.71,401.48,200.6,141.0,696.0,389.04,267.5,111.61093136427094,0.6017964071766198,0,0.5071942445860721,-1.2985044864756479,0
2024-12-02,Donuts,255.0,Regular Day,-0.4,18.3,9.55,-4.933333333333334,8.2,-0.3,11.6,0.0,-4.8,9.220833333333333,16.0,0.0,0.0,0.0,-3.8200000000000003,2,2,337,0,0,49,12,2024,0,1,0.9749279121818236,-0.22252093395631434,0.9510565162951535,0.30901699437494745,245.0,305.0,200.0,299.0,201.0,367.71,338.36,331.14,123.66,245.0,576.0,376.78,262.25,49.5,1.102204408795547,0,1.2189054725761739,-0.6965874170551036,0
2024-12-03,Munchkins,190.0,Regular Day,-0.3,17.6,9.533333333333333,-3.466666666666667,8.6,0.4,16.8,0.0,-5.0,9.110555555555555,5.0,0.0,0.0,0.0,-2.86,3,3,338,0,0,49,12,2024,0,1,0.43388373911755823,-0.900968867902419,0.9510565162951535,0.30901699437494745,236.0,162.0,116.0,471.0,344.0,431.14,407.29,399.33,193.73,141.0,696.0,392.03,246.25,157.7770050841799,0.6780238500736282,0,0.6860465116079637,-0.8430805760159458,0
2024-12-03,Donuts,156.0,Regular Day,-0.3,17.6,9.533333333333333,-3.466666666666667,8.6,0.4,16.8,0.0,-5.0,9.110555555555555,5.0,0.0,0.0,0.0,-2.86,3,3,338,0,0,49,12,2024,0,1,0.43388373911755823,-0.900968867902419,0.9510565162951535,0.30901699437494745,261.0,238.0,242.0,381.0,178.0,399.86,361.29,339.62,131.79,245.0,576.0,413.59,280.5,67.74707865780388,0.8009630818491017,0,1.4662921347490847,-0.5965551255333065,0
2024-12-04,Munchkins,220.0,Regular Day,0.4,17.7,9.516666666666667,-1.3333333333333335,8.1,0.3,17.9,0.0,-5.3999999999999995,8.86138888888889,26.0,0.0,0.0,0.0,3.806666666666667,4,4,339,0,0,49,12,2024,0,1,-0.433883739117558,-0.9009688679024191,0.9510565162951535,0.30901699437494745,484.0,239.0,370.0,358.0,234.0,440.14,415.07,398.48,196.79,141.0,696.0,425.02,362.75,100.15113578986511,0.9931318681182262,0,2.068376068287676,0.43457492756570065,0
2024-12-04,Donuts,299.0,Regular Day,0.4,17.7,9.516666666666667,-1.3333333333333335,8.1,0.3,17.9,0.0,-5.3999999999999995,8.86138888888889,26.0,0.0,0.0,0.0,3.806666666666667,4,4,339,0,0,49,12,2024,0,1,-0.433883739117558,-0.9009688679024191,0.9510565162951535,0.30901699437494745,576.0,246.0,322.0,260.0,158.0,395.0,360.57,341.14,134.62,245.0,576.0,388.69,351.0,153.59253454079945,1.412371133996351,0,3.645569620022432,1.7446144702314206,0
2024-12-05,Donuts,325.0,Regular Day,0.3,13.9,9.5,1.0,6.699999999999999,4.1,37.2,1.0,-5.8999999999999995,5.7091666666666665,76.0,0.0,0.0,3.8,2.85,5,5,340,0,0,49,12,2024,0,1,-0.9749279121818236,-0.2225209339563146,0.9510565162951535,0.30901699437494745,524.0,299.0,203.0,346.0,276.0,367.86,348.36,337.29,129.94,245.0,576.0,368.02,343.0,134.54367320688104,1.499089253160308,0,1.898550724568893,1.4368939509437513,0
2024-12-05,Munchkins,310.0,Regular Day,0.3,13.9,9.5,1.0,6.699999999999999,4.1,37.2,1.0,-5.8999999999999995,5.7091666666666665,76.0,0.0,0.0,3.8,2.85,5,5,340,0,0,49,12,2024,0,1,-0.9749279121818236,-0.2225209339563146,0.9510565162951535,0.30901699437494745,401.0,294.0,365.0,446.0,404.0,400.14,404.43,395.43,161.38,141.0,599.0,422.77,376.5,64.21059102671458,0.8569667077576206,0,0.9925742574011739,0.03451480976363146,0
2024-12-06,Donuts,331.0,Regular Day,4.1,18.5,9.483333333333333,-1.2333333333333334,4.2,-0.5,25.9,0.0,-6.0,9.164722222222222,20.0,0.0,0.0,0.0,38.88166666666666,6,6,341,0,0,49,12,2024,0,1,-0.7818314824680299,0.6234898018587334,0.9510565162951535,0.30901699437494745,314.0,348.0,324.0,282.0,299.0,354.0,339.93,328.43,137.25,245.0,576.0,339.01,317.0,27.349588662354687,1.092409240906066,0,1.050167224045145,-0.10513661201419774,0
2024-12-06,Munchkins,494.0,Regular Day,4.1,18.5,9.483333333333333,-1.2333333333333334,4.2,-0.5,25.9,0.0,-6.0,9.164722222222222,20.0,0.0,0.0,0.0,38.88166666666666,6,6,341,0,0,49,12,2024,0,1,-0.7818314824680299,0.6234898018587334,0.9510565162951535,0.30901699437494745,524.0,461.0,415.0,542.0,433.0,400.43,393.93,397.57,161.79,141.0,601.0,467.32,485.5,58.43800133474792,1.0292580982128605,0,1.2101616627896037,0.7814450830841557,0
2024-12-07,Donuts,479.0,Regular Day,-0.5,18.2,9.466666666666667,-1.4,8.1,-0.2,15.7,0.0,-5.3999999999999995,8.474444444444444,31.0,0.0,0.0,0.0,-4.733333333333333,7,7,342,0,0,49,12,2024,1,1,-2.4492935982947064e-16,1.0,0.9510565162951535,0.30901699437494745,306.0,496.0,477.0,387.0,325.0,355.43,336.36,331.05,135.97,252.0,576.0,318.01,416.5,87.67553820764375,0.9282407407299972,0,0.941538461509491,-0.18423181582818043,0
2024-12-07,Munchkins,608.0,Regular Day,-0.5,18.2,9.466666666666667,-1.4,8.1,-0.2,15.7,0.0,-5.3999999999999995,8.474444444444444,31.0,0.0,0.0,0.0,-4.733333333333333,7,7,342,0,0,49,12,2024,1,1,-2.4492935982947064e-16,1.0,0.9510565162951535,0.30901699437494745,416.0,696.0,565.0,480.0,582.0,419.29,394.79,398.43,131.35,236.0,601.0,418.74,539.25,121.01618349074914,1.0641148325257024,0,0.7147766322901241,0.13376475065597523,0
2024-12-08,Donuts,357.0,Regular Day,-0.2,11.8,9.45,2.333333333333333,14.1,6.2,19.5,0.0,-5.0,8.141666666666667,83.0,0.0,0.0,0.0,-1.89,1,8,343,0,0,49,12,2024,1,2,0.7818314824680298,0.6234898018587336,0.5877852522924732,-0.8090169943749473,252.0,349.0,370.0,438.0,145.0,340.43,330.5,326.95,152.87,156.0,576.0,277.51,352.25,76.8738143540005,0.7438118811789132,0,1.7379310343629013,-0.4902858637737759,0
2024-12-08,Munchkins,535.0,Regular Day,-0.2,11.8,9.45,2.333333333333333,14.1,6.2,19.5,0.0,-5.0,8.141666666666667,83.0,0.0,0.0,0.0,-1.89,1,8,343,0,0,49,12,2024,1,2,0.7818314824680298,0.6234898018587336,0.5877852522924732,-0.8090169943749473,601.0,599.0,748.0,556.0,297.0,412.71,396.79,401.95,142.7,190.0,601.0,361.56,626.0,83.94045508573325,0.9202453987659491,0,2.02356902350089,1.394884372712342,0
2024-12-09,Munchkins,148.0,Regular Day,6.2,10.4,9.433333333333334,-0.5,10.8,7.6,15.7,0.0,-2.799999999999999,2.0908333333333333,64.0,0.0,0.0,0.2,58.48666666666667,2,9,344,0,0,50,12,2024,0,2,0.9749279121818236,-0.22252093395631434,0.5877852522924732,-0.8090169943749473,273.0,141.0,261.0,255.0,164.0,375.0,395.43,394.81,155.07,190.0,601.0,326.17,232.5,61.45730225123781,0.8023255813797999,0,1.6646341462399612,-0.7855162184313204,0
2024-12-09,Donuts,192.0,Regular Day,6.2,10.4,9.433333333333334,-0.5,10.8,7.6,15.7,0.0,-2.799999999999999,2.0908333333333333,64.0,0.0,0.0,0.2,58.48666666666667,2,9,344,0,0,50,12,2024,0,2,0.9749279121818236,-0.22252093395631434,0.5877852522924732,-0.8090169943749473,255.0,245.0,305.0,200.0,192.0,300.86,334.29,325.86,112.15,156.0,524.0,282.88,251.25,43.084219849035215,0.9900990098813842,0,1.3281249999308267,-0.631832367308798,0
2024-12-10,Munchkins,445.0,Regular Day,7.6,8.9,9.433333333333334,2.2666666666666666,10.2,9.1,13.1,0.0,-2.0999999999999996,7.121944444444445,77.0,0.0,0.0,0.0,71.69333333333333,3,10,345,0,0,50,12,2024,0,2,0.43388373911755823,-0.900968867902419,0.5877852522924732,-0.8090169943749473,190.0,236.0,162.0,116.0,263.0,362.0,396.57,392.19,156.34,190.0,601.0,322.13,176.0,50.30573194643595,1.532374100664303,0,0.7224334600485767,-1.2932710757775827,0
2024-12-10,Donuts,218.0,Regular Day,7.6,8.9,9.433333333333334,2.2666666666666666,10.2,9.1,13.1,0.0,-2.0999999999999996,7.121944444444445,77.0,0.0,0.0,0.0,71.69333333333333,3,10,345,0,0,50,12,2024,0,2,0.43388373911755823,-0.900968867902419,0.5877852522924732,-0.8090169943749473,156.0,261.0,238.0,242.0,224.0,272.43,336.14,331.67,58.6,156.0,325.0,293.41,224.25,46.59309677051598,0.868749999981901,0,0.6964285713974808,-2.9977815694543035,1
2024-12-11,Munchkins,340.0,Regular Day,9.1,3.5999999999999996,9.416666666666666,9.033333333333333,7.300000000000001,14.4,25.0,0.0,-1.3000000000000007,0.0,100.0,0.0,0.0,31.9,85.69166666666666,4,11,346,0,0,50,12,2024,0,2,-0.433883739117558,-0.9009688679024191,0.5877852522924732,-0.8090169943749473,220.0,484.0,239.0,370.0,335.0,357.71,398.93,395.95,151.5,190.0,601.0,365.09,328.25,123.40279575439124,1.155993431836519,0,0.6567164178908442,-1.1613861385372022,0
2024-12-11,Donuts,304.0,Regular Day,9.1,3.5999999999999996,9.416666666666666,9.033333333333333,7.300000000000001,14.4,25.0,0.0,-1.3000000000000007,0.0,100.0,0.0,0.0,31.9,85.69166666666666,4,11,346,0,0,50,12,2024,0,2,-0.433883739117558,-0.9009688679024191,0.5877852522924732,-0.8090169943749473,299.0,576.0,246.0,322.0,209.0,274.86,334.93,332.0,60.91,156.0,331.0,302.81,360.75,146.98611045492245,1.5404929577193576,0,1.4306220095009272,-0.5417829583743584,0
2024-12-12,Donuts,304.0,Regular Day,14.4,14.1,9.416666666666666,1.2000000000000002,10.0,3.9,29.3,0.0,-4.1,9.080555555555556,34.0,0.0,0.0,9.8,135.6,5,12,347,0,0,50,12,2024,0,2,-0.9749279121818236,-0.2225209339563146,0.5877852522924732,-0.8090169943749473,325.0,524.0,299.0,203.0,341.0,299.57,333.71,332.1,98.9,156.0,479.0,346.86,337.75,134.79706970108808,1.6912350597272663,0,0.9530791788576809,-0.07178968654481421,0
2024-12-12,Munchkins,338.0,Regular Day,14.4,14.1,9.416666666666666,1.2000000000000002,10.0,3.9,29.3,0.0,-4.1,9.080555555555556,34.0,0.0,0.0,9.8,135.6,5,12,347,0,0,50,12,2024,0,2,-0.9749279121818236,-0.2225209339563146,0.5877852522924732,-0.8090169943749473,310.0,401.0,294.0,365.0,507.0,385.14,392.64,398.0,178.74,190.0,608.0,425.82,342.5,49.453682033461035,1.078907435491974,0,0.611439842197013,-0.49233523551010766,0
2024-12-13,Donuts,302.0,Regular Day,3.9,18.7,9.4,-0.7999999999999999,7.1,-0.7,12.4,0.0,-4.6,9.066944444444445,27.0,0.0,0.0,0.0,36.660000000000004,6,13,348,0,0,50,12,2024,0,2,-0.7818314824680299,0.6234898018587334,0.5877852522924732,-0.8090169943749473,331.0,314.0,348.0,324.0,374.0,314.57,334.29,331.48,98.45,156.0,479.0,349.39,329.25,14.314910641239317,0.9598214285571455,0,0.8850267379442506,-0.004875571355523235,0
2024-12-13,Munchkins,441.0,Regular Day,3.9,18.7,9.4,-0.7999999999999999,7.1,-0.7,12.4,0.0,-4.6,9.066944444444445,27.0,0.0,0.0,0.0,36.660000000000004,6,13,348,0,0,50,12,2024,0,2,-0.7818314824680299,0.6234898018587334,0.5877852522924732,-0.8090169943749473,494.0,524.0,461.0,415.0,589.0,375.71,388.07,387.86,166.8,190.0,608.0,453.12,473.5,46.72258554489466,1.1621004566077386,0,0.8387096774051153,0.636330935213649,0
2024-12-14,Donuts,476.0,Regular Day,-0.7,19.8,9.4,-0.23333333333333361,8.0,-1.8,12.9,0.0,-4.4,9.053611111111111,46.0,0.0,0.0,0.0,-6.58,7,14,349,0,0,50,12,2024,1,2,-2.4492935982947064e-16,1.0,0.5877852522924732,-0.8090169943749473,479.0,306.0,496.0,477.0,338.0,305.57,330.5,326.1,107.28,156.0,479.0,310.04,439.5,89.40730768045007,0.8067831449043495,0,1.4171597632716817,1.4252423563175574,0
2024-12-14,Munchkins,508.0,Regular Day,-0.7,19.8,9.4,-0.23333333333333361,8.0,-1.8,12.9,0.0,-4.4,9.053611111111111,46.0,0.0,0.0,0.0,-6.58,7,14,349,0,0,50,12,2024,1,2,-2.4492935982947064e-16,1.0,0.5877852522924732,-0.8090169943749473,608.0,416.0,696.0,565.0,496.0,357.86,388.57,382.48,185.29,148.0,608.0,376.84,571.25,116.98254855604175,0.8120539254495476,0,1.2258064515881895,1.2171191105177224,0
2024-12-15,Donuts,416.0,Regular Day,-1.8,17.8,9.383333333333333,-0.7,10.7,0.2,13.7,0.0,-4.6,2.8208333333333333,76.0,0.0,0.0,0.0,-16.89,1,15,350,0,0,50,12,2024,1,3,0.7818314824680298,0.6234898018587336,-0.587785252292473,-0.8090169943749476,357.0,252.0,349.0,370.0,201.0,314.43,327.43,325.14,94.7,192.0,479.0,287.03,332.0,54.03085538221039,0.8470097357323086,0,1.7761194028967104,0.33643083417777936,0
2024-12-15,Munchkins,630.0,Regular Day,-1.8,17.8,9.383333333333333,-0.7,10.7,0.2,13.7,0.0,-4.6,2.8208333333333333,76.0,0.0,0.0,0.0,-16.89,1,15,350,0,0,50,12,2024,1,3,0.7818314824680298,0.6234898018587336,-0.587785252292473,-0.8090169943749476,535.0,601.0,599.0,748.0,185.0,394.29,403.5,395.95,171.33,148.0,608.0,393.88,620.75,90.20116407231117,0.8433556050419945,0,2.891891891735573,0.8115916651601242,0
2024-12-16,Munchkins,365.0,Regular Day,0.2,10.3,9.383333333333333,1.799999999999999,10.100000000000001,7.7,15.6,1.0,-1.5999999999999996,3.9469444444444446,99.0,0.0,0.0,15.4,1.8766666666666667,2,16,351,0,0,51,12,2024,0,3,0.9749279121818236,-0.22252093395631434,-0.587785252292473,-0.8090169943749476,148.0,273.0,141.0,261.0,245.0,411.43,393.21,400.76,156.33,148.0,608.0,380.41,205.75,70.95244886541973,1.0472636815659884,0,0.6040816326284049,-1.6168361797724786,0
2024-12-16,Donuts,258.0,Regular Day,0.2,10.3,9.383333333333333,1.799999999999999,10.100000000000001,7.7,15.6,1.0,-1.5999999999999996,3.9469444444444446,99.0,0.0,0.0,15.4,1.8766666666666667,2,16,351,0,0,51,12,2024,0,3,0.9749279121818236,-0.22252093395631434,-0.587785252292473,-0.8090169943749476,192.0,255.0,245.0,305.0,192.0,315.14,308.0,327.9,94.58,192.0,479.0,291.27,249.25,46.32044185166343,0.8127272727124959,0,0.9999999999479167,-1.436878832582271,0
2024-12-17,Donuts,264.0,Regular Day,7.7,5.800000000000001,9.383333333333333,2.466666666666667,8.6,12.2,20.9,0.0,-1.3000000000000007,7.2283333333333335,87.0,0.0,0.0,2.3,72.25166666666667,3,17,352,0,0,51,12,2024,0,3,0.43388373911755823,-0.900968867902419,-0.587785252292473,-0.8090169943749476,218.0,156.0,261.0,238.0,236.0,312.14,292.29,328.14,94.55,192.0,479.0,294.46,218.25,45.065692790266375,0.749498997980972,0,0.923728813520181,-1.1648863034198957,0
2024-12-17,Munchkins,325.0,Regular Day,7.7,5.800000000000001,9.383333333333333,2.466666666666667,8.6,12.2,20.9,0.0,-1.3000000000000007,7.2283333333333335,87.0,0.0,0.0,2.3,72.25166666666667,3,17,352,0,0,51,12,2024,0,3,0.43388373911755823,-0.900968867902419,-0.587785252292473,-0.8090169943749476,445.0,190.0,236.0,162.0,301.0,415.43,388.71,402.86,153.64,148.0,608.0,369.81,258.25,128.18313721651015,1.595477386894586,0,1.4784053155655015,0.27427753187488424,0
2024-12-18,Donuts,422.0,Regular Day,12.2,9.8,9.366666666666667,0.13333333333333286,12.2,8.2,14.0,0.0,-3.299999999999999,8.679444444444444,18.0,0.0,0.0,0.5,114.27333333333333,4,18,353,0,0,51,12,2024,0,3,-0.433883739117558,-0.9009688679024191,-0.587785252292473,-0.8090169943749476,304.0,299.0,576.0,246.0,243.0,308.0,291.43,325.95,94.22,192.0,479.0,296.34,356.25,148.8318402314057,0.7335766423268422,0,1.2510288065328794,-0.2329654001026357,0
2024-12-18,Munchkins,276.0,Regular Day,12.2,9.8,9.366666666666667,0.13333333333333286,12.2,8.2,14.0,0.0,-3.299999999999999,8.679444444444444,18.0,0.0,0.0,0.5,114.27333333333333,4,18,353,0,0,51,12,2024,0,3,-0.433883739117558,-0.9009688679024191,-0.587785252292473,-0.8090169943749476,340.0,220.0,484.0,239.0,295.0,407.86,382.79,401.9,150.39,148.0,608.0,387.6,320.75,120.90595518831982,0.7745504840833396,0,1.1525423728422868,-0.4115965156984109,0
2024-12-19,Donuts,324.0,Regular Day,8.2,10.6,9.383333333333333,4.6,10.1,7.4,18.5,0.0,-1.9000000000000004,8.670555555555556,57.0,0.0,0.0,2.2,76.94333333333333,5,19,354,0,0,51,12,2024,0,3,-0.9749279121818236,-0.2225209339563146,-0.587785252292473,-0.8090169943749476,304.0,325.0,524.0,299.0,360.0,307.57,303.57,325.0,93.32,192.0,476.0,341.26,363.0,107.92281192284295,0.7642770352276516,0,0.8444444444209876,-0.22503214742552166,0
2024-12-19,Munchkins,228.0,Regular Day,8.2,10.6,9.383333333333333,4.6,10.1,7.4,18.5,0.0,-1.9000000000000004,8.670555555555556,57.0,0.0,0.0,2.2,76.94333333333333,5,19,354,0,0,51,12,2024,0,3,-0.9749279121818236,-0.2225209339563146,-0.587785252292473,-0.8090169943749476,338.0,310.0,401.0,294.0,541.0,393.57,389.36,392.95,131.82,148.0,535.0,417.7,335.75,47.14781719938545,0.932374100706009,0,0.6247689463840154,-0.4168563191915599,0
2024-12-20,Donuts,570.0,Regular Day,7.4,14.8,9.366666666666667,-0.2666666666666666,6.9,3.2,15.7,0.0,-3.6,0.0,94.0,0.0,0.0,0.7,69.31333333333335,6,20,355,0,0,51,12,2024,0,3,-0.7818314824680299,0.6234898018587334,-0.587785252292473,-0.8090169943749476,302.0,331.0,314.0,348.0,372.0,316.0,315.29,328.19,100.88,192.0,476.0,359.94,323.75,20.072784228070272,0.9561933534598762,0,0.8118279569674239,-0.25961538458964956,0
2024-12-20,Munchkins,993.0,Regular Day,7.4,14.8,9.366666666666667,-0.2666666666666666,6.9,3.2,15.7,0.0,-3.6,0.0,94.0,0.0,0.0,0.7,69.31333333333335,6,20,355,0,0,51,12,2024,0,3,-0.7818314824680299,0.6234898018587334,-0.587785252292473,-0.8090169943749476,441.0,494.0,524.0,461.0,497.0,407.14,391.43,394.43,152.13,148.0,630.0,470.78,480.0,36.578682316343766,0.949238578670566,0,0.8873239436441183,0.30611976596949186,0
2024-12-21,Munchkins,499.0,Regular Day,3.2,17.7,9.383333333333333,0.26666666666666666,5.5,0.3,23.8,1.0,-3.7,8.0,81.0,0.0,0.0,2.2,30.026666666666667,7,21,356,0,0,51,12,2024,1,3,-2.4492935982947064e-16,1.0,-0.587785252292473,-0.8090169943749476,508.0,608.0,416.0,696.0,373.0,438.14,398.0,405.1,105.48,338.0,630.0,444.33,557.0,121.38643526632895,1.0035971222931332,0,1.3619302948696532,0.9755403867106994,0
2024-12-21,Donuts,398.0,Regular Day,3.2,17.7,9.383333333333333,0.26666666666666666,5.5,0.3,23.8,1.0,-3.7,8.0,81.0,0.0,0.0,2.2,30.026666666666667,7,21,356,0,0,51,12,2024,1,3,-2.4492935982947064e-16,1.0,-0.587785252292473,-0.8090169943749476,476.0,479.0,306.0,496.0,350.0,325.43,315.5,328.81,89.84,218.0,476.0,334.46,439.25,89.26878887196055,1.1907730673168233,0,1.3599999999611427,1.6383570790696398,0
2024-12-22,Donuts,343.0,Regular Day,0.3,23.8,9.366666666666667,-5.866666666666666,5.1000000000000005,-5.8,17.9,0.0,-5.8999999999999995,9.20888888888889,5.0,0.0,0.0,0.0,2.81,1,22,357,0,0,51,12,2024,1,4,0.7818314824680298,0.6234898018587336,-0.9510565162951536,0.30901699437494723,416.0,357.0,252.0,349.0,190.0,332.0,323.21,328.95,82.02,258.0,476.0,316.84,343.5,67.92397711166998,1.286189683838832,0,2.1894736840952906,1.0613265056009114,0
2024-12-22,Munchkins,517.0,Regular Day,0.3,23.8,9.366666666666667,-5.866666666666666,5.1000000000000005,-5.8,17.9,0.0,-5.8999999999999995,9.20888888888889,5.0,0.0,0.0,0.0,2.81,1,22,357,0,0,51,12,2024,1,4,0.7818314824680298,0.6234898018587336,-0.9510565162951536,0.30901699437494723,630.0,535.0,601.0,599.0,235.0,421.0,407.64,409.33,113.62,325.0,630.0,414.5,591.25,40.086365096709216,0.9708333333252431,0,2.6808510637157084,1.942175673126019,0
2024-12-23,Munchkins,335.0,Regular Day,-5.8,25.1,9.383333333333333,-8.566666666666666,11.799999999999999,-7.1,9.9,0.0,-4.2,8.6475,18.0,0.0,0.0,0.0,-54.42333333333333,2,23,358,0,0,52,12,2024,0,4,0.9749279121818236,-0.22252093395631434,-0.9510565162951536,0.30901699437494723,365.0,148.0,273.0,141.0,283.0,411.86,411.64,399.43,123.38,276.0,630.0,379.87,231.75,107.55889859359228,1.239130434752678,0,1.289752650131104,-0.2790565731659057,0
2024-12-23,Donuts,297.0,Regular Day,-5.8,25.1,9.383333333333333,-8.566666666666666,11.799999999999999,-7.1,9.9,0.0,-4.2,8.6475,18.0,0.0,0.0,0.0,-54.42333333333333,2,23,358,0,0,52,12,2024,0,4,0.9749279121818236,-0.22252093395631434,-0.9510565162951536,0.30901699437494723,258.0,192.0,255.0,245.0,236.0,348.86,332.0,321.62,87.26,258.0,476.0,343.13,237.5,30.83828789021855,0.899999999982,0,1.0932203389367279,-0.7290854915506435,0
2024-12-24,Munchkins,556.0,Christmas Eve,-7.1,19.0,9.366666666666667,-4.566666666666666,9.5,-1.0,10.1,1.0,-3.8,3.6302777777777777,80.0,0.0,0.0,0.6,-66.50333333333333,3,24,359,0,0,52,12,2024,0,4,0.43388373911755823,-0.900968867902419,-0.9510565162951536,0.30901699437494723,325.0,445.0,190.0,236.0,244.0,396.14,405.79,391.19,140.21,228.0,630.0,341.91,299.0,112.3120652467935,1.807511737046772,1,1.3319672130601652,-0.4720775978552116,0
2024-12-24,Donuts,550.0,Christmas Eve,-7.1,19.0,9.366666666666667,-4.566666666666666,9.5,-1.0,10.1,1.0,-3.8,3.6302777777777777,80.0,0.0,0.0,0.6,-66.50333333333333,3,24,359,0,0,52,12,2024,0,4,0.43388373911755823,-0.900968867902419,-0.9510565162951536,0.30901699437494723,264.0,218.0,156.0,261.0,315.0,351.71,331.93,312.1,85.86,258.0,476.0,338.35,224.75,50.42072986381692,1.155875299732473,1,0.8380952380686318,-0.56021430228742,0
2024-12-25,Munchkins,560.0,Christmas Day,-1.0,16.9,9.383333333333333,-1.5999999999999996,7.3,1.1,13.1,0.0,-4.3999999999999995,5.78,83.0,0.0,0.0,0.0,-9.383333333333333,4,25,360,0,0,52,12,2024,0,4,-0.433883739117558,-0.9009688679024191,-0.9510565162951536,0.30901699437494723,276.0,340.0,220.0,484.0,202.0,475.0,441.43,413.52,267.29,228.0,993.0,504.68,330.0,113.77170122662314,0.874999999987571,1,1.3663366335957259,-0.5144973623961053,0
2024-12-25,Donuts,378.0,Christmas Day,-1.0,16.9,9.383333333333333,-1.5999999999999996,7.3,1.1,13.1,0.0,-4.3999999999999995,5.78,83.0,0.0,0.0,0.0,-9.383333333333333,4,25,360,0,0,52,12,2024,0,4,-0.433883739117558,-0.9009688679024191,-0.9510565162951536,0.30901699437494723,422.0,304.0,299.0,576.0,190.0,390.0,349.0,324.29,114.86,258.0,570.0,396.26,400.25,130.2264054125225,0.8297142857048032,1,2.2210526314620496,0.8506877937619111,0
2024-12-26,Donuts,249.0,Regular Day,1.1,18.7,9.4,-3.6333333333333337,9.0,-0.7,9.0,0.0,-3.0999999999999996,9.224444444444444,48.0,0.0,0.0,0.0,10.340000000000002,5,26,361,0,0,52,12,2024,0,4,-0.9749279121818236,-0.2225209339563146,-0.9510565162951536,0.30901699437494723,324.0,304.0,325.0,524.0,282.0,378.86,343.21,328.67,108.74,258.0,570.0,396.7,369.25,103.61909412201337,0.7396937573528893,0,1.1489361701720235,-0.042946477833093175,0
2024-12-26,Munchkins,258.0,Regular Day,1.1,18.7,9.4,-3.6333333333333337,9.0,-0.7,9.0,0.0,-3.0999999999999996,9.224444444444444,48.0,0.0,0.0,0.0,10.340000000000002,5,26,361,0,0,52,12,2024,0,4,-0.9749279121818236,-0.2225209339563146,-0.9510565162951536,0.30901699437494723,228.0,338.0,310.0,401.0,644.0,473.71,433.64,417.48,267.12,228.0,993.0,503.26,319.25,71.75595213406807,0.7960618846582832,0,0.35403726707524785,-0.7093441149779371,0
2024-12-27,Munchkins,464.0,Regular Day,-0.7,16.3,9.383333333333333,-2.466666666666666,10.8,1.7,10.1,0.0,-3.3,8.662777777777778,81.0,0.0,0.0,0.0,-6.5683333333333325,6,27,362,0,0,52,12,2024,0,4,-0.7818314824680299,0.6234898018587334,-0.9510565162951536,0.30901699437494723,993.0,441.0,494.0,524.0,541.0,457.57,432.36,413.48,259.41,228.0,993.0,506.69,613.0,255.646891890618,1.4086444007720171,0,1.835489833607477,2.233992521404957,0
2024-12-27,Donuts,242.0,Regular Day,-0.7,16.3,9.383333333333333,-2.466666666666666,10.8,1.7,10.1,0.0,-3.3,8.662777777777778,81.0,0.0,0.0,0.0,-6.5683333333333325,6,27,362,0,0,52,12,2024,0,4,-0.7818314824680299,0.6234898018587334,-0.9510565162951536,0.30901699437494723,570.0,302.0,331.0,314.0,379.0,368.43,342.21,333.0,108.09,258.0,570.0,383.27,379.25,127.72202890130843,1.3519379844751638,0,1.5039577836014786,2.192617263188767,0
2024-12-28,Donuts,322.0,Regular Day,1.7,10.0,9.4,-0.9333333333333336,8.9,8.0,12.3,0.0,-0.9000000000000004,0.07888888888888888,99.0,0.0,0.0,4.7,15.98,7,28,363,0,0,52,12,2024,1,4,-2.4492935982947064e-16,1.0,-0.9510565162951536,0.30901699437494723,398.0,476.0,479.0,306.0,347.0,374.0,349.71,335.0,102.3,264.0,570.0,361.7,414.75,81.62260716247674,1.1133757961641608,0,1.1469740633675223,0.6158357770659008,0
2024-12-28,Munchkins,345.0,Regular Day,1.7,10.0,9.4,-0.9333333333333336,8.9,8.0,12.3,0.0,-0.9000000000000004,0.07888888888888888,99.0,0.0,0.0,4.7,15.98,7,28,363,0,0,52,12,2024,1,4,-2.4492935982947064e-16,1.0,-0.9510565162951536,0.30901699437494723,499.0,508.0,608.0,416.0,626.0,453.29,445.71,416.43,261.43,228.0,993.0,463.77,507.75,78.62304581567247,0.9833984374903966,0,0.797124600626244,0.31583980414199436,0
2024-12-29,Munchkins,499.0,Regular Day,8.0,4.199999999999999,9.416666666666666,7.300000000000001,7.4,13.8,22.7,0.0,-2.1000000000000014,8.358333333333333,95.0,0.0,0.0,2.3,75.33333333333333,1,29,364,0,0,52,12,2024,1,5,0.7818314824680298,0.6234898018587336,-2.4492935982947064e-16,1.0,517.0,630.0,535.0,601.0,191.0,486.29,453.64,433.86,257.08,228.0,993.0,486.83,570.75,53.518688324733816,1.0096830985826613,0,2.7068062825807955,0.32340127585485445,0
2024-12-29,Donuts,342.0,Regular Day,8.0,4.199999999999999,9.416666666666666,7.300000000000001,7.4,13.8,22.7,0.0,-2.1000000000000014,8.358333333333333,95.0,0.0,0.0,2.3,75.33333333333333,1,29,364,0,0,52,12,2024,1,5,0.7818314824680298,0.6234898018587336,-2.4492935982947064e-16,1.0,343.0,416.0,357.0,252.0,153.0,414.86,373.43,353.76,107.99,297.0,570.0,408.78,342.0,67.82821438506743,1.246305418698747,0,2.241830065212952,-0.09963885544035192,0
2024-12-30,Donuts,242.0,Regular Day,13.8,4.699999999999999,9.433333333333334,7.666666666666668,6.0,13.3,26.9,0.0,-2.5999999999999996,9.04,54.0,0.0,0.0,5.3,130.18,2,30,365,0,0,1,12,2024,0,5,0.9749279121818236,-0.22252093395631434,-2.4492935982947064e-16,1.0,297.0,258.0,192.0,255.0,243.0,408.57,378.71,357.52,108.79,297.0,570.0,401.08,250.5,43.439613257946945,1.241610738227257,0,1.222222222171925,-0.5563011305674875,0
2024-12-30,Munchkins,203.0,Regular Day,13.8,4.699999999999999,9.433333333333334,7.666666666666668,6.0,13.3,26.9,0.0,-2.5999999999999996,9.04,54.0,0.0,0.0,5.3,130.18,2,30,365,0,0,1,12,2024,0,5,0.9749279121818236,-0.22252093395631434,-2.4492935982947064e-16,1.0,335.0,365.0,148.0,273.0,236.0,526.86,469.36,450.05,240.22,228.0,993.0,505.12,280.25,96.12968670845997,1.6627078384403158,0,1.419491525363581,-0.47893597533598636,0
2024-12-31,Munchkins,318.0,New Years Eve,13.3,10.4,9.416666666666666,0.0,10.1,7.6,16.7,0.0,-3.6999999999999993,9.266944444444444,31.0,0.0,0.0,0.6,125.24166666666666,3,31,366,0,1,1,12,2024,0,5,0.43388373911755823,-0.900968867902419,-2.4492935982947064e-16,1.0,556.0,325.0,445.0,190.0,305.0,531.14,463.64,447.57,234.19,258.0,993.0,443.34,379.0,157.3975857502268,1.3874015747813007,1,1.8229508196123623,0.4630001280813442,0
2024-12-31,Donuts,261.0,New Years Eve,13.3,10.4,9.416666666666666,0.0,10.1,7.6,16.7,0.0,-3.6999999999999993,9.266944444444444,31.0,0.0,0.0,0.6,125.24166666666666,3,31,366,0,1,1,12,2024,0,5,0.43388373911755823,-0.900968867902419,-2.4492935982947064e-16,1.0,550.0,264.0,218.0,156.0,287.0,397.86,374.79,353.9,121.46,249.0,570.0,363.06,297.0,174.37507467142964,2.1764705881770996,1,1.9163763065534363,1.614523299718877,0
2025-01-01,Munchkins,415.0,New Year,7.6,9.5,9.433333333333334,4.5,4.5,8.5,33.6,0.0,-1.3000000000000007,5.940277777777778,39.0,0.0,0.0,7.8,71.69333333333333,4,1,1,1,0,1,1,2025,0,1,-0.433883739117558,-0.9009688679024191,0.9510565162951535,0.30901699437494745,560.0,276.0,340.0,220.0,381.0,455.57,465.29,446.14,115.68,258.0,560.0,448.51,349.0,148.9653203489546,1.4928571428304847,1,1.4698162729273014,0.9842669432067543,0
2025-01-01,Donuts,225.0,New Year,7.6,9.5,9.433333333333334,4.5,4.5,8.5,33.6,0.0,-1.3000000000000007,5.940277777777778,39.0,0.0,0.0,7.8,71.69333333333333,4,1,1,1,0,1,1,2025,0,1,-0.433883739117558,-0.9009688679024191,0.9510565162951535,0.30901699437494745,378.0,422.0,304.0,299.0,284.0,351.0,370.5,349.67,106.3,242.0,550.0,332.8,350.75,59.673416750397884,1.326699834140519,1,1.330985915446092,0.266509877679538,0
2025-01-02,Munchkins,378.0,Regular Day,8.5,14.9,9.45,2.433333333333333,5.6,3.1,27.6,0.0,-6.2,8.581111111111111,14.0,0.0,0.0,0.0,80.32499999999999,5,2,2,0,0,1,1,2025,0,1,-0.9749279121818236,-0.2225209339563146,0.9510565162951535,0.30901699437494745,258.0,228.0,338.0,310.0,493.0,433.57,453.64,433.62,120.59,258.0,560.0,422.63,283.5,49.67561440653418,0.7499999999884259,0,0.5233265719974984,-1.4563396632012324,0
2025-01-02,Donuts,258.0,Regular Day,8.5,14.9,9.45,2.433333333333333,5.6,3.1,27.6,0.0,-6.2,8.581111111111111,14.0,0.0,0.0,0.0,80.32499999999999,5,2,2,0,0,1,1,2025,0,1,-0.9749279121818236,-0.2225209339563146,0.9510565162951535,0.30901699437494745,249.0,324.0,304.0,325.0,342.0,340.14,359.5,342.19,104.57,242.0,550.0,330.1,300.5,35.66978179542641,0.9109697933082517,0,0.7280701754173079,-0.8911733766002513,0
2025-01-03,Munchkins,303.0,Regular Day,3.1,17.4,9.466666666666667,0.9333333333333333,6.9,0.6,20.0,1.0,-4.5,7.894722222222223,57.0,0.0,0.0,0.3,29.346666666666668,6,3,3,0,0,1,1,2025,0,1,-0.7818314824680299,0.6234898018587334,0.9510565162951535,0.30901699437494745,464.0,993.0,441.0,494.0,532.0,431.0,444.29,431.9,118.69,258.0,560.0,441.72,598.0,264.22591344024784,1.5582887700368098,0,0.8721804511114252,0.2704524391043517,0
2025-01-03,Donuts,255.0,Regular Day,3.1,17.4,9.466666666666667,0.9333333333333333,6.9,0.6,20.0,1.0,-4.5,7.894722222222223,57.0,0.0,0.0,0.3,29.346666666666668,6,3,3,0,0,1,1,2025,0,1,-0.7818314824680299,0.6234898018587334,0.9510565162951535,0.30901699437494745,242.0,570.0,302.0,331.0,394.0,340.0,354.21,341.48,104.57,242.0,550.0,333.07,361.25,144.01707074741753,1.282780410722231,0,0.614213197953954,-0.9513244715548129,0
2025-01-04,Donuts,316.0,Regular Day,0.6,19.2,9.483333333333333,-1.7000000000000002,3.6999999999999997,-1.2,30.4,1.0,-3.8,7.706388888888889,46.0,0.0,0.0,0.3,5.6899999999999995,7,4,4,0,0,1,1,2025,1,1,-2.4492935982947064e-16,1.0,0.9510565162951535,0.30901699437494745,322.0,398.0,476.0,479.0,385.0,332.14,353.07,343.86,110.25,242.0,550.0,310.3,418.75,74.60730527233912,0.7539267015627861,0,0.8363636363419126,-0.19827664397294556,0
2025-01-04,Munchkins,320.0,Regular Day,0.6,19.2,9.483333333333333,-1.7000000000000002,3.6999999999999997,-1.2,30.4,1.0,-3.8,7.706388888888889,46.0,0.0,0.0,0.3,5.6899999999999995,7,4,4,0,0,1,1,2025,1,1,-2.4492935982947064e-16,1.0,0.9510565162951535,0.30901699437494745,345.0,499.0,508.0,608.0,468.0,412.14,432.71,434.52,144.22,203.0,560.0,382.04,490.0,108.55720458203899,0.7562724014269152,0,0.7371794871637355,-0.6207183469268672,0
2025-01-05,Donuts,384.0,Regular Day,-1.2,21.3,9.5,-1.3999999999999997,5.0,-3.3,22.5,0.0,-6.6,9.33388888888889,15.0,0.0,0.0,0.0,-11.4,1,5,5,0,0,1,1,2025,1,1,0.7818314824680298,0.6234898018587336,0.9510565162951535,0.30901699437494745,342.0,343.0,416.0,357.0,164.0,290.86,352.86,345.9,55.67,242.0,378.0,297.98,364.5,35.00952251411988,0.886157826637954,0,2.08536585353138,-0.07005568527572158,0
2025-01-05,Munchkins,548.0,Regular Day,-1.2,21.3,9.5,-1.3999999999999997,5.0,-3.3,22.5,0.0,-6.6,9.33388888888889,15.0,0.0,0.0,0.0,-11.4,1,5,5,0,0,1,1,2025,1,1,0.7818314824680298,0.6234898018587336,0.9510565162951535,0.30901699437494745,499.0,517.0,630.0,535.0,262.0,378.14,432.21,428.48,132.21,203.0,560.0,366.03,545.25,58.38021925275718,0.8721030042843597,0,1.9045801525990618,0.5333938430880117,0
2025-01-06,Donuts,177.0,Regular Day,-3.3,20.7,9.516666666666667,-3.166666666666667,1.6,-2.7,13.7,1.0,-3.9,0.0,100.0,0.0,0.0,7.5,-31.405,2,6,6,0,0,2,1,2025,0,1,0.9749279121818236,-0.22252093395631434,0.9510565162951535,0.30901699437494745,242.0,297.0,258.0,192.0,277.0,269.0,338.79,342.14,44.71,225.0,342.0,279.73,247.25,43.477005416656745,1.1977777777511605,0,0.873646209354742,-2.2397673893447174,1
2025-01-06,Munchkins,141.0,Regular Day,-3.3,20.7,9.516666666666667,-3.166666666666667,1.6,-2.7,13.7,1.0,-3.9,0.0,100.0,0.0,0.0,7.5,-31.405,2,6,6,0,0,2,1,2025,0,1,0.9749279121818236,-0.22252093395631434,0.9510565162951535,0.30901699437494745,203.0,335.0,365.0,148.0,464.0,357.43,442.14,432.05,108.13,203.0,499.0,378.27,262.75,103.94349426491299,1.0487329434493424,0,0.4374999999905711,-2.1182835473857136,1
2025-01-07,Munchkins,273.0,Regular Day,-2.7,22.3,9.516666666666667,-7.5,7.1,-4.3,29.0,1.0,-5.4,9.367222222222223,38.0,0.0,0.0,1.6,-25.695000000000004,3,7,7,0,0,2,1,2025,0,1,0.43388373911755823,-0.900968867902419,0.9510565162951535,0.30901699437494745,318.0,556.0,325.0,445.0,441.0,374.57,452.86,433.95,98.86,203.0,499.0,378.2,411.0,112.88046775239727,1.135064935050194,0,0.7210884353577984,-1.1728707261609477,0
2025-01-07,Donuts,155.0,Regular Day,-2.7,22.3,9.516666666666667,-7.5,7.1,-4.3,29.0,1.0,-5.4,9.367222222222223,38.0,0.0,0.0,1.6,-25.695000000000004,3,7,7,0,0,2,1,2025,0,1,0.43388373911755823,-0.900968867902419,0.9510565162951535,0.30901699437494745,261.0,550.0,264.0,218.0,157.0,270.29,334.07,339.95,44.17,225.0,342.0,274.3,323.25,152.62017123128473,1.6825726140729755,0,1.6624203820597183,-1.7874122703673503,0
2025-01-08,Donuts,274.0,Regular Day,-4.3,22.0,9.533333333333333,-6.033333333333333,4.800000000000001,-4.0,27.0,0.0,-6.699999999999999,9.385555555555555,41.0,0.0,0.0,0.0,-40.99333333333333,4,8,8,0,0,2,1,2025,0,2,-0.433883739117558,-0.9009688679024191,0.5877852522924732,-0.8090169943749473,225.0,378.0,422.0,304.0,290.0,272.14,311.57,337.71,43.04,225.0,342.0,269.48,332.25,86.50385347871311,0.8305785123852537,0,0.7758620689387633,-2.6187267651908157,1
2025-01-08,Munchkins,252.0,Regular Day,-4.3,22.0,9.533333333333333,-6.033333333333333,4.800000000000001,-4.0,27.0,0.0,-6.699999999999999,9.385555555555555,41.0,0.0,0.0,0.0,-40.99333333333333,4,8,8,0,0,2,1,2025,0,2,-0.433883739117558,-0.9009688679024191,0.5877852522924732,-0.8090169943749473,415.0,560.0,276.0,340.0,434.0,351.57,403.57,427.38,93.15,203.0,499.0,359.4,397.75,122.1757613713402,1.582792207766513,0,0.9562211981346492,-0.132903918396897,0
2025-01-09,Munchkins,273.0,Regular Day,-4.0,23.5,9.566666666666666,-7.166666666666667,7.200000000000001,-5.5,26.9,0.0,-6.800000000000001,9.405,4.0,0.0,0.0,0.0,-38.266666666666666,5,9,9,0,0,2,1,2025,0,2,-0.9749279121818236,-0.2225209339563146,0.5877852522924732,-0.8090169943749473,378.0,258.0,228.0,338.0,442.0,348.0,390.79,418.43,93.92,203.0,499.0,349.55,300.5,69.46221994724903,1.1236749116409244,0,0.8552036198901537,-0.4304727427139617,0
2025-01-09,Donuts,227.0,Regular Day,-4.0,23.5,9.566666666666666,-7.166666666666667,7.200000000000001,-5.5,26.9,0.0,-6.800000000000001,9.405,4.0,0.0,0.0,0.0,-38.266666666666666,5,9,9,0,0,2,1,2025,0,2,-0.9749279121818236,-0.2225209339563146,0.5877852522924732,-0.8090169943749473,258.0,249.0,324.0,304.0,291.0,271.29,305.71,330.1,41.93,225.0,342.0,281.11,283.75,36.058979464205585,0.8073248407514757,0,0.8865979381138626,-1.7195325538469997,0
2025-01-10,Donuts,238.0,Regular Day,-5.5,20.2,9.583333333333334,-8.033333333333333,7.3999999999999995,-2.2,24.1,0.0,-4.6,7.605555555555555,47.0,0.0,0.0,0.0,-52.708333333333336,6,10,10,0,0,2,1,2025,0,2,-0.7818314824680299,0.6234898018587334,0.5877852522924732,-0.8090169943749473,255.0,242.0,570.0,302.0,453.0,277.29,308.64,328.57,54.77,225.0,384.0,306.83,342.25,154.0051406068425,0.5699541284338308,0,0.5629139072723418,-1.3432536057434261,0
2025-01-10,Munchkins,267.0,Regular Day,-5.5,20.2,9.583333333333334,-8.033333333333333,7.3999999999999995,-2.2,24.1,0.0,-4.6,7.605555555555555,47.0,0.0,0.0,0.0,-52.708333333333336,6,10,10,0,0,2,1,2025,0,2,-0.7818314824680299,0.6234898018587334,0.5877852522924732,-0.8090169943749473,303.0,464.0,993.0,441.0,573.0,355.0,393.0,414.52,107.84,203.0,548.0,399.16,550.25,303.60871199621397,0.5348675034830205,0,0.528795811509096,-1.0341246289842243,0
2025-01-11,Donuts,359.0,Regular Day,-2.2,19.6,9.6,-5.366666666666667,2.4000000000000004,-1.6,22.9,1.0,-4.9,3.441666666666667,92.0,0.0,0.0,1.9,-21.12,7,11,11,0,0,2,1,2025,1,2,-2.4492935982947064e-16,1.0,0.5877852522924732,-0.8090169943749473,316.0,322.0,398.0,476.0,380.0,268.0,300.07,324.71,66.09,177.0,384.0,274.37,378.0,75.24183233636282,0.7299771166964534,0,0.8315789473465374,-0.13178998333608838,0
2025-01-11,Munchkins,441.0,Regular Day,-2.2,19.6,9.6,-5.366666666666667,2.4000000000000004,-1.6,22.9,1.0,-4.9,3.441666666666667,92.0,0.0,0.0,1.9,-21.12,7,11,11,0,0,2,1,2025,1,2,-2.4492935982947064e-16,1.0,0.5877852522924732,-0.8090169943749473,320.0,345.0,499.0,508.0,598.0,346.14,379.14,403.86,123.78,141.0,548.0,334.62,418.0,99.32102832062637,0.6603773584840081,0,0.5351170568472389,-0.6774923250381734,0
2025-01-12,Donuts,208.0,Regular Day,-1.6,19.4,9.616666666666667,-3.1,7.9,-1.4,17.8,0.0,-3.8000000000000003,9.469166666666666,5.0,0.0,0.0,0.0,-15.386666666666668,1,12,12,0,0,2,1,2025,1,2,0.7818314824680298,0.6234898018587336,0.5877852522924732,-0.8090169943749473,384.0,342.0,343.0,416.0,279.0,252.86,271.86,319.52,78.87,155.0,384.0,244.53,371.25,35.67795771434608,0.9565217391178323,0,1.376344085972174,0.8175478634693107,0
2025-01-12,Munchkins,415.0,Regular Day,-1.6,19.4,9.616666666666667,-3.1,7.9,-1.4,17.8,0.0,-3.8000000000000003,9.469166666666666,5.0,0.0,0.0,0.0,-15.386666666666668,1,12,12,0,0,2,1,2025,1,2,0.7818314824680298,0.6234898018587336,0.5877852522924732,-0.8090169943749473,548.0,499.0,517.0,630.0,370.0,339.71,358.93,401.38,126.62,141.0,548.0,319.22,548.5,57.979881568235946,0.9128160418403417,0,1.4810810810410517,1.157952929935401,0
2025-01-13,Donuts,180.0,Regular Day,-1.4,17.4,9.666666666666666,-4.4,10.4,0.6,17.3,0.0,-5.0,9.492777777777778,37.0,0.0,0.0,0.0,-13.533333333333331,2,13,13,0,0,3,1,2025,0,2,0.9749279121818236,-0.22252093395631434,0.5877852522924732,-0.8090169943749473,177.0,242.0,297.0,258.0,223.0,259.86,264.43,312.48,78.16,155.0,384.0,251.9,243.5,49.98999899979995,0.7549549549413521,0,0.7937219730585775,-1.7333674511600097,0
2025-01-13,Munchkins,76.0,Regular Day,-1.4,17.4,9.666666666666666,-4.4,10.4,0.6,17.3,0.0,-5.0,9.492777777777778,37.0,0.0,0.0,0.0,-13.533333333333331,2,13,13,0,0,3,1,2025,0,2,0.9749279121818236,-0.22252093395631434,0.5877852522924732,-0.8090169943749473,141.0,203.0,335.0,365.0,204.0,316.43,336.93,400.24,125.45,141.0,548.0,302.41,261.0,106.54576481493763,0.491428571421551,0,0.691176470554354,-2.0664806694247524,1
2025-01-14,Donuts,259.0,Regular Day,0.6,19.5,9.683333333333334,-4.6,7.1,-1.5,20.5,0.0,-4.3,9.516944444444444,3.0,0.0,0.0,0.0,5.81,3,14,14,0,0,3,1,2025,0,2,0.43388373911755823,-0.900968867902419,0.5877852522924732,-0.8090169943749473,155.0,261.0,550.0,264.0,294.0,255.43,262.86,307.86,79.15,155.0,384.0,245.67,307.5,169.42746727336353,0.5110565110502328,0,0.5272108843358091,-1.9312697407541037,0
2025-01-14,Munchkins,276.0,Regular Day,0.6,19.5,9.683333333333334,-4.6,7.1,-1.5,20.5,0.0,-4.3,9.516944444444444,3.0,0.0,0.0,0.0,5.81,3,14,14,0,0,3,1,2025,0,2,0.43388373911755823,-0.900968867902419,0.5877852522924732,-0.8090169943749473,273.0,318.0,556.0,325.0,630.0,301.43,338.0,402.38,123.11,141.0,548.0,295.06,368.0,127.43364286299492,0.6708286038516365,0,0.433333333326455,-1.0509300624603257,0
2025-01-15,Donuts,268.0,Regular Day,-1.5,21.1,9.7,-2.6333333333333337,7.300000000000001,-3.1,26.1,0.0,-6.5,9.541944444444445,24.0,0.0,0.0,0.0,-14.549999999999999,4,15,15,0,0,3,1,2025,0,3,-0.433883739117558,-0.9009688679024191,-0.587785252292473,-0.8090169943749476,274.0,225.0,378.0,422.0,307.0,253.0,262.57,292.05,79.43,155.0,384.0,243.75,324.75,90.95557523685211,0.6237499999922032,0,0.8925081432934037,-0.22724411428588154,0
2025-01-15,Munchkins,238.0,Regular Day,-1.5,21.1,9.7,-2.6333333333333337,7.300000000000001,-3.1,26.1,0.0,-6.5,9.541944444444445,24.0,0.0,0.0,0.0,-14.549999999999999,4,15,15,0,0,3,1,2025,0,3,-0.433883739117558,-0.9009688679024191,-0.587785252292473,-0.8090169943749476,252.0,415.0,560.0,276.0,451.0,296.29,323.93,367.81,123.79,141.0,548.0,288.04,375.75,142.30571550948565,0.7978468899426094,0,0.5587583148434865,-0.9355359882918219,0
2025-01-16,Donuts,309.0,Regular Day,-3.1,21.9,9.733333333333333,-1.2666666666666666,8.299999999999999,-3.9,14.5,1.0,-5.3,5.0725,49.0,0.0,0.0,0.4,-30.173333333333332,5,16,16,0,0,3,1,2025,0,3,-0.9749279121818236,-0.2225209339563146,-0.587785252292473,-0.8090169943749476,227.0,258.0,249.0,324.0,386.0,259.14,265.21,290.19,86.46,155.0,384.0,272.57,264.5,41.7492514902962,0.8464223385541636,0,0.5880829015391689,-0.7308582002393179,0
2025-01-16,Munchkins,244.0,Regular Day,-3.1,21.9,9.733333333333333,-1.2666666666666666,8.299999999999999,-3.9,14.5,1.0,-5.3,5.0725,49.0,0.0,0.0,0.4,-30.173333333333332,5,16,16,0,0,3,1,2025,0,3,-0.9749279121818236,-0.2225209339563146,-0.587785252292473,-0.8090169943749476,273.0,378.0,258.0,228.0,711.0,313.57,330.79,365.05,135.54,141.0,548.0,326.28,284.25,65.23994175349944,1.3395061728119444,0,0.383966244720338,-0.6791353105593084,0
2025-01-17,Munchkins,242.0,Regular Day,-3.9,18.3,9.75,1.1,10.100000000000001,-0.3,13.5,1.0,-4.8,9.009722222222223,37.0,0.0,0.0,0.9,-38.025,6,17,17,0,0,3,1,2025,0,3,-0.7818314824680299,0.6234898018587334,-0.587785252292473,-0.8090169943749476,267.0,303.0,464.0,993.0,353.0,294.57,324.79,360.19,102.5,141.0,441.0,348.46,506.75,335.29129126775723,0.3912148249801564,0,0.7563739376556268,-0.9091707316186175,0
2025-01-17,Donuts,311.0,Regular Day,-3.9,18.3,9.75,1.1,10.100000000000001,-0.3,13.5,1.0,-4.8,9.009722222222223,37.0,0.0,0.0,0.9,-38.025,6,17,17,0,0,3,1,2025,0,3,-0.7818314824680299,0.6234898018587334,-0.587785252292473,-0.8090169943749476,238.0,255.0,242.0,570.0,466.0,234.0,255.64,283.76,67.65,155.0,359.0,256.42,326.25,162.6619705606282,0.60714285713538,0,0.5107296137229457,-0.6764227641276536,0
2025-01-18,Donuts,297.0,Regular Day,-0.3,15.2,9.783333333333333,2.433333333333333,9.8,2.8,15.9,0.0,-2.8,0.0,79.0,0.0,0.0,0.4,-2.935,7,18,18,0,0,3,1,2025,1,3,-2.4492935982947064e-16,1.0,-0.587785252292473,-0.8090169943749476,359.0,316.0,322.0,398.0,398.0,234.43,251.21,278.19,67.23,155.0,359.0,237.32,348.75,37.9418414594407,0.9374999999869792,0,0.9020100502285927,1.2019931576376628,0
2025-01-18,Munchkins,441.0,Regular Day,-0.3,15.2,9.783333333333333,2.433333333333333,9.8,2.8,15.9,0.0,-2.8,0.0,79.0,0.0,0.0,0.4,-2.935,7,18,18,0,0,3,1,2025,1,3,-2.4492935982947064e-16,1.0,-0.587785252292473,-0.8090169943749476,441.0,320.0,345.0,499.0,445.0,285.29,315.71,347.86,120.15,76.0,441.0,280.35,401.25,83.46805776263557,0.9016587677618286,0,0.9910112359327863,0.7751976695151728,0
2025-01-19,Donuts,329.0,Regular Day,2.8,16.4,9.8,2.066666666666667,3.6999999999999997,1.6,17.1,1.0,-2.9,0.0,61.0,0.0,1.0,3.4,27.44,1,19,19,0,0,3,1,2025,1,3,0.7818314824680298,0.6234898018587336,-0.587785252292473,-0.8090169943749476,208.0,384.0,342.0,343.0,262.0,249.29,251.07,264.33,57.55,180.0,359.0,242.74,319.25,76.70451964084863,0.8642335766297192,0,0.793893129740691,-0.9788010424015982,0
2025-01-19,Munchkins,358.0,Regular Day,2.8,16.4,9.8,2.066666666666667,3.6999999999999997,1.6,17.1,1.0,-2.9,0.0,61.0,0.0,1.0,3.4,27.44,1,19,19,0,0,3,1,2025,1,3,0.7818314824680298,0.6234898018587336,-0.587785252292473,-0.8090169943749476,415.0,548.0,499.0,517.0,446.0,285.71,312.71,334.52,120.11,76.0,441.0,279.26,494.75,56.88804795385407,0.9478346456599622,0,0.9304932735217378,0.6700524518632878,0
2025-01-20,Munchkins,241.0,MLK Day,1.6,22.3,9.833333333333334,0.7666666666666675,7.8,-4.3,21.5,1.0,-4.8999999999999995,9.67361111111111,25.0,0.0,0.0,3.0,15.733333333333334,2,20,20,0,0,4,1,2025,0,3,0.9749279121818236,-0.22252093395631434,-0.587785252292473,-0.8090169943749476,76.0,141.0,203.0,335.0,672.0,283.71,300.07,319.19,120.87,76.0,441.0,268.95,188.75,110.43059660559055,0.40334572489956605,1,0.11309523809355512,-2.0119963595588652,1
2025-01-20,Donuts,232.0,MLK Day,1.6,22.3,9.833333333333334,0.7666666666666675,7.8,-4.3,21.5,1.0,-4.8999999999999995,9.67361111111111,25.0,0.0,0.0,3.0,15.733333333333334,2,20,20,0,0,4,1,2025,0,3,0.9749279121818236,-0.22252093395631434,-0.587785252292473,-0.8090169943749476,180.0,177.0,242.0,297.0,229.0,248.43,254.14,259.1,57.16,180.0,359.0,249.05,224.0,57.148928248918196,0.662337662325374,1,0.7860262008390382,-1.3838348493030384,0
2025-01-21,Donuts,188.0,Regular Day,-4.3,26.6,9.866666666666667,-2.166666666666666,5.4,-8.6,14.1,0.0,-5.200000000000001,6.565277777777778,76.0,0.0,0.0,0.0,-42.42666666666667,3,21,21,0,0,4,1,2025,0,3,0.43388373911755823,-0.900968867902419,-0.587785252292473,-0.8090169943749476,259.0,155.0,261.0,550.0,253.0,260.14,257.79,261.95,60.35,180.0,359.0,264.04,306.25,169.873237052417,0.5104808877865539,0,1.0237154149792997,-0.04888152443266236,0
2025-01-21,Munchkins,206.0,Regular Day,-4.3,26.6,9.866666666666667,-2.166666666666666,5.4,-8.6,14.1,0.0,-5.200000000000001,6.565277777777778,76.0,0.0,0.0,0.0,-42.42666666666667,3,21,21,0,0,4,1,2025,0,3,0.43388373911755823,-0.900968867902419,-0.587785252292473,-0.8090169943749476,276.0,273.0,318.0,556.0,745.0,279.57,290.5,318.52,121.8,76.0,441.0,262.71,355.75,135.071277479707,0.6281464530820579,0,0.3704697986527454,-0.3490968801027013,0
2025-01-22,Munchkins,249.0,Regular Day,-8.6,26.6,9.9,-6.299999999999999,7.1,-8.6,10.1,1.0,-5.200000000000001,8.983333333333333,71.0,0.0,0.0,0.5,-85.14,4,22,22,0,0,4,1,2025,0,4,-0.433883739117558,-0.9009688679024191,-0.9510565162951536,0.30901699437494723,238.0,252.0,415.0,560.0,589.0,276.0,286.14,307.95,122.59,76.0,441.0,257.53,366.25,152.1148140933902,0.502564102558948,0,0.4040747028793875,-0.5706011909151968,0
2025-01-22,Donuts,242.0,Regular Day,-8.6,26.6,9.9,-6.299999999999999,7.1,-8.6,10.1,1.0,-5.200000000000001,8.983333333333333,71.0,0.0,0.0,0.5,-85.14,4,22,22,0,0,4,1,2025,0,4,-0.433883739117558,-0.9009688679024191,-0.9510565162951536,0.30901699437494723,268.0,274.0,225.0,378.0,338.0,270.57,261.79,265.24,62.17,180.0,359.0,275.78,286.25,64.9429236586507,0.8988391376302016,0,0.792899408260565,0.04439440243776816,0
2025-01-23,Munchkins,325.0,Regular Day,-8.6,24.9,9.933333333333334,-6.0,11.5,-6.9,9.1,0.0,-4.800000000000001,9.58361111111111,58.0,0.0,0.0,0.0,-85.42666666666666,5,23,23,0,0,4,1,2025,0,4,-0.9749279121818236,-0.2225209339563146,-0.9510565162951536,0.30901699437494723,244.0,273.0,378.0,258.0,652.0,276.0,294.79,312.52,122.59,76.0,441.0,303.4,288.25,60.99385214921254,0.8128930817482249,0,0.37423312882861604,-0.55893629165846,0
2025-01-23,Donuts,305.0,Regular Day,-8.6,24.9,9.933333333333334,-6.0,11.5,-6.9,9.1,0.0,-4.800000000000001,9.58361111111111,58.0,0.0,0.0,0.0,-85.42666666666666,5,23,23,0,0,4,1,2025,0,4,-0.9749279121818236,-0.2225209339563146,-0.9510565162951536,0.30901699437494723,309.0,227.0,258.0,249.0,332.0,261.71,260.43,264.05,50.86,180.0,311.0,281.09,260.75,34.70230539892127,1.0571992110245128,0,0.9307228915382312,0.8837986628226898,0
2025-01-24,Munchkins,331.0,Regular Day,-6.9,21.8,9.95,-1.5,8.8,-3.8,15.9,0.0,-5.8,9.715555555555556,0.0,0.0,0.0,0.0,-68.655,6,24,24,0,0,4,1,2025,0,4,-0.7818314824680299,0.6234898018587334,-0.9510565162951536,0.30901699437494723,242.0,267.0,303.0,464.0,867.0,267.86,281.21,305.81,113.36,76.0,441.0,317.05,319.0,99.85656379694494,0.663624511073486,0,0.27912341406829155,-0.5628969653702456,0
2025-01-24,Donuts,347.0,Regular Day,-6.9,21.8,9.95,-1.5,8.8,-3.8,15.9,0.0,-5.8,9.715555555555556,0.0,0.0,0.0,0.0,-68.655,6,24,24,0,0,4,1,2025,0,4,-0.7818314824680299,0.6234898018587334,-0.9510565162951536,0.30901699437494723,311.0,238.0,255.0,242.0,473.0,279.0,256.5,263.43,50.12,180.0,329.0,293.06,261.5,33.78855822118882,1.1046277665773716,0,0.6575052853983614,0.9491221067539659,0
2025-01-25,Munchkins,355.0,Regular Day,-3.8,21.7,9.983333333333333,-5.333333333333333,10.2,-3.7,14.2,0.0,-5.6,9.727222222222222,27.0,0.0,0.0,0.0,-37.93666666666666,7,25,25,0,0,4,1,2025,1,4,-2.4492935982947064e-16,1.0,-0.9510565162951536,0.30901699437494723,441.0,441.0,320.0,345.0,744.0,291.43,288.36,307.62,78.67,238.0,441.0,298.04,386.75,63.46849612209194,1.3263157894537396,0,0.592741935475904,1.695436633825418,0
2025-01-25,Donuts,339.0,Regular Day,-3.8,21.7,9.983333333333333,-5.333333333333333,10.2,-3.7,14.2,0.0,-5.6,9.727222222222222,27.0,0.0,0.0,0.0,-37.93666666666666,7,25,25,0,0,4,1,2025,1,4,-2.4492935982947064e-16,1.0,-0.9510565162951536,0.30901699437494723,297.0,359.0,316.0,322.0,472.0,286.43,260.43,262.95,34.38,232.0,329.0,277.8,323.5,25.955089417427686,1.0282131661280844,0,0.6292372881222619,0.9904013958724839,0
2025-01-26,Munchkins,435.0,Regular Day,-3.7,16.0,10.016666666666667,-1.9333333333333336,9.6,2.0,18.6,0.0,-5.199999999999999,6.786944444444444,89.0,0.0,0.0,0.0,-37.061666666666675,1,26,26,0,0,4,1,2025,1,4,0.7818314824680298,0.6234898018587336,-0.9510565162951536,0.30901699437494723,358.0,415.0,548.0,499.0,431.0,281.43,283.57,302.29,85.14,206.0,441.0,275.03,455.0,84.84102781084161,0.7382999044819647,0,0.8306264500967372,0.6543340379781142,0
2025-01-26,Donuts,354.0,Regular Day,-3.7,16.0,10.016666666666667,-1.9333333333333336,9.6,2.0,18.6,0.0,-5.199999999999999,6.786944444444444,89.0,0.0,0.0,0.0,-37.061666666666675,1,26,26,0,0,4,1,2025,1,4,0.7818314824680298,0.6234898018587336,-0.9510565162951536,0.30901699437494723,329.0,208.0,384.0,342.0,249.0,276.29,262.79,259.48,50.51,188.0,329.0,255.35,315.75,75.57060716089732,0.739669421477415,0,1.3212851405091852,1.3763611163380791,0
2025-01-27,Munchkins,222.0,Regular Day,2.0,17.7,10.033333333333333,-1.1102230246251565e-16,10.7,0.3,14.9,0.0,-5.6,9.752222222222223,25.0,0.0,0.0,0.0,20.066666666666666,2,27,27,0,0,5,1,2025,0,4,0.9749279121818236,-0.22252093395631434,-0.9510565162951536,0.30901699437494723,241.0,76.0,141.0,203.0,449.0,283.0,283.36,294.38,84.3,206.0,441.0,268.52,165.25,72.3803610564818,0.9215116278801886,0,0.5367483296094265,-0.6332147092961786,0
2025-01-27,Donuts,159.0,Regular Day,2.0,17.7,10.033333333333333,-1.1102230246251565e-16,10.7,0.3,14.9,0.0,-5.6,9.752222222222223,25.0,0.0,0.0,0.0,20.066666666666666,2,27,27,0,0,5,1,2025,0,4,0.9749279121818236,-0.22252093395631434,-0.9510565162951536,0.30901699437494723,232.0,180.0,177.0,242.0,258.0,272.57,260.5,260.29,52.15,188.0,329.0,252.01,207.75,34.04286513598212,0.9832935560624512,0,0.8992248061666966,-0.5424736336447802,0
2025-01-28,Munchkins,206.0,Regular Day,0.3,15.4,10.083333333333334,2.6333333333333337,7.6000000000000005,2.6,30.6,0.0,-7.0,9.53888888888889,43.0,0.0,0.0,0.0,3.025,3,28,28,0,0,5,1,2025,0,4,0.43388373911755823,-0.900968867902419,-0.9510565162951536,0.30901699437494723,206.0,276.0,273.0,318.0,333.0,294.57,287.07,291.86,83.61,206.0,441.0,282.64,268.25,46.30604712129939,0.8155668358576046,0,0.6186186186000414,-1.0269106564972004,0
2025-01-28,Donuts,179.0,Regular Day,0.3,15.4,10.083333333333334,2.6333333333333337,7.6000000000000005,2.6,30.6,0.0,-7.0,9.53888888888889,43.0,0.0,0.0,0.0,3.025,3,28,28,0,0,5,1,2025,0,4,0.43388373911755823,-0.900968867902419,-0.9510565162951536,0.30901699437494723,188.0,259.0,155.0,261.0,262.0,272.0,266.07,262.52,51.7,188.0,329.0,265.26,215.75,52.848052628896994,1.074519230743401,0,0.7175572518810093,-1.4413926496244884,0
2025-01-29,Munchkins,243.0,Regular Day,2.6,12.6,10.116666666666667,5.833333333333334,12.7,5.4,31.6,0.0,-6.6,9.779722222222222,18.0,0.0,0.0,0.0,26.303333333333335,4,29,29,0,0,5,1,2025,0,5,-0.433883739117558,-0.9009688679024191,-2.4492935982947064e-16,1.0,249.0,238.0,252.0,415.0,931.0,307.29,291.64,293.19,81.01,206.0,441.0,294.73,288.5,84.54781684545931,0.7301349325227866,0,0.2674543501582443,-0.5454882112645983,0
2025-01-29,Donuts,236.0,Regular Day,2.6,12.6,10.116666666666667,5.833333333333334,12.7,5.4,31.6,0.0,-6.6,9.779722222222222,18.0,0.0,0.0,0.0,26.303333333333335,4,29,29,0,0,5,1,2025,0,5,-0.433883739117558,-0.9009688679024191,-2.4492935982947064e-16,1.0,242.0,268.0,274.0,225.0,513.0,277.14,273.86,266.9,57.68,188.0,347.0,285.69,252.25,22.86737122335374,1.0220440881558708,0,0.47173489277832875,-0.43169209423861055,0
2025-01-30,Munchkins,230.0,Regular Day,5.4,16.2,10.15,4.366666666666666,10.2,1.8,24.1,0.0,-4.3,9.794166666666667,27.0,0.0,0.0,0.0,54.81,5,30,30,0,0,5,1,2025,0,5,-0.9749279121818236,-0.2225209339563146,-2.4492935982947064e-16,1.0,325.0,244.0,273.0,378.0,508.0,295.0,285.5,294.86,61.53,206.0,358.0,309.8,305.0,59.08750572949694,0.8740399385426415,0,0.6397637795149653,0.4898423532439714,0
2025-01-30,Donuts,213.0,Regular Day,5.4,16.2,10.15,4.366666666666666,10.2,1.8,24.1,0.0,-4.3,9.794166666666667,27.0,0.0,0.0,0.0,54.81,5,30,30,0,0,5,1,2025,0,5,-0.9749279121818236,-0.2225209339563146,-2.4492935982947064e-16,1.0,305.0,309.0,227.0,258.0,329.0,283.14,272.43,268.0,62.1,188.0,347.0,299.02,274.75,39.36474734242979,1.2659793814171962,0,0.9270516717043449,0.5958132044129125,0
2025-01-31,Munchkins,377.0,Regular Day,1.8,12.5,10.183333333333334,6.233333333333333,8.7,5.5,19.5,0.0,-2.799999999999999,0.0,100.0,0.0,0.0,5.5,18.330000000000002,6,31,31,0,1,5,1,2025,0,5,-0.7818314824680299,0.6234898018587334,-2.4492935982947064e-16,1.0,331.0,242.0,267.0,303.0,436.0,306.0,286.93,289.48,79.06,206.0,435.0,341.1,285.75,39.20352875273687,1.0052631578771005,0,0.7591743119091933,0.5251707563211266,0
2025-01-31,Donuts,312.0,Regular Day,1.8,12.5,10.183333333333334,6.233333333333333,8.7,5.5,19.5,0.0,-2.799999999999999,0.0,100.0,0.0,0.0,5.5,18.330000000000002,6,31,31,0,1,5,1,2025,0,5,-0.7818314824680299,0.6234898018587334,-2.4492935982947064e-16,1.0,347.0,311.0,238.0,255.0,398.0,286.71,282.86,266.57,65.79,188.0,354.0,312.77,287.75,50.32809023464596,1.3346855983502093,0,0.8718592964605061,1.2225262196044193,0
2025-02-01,Munchkins,420.0,Regular Day,5.5,12.0,10.216666666666667,6.0,13.3,6.0,26.2,0.0,-2.4000000000000004,9.825,56.0,0.0,1.0,15.6,56.19166666666667,7,1,32,1,0,5,2,2025,1,1,-2.4492935982947064e-16,1.0,0.9510565162951535,0.30901699437494745,355.0,441.0,441.0,320.0,470.0,303.29,297.36,293.33,81.94,206.0,435.0,311.32,389.25,61.44035047643093,1.0459921156235743,0,0.7553191489200995,0.7526238710333633,0
2025-02-01,Donuts,354.0,Regular Day,5.5,12.0,10.216666666666667,6.0,13.3,6.0,26.2,0.0,-2.4000000000000004,9.825,56.0,0.0,1.0,15.6,56.19166666666667,7,1,32,1,0,5,2,2025,1,1,-2.4492935982947064e-16,1.0,0.9510565162951535,0.30901699437494745,339.0,297.0,359.0,316.0,428.0,276.29,281.36,265.71,80.13,159.0,354.0,274.32,327.75,26.998456746019144,0.9422222222082633,0,0.7920560747478491,0.9146387119787052,0
2025-02-02,Munchkins,413.0,Regular Day,6.0,19.8,10.25,-0.7000000000000002,11.100000000000001,-1.8,16.2,0.0,-5.1000000000000005,5.229722222222223,53.0,0.0,0.0,0.0,61.5,1,2,33,0,0,5,2,2025,1,1,0.7818314824680298,0.6234898018587336,0.9510565162951535,0.30901699437494745,435.0,358.0,415.0,548.0,413.0,303.29,292.36,290.14,81.94,206.0,435.0,284.99,439.0,79.65341591335972,0.8234683281326742,0,1.053268765107669,1.7678789355909352,0
2025-02-02,Donuts,395.0,Regular Day,6.0,19.8,10.25,-0.7000000000000002,11.100000000000001,-1.8,16.2,0.0,-5.1000000000000005,5.229722222222223,53.0,0.0,0.0,0.0,61.5,1,2,33,0,0,5,2,2025,1,1,0.7818314824680298,0.6234898018587336,0.9510565162951535,0.30901699437494745,354.0,329.0,208.0,384.0,299.0,275.0,275.64,266.86,81.84,159.0,354.0,250.49,318.75,77.18106417163906,1.1537162161967278,0,1.1839464882547175,1.0647605081787925,0
2025-02-03,Donuts,141.0,Regular Day,-1.8,14.1,10.3,2.8666666666666663,12.1,3.9,13.8,0.0,-3.1999999999999993,9.858055555555556,87.0,0.0,0.0,0.0,-18.540000000000003,2,3,34,0,0,6,2,2025,0,1,0.9749279121818236,-0.22252093395631434,0.9510565162951535,0.30901699437494745,159.0,232.0,180.0,177.0,381.0,274.14,273.36,265.05,82.27,159.0,354.0,246.87,187.0,31.400636936215164,1.0952380952074163,0,0.4173228346347159,-1.2890482555865994,0
2025-02-03,Munchkins,141.0,Regular Day,-1.8,14.1,10.3,2.8666666666666663,12.1,3.9,13.8,0.0,-3.1999999999999993,9.858055555555556,87.0,0.0,0.0,0.0,-18.540000000000003,2,3,34,0,0,6,2,2025,0,1,0.9749279121818236,-0.22252093395631434,0.9510565162951535,0.30901699437494745,222.0,241.0,76.0,141.0,471.0,302.43,292.71,289.71,82.63,206.0,435.0,274.49,170.0,76.20586154183505,2.133640552897067,0,0.47133757960782724,-0.8194360400799422,0
2025-02-04,Munchkins,173.0,Regular Day,3.9,10.9,10.333333333333334,4.666666666666666,7.2,7.1,24.2,0.0,-4.4,8.495277777777778,54.0,0.0,0.0,0.0,40.300000000000004,3,4,35,0,0,6,2,2025,0,1,0.43388373911755823,-0.900968867902419,0.9510565162951535,0.30901699437494745,206.0,206.0,276.0,273.0,358.0,288.86,291.71,287.67,86.03,206.0,435.0,263.37,240.25,39.56745295483819,0.7504553733925236,0,0.5754189943973347,-0.9493200045391935,0
2025-02-04,Donuts,173.0,Regular Day,3.9,10.9,10.333333333333334,4.666666666666666,7.2,7.1,24.2,0.0,-4.4,8.495277777777778,54.0,0.0,0.0,0.0,40.300000000000004,3,4,35,0,0,6,2,2025,0,1,0.43388373911755823,-0.900968867902419,0.9510565162951535,0.30901699437494745,179.0,188.0,259.0,155.0,260.0,261.0,266.5,264.38,83.85,159.0,354.0,238.4,195.25,44.724154547626725,0.8864734299302784,0,0.6884615384350592,-1.0182468692882234,0
2025-02-05,Donuts,308.0,Regular Day,7.1,18.3,10.366666666666667,1.0,4.4,-0.3,14.9,0.0,-3.9,1.023611111111111,79.0,0.0,0.0,0.0,73.60333333333334,4,5,36,0,0,6,2,2025,0,1,-0.433883739117558,-0.9009688679024191,0.9510565162951535,0.30901699437494745,236.0,242.0,268.0,274.0,346.0,256.0,266.57,267.9,78.76,159.0,354.0,256.8,255.0,18.79716290649558,0.8819188191719203,0,0.682080924835778,-0.405027932909468,0
2025-02-05,Munchkins,465.0,Regular Day,7.1,18.3,10.366666666666667,1.0,4.4,-0.3,14.9,0.0,-3.9,1.023611111111111,79.0,0.0,0.0,0.0,73.60333333333334,4,5,36,0,0,6,2,2025,0,1,-0.433883739117558,-0.9009688679024191,0.9510565162951535,0.30901699437494745,243.0,249.0,238.0,252.0,446.0,295.43,301.36,292.9,91.38,206.0,435.0,291.78,245.5,6.244997998398398,1.0040816326325697,0,0.544843049315138,-0.5460713503451441,0
2025-02-06,Munchkins,383.0,Regular Day,-0.3,15.1,10.4,3.6666666666666665,8.0,2.9,20.0,1.0,-3.4000000000000004,2.5316666666666667,92.0,0.0,0.0,11.5,-3.12,5,6,37,0,0,6,2,2025,0,1,-0.9749279121818236,-0.2225209339563146,0.9510565162951535,0.30901699437494745,230.0,325.0,244.0,273.0,542.0,304.71,299.86,291.9,101.22,206.0,435.0,323.83,268.0,42.00793575821915,1.0735009670972244,0,0.424354243534606,-0.6115392214373107,0
2025-02-06,Donuts,314.0,Regular Day,-0.3,15.1,10.4,3.6666666666666665,8.0,2.9,20.0,1.0,-3.4000000000000004,2.5316666666666667,92.0,0.0,0.0,11.5,-3.12,5,6,37,0,0,6,2,2025,0,1,-0.9749279121818236,-0.2225209339563146,0.9510565162951535,0.30901699437494745,213.0,305.0,309.0,227.0,282.0,258.14,270.64,267.67,81.55,159.0,354.0,281.1,263.5,50.579969684978394,0.966417910429731,0,0.7553191489093858,-0.6703862660122153,0
2025-02-07,Munchkins,381.0,Regular Day,2.9,12.8,10.433333333333334,5.266666666666667,6.9,5.2,27.2,0.0,-5.1000000000000005,9.928888888888888,70.0,0.0,0.0,1.2,30.256666666666668,6,7,38,0,0,6,2,2025,0,1,-0.7818314824680299,0.6234898018587334,0.9510565162951535,0.30901699437494745,377.0,331.0,242.0,267.0,480.0,301.57,303.79,291.81,96.74,206.0,420.0,346.13,304.25,61.29369189946602,1.39096267187837,0,0.7854166666503039,0.8806078146701874,0
2025-02-07,Donuts,358.0,Regular Day,2.9,12.8,10.433333333333334,5.266666666666667,6.9,5.2,27.2,0.0,-5.1000000000000005,9.928888888888888,70.0,0.0,0.0,1.2,30.256666666666668,6,7,38,0,0,6,2,2025,0,1,-0.7818314824680299,0.6234898018587334,0.9510565162951535,0.30901699437494745,312.0,347.0,311.0,238.0,387.0,264.0,275.36,276.57,90.55,159.0,395.0,309.58,302.0,45.83303030202854,1.2003642987030898,0,0.8062015503667648,0.39127553833337664,0
2025-02-08,Munchkins,406.0,Regular Day,5.2,19.1,10.483333333333333,2.4,6.0,-1.1,12.1,1.0,-4.1,2.4680555555555554,80.0,0.0,0.0,1.6,54.51333333333333,7,8,39,0,0,6,2,2025,1,2,-2.4492935982947064e-16,1.0,0.5877852522924732,-0.8090169943749473,420.0,355.0,441.0,441.0,556.0,290.0,296.64,294.9,111.55,141.0,420.0,294.84,414.25,40.721615881494685,0.8786848072462734,0,0.7553956834396511,1.1214701926381474,0
2025-02-08,Donuts,331.0,Regular Day,5.2,19.1,10.483333333333333,2.4,6.0,-1.1,12.1,1.0,-4.1,2.4680555555555554,80.0,0.0,0.0,1.6,54.51333333333333,7,8,39,0,0,6,2,2025,1,2,-2.4492935982947064e-16,1.0,0.5877852522924732,-0.8090169943749473,354.0,339.0,297.0,359.0,438.0,261.43,268.86,274.71,94.21,141.0,395.0,267.43,337.25,28.146935890075138,1.0564024390082865,0,0.8082191780637392,0.8416304000804982,0
2025-02-09,Munchkins,379.0,Regular Day,-1.1,15.3,10.516666666666667,2.6000000000000005,7.1000000000000005,2.7,24.8,0.0,-6.0,6.468333333333334,85.0,0.0,1.0,3.9,-11.568333333333335,1,9,40,0,0,6,2,2025,1,2,0.7818314824680298,0.6234898018587336,0.5877852522924732,-0.8090169943749473,413.0,435.0,358.0,415.0,255.0,285.29,294.29,290.0,116.29,141.0,420.0,264.38,405.25,33.02902763731725,1.0970245795459634,0,1.6196078430737408,1.0577005760548885,0
2025-02-09,Donuts,424.0,Regular Day,-1.1,15.3,10.516666666666667,2.6000000000000005,7.1000000000000005,2.7,24.8,0.0,-6.0,6.468333333333334,85.0,0.0,1.0,3.9,-11.568333333333335,1,9,40,0,0,6,2,2025,1,2,0.7818314824680298,0.6234898018587336,0.5877852522924732,-0.8090169943749473,395.0,354.0,329.0,208.0,200.0,260.57,267.79,270.62,95.11,141.0,395.0,243.82,321.5,80.40936927166304,1.3947858472738401,0,1.97499999990125,1.3077489221629957,0
2025-02-10,Munchkins,202.0,Regular Day,2.7,16.6,10.55,-0.9000000000000004,8.1,1.4,14.0,0.0,-5.2,9.985,68.0,0.0,0.0,0.0,28.485000000000003,2,10,41,0,0,7,2,2025,0,2,0.9749279121818236,-0.22252093395631434,0.5877852522924732,-0.8090169943749473,141.0,222.0,241.0,76.0,116.0,317.0,309.71,300.81,132.04,141.0,465.0,314.54,170.0,76.20586154183505,1.1451104100585139,0,1.2155172412745245,-1.2103150559519604,0
2025-02-10,Donuts,154.0,Regular Day,2.7,16.6,10.55,-0.9000000000000004,8.1,1.4,14.0,0.0,-5.2,9.985,68.0,0.0,0.0,0.0,28.485000000000003,2,10,41,0,0,7,2,2025,0,2,0.9749279121818236,-0.22252093395631434,0.5877852522924732,-0.8090169943749473,141.0,159.0,232.0,180.0,242.0,270.86,272.5,272.52,95.9,141.0,395.0,259.87,178.0,39.370039370059054,0.7281553397881515,0,0.5826446280750973,-1.3714285712855652,0
2025-02-11,Munchkins,397.0,Regular Day,1.4,18.7,10.6,-4.800000000000001,8.2,-0.7,10.4,1.0,-4.4,2.9458333333333333,80.0,0.0,0.0,0.5,14.839999999999998,3,11,42,0,0,7,2,2025,0,2,0.43388373911755823,-0.900968867902419,0.5877852522924732,-0.8090169943749473,173.0,206.0,206.0,276.0,370.0,338.86,313.86,307.43,127.84,141.0,465.0,331.65,215.25,43.384905209070126,0.7863070539255953,0,0.4675675675549306,-1.0515488109315123,0
2025-02-11,Donuts,226.0,Regular Day,1.4,18.7,10.6,-4.800000000000001,8.2,-0.7,10.4,1.0,-4.4,2.9458333333333333,80.0,0.0,0.0,0.5,14.839999999999998,3,11,42,0,0,7,2,2025,0,2,0.43388373911755823,-0.900968867902419,0.5877852522924732,-0.8090169943749473,173.0,179.0,188.0,259.0,322.0,285.29,273.14,272.76,93.31,141.0,395.0,273.4,199.75,39.978119015281344,0.7874720357765667,0,0.5372670807286563,-1.069124423848556,0
2025-02-12,Donuts,209.0,Regular Day,-0.7,16.9,10.633333333333333,-1.4333333333333331,4.4,1.1,16.2,1.0,-3.7,0.0,100.0,0.0,0.0,12.9,-7.4433333333333325,4,12,43,0,0,7,2,2025,0,2,-0.433883739117558,-0.9009688679024191,0.5877852522924732,-0.8090169943749473,308.0,236.0,242.0,268.0,203.0,291.86,273.93,275.0,97.05,141.0,395.0,294.55,263.5,32.7566787083184,1.0666666666457516,0,1.5172413792356039,0.3400309118660453,0
2025-02-12,Munchkins,123.0,Regular Day,-0.7,16.9,10.633333333333333,-1.4333333333333331,4.4,1.1,16.2,1.0,-3.7,0.0,100.0,0.0,0.0,12.9,-7.4433333333333325,4,12,43,0,0,7,2,2025,0,2,-0.433883739117558,-0.9009688679024191,0.5877852522924732,-0.8090169943749473,465.0,243.0,249.0,238.0,365.0,339.43,317.43,314.05,128.04,141.0,465.0,343.99,298.75,110.924523888994,1.4537987679372937,0,1.2739726027048226,1.1789284597642198,0
2025-02-13,Munchkins,356.0,Regular Day,1.1,12.1,10.683333333333334,3.466666666666667,8.399999999999999,5.9,27.1,0.0,-3.6999999999999993,2.465,100.0,0.0,0.0,9.0,11.751666666666669,5,13,44,0,0,7,2,2025,0,2,-0.9749279121818236,-0.2225209339563146,0.5877852522924732,-0.8090169943749473,383.0,230.0,325.0,244.0,415.0,337.43,321.07,312.38,126.68,141.0,465.0,359.49,295.5,71.80761333823408,1.0773286467297483,0,0.9228915662428219,0.5574676349417851,0
2025-02-13,Donuts,308.0,Regular Day,1.1,12.1,10.683333333333334,3.466666666666667,8.399999999999999,5.9,27.1,0.0,-3.6999999999999993,2.465,100.0,0.0,0.0,9.0,11.751666666666669,5,13,44,0,0,7,2,2025,0,2,-0.9749279121818236,-0.2225209339563146,0.5877852522924732,-0.8090169943749473,314.0,213.0,305.0,309.0,324.0,288.57,273.36,276.62,94.96,141.0,395.0,303.66,285.25,48.307176830501426,0.8583061889111024,0,0.9691358024392241,0.3936394270857583,0
2025-02-14,Donuts,731.0,Valentines Day,5.9,16.9,10.716666666666667,0.20000000000000007,8.3,1.1,25.9,0.0,-5.8999999999999995,10.359166666666667,13.0,0.0,0.0,0.0,63.22833333333334,6,14,45,0,0,7,2,2025,0,2,-0.7818314824680299,0.6234898018587334,0.5877852522924732,-0.8090169943749473,358.0,312.0,347.0,311.0,477.0,292.71,278.36,281.14,100.83,141.0,424.0,333.75,332.0,24.097026095903757,1.0182370820513946,1,0.7505241089989407,0.7622731329205324,0
2025-02-14,Munchkins,474.0,Valentines Day,5.9,16.9,10.716666666666667,0.20000000000000007,8.3,1.1,25.9,0.0,-5.8999999999999995,10.359166666666667,13.0,0.0,0.0,0.0,63.22833333333334,6,14,45,0,0,7,2,2025,0,2,-0.7818314824680299,0.6234898018587334,0.5877852522924732,-0.8090169943749473,381.0,377.0,331.0,242.0,565.0,332.57,317.07,313.38,123.92,141.0,465.0,364.37,332.75,64.6135950606888,1.322862129121765,1,0.6743362831739056,0.5456746287487352,0
2025-02-15,Munchkins,468.0,Regular Day,1.1,18.0,10.75,-0.6,9.0,-0.0,14.5,0.0,-4.7,4.013888888888889,98.0,0.0,0.0,4.4,11.825000000000001,7,15,46,0,0,7,2,2025,1,3,-2.4492935982947064e-16,1.0,-0.587785252292473,-0.8090169943749476,406.0,420.0,355.0,441.0,748.0,341.29,315.64,311.52,109.51,173.0,465.0,323.78,405.5,36.610563138708116,1.037688442198019,0,0.5427807486558451,0.8627522599887909,0
2025-02-15,Donuts,347.0,Regular Day,1.1,18.0,10.75,-0.6,9.0,-0.0,14.5,0.0,-4.7,4.013888888888889,98.0,0.0,0.0,4.4,11.825000000000001,7,15,46,0,0,7,2,2025,1,3,-2.4492935982947064e-16,1.0,-0.587785252292473,-0.8090169943749476,331.0,354.0,339.0,297.0,370.0,294.57,278.0,277.43,97.64,154.0,424.0,288.81,330.25,24.12985702402731,1.077044025140298,0,0.8945945945704163,0.5486480949868242,0
2025-02-16,Donuts,315.0,Regular Day,-0.0,8.4,10.8,4.366666666666666,13.2,9.6,39.7,0.0,-3.599999999999998,0.14666666666666667,96.0,0.0,1.0,18.7,-0.0,1,16,47,0,0,7,2,2025,1,3,0.7818314824680298,0.6234898018587336,-0.587785252292473,-0.8090169943749476,424.0,395.0,354.0,329.0,305.0,302.14,281.36,279.24,88.24,154.0,424.0,273.11,375.5,42.25714929649972,1.1991215226764405,0,1.3901639343806502,1.640525838436024,0
2025-02-16,Munchkins,416.0,Regular Day,-0.0,8.4,10.8,4.366666666666666,13.2,9.6,39.7,0.0,-3.599999999999998,0.14666666666666667,96.0,0.0,1.0,18.7,-0.0,1,16,47,0,0,7,2,2025,1,3,0.7818314824680298,0.6234898018587336,-0.587785252292473,-0.8090169943749476,379.0,413.0,435.0,358.0,261.0,373.29,329.29,320.62,81.21,202.0,465.0,342.08,396.25,34.3644680835695,0.9987389659394863,0,1.4521072796378502,0.7188769855043866,0
2025-02-17,Donuts,228.0,Presidents Day,9.6,16.4,10.833333333333334,-0.5333333333333332,10.4,1.6,35.5,0.0,-6.9,10.55638888888889,23.0,0.0,0.0,0.0,104.0,2,17,48,0,0,8,2,2025,0,3,0.9749279121818236,-0.22252093395631434,-0.587785252292473,-0.8090169943749476,154.0,141.0,159.0,232.0,238.0,288.0,279.43,277.67,94.83,154.0,424.0,257.08,171.5,41.04063027456247,0.7544757033055122,1,0.6470588235022244,-1.3041231676363894,0
2025-02-17,Munchkins,320.0,Presidents Day,9.6,16.4,10.833333333333334,-0.5333333333333332,10.4,1.6,35.5,0.0,-6.9,10.55638888888889,23.0,0.0,0.0,0.0,104.0,2,17,48,0,0,8,2,2025,0,3,0.9749279121818236,-0.22252093395631434,-0.587785252292473,-0.8090169943749476,202.0,141.0,222.0,241.0,162.0,324.43,320.71,314.62,113.35,123.0,406.0,287.31,201.5,43.3628104870214,0.7408207343252522,1,1.2469135801699436,-0.9935597705343133,0
2025-02-18,Donuts,210.0,Regular Day,1.6,21.6,10.866666666666667,-3.566666666666667,8.1,-3.6,22.8,0.0,-5.9,10.315833333333334,51.0,0.0,0.0,0.0,17.386666666666667,3,18,49,0,0,8,2,2025,0,3,0.43388373911755823,-0.900968867902419,-0.587785252292473,-0.8090169943749476,226.0,173.0,179.0,188.0,246.0,287.14,286.21,277.81,94.59,154.0,424.0,269.81,191.5,23.811761799581316,1.0871934604608393,0,0.9186991869545243,-0.5477323183689892,0
2025-02-18,Munchkins,223.0,Regular Day,1.6,21.6,10.866666666666667,-3.566666666666667,8.1,-3.6,22.8,0.0,-5.9,10.315833333333334,51.0,0.0,0.0,0.0,17.386666666666667,3,18,49,0,0,8,2,2025,0,3,0.43388373911755823,-0.900968867902419,-0.587785252292473,-0.8090169943749476,397.0,173.0,206.0,206.0,239.0,320.57,329.71,316.1,111.47,123.0,406.0,304.48,245.5,102.19099764656376,1.383495145597488,0,1.661087866039285,0.7257558086726691,0
2025-02-19,Munchkins,359.0,Regular Day,-3.6,23.0,10.9,-5.3,6.1,-5.0,17.0,0.0,-5.199999999999999,2.1980555555555554,70.0,0.0,0.0,0.0,-39.24,4,19,50,0,0,8,2,2025,0,3,-0.433883739117558,-0.9009688679024191,-0.587785252292473,-0.8090169943749476,123.0,465.0,243.0,249.0,294.0,333.86,336.64,322.9,124.64,123.0,474.0,346.86,270.0,142.36572621245605,1.1951219511952211,0,0.4183673469245453,-1.6038189985876268,0
2025-02-19,Donuts,258.0,Regular Day,-3.6,23.0,10.9,-5.3,6.1,-5.0,17.0,0.0,-5.199999999999999,2.1980555555555554,70.0,0.0,0.0,0.0,-39.24,4,19,50,0,0,8,2,2025,0,3,-0.433883739117558,-0.9009688679024191,-0.587785252292473,-0.8090169943749476,209.0,308.0,236.0,242.0,299.0,340.43,316.14,296.1,193.99,154.0,731.0,385.11,248.75,42.0267771783657,1.0815899581363684,0,0.6989966554950168,-0.448992216070468,0
2025-02-20,Munchkins,351.0,Regular Day,-5.0,21.9,10.95,-4.6,6.7,-3.9,22.9,1.0,-6.0,6.725555555555555,71.0,0.0,0.0,0.2,-54.75,5,20,51,0,0,8,2,2025,0,3,-0.9749279121818236,-0.2225209339563146,-0.587785252292473,-0.8090169943749476,356.0,383.0,230.0,325.0,461.0,342.71,340.07,328.29,132.57,123.0,474.0,377.15,323.5,66.68583057891684,1.33153153150754,0,0.7722342733021207,0.2090216489244155,0
2025-02-20,Donuts,221.0,Regular Day,-5.0,21.9,10.95,-4.6,6.7,-3.9,22.9,1.0,-6.0,6.725555555555555,71.0,0.0,0.0,0.2,-54.75,5,20,51,0,0,8,2,2025,0,3,-0.9749279121818236,-0.2225209339563146,-0.587785252292473,-0.8090169943749476,308.0,314.0,213.0,305.0,348.0,342.71,315.64,296.48,193.96,154.0,731.0,375.58,285.0,48.14561246884289,1.2007722007490198,0,0.8850574712389351,0.059393689417436814,0
2025-02-21,Munchkins,348.0,Regular Day,-3.9,20.3,11.0,-3.5,9.0,-2.3,24.7,1.0,-6.699999999999999,10.632222222222222,27.0,0.0,0.0,0.2,-42.9,6,21,52,0,0,8,2,2025,0,3,-0.7818314824680299,0.6234898018587334,-0.587785252292473,-0.8090169943749476,474.0,381.0,377.0,331.0,696.0,348.0,340.29,327.38,134.97,123.0,474.0,386.86,390.75,59.9576239244574,1.2076271186270109,0,0.6810344827488357,1.086315477433036,0
2025-02-21,Donuts,339.0,Regular Day,-3.9,20.3,11.0,-3.5,9.0,-2.3,24.7,1.0,-6.699999999999999,10.632222222222222,27.0,0.0,0.0,0.2,-42.9,6,21,52,0,0,8,2,2025,0,3,-0.7818314824680299,0.6234898018587334,-0.587785252292473,-0.8090169943749476,731.0,358.0,312.0,347.0,496.0,327.14,309.93,294.62,190.69,154.0,731.0,360.44,437.0,196.97884827226162,1.6525037936016311,0,1.4737903225509317,2.2884262414238594,0
2025-02-22,Munchkins,399.0,Regular Day,-2.3,18.9,11.05,-1.9,10.9,-0.9,16.3,0.0,-3.9000000000000004,9.842777777777778,25.0,0.0,0.0,0.0,-25.415,7,22,53,0,0,8,2,2025,1,4,-2.4492935982947064e-16,1.0,-0.9510565162951536,0.30901699437494723,468.0,406.0,420.0,355.0,599.0,364.86,353.07,332.05,120.27,123.0,474.0,370.15,412.25,46.492830988587194,1.1277419354693194,0,0.7813021702707629,1.1303733265876468,0
2025-02-22,Donuts,317.0,Regular Day,-2.3,18.9,11.05,-1.9,10.9,-0.9,16.3,0.0,-3.9000000000000004,9.842777777777778,25.0,0.0,0.0,0.0,-25.415,7,22,53,0,0,8,2,2025,1,4,-2.4492935982947064e-16,1.0,-0.9510565162951536,0.30901699437494723,347.0,331.0,354.0,339.0,349.0,337.71,316.14,297.9,181.31,209.0,731.0,327.33,342.75,9.945685831890462,0.9783549783408607,0,0.994269340945723,0.2708069052853784,0
2025-02-23,Munchkins,442.0,Regular Day,-0.9,15.8,11.083333333333334,-1.1333333333333333,10.2,2.2,13.2,0.0,-4.1000000000000005,9.78111111111111,50.0,0.0,0.0,0.0,-9.975000000000001,1,23,54,0,0,8,2,2025,1,4,0.7818314824680298,0.6234898018587336,-0.9510565162951536,0.30901699437494723,416.0,379.0,413.0,435.0,141.0,340.0,356.64,332.86,130.1,123.0,474.0,333.36,410.75,23.30057223903882,0.9374999999889446,0,2.9503546097198328,0.6390468869608725,0
2025-02-23,Donuts,320.0,Regular Day,-0.9,15.8,11.083333333333334,-1.1333333333333333,10.2,2.2,13.2,0.0,-4.1000000000000005,9.78111111111111,50.0,0.0,0.0,0.0,-9.975000000000001,1,23,54,0,0,8,2,2025,1,4,0.7818314824680298,0.6234898018587336,-0.9510565162951536,0.30901699437494723,315.0,424.0,395.0,354.0,245.0,335.43,318.79,299.38,183.05,209.0,731.0,298.0,372.0,47.63052242697603,0.9866488651403652,0,1.2857142856618076,0.0853318765318038,0
2025-02-24,Donuts,154.0,Regular Day,2.2,13.7,11.116666666666667,2.133333333333333,12.6,4.3,16.0,0.0,-4.3,10.678888888888888,61.0,0.0,0.0,0.0,24.45666666666667,2,24,55,0,0,9,2,2025,0,4,0.9749279121818236,-0.22252093395631434,-0.9510565162951536,0.30901699437494723,228.0,154.0,141.0,159.0,261.0,342.43,315.21,300.43,178.28,210.0,731.0,288.0,170.5,39.07684736515984,1.273333333290889,0,0.8735632183573347,-0.406271034305235,0
2025-02-24,Munchkins,291.0,Regular Day,2.2,13.7,11.116666666666667,2.133333333333333,12.6,4.3,16.0,0.0,-4.3,10.678888888888888,61.0,0.0,0.0,0.0,24.45666666666667,2,24,55,0,0,9,2,2025,0,4,0.9749279121818236,-0.22252093395631434,-0.9510565162951536,0.30901699437494723,320.0,202.0,141.0,222.0,236.0,373.71,349.07,338.38,88.38,223.0,474.0,339.77,221.25,74.30287118723386,1.438016528886005,0,1.3559322033323757,-0.2079656030540885,0
2025-02-25,Donuts,269.0,Regular Day,4.3,9.0,11.166666666666666,6.166666666666666,12.8,9.0,16.3,0.0,-3.700000000000001,9.707222222222223,70.0,0.0,0.0,0.0,48.01666666666666,3,25,56,0,0,9,2,2025,0,4,0.43388373911755823,-0.900968867902419,-0.9510565162951536,0.30901699437494723,210.0,226.0,173.0,179.0,576.0,330.0,308.57,300.81,184.02,210.0,731.0,271.25,197.0,25.232254490367417,1.238636363601175,0,0.36458333332700377,-0.49347896965039234,0
2025-02-25,Munchkins,441.0,Regular Day,4.3,9.0,11.166666666666666,6.166666666666666,12.8,9.0,16.3,0.0,-3.700000000000001,9.707222222222223,70.0,0.0,0.0,0.0,48.01666666666666,3,25,56,0,0,9,2,2025,0,4,0.43388373911755823,-0.900968867902419,-0.9510565162951536,0.30901699437494723,223.0,397.0,173.0,206.0,484.0,373.0,346.79,344.14,88.57,223.0,474.0,342.58,249.75,100.3373476494836,1.6358839049700293,0,0.46074380164337303,-1.3677317374542473,0
2025-02-26,Munchkins,414.0,Regular Day,9.0,9.5,11.2,2.5,12.9,8.5,17.9,0.0,-4.6,10.726666666666667,9.0,0.0,0.0,0.0,100.8,4,26,57,0,0,9,2,2025,0,4,-0.433883739117558,-0.9009688679024191,-0.9510565162951536,0.30901699437494723,359.0,123.0,465.0,243.0,401.0,355.0,344.43,342.76,76.62,223.0,468.0,343.93,297.5,147.48898263938224,0.6807909604423616,0,0.8952618453642079,0.21195510307857554,0
2025-02-26,Donuts,198.0,Regular Day,9.0,9.5,11.2,2.5,12.9,8.5,17.9,0.0,-4.6,10.726666666666667,9.0,0.0,0.0,0.0,100.8,4,26,57,0,0,9,2,2025,0,4,-0.433883739117558,-0.9009688679024191,-0.9510565162951536,0.30901699437494723,258.0,209.0,308.0,236.0,524.0,274.0,307.21,302.1,58.47,210.0,347.0,288.19,252.75,41.93149174546501,0.8584558823371607,0,0.49236641220434413,-0.7542329398402206,0
2025-02-27,Munchkins,280.0,Regular Day,8.5,7.199999999999999,11.25,3.333333333333333,9.2,10.8,18.0,0.0,-3.200000000000001,0.8777777777777778,96.0,0.0,0.0,0.9,95.625,5,27,58,0,0,9,2,2025,0,4,-0.9749279121818236,-0.2225209339563146,-0.9510565162951536,0.30901699437494723,351.0,356.0,383.0,230.0,524.0,345.14,343.93,341.76,62.86,223.0,416.0,357.7,330.0,68.13222438758329,1.1533442087903207,0,0.6698473282314914,0.14699331846213928,0
2025-02-27,Donuts,255.0,Regular Day,8.5,7.199999999999999,11.25,3.333333333333333,9.2,10.8,18.0,0.0,-3.200000000000001,0.8777777777777778,96.0,0.0,0.0,0.9,95.625,5,27,58,0,0,9,2,2025,0,4,-0.9749279121818236,-0.2225209339563146,-0.9510565162951536,0.30901699437494723,221.0,308.0,314.0,213.0,314.0,269.71,306.21,300.33,53.08,210.0,339.0,295.39,264.0,54.42425929675111,1.003795066394615,0,0.7038216560285407,-1.4945365483243147,0
2025-02-28,Munchkins,355.0,Regular Day,10.8,10.0,11.283333333333333,0.16666666666666696,8.600000000000001,8.0,20.8,0.0,-2.8000000000000007,10.035833333333333,48.0,0.0,0.0,0.1,121.86000000000001,6,28,59,0,1,9,2,2025,0,4,-0.7818314824680299,0.6234898018587334,-0.9510565162951536,0.30901699437494723,348.0,474.0,381.0,377.0,416.0,348.86,348.43,343.14,68.28,223.0,442.0,378.77,395.0,54.680892457969264,1.0844327176637938,0,0.8365384615183524,0.07117750438324896,0
2025-02-28,Donuts,339.0,Regular Day,10.8,10.0,11.283333333333333,0.16666666666666696,8.600000000000001,8.0,20.8,0.0,-2.8000000000000007,10.035833333333333,48.0,0.0,0.0,0.1,121.86000000000001,6,28,59,0,1,9,2,2025,0,4,-0.7818314824680299,0.6234898018587334,-0.9510565162951536,0.30901699437494723,339.0,731.0,358.0,312.0,306.0,270.43,298.79,296.76,53.82,210.0,339.0,301.54,435.0,198.23386861650727,1.5970149253492982,0,1.1078431372186979,0.784838349909915,0
2025-03-01,Munchkins,484.0,Regular Day,8.0,8.9,11.333333333333334,3.5999999999999996,12.6,9.1,30.6,0.0,-4.800000000000001,9.893055555555556,39.0,0.0,0.0,0.0,90.66666666666667,7,1,60,1,0,9,3,2025,1,1,-2.4492935982947064e-16,1.0,0.9510565162951535,0.30901699437494745,399.0,468.0,406.0,420.0,601.0,344.71,354.79,350.29,71.14,223.0,442.0,356.83,423.25,31.084562084739105,1.0496368038613846,0,0.6638935108042613,0.6847062130046798,0
2025-03-01,Donuts,373.0,Regular Day,8.0,8.9,11.333333333333334,3.5999999999999996,12.6,9.1,30.6,0.0,-4.800000000000001,9.893055555555556,39.0,0.0,0.0,0.0,90.66666666666667,7,1,60,1,0,9,3,2025,1,1,-2.4492935982947064e-16,1.0,0.9510565162951535,0.30901699437494745,317.0,347.0,331.0,354.0,252.0,259.86,298.79,297.38,68.74,154.0,339.0,264.66,337.25,16.580611166861935,0.9693430656792796,0,1.2579365078865898,0.28542333426164934,0
2025-03-02,Munchkins,468.0,Regular Day,9.1,19.4,11.383333333333333,-1.2333333333333334,11.2,-1.4,31.0,0.0,-6.6,11.001388888888888,13.0,0.0,0.0,0.0,103.58833333333332,1,2,61,0,0,9,3,2025,1,1,0.7818314824680298,0.6234898018587336,0.9510565162951535,0.30901699437494745,442.0,416.0,379.0,413.0,273.0,375.86,357.93,363.05,54.82,291.0,442.0,377.87,412.5,25.852143689321654,1.0833333333196549,0,1.6190476189883132,1.4401678217000786,0
2025-03-02,Donuts,351.0,Regular Day,9.1,19.4,11.383333333333333,-1.2333333333333334,11.2,-1.4,31.0,0.0,-6.6,11.001388888888888,13.0,0.0,0.0,0.0,103.58833333333332,1,2,61,0,0,9,3,2025,1,1,0.7818314824680298,0.6234898018587336,0.9510565162951535,0.30901699437494745,320.0,315.0,424.0,395.0,255.0,268.29,301.86,301.95,65.13,154.0,339.0,265.74,363.5,54.45793483659352,0.7753357753263085,0,1.2549019607351017,0.2771380315864983,0
2025-03-03,Munchkins,368.0,Regular Day,-1.4,19.8,11.433333333333334,-4.333333333333333,9.399999999999999,-1.8,12.3,0.0,-3.9,10.9225,18.0,0.0,0.0,0.0,-16.006666666666668,2,3,62,0,0,10,3,2025,0,1,0.9749279121818236,-0.22252093395631434,0.9510565162951535,0.30901699437494745,291.0,320.0,202.0,141.0,190.0,383.71,378.71,360.62,55.93,291.0,442.0,386.9,238.5,82.13200756505753,1.7813411078197858,0,1.5315789472878116,-1.2447702483023833,0
2025-03-03,Donuts,258.0,Regular Day,-1.4,19.8,11.433333333333334,-4.333333333333333,9.399999999999999,-1.8,12.3,0.0,-3.9,10.9225,18.0,0.0,0.0,0.0,-16.006666666666668,2,3,62,0,0,10,3,2025,0,1,0.9749279121818236,-0.22252093395631434,0.9510565162951535,0.30901699437494745,154.0,228.0,154.0,141.0,156.0,259.71,301.07,296.71,70.44,154.0,339.0,248.81,169.25,39.64320034171476,1.2949152541933926,0,0.9871794871162064,-2.0259795567822287,1
2025-03-04,Donuts,165.0,Regular Day,-1.8,13.8,11.466666666666667,-3.5666666666666664,16.6,4.2,19.7,0.0,-4.600000000000001,7.769166666666667,48.0,0.0,0.0,0.0,-20.64,3,4,63,0,0,10,3,2025,0,1,0.43388373911755823,-0.900968867902419,0.9510565162951535,0.30901699437494745,269.0,210.0,226.0,173.0,299.0,264.57,297.29,293.9,68.47,154.0,339.0,250.36,219.5,39.770173078158294,1.2005012531027444,0,0.8996655518093757,-0.3636629180131934,0
2025-03-04,Munchkins,248.0,Regular Day,-1.8,13.8,11.466666666666667,-3.5666666666666664,16.6,4.2,19.7,0.0,-4.600000000000001,7.769166666666667,48.0,0.0,0.0,0.0,-20.64,3,4,63,0,0,10,3,2025,0,1,0.43388373911755823,-0.900968867902419,0.9510565162951535,0.30901699437494745,441.0,223.0,397.0,173.0,220.0,373.57,373.29,355.71,67.99,280.0,442.0,360.18,308.5,130.45944452843062,1.1649122806813172,0,2.004545454454339,1.2544491835189813,0
2025-03-05,Donuts,284.0,Regular Day,4.2,6.9,11.516666666666667,1.5333333333333314,6.3999999999999995,11.1,31.4,0.0,-3.5,1.1866666666666668,75.0,0.0,0.0,7.7,48.370000000000005,4,5,64,0,0,10,3,2025,0,1,-0.433883739117558,-0.9009688679024191,0.9510565162951535,0.30901699437494745,198.0,258.0,209.0,308.0,325.0,264.57,269.29,293.0,68.47,154.0,339.0,272.52,243.25,50.43395020552459,0.8820116053988005,0,0.6092307692120237,-1.3874689643073657,0
2025-03-05,Munchkins,256.0,Regular Day,4.2,6.9,11.516666666666667,1.5333333333333314,6.3999999999999995,11.1,31.4,0.0,-3.5,1.1866666666666668,75.0,0.0,0.0,7.7,48.370000000000005,4,5,64,0,0,10,3,2025,0,1,-0.433883739117558,-0.9009688679024191,0.9510565162951535,0.30901699437494745,414.0,359.0,123.0,465.0,310.0,374.57,364.79,354.48,67.6,280.0,442.0,358.88,340.25,151.16299150255,1.3146258503177783,0,1.3354838709246617,0.8804733726508175,0
2025-03-06,Munchkins,294.0,Regular Day,11.1,8.2,11.55,1.7666666666666675,7.3999999999999995,9.8,29.8,0.0,-2.1999999999999993,10.188055555555556,66.0,0.0,0.0,27.0,128.205,5,6,65,0,0,10,3,2025,0,1,-0.9749279121818236,-0.2225209339563146,0.9510565162951535,0.30901699437494745,280.0,351.0,356.0,383.0,494.0,386.71,365.93,358.19,79.34,280.0,484.0,390.16,342.5,43.97347685442518,0.8538565629113145,0,0.5668016194217247,-0.9855054195884163,0
2025-03-06,Donuts,228.0,Regular Day,11.1,8.2,11.55,1.7666666666666675,7.3999999999999995,9.8,29.8,0.0,-2.1999999999999993,10.188055555555556,66.0,0.0,0.0,27.0,128.205,5,6,65,0,0,10,3,2025,0,1,-0.9749279121818236,-0.2225209339563146,0.9510565162951535,0.30901699437494745,255.0,221.0,308.0,314.0,331.0,272.57,271.14,295.0,78.2,154.0,373.0,297.64,274.5,44.44097208657794,0.7652733118848026,0,0.7703927492214383,-0.5115089513412393,0
2025-03-07,Donuts,379.0,Regular Day,9.8,13.8,11.6,-2.1999999999999993,9.4,4.2,29.6,0.0,-6.199999999999999,11.359722222222222,13.0,0.0,0.0,0.0,113.68,6,7,66,0,0,10,3,2025,0,1,-0.7818314824680299,0.6234898018587334,0.9510565162951535,0.30901699437494745,339.0,339.0,731.0,358.0,479.0,277.0,273.71,291.52,82.11,154.0,373.0,310.98,441.75,193.0412304837147,0.6225895316747238,0,0.7077244258724901,0.5782486907102367,0
2025-03-07,Munchkins,439.0,Regular Day,9.8,13.8,11.6,-2.1999999999999993,9.4,4.2,29.6,0.0,-6.199999999999999,11.359722222222222,13.0,0.0,0.0,0.0,113.68,6,7,66,0,0,10,3,2025,0,1,-0.7818314824680299,0.6234898018587334,0.9510565162951535,0.30901699437494745,355.0,348.0,474.0,381.0,608.0,390.43,369.64,362.43,82.89,280.0,484.0,409.62,389.5,58.09475019311125,0.8222222222126055,0,0.583881578937765,-0.08963686812768294,0
2025-03-08,Donuts,339.0,Regular Day,4.2,11.8,11.633333333333333,-4.233333333333332,5.6000000000000005,6.2,24.5,0.0,-5.4,10.222777777777777,59.0,0.0,0.0,0.0,48.86,7,8,67,0,0,10,3,2025,1,2,-2.4492935982947064e-16,1.0,0.5877852522924732,-0.8090169943749473,373.0,317.0,347.0,331.0,357.0,291.86,275.86,296.48,63.43,198.0,373.0,297.73,342.0,24.027761721253466,1.0176991150292374,0,1.0448179271416018,1.2063692257281458,0
2025-03-08,Munchkins,428.0,Regular Day,4.2,11.8,11.633333333333333,-4.233333333333332,5.6000000000000005,6.2,24.5,0.0,-5.4,10.222777777777777,59.0,0.0,0.0,0.0,48.86,7,8,67,0,0,10,3,2025,1,2,-2.4492935982947064e-16,1.0,0.5877852522924732,-0.8090169943749473,484.0,399.0,468.0,406.0,535.0,401.43,373.07,370.33,71.87,280.0,484.0,399.22,439.25,43.03002827483772,1.0102974828259692,0,0.9046728971793518,1.5816056766965905,0
2025-03-09,Donuts,361.0,Regular Day,6.2,13.6,11.683333333333334,-4.433333333333334,14.7,4.4,30.6,0.0,-6.0,11.421388888888888,12.0,0.0,0.0,0.0,72.43666666666667,1,9,68,0,0,10,3,2025,1,2,0.7818314824680298,0.6234898018587336,0.5877852522924732,-0.8090169943749473,351.0,320.0,315.0,424.0,192.0,277.0,272.64,293.57,79.76,165.0,373.0,264.55,352.5,50.25601124907016,0.9079837618280381,0,1.828124999904785,0.7200351052256727,0
2025-03-09,Munchkins,457.0,Regular Day,6.2,13.6,11.683333333333334,-4.433333333333334,14.7,4.4,30.6,0.0,-6.0,11.421388888888888,12.0,0.0,0.0,0.0,72.43666666666667,1,9,68,0,0,10,3,2025,1,2,0.7818314824680298,0.6234898018587336,0.5877852522924732,-0.8090169943749473,468.0,442.0,416.0,379.0,148.0,373.86,374.86,363.24,89.11,248.0,484.0,361.41,426.25,37.98574293951175,1.1446540880359164,0,3.1621621619485025,1.175625631110355,0
2025-03-10,Munchkins,284.0,Regular Day,4.4,8.4,11.716666666666667,-0.6999999999999993,13.7,9.6,14.8,0.0,-2.3999999999999986,11.576944444444445,1.0,0.0,0.0,0.0,51.553333333333335,2,10,69,0,0,11,3,2025,0,2,0.9749279121818236,-0.22252093395631434,0.5877852522924732,-0.8090169943749473,368.0,291.0,320.0,202.0,445.0,351.29,367.5,369.57,96.92,248.0,484.0,335.06,295.25,69.80627956471156,1.2624521072555086,0,0.826966292116248,-0.016198926948390466,0
2025-03-10,Donuts,182.0,Regular Day,4.4,8.4,11.716666666666667,-0.6999999999999993,13.7,9.6,14.8,0.0,-2.3999999999999986,11.576944444444445,1.0,0.0,0.0,0.0,51.553333333333335,2,10,69,0,0,11,3,2025,0,2,0.9749279121818236,-0.22252093395631434,0.5877852522924732,-0.8090169943749473,258.0,154.0,228.0,154.0,218.0,289.29,274.5,297.14,71.78,165.0,373.0,269.41,198.5,52.823605834260626,1.0785340313853786,0,1.1834862384778218,-0.5452772359229203,0
2025-03-11,Munchkins,263.0,Regular Day,9.6,8.1,11.766666666666667,-2.5999999999999996,18.0,9.9,12.6,0.0,-2.8000000000000007,11.62,0.0,0.0,0.0,0.0,112.96000000000001,3,11,70,0,0,11,3,2025,0,2,0.43388373911755823,-0.900968867902419,0.5877852522924732,-0.8090169943749473,248.0,441.0,223.0,397.0,340.0,353.29,363.43,366.62,95.33,248.0,484.0,324.79,327.25,107.93941201742145,1.111290322562721,0,0.729411764684429,-1.244309241451347,0
2025-03-11,Donuts,243.0,Regular Day,9.6,8.1,11.766666666666667,-2.5999999999999996,18.0,9.9,12.6,0.0,-2.8000000000000007,11.62,0.0,0.0,0.0,0.0,112.96000000000001,3,11,70,0,0,11,3,2025,0,2,0.43388373911755823,-0.900968867902419,0.5877852522924732,-0.8090169943749473,165.0,269.0,210.0,226.0,304.0,285.43,275.0,293.33,74.6,165.0,373.0,259.06,217.5,42.96122282555126,0.9954128440138666,0,0.5427631578768828,-1.7202412866326755,0
2025-03-12,Munchkins,247.0,Regular Day,9.9,8.4,11.8,0.4666666666666668,9.2,9.6,15.8,0.0,-3.9000000000000004,11.663611111111111,36.0,0.0,0.0,0.0,116.82000000000001,4,12,71,0,0,11,3,2025,0,2,-0.433883739117558,-0.9009688679024191,0.5877852522924732,-0.8090169943749473,256.0,414.0,359.0,123.0,338.0,365.29,369.93,364.95,100.72,248.0,484.0,353.35,288.0,128.01822786879478,1.3900414937470946,0,0.7573964496817338,-1.0817116758258825,0
2025-03-12,Donuts,311.0,Regular Day,9.9,8.4,11.8,0.4666666666666668,9.2,9.6,15.8,0.0,-3.9000000000000004,11.663611111111111,36.0,0.0,0.0,0.0,116.82000000000001,4,12,71,0,0,11,3,2025,0,2,-0.433883739117558,-0.9009688679024191,0.5877852522924732,-0.8090169943749473,284.0,198.0,258.0,209.0,304.0,291.14,277.86,276.57,80.68,165.0,379.0,289.04,237.25,40.63967683598546,1.0321199143247939,0,0.9342105262850589,0.09209221615120333,0
2025-03-13,Munchkins,343.0,Regular Day,9.6,11.2,11.85,0.2333333333333334,8.4,6.8,15.9,0.0,-2.700000000000001,11.3,55.0,0.0,0.0,0.0,113.75999999999999,5,13,72,0,0,11,3,2025,0,2,-0.9749279121818236,-0.2225209339563146,0.5877852522924732,-0.8090169943749473,294.0,280.0,351.0,356.0,441.0,357.29,372.0,363.05,91.52,248.0,468.0,372.01,320.25,38.87051153080786,0.8118811881073285,0,0.6666666666515495,-0.7544798950224565,0
2025-03-13,Donuts,273.0,Regular Day,9.6,11.2,11.85,0.2333333333333334,8.4,6.8,15.9,0.0,-2.700000000000001,11.3,55.0,0.0,0.0,0.0,113.75999999999999,5,13,72,0,0,11,3,2025,0,2,-0.9749279121818236,-0.2225209339563146,0.5877852522924732,-0.8090169943749473,228.0,255.0,221.0,308.0,302.0,286.29,279.43,276.19,75.8,165.0,379.0,301.53,253.0,39.48839491968917,0.9130434782436098,0,0.7549668873922196,-0.6357519788079483,0
2025-03-14,Munchkins,730.0,DCP Forecast Test - 14 MAR 2025,6.8,11.5,11.9,-3.3666666666666654,13.1,6.5,12.8,0.0,-1.200000000000001,9.66388888888889,26.0,0.0,0.0,0.0,80.92,6,14,73,0,0,11,3,2025,0,2,-0.7818314824680299,0.6234898018587334,0.5877852522924732,-0.8090169943749473,439.0,355.0,348.0,474.0,508.0,355.71,373.07,365.0,89.37,248.0,457.0,393.26,404.0,62.34848300747448,0.9659367396476163,1,0.8641732283294454,0.8280183505843104,0
2025-03-14,Donuts,330.0,DCP Forecast Test - 14 MAR 2025,6.8,11.5,11.9,-3.3666666666666654,13.1,6.5,12.8,0.0,-1.200000000000001,9.66388888888889,26.0,0.0,0.0,0.0,80.92,6,14,73,0,0,11,3,2025,0,2,-0.7818314824680299,0.6234898018587334,0.5877852522924732,-0.8090169943749473,379.0,339.0,339.0,731.0,476.0,287.71,282.36,278.38,77.3,165.0,379.0,316.4,447.0,190.2699836197677,0.6710280373769063,1,0.7962184873782306,1.3016817592106493,0
2025-03-15,Munchkins,427.0,Regular Day,6.5,10.1,11.933333333333334,-1.5333333333333332,7.6000000000000005,7.9,11.9,0.0,-1.700000000000001,0.0,94.0,0.0,0.0,0.0,77.56666666666666,7,15,74,0,0,11,3,2025,1,3,-2.4492935982947064e-16,1.0,-0.587785252292473,-0.8090169943749476,428.0,484.0,399.0,468.0,630.0,343.71,372.57,363.29,93.01,248.0,457.0,365.94,444.75,38.53461647229237,1.0519031141747186,0,0.6793650793542958,0.6957316416841486,0
2025-03-15,Donuts,443.0,Regular Day,6.5,10.1,11.933333333333334,-1.5333333333333332,7.6000000000000005,7.9,11.9,0.0,-1.700000000000001,0.0,94.0,0.0,0.0,0.0,77.56666666666666,7,15,74,0,0,11,3,2025,1,3,-2.4492935982947064e-16,1.0,-0.587785252292473,-0.8090169943749476,339.0,373.0,317.0,347.0,416.0,276.86,284.36,276.19,86.91,165.0,379.0,282.8,344.0,23.122860261366167,1.0722891566103572,0,0.8149038461342571,0.7227016452971233,0
2025-03-16,Donuts,382.0,Regular Day,7.9,4.6,11.983333333333333,-0.8999999999999986,9.1,13.4,28.3,0.0,-2.0999999999999996,2.3377777777777777,100.0,0.0,0.0,0.0,94.66833333333334,1,16,75,0,0,11,3,2025,1,3,0.7818314824680298,0.6234898018587336,-0.587785252292473,-0.8090169943749476,361.0,351.0,320.0,315.0,258.0,288.0,282.5,277.76,74.26,182.0,379.0,272.85,336.75,22.691775308835282,1.1212598425020275,0,1.399224806147317,1.1209264743979364,0
2025-03-16,Munchkins,538.0,Regular Day,7.9,4.6,11.983333333333333,-0.8999999999999986,9.1,13.4,28.3,0.0,-2.0999999999999996,2.3377777777777777,100.0,0.0,0.0,0.0,94.66833333333334,1,16,75,0,0,11,3,2025,1,3,0.7818314824680298,0.6234898018587336,-0.587785252292473,-0.8090169943749476,457.0,468.0,442.0,416.0,365.0,345.86,359.86,365.19,90.58,256.0,457.0,340.21,445.75,22.51480994071828,1.078088578076013,0,1.252054794486245,1.0135791564348005,0
2025-03-17,Munchkins,149.0,Regular Day,13.4,3.9000000000000004,12.016666666666667,3.633333333333333,9.200000000000001,14.1,29.1,0.0,-2.5,4.0536111111111115,88.0,0.0,0.0,31.5,161.02333333333334,2,17,76,0,0,12,3,2025,0,3,0.9749279121818236,-0.22252093395631434,-0.587785252292473,-0.8090169943749476,284.0,368.0,291.0,320.0,325.0,344.57,347.93,359.86,92.12,247.0,457.0,316.91,315.75,38.16084380618437,1.0671031096388364,0,0.8738461538192662,-0.8234910984776933,0
2025-03-17,Donuts,213.0,Regular Day,13.4,3.9000000000000004,12.016666666666667,3.633333333333333,9.200000000000001,14.1,29.1,0.0,-2.5,4.0536111111111115,88.0,0.0,0.0,31.5,161.02333333333334,2,17,76,0,0,12,3,2025,0,3,0.9749279121818236,-0.22252093395631434,-0.587785252292473,-0.8090169943749476,182.0,258.0,154.0,228.0,264.0,291.86,290.57,280.29,74.72,182.0,379.0,282.39,205.5,46.42915750545843,1.1518324607028316,0,0.689393939367826,-1.3154443253057493,0
2025-03-18,Donuts,247.0,Regular Day,14.1,11.0,12.066666666666666,0.666666666666667,15.4,7.0,20.9,0.0,-3.5,11.848888888888888,21.0,0.0,0.0,0.0,170.14,3,18,77,0,0,12,3,2025,0,3,0.43388373911755823,-0.900968867902419,-0.587785252292473,-0.8090169943749476,243.0,165.0,269.0,210.0,422.0,298.29,291.86,282.76,70.1,182.0,379.0,280.04,221.75,44.88039661143827,0.8517745302536164,0,0.5758293838726106,-0.567189728877719,0
2025-03-18,Munchkins,229.0,Regular Day,14.1,11.0,12.066666666666666,0.666666666666667,15.4,7.0,20.9,0.0,-3.5,11.848888888888888,21.0,0.0,0.0,0.0,170.14,3,18,77,0,0,12,3,2025,0,3,0.43388373911755823,-0.900968867902419,-0.587785252292473,-0.8090169943749476,263.0,248.0,441.0,223.0,276.0,351.57,352.43,359.48,89.46,247.0,457.0,323.43,293.75,99.54354156180433,0.769578313241422,0,0.9528985506901123,-1.078470824829145,0
2025-03-19,Donuts,256.0,Regular Day,7.0,9.4,12.116666666666667,2.0666666666666673,15.6,8.6,13.3,0.0,-2.5999999999999996,11.005555555555556,17.0,0.0,0.0,0.0,84.81666666666666,4,19,78,0,0,12,3,2025,0,3,-0.433883739117558,-0.9009688679024191,-0.587785252292473,-0.8090169943749476,311.0,284.0,198.0,258.0,324.0,291.29,291.21,282.33,62.76,182.0,361.0,292.53,262.75,48.286471535341384,1.304824561374894,0,0.9598765431802507,0.4568196302650067,0
2025-03-19,Munchkins,193.0,Regular Day,7.0,9.4,12.116666666666667,2.0666666666666673,15.6,8.6,13.3,0.0,-2.5999999999999996,11.005555555555556,17.0,0.0,0.0,0.0,84.81666666666666,4,19,78,0,0,12,3,2025,0,3,-0.433883739117558,-0.9009688679024191,-0.587785252292473,-0.8090169943749476,247.0,256.0,414.0,359.0,228.0,393.14,379.21,377.67,169.06,247.0,730.0,425.07,319.0,81.19523795560099,0.6507115135750231,0,1.0833333332858186,-0.772920856454932,0
2025-03-20,Munchkins,274.0,Regular Day,8.6,8.5,12.15,2.5666666666666664,8.4,9.5,20.4,0.0,-2.1999999999999993,7.811111111111111,98.0,0.0,0.0,0.0,104.49,5,20,79,0,0,12,3,2025,0,3,-0.9749279121818236,-0.2225209339563146,-0.587785252292473,-0.8090169943749476,343.0,294.0,280.0,351.0,993.0,393.0,375.14,379.0,169.03,247.0,730.0,425.55,317.0,35.26093211095437,1.0095087163072978,0,0.3454179254748699,-0.21297994437596993,0
2025-03-20,Donuts,286.0,Regular Day,8.6,8.5,12.15,2.5666666666666664,8.4,9.5,20.4,0.0,-2.1999999999999993,7.811111111111111,98.0,0.0,0.0,0.0,104.49,5,20,79,0,0,12,3,2025,0,3,-0.9749279121818236,-0.2225209339563146,-0.587785252292473,-0.8090169943749476,273.0,228.0,255.0,221.0,570.0,306.14,296.21,288.33,84.49,182.0,443.0,330.15,244.25,24.12985702402731,1.0525210083812495,0,0.47894736841265007,-0.18144159069932028,0
2025-03-21,Munchkins,565.0,Regular Day,9.5,9.3,12.2,-1.166666666666666,7.4,8.7,28.1,0.0,-2.5,11.93,41.0,0.0,0.0,10.9,115.89999999999999,6,21,80,0,0,12,3,2025,0,3,-0.7818314824680299,0.6234898018587334,-0.587785252292473,-0.8090169943749476,730.0,439.0,355.0,348.0,499.0,404.57,380.14,383.57,176.73,247.0,730.0,453.67,468.0,179.49373248110922,1.662873399691851,0,1.4629258516740897,1.9602218071657205,0
2025-03-21,Donuts,323.0,Regular Day,9.5,9.3,12.2,-1.166666666666666,7.4,8.7,28.1,0.0,-2.5,11.93,41.0,0.0,0.0,10.9,115.89999999999999,6,21,80,0,0,12,3,2025,0,3,-0.7818314824680299,0.6234898018587334,-0.587785252292473,-0.8090169943749476,330.0,379.0,339.0,339.0,398.0,309.14,298.43,291.29,87.09,182.0,443.0,343.11,346.75,21.914607000811127,1.0457227138488832,0,0.8291457286223832,0.44448271897525726,0
2025-03-22,Munchkins,403.0,Regular Day,8.7,8.3,12.25,1.5666666666666664,13.0,9.7,25.1,0.0,-4.600000000000001,11.185,59.0,0.0,0.0,0.0,106.57499999999999,7,22,81,0,0,12,3,2025,1,4,-2.4492935982947064e-16,1.0,-0.9510565162951536,0.30901699437494723,427.0,428.0,484.0,399.0,517.0,385.29,364.5,376.81,198.15,149.0,730.0,377.5,434.5,35.632382276051466,0.9682899207138359,0,0.8259187620729996,0.25329295986609673,0
2025-03-22,Donuts,351.0,Regular Day,8.7,8.3,12.25,1.5666666666666664,13.0,9.7,25.1,0.0,-4.600000000000001,11.185,59.0,0.0,0.0,0.0,106.57499999999999,7,22,81,0,0,12,3,2025,1,4,-2.4492935982947064e-16,1.0,-0.9510565162951536,0.30901699437494723,443.0,339.0,373.0,317.0,343.0,313.57,295.21,294.1,80.05,213.0,443.0,310.58,368.0,55.05149104853261,1.1333333333169082,0,1.2915451894667187,1.8600874451142926,0
2025-03-23,Munchkins,456.0,Regular Day,9.7,11.9,12.283333333333333,-0.2999999999999998,13.8,6.1,26.0,0.0,-5.1000000000000005,11.983611111111111,38.0,0.0,0.0,0.0,119.14833333333333,1,23,82,0,0,12,3,2025,1,4,0.7818314824680298,0.6234898018587336,-0.9510565162951536,0.30901699437494723,538.0,457.0,468.0,442.0,335.0,380.43,363.14,366.71,202.03,149.0,730.0,340.37,476.25,42.523522902036234,1.093406593394578,0,1.6059701492057918,0.8478443795056257,0
2025-03-23,Donuts,379.0,Regular Day,9.7,11.9,12.283333333333333,-0.2999999999999998,13.8,6.1,26.0,0.0,-5.1000000000000005,11.983611111111111,38.0,0.0,0.0,0.0,119.14833333333333,1,23,82,0,0,12,3,2025,1,4,0.7818314824680298,0.6234898018587336,-0.9510565162951536,0.30901699437494723,382.0,361.0,351.0,320.0,297.0,314.14,301.07,293.05,79.48,213.0,443.0,294.69,353.5,25.800516790689805,1.1073025335155395,0,1.2861952861519799,1.1191494714243646,0
2025-03-24,Munchkins,411.0,Regular Day,6.1,9.9,12.333333333333334,1.0999999999999996,7.000000000000001,8.1,20.1,0.0,-1.6000000000000014,1.0,99.0,0.0,0.0,16.8,75.23333333333333,2,24,83,0,0,13,3,2025,0,4,0.9749279121818236,-0.22252093395631434,-0.9510565162951536,0.30901699437494723,149.0,284.0,368.0,291.0,556.0,372.71,358.64,356.19,208.89,149.0,730.0,303.53,273.0,91.00549433962765,0.657056145665295,0,0.2679856115059715,-0.9918617453687653,0
2025-03-24,Donuts,223.0,Regular Day,6.1,9.9,12.333333333333334,1.0999999999999996,7.000000000000001,8.1,20.1,0.0,-1.6000000000000014,1.0,99.0,0.0,0.0,16.8,75.23333333333333,2,24,83,0,0,13,3,2025,0,4,0.9749279121818236,-0.22252093395631434,-0.9510565162951536,0.30901699437494723,213.0,182.0,258.0,154.0,550.0,306.29,299.07,295.81,82.5,213.0,443.0,285.02,201.75,44.57484342840328,0.9587378640543995,0,0.38727272726568596,-1.0037575756359083,0
2025-03-25,Donuts,222.0,Regular Day,8.1,7.6,12.366666666666667,4.066666666666667,11.3,10.4,23.9,0.0,-4.700000000000001,11.182777777777778,66.0,0.0,0.0,0.0,100.17,3,25,84,0,0,13,3,2025,0,4,0.43388373911755823,-0.900968867902419,-0.9510565162951536,0.30901699437494723,247.0,243.0,165.0,269.0,378.0,308.14,303.21,297.29,81.77,213.0,443.0,285.26,231.0,45.46060565661952,1.1290322580385015,0,0.6534391534218666,-0.6150177325895787,0
2025-03-25,Munchkins,203.0,Regular Day,8.1,7.6,12.366666666666667,4.066666666666667,11.3,10.4,23.9,0.0,-4.700000000000001,11.182777777777778,66.0,0.0,0.0,0.0,100.17,3,25,84,0,0,13,3,2025,0,4,0.43388373911755823,-0.900968867902419,-0.9510565162951536,0.30901699437494723,229.0,263.0,248.0,441.0,560.0,362.86,357.21,355.9,212.13,149.0,730.0,296.15,295.25,98.1576113537135,0.7140783744453689,0,0.40892857142126915,-0.5982180737944552,0
2025-03-26,Munchkins,199.0,Regular Day,10.4,10.3,12.416666666666666,-1.166666666666667,9.3,7.7,24.2,0.0,-4.6000000000000005,9.22861111111111,64.0,0.0,0.0,0.8,129.13333333333333,4,26,85,0,0,13,3,2025,0,4,-0.433883739117558,-0.9009688679024191,-0.9510565162951536,0.30901699437494723,193.0,247.0,256.0,414.0,258.0,339.29,366.21,365.9,169.39,149.0,565.0,363.36,277.5,95.1577637400123,0.656716417900646,0,0.7480620154748813,-1.0207214120656047,0
2025-03-26,Donuts,261.0,Regular Day,10.4,10.3,12.416666666666666,-1.166666666666667,9.3,7.7,24.2,0.0,-4.6000000000000005,9.22861111111111,64.0,0.0,0.0,0.8,129.13333333333333,4,26,85,0,0,13,3,2025,0,4,-0.433883739117558,-0.9009688679024191,-0.9510565162951536,0.30901699437494723,256.0,311.0,284.0,198.0,249.0,307.14,299.21,296.52,81.5,213.0,443.0,294.7,262.25,48.36234761326901,1.1763485476934368,0,1.028112449757907,-0.49717791404942585,0
2025-03-27,Donuts,332.0,Regular Day,7.7,13.2,12.466666666666667,-3.7333333333333334,11.799999999999999,4.8,20.6,0.0,-4.8,12.0,1.0,0.0,0.0,0.0,95.99333333333334,5,27,86,0,0,13,3,2025,0,4,-0.9749279121818236,-0.2225209339563146,-0.9510565162951536,0.30901699437494723,286.0,273.0,228.0,255.0,242.0,294.0,300.07,295.48,60.71,213.0,382.0,308.77,260.5,25.11971337416094,1.1573498964563695,0,1.1818181817693463,-0.15615219895303073,0
2025-03-27,Munchkins,471.0,Regular Day,7.7,13.2,12.466666666666667,-3.7333333333333334,11.799999999999999,4.8,20.6,0.0,-4.8,12.0,1.0,0.0,0.0,0.0,95.99333333333334,5,27,86,0,0,13,3,2025,0,4,-0.9749279121818236,-0.2225209339563146,-0.9510565162951536,0.30901699437494723,274.0,343.0,294.0,280.0,464.0,335.86,364.43,362.05,167.55,149.0,565.0,373.27,297.75,31.308944408906537,1.074912891967336,0,0.5905172413665837,-0.5255147716785726,0
2025-03-28,Munchkins,252.0,Regular Day,4.8,8.0,12.5,2.333333333333333,14.200000000000001,10.0,16.6,0.0,-3.3000000000000007,10.74638888888889,45.0,0.0,0.0,0.0,60.0,6,28,87,0,0,13,3,2025,0,4,-0.7818314824680299,0.6234898018587334,-0.9510565162951536,0.30901699437494723,565.0,730.0,439.0,355.0,345.0,324.14,364.36,361.48,153.33,149.0,565.0,393.95,522.25,163.18777527743921,1.630982367737645,0,1.6376811593728209,1.3273332028091478,0
2025-03-28,Donuts,255.0,Regular Day,4.8,8.0,12.5,2.333333333333333,14.200000000000001,10.0,16.6,0.0,-3.3000000000000007,10.74638888888889,45.0,0.0,0.0,0.0,60.0,6,28,87,0,0,13,3,2025,0,4,-0.7818314824680299,0.6234898018587334,-0.9510565162951536,0.30901699437494723,323.0,330.0,379.0,339.0,322.0,293.57,301.36,296.81,59.99,213.0,379.0,326.33,342.75,25.03830398942122,0.9094707520764698,0,1.0031055900309593,0.43657276205424683,0
2025-03-29,Donuts,408.0,Regular Day,10.0,0.0,12.55,8.233333333333334,13.2,19.0,23.0,0.0,-2.5,11.0,68.0,1.0,0.0,0.0,125.5,7,29,88,0,0,13,3,2025,1,5,-2.4492935982947064e-16,1.0,-2.4492935982947064e-16,1.0,351.0,443.0,339.0,373.0,342.0,295.0,304.29,295.14,57.83,223.0,379.0,300.5,376.5,46.515230480635765,1.1151685393101802,0,1.026315789443675,0.9659346358350452,0
2025-03-29,Munchkins,354.0,Regular Day,10.0,0.0,12.55,8.233333333333334,13.2,19.0,23.0,0.0,-2.5,11.0,68.0,1.0,0.0,0.0,125.5,7,29,88,0,0,13,3,2025,1,5,-2.4492935982947064e-16,1.0,-2.4492935982947064e-16,1.0,403.0,427.0,428.0,484.0,499.0,361.57,373.43,363.52,134.24,193.0,565.0,398.21,435.5,34.336569426778794,0.9100877192882666,0,0.8076152304447372,0.29410011916760287,0
2025-03-30,Donuts,359.0,Regular Day,19.0,3.0,12.583333333333334,2.9000000000000004,15.799999999999999,15.0,18.9,0.0,0.10000000000000142,9.235277777777778,84.0,0.0,0.0,0.0,239.08333333333334,1,30,89,0,0,13,3,2025,1,5,0.7818314824680298,0.6234898018587336,-2.4492935982947064e-16,1.0,379.0,382.0,361.0,351.0,242.0,291.43,302.79,297.86,61.92,222.0,379.0,280.87,368.25,14.773286702694158,1.0688202247040897,0,1.5661157024146233,1.3104005165842374,0
2025-03-30,Munchkins,536.0,Regular Day,19.0,3.0,12.583333333333334,2.9000000000000004,15.799999999999999,15.0,18.9,0.0,0.10000000000000142,9.235277777777778,84.0,0.0,0.0,0.0,239.08333333333334,1,30,89,0,0,13,3,2025,1,5,0.7818314824680298,0.6234898018587336,-2.4492935982947064e-16,1.0,456.0,538.0,457.0,468.0,203.0,357.86,369.14,361.38,138.8,193.0,565.0,349.41,479.75,39.21203046685205,1.0745945945829773,0,2.2463054186085563,0.6817002881353241,0
2025-03-31,Donuts,161.0,Regular Day,15.0,0.0,12.633333333333333,3.133333333333331,9.999999999999998,18.7,29.0,0.0,-0.8999999999999986,10.033888888888889,74.0,0.6999999999999993,0.0,0.3,189.5,2,31,90,0,1,14,3,2025,0,5,0.9749279121818236,-0.22252093395631434,-2.4492935982947064e-16,1.0,223.0,213.0,182.0,258.0,261.0,292.14,299.21,296.76,61.47,222.0,379.0,275.9,219.0,31.31559781748812,0.9909090908865702,0,0.8544061302354633,-1.1999349274117561,0
2025-03-31,Munchkins,249.0,Regular Day,15.0,0.0,12.633333333333333,3.133333333333331,9.999999999999998,18.7,29.0,0.0,-0.8999999999999986,10.033888888888889,74.0,0.6999999999999993,0.0,0.3,189.5,2,31,90,0,1,14,3,2025,0,5,0.9749279121818236,-0.22252093395631434,-2.4492935982947064e-16,1.0,411.0,149.0,284.0,368.0,318.0,358.71,365.71,358.67,137.63,199.0,565.0,311.81,303.0,115.42096863222038,0.8588957055082992,0,1.292452830148036,0.38022233521904936,0
2025-04-01,Donuts,244.0,Regular Day,18.7,6.199999999999999,12.666666666666666,-3.299999999999997,10.900000000000002,11.8,24.4,0.0,0.5,12.0,39.0,0.0,0.0,20.9,236.86666666666665,3,1,91,1,0,14,4,2025,0,1,0.43388373911755823,-0.900968867902419,0.9510565162951535,0.30901699437494745,222.0,247.0,243.0,165.0,225.0,298.71,303.43,301.71,63.14,222.0,379.0,289.93,219.25,37.79219496139381,1.1495098038933944,0,0.9866666666228148,-1.2624326890620154,0
2025-04-01,Munchkins,219.0,Regular Day,18.7,6.199999999999999,12.666666666666666,-3.299999999999997,10.900000000000002,11.8,24.4,0.0,0.5,12.0,39.0,0.0,0.0,20.9,236.86666666666665,3,1,91,1,0,14,4,2025,0,1,0.43388373911755823,-0.900968867902419,0.9510565162951535,0.30901699437494745,203.0,229.0,263.0,248.0,415.0,386.86,374.86,367.1,137.56,199.0,565.0,351.61,235.75,25.889186931999237,0.8454011741517534,0,0.4891566264942372,-1.1929339923529418,0
2025-04-02,Donuts,303.0,Regular Day,11.8,11.3,12.716666666666667,-2.2,9.899999999999999,6.7,18.5,0.0,-3.0999999999999996,10.00361111111111,41.0,0.0,0.0,0.0,150.05666666666667,4,2,92,0,0,14,4,2025,0,1,-0.433883739117558,-0.9009688679024191,0.9510565162951535,0.30901699437494745,261.0,256.0,311.0,284.0,258.0,289.0,298.07,295.81,64.0,222.0,379.0,281.2,278.0,25.152865973217974,0.8689075630106066,0,1.0116279069375338,-0.5439062499150147,0
2025-04-02,Munchkins,253.0,Regular Day,11.8,11.3,12.716666666666667,-2.2,9.899999999999999,6.7,18.5,0.0,-3.0999999999999996,10.00361111111111,41.0,0.0,0.0,0.0,150.05666666666667,4,2,92,0,0,14,4,2025,0,1,-0.433883739117558,-0.9009688679024191,0.9510565162951535,0.30901699437494745,199.0,193.0,247.0,256.0,378.0,342.14,340.71,358.19,119.71,199.0,471.0,326.7,223.75,32.34578797927173,0.7793240556505104,0,0.5264550264410991,-1.329797009328394,0
2025-04-03,Munchkins,374.0,Regular Day,6.7,2.3000000000000007,12.766666666666667,4.675000000000001,18.7,15.7,26.0,0.0,0.3999999999999986,4.238611111111111,100.0,0.0,0.0,2.3,85.53666666666668,5,3,93,0,0,14,4,2025,0,1,-0.9749279121818236,-0.2225209339563146,0.9510565162951535,0.30901699437494745,471.0,274.0,343.0,294.0,303.0,335.14,335.5,354.67,116.96,199.0,471.0,333.53,345.5,88.54565677283857,1.1695447409549522,0,1.5544554454932522,0.9946135430066164,0
2025-04-03,Donuts,275.0,Regular Day,6.7,2.3000000000000007,12.766666666666667,4.675000000000001,18.7,15.7,26.0,0.0,0.3999999999999986,4.238611111111111,100.0,0.0,0.0,2.3,85.53666666666668,5,3,93,0,0,14,4,2025,0,1,-0.9749279121818236,-0.2225209339563146,0.9510565162951535,0.30901699437494745,332.0,286.0,273.0,228.0,255.0,297.14,295.57,299.1,75.75,222.0,408.0,312.9,279.75,42.78921203605725,1.233532934107115,0,1.3019607842626681,0.43432343228589765,0
2025-04-04,Munchkins,491.0,Regular Day,15.7,0.0,12.8,5.049999999999999,5.600000000000001,21.0,18.1,0.0,-0.40000000000000213,5.167777777777777,99.0,3.0,0.0,1.7,200.96,6,4,94,0,0,14,4,2025,0,1,-0.7818314824680299,0.6234898018587334,0.9510565162951535,0.30901699437494745,252.0,565.0,730.0,439.0,320.0,346.57,335.36,358.43,133.48,199.0,536.0,384.15,496.5,201.90839507063592,0.6988879384029181,0,0.7874999999753906,-0.7973479172312447,0
2025-04-04,Donuts,252.0,Regular Day,15.7,0.0,12.8,5.049999999999999,5.600000000000001,21.0,18.1,0.0,-0.40000000000000213,5.167777777777777,99.0,3.0,0.0,1.7,200.96,6,4,94,0,0,14,4,2025,0,1,-0.7818314824680299,0.6234898018587334,0.9510565162951535,0.30901699437494745,255.0,323.0,330.0,379.0,316.0,294.29,293.93,299.0,72.46,222.0,408.0,324.42,321.75,50.99918299999194,0.8152327221323662,0,0.8069620252909189,-0.607231575958152,0
2025-04-05,Munchkins,769.0,Regular Day,21.0,4.699999999999999,12.85,0.375,7.200000000000001,13.3,17.2,0.0,-1.0,0.3061111111111111,99.0,0.0,0.0,0.2,269.84999999999997,7,5,95,0,0,14,4,2025,1,1,-2.4492935982947064e-16,1.0,0.9510565162951535,0.30901699437494745,354.0,403.0,427.0,428.0,548.0,323.43,342.5,356.76,134.49,199.0,536.0,350.36,403.0,34.650637319776195,0.885380116948709,0,0.6459854014480659,-0.02052197189229512,0
2025-04-05,Donuts,389.0,Regular Day,21.0,4.699999999999999,12.85,0.375,7.200000000000001,13.3,17.2,0.0,-1.0,0.3061111111111111,99.0,0.0,0.0,0.2,269.84999999999997,7,5,95,0,0,14,4,2025,1,1,-2.4492935982947064e-16,1.0,0.9510565162951535,0.30901699437494745,408.0,351.0,443.0,339.0,384.0,285.43,290.21,298.0,85.28,161.0,408.0,283.57,385.25,48.869724779253666,0.970588235281706,0,1.0624999999723308,1.2898686677661975,0
2025-04-06,Donuts,383.0,Regular Day,13.3,3.0999999999999996,12.883333333333333,1.5999999999999996,8.9,14.9,19.5,0.0,-0.8000000000000007,6.118333333333333,100.0,0.0,0.0,0.0,171.34833333333333,1,6,96,0,0,14,4,2025,1,1,0.7818314824680298,0.6234898018587336,0.9510565162951535,0.30901699437494745,359.0,379.0,382.0,361.0,177.0,288.57,290.0,298.05,82.92,161.0,408.0,273.68,370.25,11.926860441876563,0.9932705248856895,0,2.028248587456031,0.7350458272147797,0
2025-04-06,Munchkins,664.0,Regular Day,13.3,3.0999999999999996,12.883333333333333,1.5999999999999996,8.9,14.9,19.5,0.0,-0.8000000000000007,6.118333333333333,100.0,0.0,0.0,0.0,171.34833333333333,1,6,96,0,0,14,4,2025,1,1,0.7818314824680298,0.6234898018587336,0.9510565162951535,0.30901699437494745,536.0,456.0,538.0,457.0,141.0,325.71,341.79,354.67,132.22,199.0,536.0,317.52,496.75,46.485660871570566,0.9969849246130956,0,3.801418439446708,1.3714264104241847,0
2025-04-07,Munchkins,392.0,Regular Day,14.9,9.6,12.933333333333334,-1.3249999999999993,9.1,8.4,15.5,0.0,-1.5,0.0,100.0,0.0,0.0,24.3,192.70666666666668,2,7,97,0,0,15,4,2025,0,1,0.9749279121818236,-0.22252093395631434,0.9510565162951535,0.30901699437494745,249.0,411.0,149.0,284.0,273.0,333.43,346.07,354.95,124.97,219.0,536.0,301.39,273.25,108.19234415305611,1.5242494225975924,0,0.9120879120545022,-0.8478034727656394,0
2025-04-07,Donuts,204.0,Regular Day,14.9,9.6,12.933333333333334,-1.3249999999999993,9.1,8.4,15.5,0.0,-1.5,0.0,100.0,0.0,0.0,24.3,192.70666666666668,2,7,97,0,0,15,4,2025,0,1,0.9749279121818236,-0.22252093395631434,0.9510565162951535,0.30901699437494745,161.0,223.0,213.0,182.0,155.0,294.57,293.36,297.67,82.11,161.0,408.0,281.01,194.75,28.476598579652496,0.9721518987095658,0,1.0387096773523412,-1.66447448524364,0
2025-04-08,Donuts,294.0,Regular Day,8.4,12.0,12.966666666666667,-0.40000000000000036,4.0,6.0,31.0,0.0,-3.2,12.0,56.0,0.0,0.0,2.1,108.92,3,8,98,0,0,15,4,2025,0,2,0.43388373911755823,-0.900968867902419,0.5877852522924732,-0.8090169943749473,244.0,222.0,247.0,243.0,274.0,286.43,292.57,297.76,80.59,161.0,408.0,279.5,239.0,11.460075625114056,0.9510204081438567,0,0.8905109488726091,-0.6670802828307382,0
2025-04-08,Munchkins,459.0,Regular Day,8.4,12.0,12.966666666666667,-0.40000000000000036,4.0,6.0,31.0,0.0,-3.2,12.0,56.0,0.0,0.0,2.1,108.92,3,8,98,0,0,15,4,2025,0,2,0.43388373911755823,-0.900968867902419,0.5877852522924732,-0.8090169943749473,219.0,203.0,229.0,263.0,252.0,319.57,353.21,356.43,111.86,219.0,536.0,319.54,228.5,25.37058664411737,0.8577235772183389,0,0.869047619013133,-1.2285893079538184,0
2025-04-09,Donuts,292.0,Regular Day,6.0,14.0,13.016666666666667,-2.1750000000000007,10.6,4.0,18.9,0.0,-2.6999999999999993,12.241388888888888,3.0,0.0,0.0,0.0,78.10000000000001,4,9,99,0,0,15,4,2025,0,2,-0.433883739117558,-0.9009688679024191,0.5877852522924732,-0.8090169943749473,303.0,261.0,256.0,311.0,227.0,286.0,287.5,294.05,80.8,161.0,408.0,272.63,282.75,28.2651139510646,0.9947089946914514,0,1.3348017620557355,0.11076732671896432,0
2025-04-09,Munchkins,513.0,Regular Day,6.0,14.0,13.016666666666667,-2.1750000000000007,10.6,4.0,18.9,0.0,-2.6999999999999993,12.241388888888888,3.0,0.0,0.0,0.0,78.10000000000001,4,9,99,0,0,15,4,2025,0,2,-0.433883739117558,-0.9009688679024191,0.5877852522924732,-0.8090169943749473,253.0,199.0,193.0,247.0,273.0,353.71,347.93,345.05,123.66,219.0,536.0,362.41,223.0,31.368774282716245,1.0272727272493802,0,0.9267399267059802,-0.7443797508697737,0
2025-04-10,Donuts,253.0,Regular Day,4.0,11.4,13.066666666666666,-2.8499999999999996,8.0,6.6,18.9,0.0,-3.9000000000000004,9.838055555555556,63.0,0.0,0.0,0.0,52.266666666666666,5,10,100,0,0,15,4,2025,0,2,-0.9749279121818236,-0.2225209339563146,0.5877852522924732,-0.8090169943749473,275.0,332.0,286.0,273.0,238.0,283.29,290.21,291.48,76.2,161.0,389.0,301.72,291.5,27.598309126949545,1.0858676207319164,0,1.1554621848254008,-0.21627296585088307,0
2025-04-10,Munchkins,407.0,Regular Day,4.0,11.4,13.066666666666666,-2.8499999999999996,8.0,6.6,18.9,0.0,-3.9000000000000004,9.838055555555556,63.0,0.0,0.0,0.0,52.266666666666666,5,10,100,0,0,15,4,2025,0,2,-0.9749279121818236,-0.2225209339563146,0.5877852522924732,-0.8090169943749473,374.0,471.0,274.0,343.0,267.0,413.0,374.07,361.33,199.83,219.0,769.0,464.06,365.5,81.81483158124,1.3695299837703478,0,1.4007490636179494,0.0634038933061401,0
2025-04-11,Donuts,399.0,Regular Day,6.6,11.4,13.1,-5.500000000000002,2.6000000000000005,6.6,18.6,0.0,-3.6000000000000005,0.0,100.0,0.0,0.0,8.7,86.46,6,11,101,0,0,15,4,2025,0,2,-0.7818314824680299,0.6234898018587334,0.5877852522924732,-0.8090169943749473,252.0,255.0,323.0,330.0,359.0,286.71,290.5,291.52,80.59,161.0,389.0,322.04,290.0,42.261093218230876,0.7764165390386459,0,0.701949860704681,-0.49038342219997705,0
2025-04-11,Munchkins,493.0,Regular Day,6.6,11.4,13.1,-5.500000000000002,2.6000000000000005,6.6,18.6,0.0,-3.6000000000000005,0.0,100.0,0.0,0.0,8.7,86.46,6,11,101,0,0,15,4,2025,0,2,-0.7818314824680299,0.6234898018587334,0.5877852522924732,-0.8090169943749473,491.0,252.0,565.0,730.0,441.0,431.29,388.93,367.33,218.0,219.0,769.0,514.04,509.5,198.61940153637224,0.5737451737407433,0,1.1133786847820095,0.5672935779556287,0
2025-04-12,Donuts,406.0,Regular Day,6.6,13.5,13.15,-7.774999999999999,3.6,4.5,26.7,0.0,-4.0,0.0,100.0,0.0,0.0,13.5,86.78999999999999,7,12,102,0,0,15,4,2025,1,2,-2.4492935982947064e-16,1.0,0.5877852522924732,-0.8090169943749473,389.0,408.0,351.0,443.0,208.0,292.86,289.14,291.1,70.41,204.0,389.0,292.53,397.75,38.361221739320726,1.003778337518844,0,1.8701923076023945,1.3904274958968288,0
2025-04-12,Munchkins,553.0,Regular Day,6.6,13.5,13.15,-7.774999999999999,3.6,4.5,26.7,0.0,-4.0,0.0,100.0,0.0,0.0,13.5,86.78999999999999,7,12,102,0,0,15,4,2025,1,2,-2.4492935982947064e-16,1.0,0.5877852522924732,-0.8090169943749473,769.0,354.0,403.0,427.0,415.0,451.71,387.57,378.9,204.34,219.0,769.0,483.53,488.25,189.6160594464509,1.3530120481764698,0,1.8530120481481203,1.9090731133449608,0
2025-04-13,Munchkins,770.0,Regular Day,4.5,10.2,13.183333333333334,-7.849999999999999,10.7,7.8,23.6,0.0,-4.199999999999999,3.792777777777778,92.0,0.0,0.0,0.6,59.325,1,13,103,0,0,15,4,2025,1,2,0.7818314824680298,0.6234898018587336,0.5877852522924732,-0.8090169943749473,664.0,536.0,456.0,538.0,76.0,486.0,405.86,389.86,177.1,253.0,769.0,477.4,548.5,85.95153673243234,1.2072434607524423,0,8.736842104113574,1.54793901741683,0
2025-04-13,Donuts,417.0,Regular Day,4.5,10.2,13.183333333333334,-7.849999999999999,10.7,7.8,23.6,0.0,-4.199999999999999,3.792777777777778,92.0,0.0,0.0,0.6,59.325,1,13,103,0,0,15,4,2025,1,2,0.7818314824680298,0.6234898018587336,0.5877852522924732,-0.8090169943749473,383.0,359.0,379.0,382.0,180.0,300.0,294.29,293.33,67.08,204.0,389.0,292.9,375.75,11.29527924990495,0.975032851498357,0,2.127777777659568,1.3367620749348899,0
2025-04-14,Munchkins,343.0,Regular Day,7.8,6.699999999999999,13.233333333333333,-5.574999999999999,15.599999999999998,11.3,14.1,0.0,-1.7999999999999972,10.005555555555556,72.0,0.0,0.0,0.0,103.21999999999998,2,14,104,0,0,16,4,2025,0,2,0.9749279121818236,-0.22252093395631434,0.5877852522924732,-0.8090169943749473,392.0,249.0,411.0,149.0,276.0,523.14,428.29,405.1,144.33,374.0,769.0,486.3,300.25,124.07893992669882,1.144642857122417,0,1.420289855021004,-0.09076422087641085,0
2025-04-14,Donuts,299.0,Regular Day,7.8,6.699999999999999,13.233333333333333,-5.574999999999999,15.599999999999998,11.3,14.1,0.0,-1.7999999999999972,10.005555555555556,72.0,0.0,0.0,0.0,103.21999999999998,2,14,104,0,0,16,4,2025,0,2,0.9749279121818236,-0.22252093395631434,0.5877852522924732,-0.8090169943749473,204.0,161.0,223.0,213.0,259.0,298.43,296.5,295.05,67.13,204.0,389.0,292.67,200.25,27.29316153666824,0.8371559632835515,0,0.7876447876143766,-1.3563235511162937,0
2025-04-15,Munchkins,260.0,Regular Day,11.3,3.0,13.266666666666667,-2.5,8.999999999999998,15.0,30.8,0.0,-2.5,4.891111111111111,86.0,0.0,0.0,2.2,149.91333333333336,3,15,105,0,0,16,4,2025,0,3,0.43388373911755823,-0.900968867902419,-0.587785252292473,-0.8090169943749476,459.0,219.0,203.0,229.0,238.0,527.86,423.71,411.43,139.09,392.0,769.0,466.47,277.5,121.4729050721463,1.5694444444081146,0,1.928571428490396,0.3420087712745697,0
2025-04-15,Donuts,191.0,Regular Day,11.3,3.0,13.266666666666667,-2.5,8.999999999999998,15.0,30.8,0.0,-2.5,4.891111111111111,86.0,0.0,0.0,2.2,149.91333333333336,3,15,105,0,0,16,4,2025,0,3,0.43388373911755823,-0.900968867902419,-0.587785252292473,-0.8090169943749476,294.0,244.0,222.0,247.0,268.0,295.29,290.86,293.48,68.9,204.0,389.0,282.76,251.75,30.291638010073562,1.1471215351567778,0,1.0970149253322008,0.00754716981022511,0
2025-04-16,Donuts,292.0,Regular Day,15.0,8.1,13.3,-7.999999999999998,7.6,9.9,30.2,0.0,-5.799999999999999,10.833055555555555,40.0,0.0,0.0,0.0,199.5,4,16,106,0,0,16,4,2025,0,3,-0.433883739117558,-0.9009688679024191,-0.587785252292473,-0.8090169943749476,292.0,303.0,261.0,256.0,309.0,316.29,301.14,297.1,75.59,204.0,399.0,311.82,278.0,23.050668826160628,1.1508704061672945,0,0.9449838187396445,-0.06746924195429727,0
2025-04-16,Munchkins,445.0,Regular Day,15.0,8.1,13.3,-7.999999999999998,7.6,9.9,30.2,0.0,-5.799999999999999,10.833055555555555,40.0,0.0,0.0,0.0,199.5,4,16,106,0,0,16,4,2025,0,3,-0.433883739117558,-0.9009688679024191,-0.587785252292473,-0.8090169943749476,513.0,253.0,199.0,193.0,244.0,528.14,440.93,408.0,139.0,392.0,769.0,473.11,289.5,151.42324788486079,1.9540816326032122,0,2.102459016307276,0.7553956833988924,0
2025-04-17,Donuts,335.0,Regular Day,9.9,9.0,13.35,-6.975000000000001,12.5,9.0,17.3,0.0,-2.5,12.675833333333333,0.0,0.0,0.0,0.0,132.165,5,17,107,0,0,16,4,2025,0,3,-0.9749279121818236,-0.2225209339563146,-0.587785252292473,-0.8090169943749476,253.0,275.0,332.0,286.0,311.0,318.71,301.0,299.71,78.53,204.0,406.0,335.36,286.5,33.291640592396966,0.8543689320250102,0,0.8135048231249676,-0.5948045332236335,0
2025-04-17,Munchkins,488.0,Regular Day,9.9,9.0,13.35,-6.975000000000001,12.5,9.0,17.3,0.0,-2.5,12.675833333333333,0.0,0.0,0.0,0.0,132.165,5,17,107,0,0,16,4,2025,0,3,-0.9749279121818236,-0.2225209339563146,-0.587785252292473,-0.8090169943749476,407.0,374.0,471.0,274.0,242.0,497.29,455.14,415.14,92.97,392.0,664.0,493.08,381.5,82.20502823226002,1.0483221476369353,0,1.6818181817486852,-0.08755512529982183,0
2025-04-18,Munchkins,615.0,Regular Day,9.0,5.9,13.383333333333333,-1.6750000000000025,14.100000000000001,12.1,22.0,0.0,-2.5,13.039166666666667,43.0,0.0,0.0,0.0,120.44999999999999,6,18,108,0,0,16,4,2025,0,3,-0.7818314824680299,0.6234898018587334,-0.587785252292473,-0.8090169943749476,493.0,491.0,252.0,565.0,441.0,512.43,471.86,430.1,127.04,392.0,770.0,562.31,450.25,136.57568109537903,1.2044063647343402,0,1.117913832174197,0.49511964731619,0
2025-04-18,Donuts,408.0,Regular Day,9.0,5.9,13.383333333333333,-1.6750000000000025,14.100000000000001,12.1,22.0,0.0,-2.5,13.039166666666667,43.0,0.0,0.0,0.0,120.44999999999999,6,18,108,0,0,16,4,2025,0,3,-0.7818314824680299,0.6234898018587334,-0.587785252292473,-0.8090169943749476,399.0,252.0,255.0,323.0,297.0,323.57,305.14,301.52,84.03,204.0,417.0,355.77,307.25,69.39920748827035,1.1262975778351851,0,1.3434343433891098,1.1600618825229014,0
2025-04-19,Munchkins,614.0,Regular Day,12.1,0.0,13.433333333333334,6.649999999999999,12.299999999999999,20.5,23.1,0.0,-0.8999999999999986,10.313333333333333,86.0,2.5,0.0,0.0,162.54333333333332,7,19,109,0,0,16,4,2025,1,3,-2.4492935982947064e-16,1.0,-0.587785252292473,-0.8090169943749476,553.0,769.0,354.0,403.0,358.0,505.43,478.57,426.86,135.83,343.0,770.0,507.48,519.75,186.4892758310783,1.7463672390786478,0,1.5446927373870196,0.9286608259641711,0
2025-04-19,Donuts,314.0,Regular Day,12.1,0.0,13.433333333333334,6.649999999999999,12.299999999999999,20.5,23.1,0.0,-0.8999999999999986,10.313333333333333,86.0,2.5,0.0,0.0,162.54333333333332,7,19,109,0,0,16,4,2025,1,3,-2.4492935982947064e-16,1.0,-0.587785252292473,-0.8090169943749476,406.0,389.0,408.0,351.0,329.0,337.14,315.0,305.14,67.55,253.0,417.0,341.58,388.5,26.413380447543375,1.0474308300257256,0,1.2340425531539805,1.4931162099936175,0
2025-04-20,Munchkins,556.0,Regular Day,20.5,0.0,13.466666666666667,8.000000000000002,6.799999999999997,20.6,22.1,0.0,-1.0999999999999979,12.206111111111111,94.0,2.6000000000000014,0.0,0.0,276.06666666666666,1,20,110,0,0,16,4,2025,1,3,0.7818314824680298,0.6234898018587336,-0.587785252292473,-0.8090169943749476,770.0,664.0,536.0,456.0,241.0,477.0,481.5,429.57,164.88,260.0,770.0,445.61,606.5,138.63501241268986,1.4455645161144601,0,3.195020746755393,2.064713731073222,0
2025-04-20,Donuts,486.0,Regular Day,20.5,0.0,13.466666666666667,8.000000000000002,6.799999999999997,20.6,22.1,0.0,-1.0999999999999979,12.206111111111111,94.0,2.6000000000000014,0.0,0.0,276.06666666666666,1,20,110,0,0,16,4,2025,1,3,0.7818314824680298,0.6234898018587336,-0.587785252292473,-0.8090169943749476,417.0,383.0,359.0,379.0,232.0,322.43,311.21,303.67,86.95,191.0,417.0,303.93,384.5,24.0762677063258,1.0840108400937125,0,1.7974137930259735,1.3033927543066828,0
2025-04-21,Donuts,189.0,Regular Day,20.6,6.0,13.5,0.5250000000000004,10.8,12.0,18.1,0.0,-3.1000000000000014,7.149444444444445,82.0,0.0,0.0,0.0,278.1,2,21,111,0,0,17,4,2025,0,3,0.9749279121818236,-0.22252093395631434,-0.587785252292473,-0.8090169943749476,299.0,204.0,161.0,223.0,188.0,322.43,310.43,305.14,86.95,191.0,417.0,300.95,221.75,57.66209037718514,1.3098958332992214,0,1.5904255318302964,-0.07061529613908951,0
2025-04-21,Munchkins,344.0,Regular Day,20.6,6.0,13.5,0.5250000000000004,10.8,12.0,18.1,0.0,-3.1000000000000014,7.149444444444445,82.0,0.0,0.0,0.0,278.1,2,21,111,0,0,17,4,2025,0,3,0.9749279121818236,-0.22252093395631434,-0.587785252292473,-0.8090169943749476,343.0,392.0,249.0,411.0,206.0,467.29,495.21,441.29,164.41,260.0,770.0,445.46,348.75,72.40798758884732,1.1136363636194904,0,1.6650485436084927,-0.5978346815523489,0
2025-04-22,Munchkins,395.0,Regular Day,12.0,0.0,13.55,4.300000000000001,12.4,18.8,17.7,0.0,0.0,12.56611111111111,78.0,0.8000000000000007,0.0,0.5,162.60000000000002,3,22,112,0,0,17,4,2025,0,4,0.43388373911755823,-0.900968867902419,-0.9510565162951536,0.30901699437494723,260.0,459.0,219.0,203.0,249.0,478.86,503.36,442.1,162.3,260.0,770.0,456.09,285.25,118.29447718863858,1.7037914691539386,0,1.0441767067853744,-1.121996303073198,0
2025-04-22,Donuts,205.0,Regular Day,12.0,0.0,13.55,4.300000000000001,12.4,18.8,17.7,0.0,0.0,12.56611111111111,78.0,0.8000000000000007,0.0,0.5,162.60000000000002,3,22,112,0,0,17,4,2025,0,4,0.43388373911755823,-0.900968867902419,-0.9510565162951536,0.30901699437494723,191.0,294.0,244.0,222.0,242.0,334.14,314.71,305.29,81.38,191.0,417.0,309.46,237.75,43.3464723670412,1.0407725321665071,0,0.7892561983144936,-1.4043991150891626,0
2025-04-23,Munchkins,310.0,Regular Day,18.8,0.3999999999999986,13.583333333333334,3.275000000000002,11.200000000000001,17.6,14.9,0.0,-0.5,12.0,79.0,0.0,0.0,0.0,255.36666666666667,4,23,113,0,0,17,4,2025,0,4,-0.433883739117558,-0.9009688679024191,-0.9510565162951536,0.30901699437494723,445.0,513.0,253.0,199.0,325.0,496.29,512.21,459.38,170.42,260.0,770.0,495.82,352.5,150.3096803269836,2.1194690265017817,0,1.369230769188639,-0.08437976762795563,0
2025-04-23,Donuts,190.0,Regular Day,18.8,0.3999999999999986,13.583333333333334,3.275000000000002,11.200000000000001,17.6,14.9,0.0,-0.5,12.0,79.0,0.0,0.0,0.0,255.36666666666667,4,23,113,0,0,17,4,2025,0,4,-0.433883739117558,-0.9009688679024191,-0.9510565162951536,0.30901699437494723,292.0,292.0,303.0,261.0,305.0,335.43,325.86,312.57,82.64,191.0,417.0,334.1,287.0,18.092355660149213,1.0354609928894423,0,0.9573770491489384,-0.24891093898246472,0
2025-04-24,Munchkins,390.0,Regular Day,17.6,1.5,13.633333333333333,3.299999999999999,16.1,16.5,16.1,0.0,-0.1999999999999993,13.391111111111112,61.0,0.0,0.0,0.0,239.9466666666667,5,24,114,0,0,17,4,2025,0,4,-0.9749279121818236,-0.2225209339563146,-0.9510565162951536,0.30901699437494723,488.0,407.0,374.0,471.0,331.0,505.0,501.14,471.76,175.29,260.0,770.0,525.37,435.0,53.5723809439155,1.0591715976206015,0,1.4743202416473016,0.09264647155612725,0
2025-04-24,Donuts,282.0,Regular Day,17.6,1.5,13.633333333333333,3.299999999999999,16.1,16.5,16.1,0.0,-0.1999999999999993,13.391111111111112,61.0,0.0,0.0,0.0,239.9466666666667,5,24,114,0,0,17,4,2025,0,4,-0.9749279121818236,-0.2225209339563146,-0.9510565162951536,0.30901699437494723,335.0,253.0,275.0,332.0,347.0,322.29,320.5,308.1,76.64,191.0,417.0,329.07,298.75,41.13696634415329,0.968698517282229,0,0.9654178674073366,0.35099164922351334,0
2025-04-25,Munchkins,527.0,Regular Day,16.5,1.0,13.666666666666666,4.25,12.700000000000001,17.0,17.9,0.0,0.09999999999999787,11.706666666666667,78.0,0.0,0.0,0.0,225.5,6,25,115,0,0,17,4,2025,0,4,-0.7818314824680299,0.6234898018587334,-0.9510565162951536,0.30901699437494723,615.0,493.0,491.0,252.0,355.0,474.43,493.43,472.71,135.52,260.0,615.0,533.02,462.75,151.99643636173406,1.4912516823487045,0,1.7323943661483832,1.0499557260146137,0
2025-04-25,Donuts,323.0,Regular Day,16.5,1.0,13.666666666666666,4.25,12.700000000000001,17.0,17.9,0.0,0.09999999999999787,11.706666666666667,78.0,0.0,0.0,0.0,225.5,6,25,115,0,0,17,4,2025,0,4,-0.7818314824680299,0.6234898018587334,-0.9510565162951536,0.30901699437494723,408.0,399.0,252.0,255.0,339.0,332.14,327.86,314.14,93.45,191.0,486.0,368.3,328.5,86.68909966079934,1.5917159762999662,0,1.203539822973347,1.0043873728192203,0
2025-04-26,Munchkins,615.0,Regular Day,17.0,0.0,13.7,6.625000000000002,9.1,18.6,25.3,0.0,-0.6000000000000014,5.834444444444444,99.0,0.6000000000000014,0.0,12.8,232.89999999999998,7,26,116,0,0,17,4,2025,1,4,-2.4492935982947064e-16,1.0,-0.9510565162951536,0.30901699437494723,614.0,553.0,769.0,354.0,435.0,474.57,490.0,477.24,135.36,260.0,615.0,485.77,572.5,171.71390935700774,1.0391807657966237,0,1.411494252841115,1.0103427895234673,0
2025-04-26,Donuts,323.0,Regular Day,17.0,0.0,13.7,6.625000000000002,9.1,18.6,25.3,0.0,-0.6000000000000014,5.834444444444444,99.0,0.6000000000000014,0.0,12.8,232.89999999999998,7,26,116,0,0,17,4,2025,1,4,-2.4492935982947064e-16,1.0,-0.9510565162951536,0.30901699437494723,314.0,406.0,389.0,408.0,354.0,316.43,326.79,315.48,108.06,189.0,486.0,323.48,379.25,44.32738055273136,0.9033877038782511,0,0.8870056496924574,-0.013696094760901882,0
2025-04-27,Donuts,379.0,Regular Day,18.6,4.199999999999999,13.75,2.7750000000000004,10.799999999999999,13.8,32.2,0.0,-0.8999999999999986,12.853333333333333,27.0,0.0,0.0,0.0,255.75000000000003,1,27,117,0,0,17,4,2025,1,4,0.7818314824680298,0.6234898018587336,-0.9510565162951536,0.30901699437494723,486.0,417.0,383.0,359.0,159.0,318.43,320.43,313.62,105.45,189.0,486.0,293.86,411.25,55.223032634339575,1.2169811320590702,0,3.0566037733926663,1.6347083924481074,0
2025-04-27,Munchkins,575.0,Regular Day,18.6,4.199999999999999,13.75,2.7750000000000004,10.799999999999999,13.8,32.2,0.0,-0.8999999999999986,12.853333333333333,27.0,0.0,0.0,0.0,255.75000000000003,1,27,117,0,0,17,4,2025,1,4,0.7818314824680298,0.6234898018587336,-0.9510565162951536,0.30901699437494723,556.0,770.0,664.0,536.0,222.0,493.86,485.43,485.62,106.16,344.0,615.0,463.08,631.5,108.10334561581956,1.1049999999907918,0,2.5045045043916887,0.6629615673829162,0
2025-04-28,Munchkins,266.0,Regular Day,13.8,2.8000000000000007,13.783333333333333,3.7499999999999982,14.4,15.2,15.9,0.0,-1.1000000000000014,13.613333333333333,1.0,0.0,0.0,0.0,190.21,2,28,118,0,0,18,4,2025,0,4,0.9749279121818236,-0.22252093395631434,-0.9510565162951536,0.30901699437494723,344.0,343.0,392.0,249.0,206.0,474.57,470.93,488.33,126.78,310.0,615.0,424.81,332.0,59.87208587202108,1.0717628704981004,0,1.669902912540296,-1.1384287741648187,0
2025-04-28,Donuts,245.0,Regular Day,13.8,2.8000000000000007,13.783333333333333,3.7499999999999982,14.4,15.2,15.9,0.0,-1.1000000000000014,13.613333333333333,1.0,0.0,0.0,0.0,190.21,2,28,118,0,0,18,4,2025,0,4,0.9749279121818236,-0.22252093395631434,-0.9510565162951536,0.30901699437494723,189.0,299.0,204.0,161.0,179.0,303.86,313.14,308.24,116.21,189.0,486.0,267.89,213.25,59.87974059173381,1.3369863013332333,0,1.0558659217287225,-1.0260734875633706,0
2025-04-29,Donuts,171.0,Regular Day,15.2,1.5,13.816666666666666,1.6500000000000004,13.799999999999999,16.5,21.8,0.0,-1.3999999999999986,13.651111111111112,58.0,0.0,0.0,0.0,210.01333333333332,3,29,119,0,0,18,4,2025,0,5,0.43388373911755823,-0.900968867902419,-2.4492935982947064e-16,1.0,205.0,191.0,294.0,244.0,236.0,296.29,315.21,308.57,115.56,189.0,486.0,271.42,233.5,46.1483116339771,0.7360594795402219,0,0.8686440677598032,-0.8962443751387812,0
2025-04-29,Munchkins,233.0,Regular Day,15.2,1.5,13.816666666666666,1.6500000000000004,13.799999999999999,16.5,21.8,0.0,-1.3999999999999986,13.651111111111112,58.0,0.0,0.0,0.0,210.01333333333332,3,29,119,0,0,18,4,2025,0,5,0.43388373911755823,-0.900968867902419,-2.4492935982947064e-16,1.0,395.0,260.0,459.0,219.0,243.0,460.57,469.71,489.1,130.41,310.0,615.0,416.11,333.25,112.61253630628046,0.9660766961509428,0,1.6255144032252875,-0.7215704316600284,0
2025-04-30,Donuts,209.0,Regular Day,16.5,0.0,13.85,4.200000000000003,8.2,21.8,21.3,0.0,-0.09999999999999787,11.479166666666666,92.0,3.8000000000000007,0.0,0.0,228.525,4,30,120,0,1,18,4,2025,0,5,-0.433883739117558,-0.9009688679024191,-2.4492935982947064e-16,1.0,190.0,292.0,292.0,303.0,213.0,284.14,309.79,311.95,105.93,189.0,486.0,284.32,269.25,53.08719242905957,0.8100840335998305,0,0.8920187793008442,-1.1512319455157902,0
2025-04-30,Munchkins,421.0,Regular Day,16.5,0.0,13.85,4.200000000000003,8.2,21.8,21.3,0.0,-0.09999999999999787,11.479166666666666,92.0,3.8000000000000007,0.0,0.0,228.525,4,30,120,0,1,18,4,2025,0,5,-0.433883739117558,-0.9009688679024191,-2.4492935982947064e-16,1.0,310.0,445.0,513.0,253.0,230.0,448.0,472.14,490.81,116.54,310.0,614.0,443.83,380.25,119.64217483813975,0.9856396866712057,0,1.3478260868979206,-1.5514844687187674,0
2025-05-01,Donuts,202.0,Regular Day,21.8,2.3000000000000007,13.9,-0.25,11.2,15.7,16.8,0.0,-1.6999999999999993,12.953333333333333,66.0,0.0,0.0,0.0,303.02000000000004,5,1,121,1,0,18,5,2025,0,1,-0.9749279121818236,-0.2225209339563146,0.9510565162951535,0.30901699437494745,282.0,335.0,253.0,275.0,312.0,285.43,303.86,308.81,106.41,189.0,486.0,293.99,286.25,34.76947895305115,1.1685606060384741,0,0.9038461538171844,-0.25195000467512924,0
2025-05-01,Munchkins,570.0,Regular Day,21.8,2.3000000000000007,13.9,-0.25,11.2,15.7,16.8,0.0,-1.6999999999999993,12.953333333333333,66.0,0.0,0.0,0.0,303.02000000000004,5,1,121,1,0,18,5,2025,0,1,-0.9749279121818236,-0.2225209339563146,0.9510565162951535,0.30901699437494745,390.0,488.0,407.0,374.0,377.0,448.14,476.57,483.48,116.78,310.0,615.0,486.62,414.75,50.65816814690401,1.1241997439036595,0,1.0344827585932497,-0.8004795340982637,0
2025-05-02,Donuts,328.0,Regular Day,15.7,0.0,13.933333333333334,5.125,13.9,20.9,17.9,0.0,1.1999999999999993,13.163333333333334,70.0,2.8999999999999986,0.0,0.1,218.75333333333333,6,2,122,0,0,18,5,2025,0,1,-0.7818314824680299,0.6234898018587334,0.9510565162951535,0.30901699437494745,323.0,408.0,399.0,252.0,354.0,270.14,301.14,308.62,76.19,189.0,379.0,315.24,345.5,73.06846104852626,1.1228878648061,0,0.9124293785052986,0.18873867959197546,0
2025-05-02,Munchkins,525.0,Regular Day,15.7,0.0,13.933333333333334,5.125,13.9,20.9,17.9,0.0,1.1999999999999993,13.163333333333334,70.0,2.8999999999999986,0.0,0.1,218.75333333333333,6,2,122,0,0,18,5,2025,0,1,-0.7818314824680299,0.6234898018587334,0.9510565162951535,0.30901699437494745,527.0,615.0,493.0,491.0,420.0,450.86,462.64,479.24,119.89,310.0,615.0,508.72,531.5,58.066054340437724,1.1605691056792624,0,1.2547619047320295,0.3983651680375039,0
2025-05-03,Munchkins,715.0,Regular Day,20.9,0.0,13.966666666666667,6.875,9.600000000000001,22.1,24.1,0.0,1.0,13.7975,76.0,4.100000000000001,0.0,4.4,291.9033333333333,7,3,123,0,0,18,5,2025,1,1,-2.4492935982947064e-16,1.0,0.9510565162951535,0.30901699437494745,615.0,614.0,553.0,769.0,413.0,439.71,457.14,473.24,134.24,266.0,615.0,448.04,637.75,92.17872133343283,0.9296520423530285,0,1.4891041161867045,1.056019070243145,0
2025-05-03,Donuts,341.0,Regular Day,20.9,0.0,13.966666666666667,6.875,9.600000000000001,22.1,24.1,0.0,1.0,13.7975,76.0,4.100000000000001,0.0,4.4,291.9033333333333,7,3,123,0,0,18,5,2025,1,1,-2.4492935982947064e-16,1.0,0.9510565162951535,0.30901699437494745,323.0,314.0,406.0,389.0,395.0,278.14,297.29,310.57,68.83,190.0,379.0,297.68,358.0,46.281745861624536,0.8012578616251415,0,0.8177215189666399,0.18058985904684163,0
2025-05-04,Donuts,322.0,Regular Day,22.1,0.0,14.0,4.175000000000001,3.200000000000003,18.3,20.0,0.0,0.1999999999999993,2.095833333333333,100.0,0.3000000000000007,0.0,9.7,309.40000000000003,1,4,124,0,0,18,5,2025,1,1,0.7818314824680298,0.6234898018587336,0.9510565162951535,0.30901699437494745,379.0,486.0,417.0,383.0,141.0,273.29,295.86,304.71,75.71,171.0,379.0,266.01,416.25,49.52692870213806,1.0812499999864844,0,2.687943262220713,0.9812442212414159,0
2025-05-04,Munchkins,771.0,Regular Day,22.1,0.0,14.0,4.175000000000001,3.200000000000003,18.3,20.0,0.0,0.1999999999999993,2.095833333333333,100.0,0.3000000000000007,0.0,9.7,309.40000000000003,1,4,124,0,0,18,5,2025,1,1,0.7818314824680298,0.6234898018587336,0.9510565162951535,0.30901699437494745,575.0,556.0,770.0,664.0,141.0,416.57,455.21,462.48,155.51,233.0,615.0,394.28,641.25,97.89577791372483,0.7887029288647929,0,4.078014184107942,0.7235547552746733,0
2025-05-05,Munchkins,323.0,Regular Day,18.3,1.1000000000000014,14.033333333333333,2.6750000000000007,6.100000000000001,16.9,17.1,0.0,0.09999999999999787,2.0591666666666666,100.0,0.0,0.0,1.1,256.81,2,5,125,0,0,19,5,2025,0,1,0.9749279121818236,-0.22252093395631434,0.9510565162951535,0.30901699437494745,266.0,344.0,343.0,392.0,173.0,432.43,453.5,458.1,148.33,233.0,615.0,400.96,336.25,52.11765535785354,0.829931972777824,0,1.537572254246383,-1.295085282728033,0
2025-05-05,Donuts,255.0,Regular Day,18.3,1.1000000000000014,14.033333333333333,2.6750000000000007,6.100000000000001,16.9,17.1,0.0,0.09999999999999787,2.0591666666666666,100.0,0.0,0.0,1.1,256.81,2,5,125,0,0,19,5,2025,0,1,0.9749279121818236,-0.22252093395631434,0.9510565162951535,0.30901699437494745,245.0,189.0,299.0,204.0,173.0,276.0,289.93,300.76,72.5,171.0,379.0,251.76,234.25,49.229902836927614,0.8628230616130651,0,1.4161849710164054,-0.7691034481697788,0
2025-05-06,Donuts,223.0,Regular Day,16.9,0.10000000000000142,14.066666666666666,2.3999999999999986,11.100000000000001,17.9,26.5,0.0,-0.10000000000000142,9.318055555555556,79.0,0.0,0.0,3.2,237.72666666666663,3,6,126,0,0,19,5,2025,0,1,0.43388373911755823,-0.900968867902419,0.9510565162951535,0.30901699437494745,171.0,205.0,191.0,294.0,308.0,264.57,280.43,298.33,77.53,171.0,379.0,239.32,215.25,54.322340401225965,0.7752577319427781,0,0.5551948051767793,-1.6423320003040973,0
2025-05-06,Munchkins,285.0,Regular Day,16.9,0.10000000000000142,14.066666666666666,2.3999999999999986,11.100000000000001,17.9,26.5,0.0,-0.10000000000000142,9.318055555555556,79.0,0.0,0.0,3.2,237.72666666666663,3,6,126,0,0,19,5,2025,0,1,0.43388373911755823,-0.900968867902419,0.9510565162951535,0.30901699437494745,233.0,395.0,260.0,459.0,465.0,458.14,459.36,465.86,155.19,233.0,615.0,443.22,336.75,108.00115740120566,0.8734353268306894,0,0.5010752688064285,-1.5004832784650761,0
2025-05-07,Donuts,228.0,Regular Day,17.9,0.6999999999999993,14.116666666666667,0.75,9.299999999999999,17.3,15.0,0.0,-1.0999999999999979,13.814166666666667,64.0,0.0,0.0,0.0,252.68833333333333,4,7,127,0,0,19,5,2025,0,1,-0.433883739117558,-0.9009688679024191,0.9510565162951535,0.30901699437494745,209.0,190.0,292.0,292.0,314.0,265.29,274.71,294.95,78.18,171.0,379.0,261.49,245.75,53.96526660732809,0.6832191780704928,0,0.6656050955202036,-1.0993860320926852,0
2025-05-07,Munchkins,503.0,Regular Day,17.9,0.6999999999999993,14.116666666666667,0.75,9.299999999999999,17.3,15.0,0.0,-1.0999999999999979,13.814166666666667,64.0,0.0,0.0,0.0,252.68833333333333,4,7,127,0,0,19,5,2025,0,1,-0.433883739117558,-0.9009688679024191,0.9510565162951535,0.30901699437494745,421.0,310.0,445.0,513.0,383.0,457.86,452.93,467.38,155.04,233.0,615.0,463.66,422.25,84.3697220571456,0.7630480166934963,0,1.0992167101540675,-0.29914860679185057,0
2025-05-08,Munchkins,444.0,Regular Day,17.3,0.0,14.15,1.125,12.4,18.7,12.1,0.0,1.3999999999999986,13.9,60.0,0.6999999999999993,0.0,0.2,244.79500000000002,5,8,128,0,0,19,5,2025,0,2,-0.9749279121818236,-0.2225209339563146,0.5877852522924732,-0.8090169943749473,570.0,390.0,488.0,407.0,381.0,472.14,460.14,475.1,175.23,233.0,715.0,526.5,463.75,82.73804042478486,1.0726256983120377,0,1.4960629920867174,0.5415739313735333,0
2025-05-08,Donuts,345.0,Regular Day,17.3,0.0,14.15,1.125,12.4,18.7,12.1,0.0,1.3999999999999986,13.9,60.0,0.6999999999999993,0.0,0.2,244.79500000000002,5,8,128,0,0,19,5,2025,0,2,-0.9749279121818236,-0.2225209339563146,0.5877852522924732,-0.8090169943749473,202.0,282.0,335.0,253.0,358.0,267.86,276.64,291.86,80.65,171.0,379.0,281.37,268.0,55.575774098672404,0.8231292516866815,0,0.5642458100401049,-1.1141971480329578,0
2025-05-09,Donuts,343.0,Regular Day,18.7,2.0999999999999996,14.183333333333334,-1.3249999999999975,8.600000000000001,15.9,17.9,0.0,1.5,4.5072222222222225,95.0,0.0,0.0,12.3,265.22833333333335,6,9,129,0,0,19,5,2025,0,2,-0.7818314824680299,0.6234898018587334,0.5877852522924732,-0.8090169943749473,328.0,323.0,408.0,399.0,331.0,259.71,264.93,287.33,69.69,171.0,341.0,291.52,364.5,45.22904671410472,0.8066914498041302,0,0.990936555861301,0.5835844453173221,0
2025-05-09,Munchkins,314.0,Regular Day,18.7,2.0999999999999996,14.183333333333334,-1.3249999999999975,8.600000000000001,15.9,17.9,0.0,1.5,4.5072222222222225,95.0,0.0,0.0,12.3,265.22833333333335,6,9,129,0,0,19,5,2025,0,2,-0.7818314824680299,0.6234898018587334,0.5877852522924732,-0.8090169943749473,525.0,527.0,615.0,493.0,406.0,500.14,475.5,475.14,207.15,233.0,771.0,587.62,540.0,52.370475142647564,0.9494584837459437,0,1.2931034482440122,0.24069514843153783,0
2025-05-10,Donuts,416.0,Regular Day,15.9,3.5,14.216666666666667,-1.8500000000000014,11.600000000000001,14.5,21.0,0.0,-2.3000000000000007,13.0,16.0,0.0,0.0,0.0,226.04500000000002,7,10,130,0,0,19,5,2025,1,2,-2.4492935982947064e-16,1.0,0.5877852522924732,-0.8090169943749473,341.0,323.0,314.0,406.0,424.0,261.14,269.64,285.24,69.44,171.0,341.0,282.39,346.0,41.54515615568198,0.9222222222094135,0,0.8042452829998998,0.8029953915894303,0
2025-05-10,Munchkins,763.0,Regular Day,15.9,3.5,14.216666666666667,-1.8500000000000014,11.600000000000001,14.5,21.0,0.0,-2.3000000000000007,13.0,16.0,0.0,0.0,0.0,226.04500000000002,7,10,130,0,0,19,5,2025,1,2,-2.4492935982947064e-16,1.0,0.5877852522924732,-0.8090169943749473,715.0,615.0,614.0,553.0,379.0,508.29,474.0,474.19,197.3,233.0,771.0,521.47,624.25,67.08887140701256,1.1396743787391632,0,1.8865435355702758,1.2205271160050415,0
2025-05-11,Donuts,472.0,Regular Day,14.5,0.0,14.25,3.674999999999999,13.599999999999998,18.9,14.5,0.0,0.20000000000000284,13.9475,83.0,0.8999999999999986,0.0,0.0,206.625,1,11,131,0,0,19,5,2025,1,2,0.7818314824680298,0.6234898018587336,0.5877852522924732,-0.8090169943749473,322.0,379.0,486.0,417.0,154.0,268.57,270.93,286.76,60.38,202.0,341.0,267.55,401.0,68.8137583142596,0.7763012181530864,0,2.0909090907733177,0.5836369657860822,0
2025-05-11,Munchkins,660.0,Regular Day,14.5,0.0,14.25,3.674999999999999,13.599999999999998,18.9,14.5,0.0,0.20000000000000284,13.9475,83.0,0.8999999999999986,0.0,0.0,206.625,1,11,131,0,0,19,5,2025,1,2,0.7818314824680298,0.6234898018587336,0.5877852522924732,-0.8090169943749473,771.0,575.0,556.0,770.0,202.0,515.71,466.14,475.38,185.86,285.0,771.0,462.35,668.0,118.61141035611483,1.0150829562517718,0,3.8168316829793647,1.5905520283229013,0
2025-05-12,Donuts,217.0,Regular Day,18.9,0.0,14.283333333333333,2.724999999999998,11.4,18.4,14.8,0.0,-0.40000000000000213,12.273055555555555,81.0,0.3999999999999986,0.0,0.0,269.955,2,12,132,0,0,20,5,2025,0,2,0.9749279121818236,-0.22252093395631434,0.5877852522924732,-0.8090169943749473,255.0,245.0,189.0,299.0,226.0,271.29,273.64,283.71,57.62,202.0,341.0,257.66,247.0,45.22536161639101,1.0245901639134305,0,1.128318584020871,-0.49826449140953377,0
2025-05-12,Munchkins,374.0,Regular Day,18.9,0.0,14.283333333333333,2.724999999999998,11.4,18.4,14.8,0.0,-0.40000000000000213,12.273055555555555,81.0,0.3999999999999986,0.0,0.0,269.955,2,12,132,0,0,20,5,2025,0,2,0.9749279121818236,-0.22252093395631434,0.5877852522924732,-0.8090169943749473,323.0,266.0,344.0,343.0,397.0,527.43,479.93,478.14,181.42,285.0,771.0,472.51,319.0,36.6333181680284,0.857350800569762,0,0.8136020150928563,-0.8551427626030678,0
2025-05-13,Munchkins,290.0,Regular Day,18.4,0.6000000000000014,14.316666666666666,1.5500000000000007,3.3999999999999986,17.4,18.3,0.0,0.5,0.043333333333333335,100.0,0.0,0.0,5.4,263.4266666666666,3,13,133,0,0,20,5,2025,0,2,0.43388373911755823,-0.900968867902419,0.5877852522924732,-0.8090169943749473,285.0,233.0,395.0,260.0,123.0,509.43,483.79,476.05,182.74,285.0,771.0,465.38,293.25,71.07918119956082,0.7908396946444146,0,2.3170731705433276,-1.045474444508839,0
2025-05-13,Donuts,255.0,Regular Day,18.4,0.6000000000000014,14.316666666666666,1.5500000000000007,3.3999999999999986,17.4,18.3,0.0,0.5,0.043333333333333335,100.0,0.0,0.0,5.4,263.4266666666666,3,13,133,0,0,20,5,2025,0,2,0.43388373911755823,-0.900968867902419,0.5877852522924732,-0.8090169943749473,223.0,171.0,205.0,191.0,209.0,291.71,278.14,284.19,54.21,223.0,345.0,279.49,197.5,21.992422937608914,0.9949494949243699,0,1.0669856458819624,-1.1287585314280097,0
2025-05-14,Donuts,223.0,Regular Day,17.4,1.1999999999999993,14.35,1.4499999999999993,4.600000000000001,16.8,20.8,0.0,0.8999999999999986,0.0,98.0,0.0,0.0,11.9,249.68999999999997,4,14,134,0,0,20,5,2025,0,2,-0.433883739117558,-0.9009688679024191,0.5877852522924732,-0.8090169943749473,228.0,209.0,190.0,292.0,308.0,293.86,279.57,281.1,56.14,223.0,345.0,295.37,229.75,44.30481538915004,0.9066390041305676,0,0.7402597402357058,-0.9458496613919046,0
2025-05-14,Munchkins,360.0,Regular Day,17.4,1.1999999999999993,14.35,1.4499999999999993,4.600000000000001,16.8,20.8,0.0,0.8999999999999986,0.0,98.0,0.0,0.0,11.9,249.68999999999997,4,14,134,0,0,20,5,2025,0,2,-0.433883739117558,-0.9009688679024191,0.5877852522924732,-0.8090169943749473,503.0,421.0,310.0,445.0,356.0,479.29,468.57,461.71,196.62,285.0,771.0,427.54,419.75,80.85944595407516,1.223841059586439,0,1.4129213482749179,0.20999898279879986,0
2025-05-15,Munchkins,405.0,Regular Day,16.8,0.0,14.366666666666667,2.525000000000002,6.100000000000001,18.6,9.8,0.0,1.8000000000000007,5.402777777777778,93.0,0.6000000000000014,0.0,5.7,241.36,5,15,135,0,0,20,5,2025,0,3,-0.9749279121818236,-0.2225209339563146,-0.587785252292473,-0.8090169943749476,444.0,570.0,390.0,488.0,474.0,486.14,479.14,468.81,206.79,285.0,771.0,511.4,473.0,76.07890640644094,1.1548974942920855,0,0.9367088607397319,-0.11997678804004175,0
2025-05-15,Donuts,164.0,Regular Day,16.8,0.0,14.366666666666667,2.525000000000002,6.100000000000001,18.6,9.8,0.0,1.8000000000000007,5.402777777777778,93.0,0.6000000000000014,0.0,5.7,241.36,5,15,135,0,0,20,5,2025,0,3,-0.9749279121818236,-0.2225209339563146,-0.587785252292473,-0.8090169943749476,345.0,202.0,282.0,335.0,731.0,304.57,286.21,285.95,71.65,223.0,416.0,325.53,291.0,65.45736525912623,0.8865478119791483,0,0.4719562243437489,0.8241451499198682,0
2025-05-16,Donuts,342.0,Regular Day,18.6,0.0,14.383333333333333,1.8999999999999986,10.2,19.9,14.8,0.0,2.6999999999999993,7.9655555555555555,85.0,1.8999999999999986,0.0,2.2,267.53000000000003,6,16,136,0,0,20,5,2025,0,3,-0.7818314824680299,0.6234898018587334,-0.587785252292473,-0.8090169943749476,343.0,328.0,323.0,408.0,347.0,326.0,292.86,285.29,96.02,223.0,472.0,362.15,350.5,39.26406329796582,0.9179206566221899,0,0.9884726224498999,0.6010206206414266,0
2025-05-16,Munchkins,476.0,Regular Day,18.6,0.0,14.383333333333333,1.8999999999999986,10.2,19.9,14.8,0.0,2.6999999999999993,7.9655555555555555,85.0,1.8999999999999986,0.0,2.2,267.53000000000003,6,16,136,0,0,20,5,2025,0,3,-0.7818314824680299,0.6234898018587334,-0.587785252292473,-0.8090169943749476,314.0,525.0,527.0,615.0,468.0,470.29,485.21,473.76,184.34,285.0,763.0,548.55,495.25,127.91240492357781,0.7346760069988207,0,0.6709401709258346,-0.8666594336081881,0
2025-05-17,Donuts,387.0,Regular Day,19.9,0.0,14.416666666666666,2.1000000000000014,9.0,22.1,23.2,0.0,2.3000000000000007,9.535555555555556,65.0,4.100000000000001,0.0,1.3,286.89166666666665,7,17,137,0,0,20,5,2025,1,3,-2.4492935982947064e-16,1.0,-0.587785252292473,-0.8090169943749476,416.0,341.0,323.0,314.0,315.0,320.57,290.86,286.62,101.62,217.0,472.0,325.86,348.5,46.37887450122092,1.1883830455072468,0,1.3206349205929957,1.2731745718093708,0
2025-05-17,Munchkins,571.0,Regular Day,19.9,0.0,14.416666666666666,2.1000000000000014,9.0,22.1,23.2,0.0,2.3000000000000007,9.535555555555556,65.0,4.100000000000001,0.0,1.3,286.89166666666665,7,17,137,0,0,20,5,2025,1,3,-2.4492935982947064e-16,1.0,-0.587785252292473,-0.8090169943749476,763.0,715.0,615.0,614.0,416.0,477.57,492.93,475.19,178.46,285.0,763.0,504.91,676.75,74.50447413858222,1.2026037428706053,0,1.8341346153405256,1.6127423511367958,0
2025-05-18,Munchkins,648.0,Regular Day,22.1,0.0,14.45,1.9250000000000007,7.399999999999999,20.3,28.2,0.0,0.3000000000000007,13.5525,29.0,2.3000000000000007,0.0,0.0,319.345,1,18,138,0,0,20,5,2025,1,3,0.7818314824680298,0.6234898018587336,-0.587785252292473,-0.8090169943749476,660.0,771.0,575.0,556.0,320.0,478.29,497.0,470.19,177.57,290.0,763.0,451.19,640.5,98.0493073237474,1.2652519893787335,0,2.0624999999355467,1.0689305625348353,0
2025-05-18,Donuts,306.0,Regular Day,22.1,0.0,14.45,1.9250000000000007,7.399999999999999,20.3,28.2,0.0,0.3000000000000007,13.5525,29.0,2.3000000000000007,0.0,0.0,319.345,1,18,138,0,0,20,5,2025,1,3,0.7818314824680298,0.6234898018587336,-0.587785252292473,-0.8090169943749476,472.0,322.0,379.0,486.0,228.0,325.14,296.86,289.0,97.11,217.0,472.0,308.14,414.75,77.96313231265147,0.9179190751338969,0,2.070175438505694,1.8844609204114449,0
2025-05-19,Munchkins,181.0,Regular Day,20.3,0.0,14.483333333333333,0.02499999999999858,10.000000000000002,19.0,22.1,0.0,-1.2000000000000028,14.0,11.0,1.0,0.0,0.0,294.01166666666666,2,19,139,0,0,21,5,2025,0,3,0.9749279121818236,-0.22252093395631434,-0.587785252292473,-0.8090169943749476,374.0,323.0,266.0,344.0,223.0,457.86,492.64,472.57,182.41,290.0,763.0,428.39,326.75,45.5878273226527,1.1426229508009407,0,1.6771300447678417,-0.540376075843409,0
2025-05-19,Donuts,218.0,Regular Day,20.3,0.0,14.483333333333333,0.02499999999999858,10.000000000000002,19.0,22.1,0.0,-1.2000000000000028,14.0,11.0,1.0,0.0,0.0,294.01166666666666,2,19,139,0,0,21,5,2025,0,3,0.9749279121818236,-0.22252093395631434,-0.587785252292473,-0.8090169943749476,217.0,255.0,245.0,189.0,210.0,324.43,297.86,290.57,97.96,217.0,472.0,286.86,226.5,29.726531359488725,1.087557603661577,0,1.033333333284127,-0.7510208247497937,0
2025-05-20,Munchkins,266.0,Regular Day,19.0,3.5,14.516666666666667,-3.875,12.400000000000002,14.5,15.6,0.0,-0.20000000000000284,14.0,32.0,0.0,0.0,0.0,275.81666666666666,3,20,140,0,0,21,5,2025,0,3,0.43388373911755823,-0.900968867902419,-0.587785252292473,-0.8090169943749476,290.0,285.0,233.0,395.0,359.0,452.29,480.86,473.29,183.5,290.0,763.0,422.54,300.75,67.913547985656,0.9156050955268216,0,0.8077994428744345,-0.9988555857766291,0
2025-05-20,Donuts,264.0,Regular Day,19.0,3.5,14.516666666666667,-3.875,12.400000000000002,14.5,15.6,0.0,-0.20000000000000284,14.0,32.0,0.0,0.0,0.0,275.81666666666666,3,20,140,0,0,21,5,2025,0,3,0.43388373911755823,-0.900968867902419,-0.587785252292473,-0.8090169943749476,255.0,223.0,171.0,205.0,258.0,298.57,295.14,284.95,114.17,164.0,472.0,256.14,213.5,35.07610772781572,1.2712765957108703,0,0.9883720929849468,-0.2623281071855716,0
2025-05-21,Munchkins,346.0,Regular Day,14.5,5.4,14.533333333333333,-3.549999999999999,2.3000000000000007,12.6,23.8,0.0,-2.6000000000000014,1.3222222222222222,98.0,0.0,0.0,5.2,210.73333333333332,4,21,141,0,0,21,5,2025,0,3,-0.433883739117558,-0.9009688679024191,-0.587785252292473,-0.8090169943749476,360.0,503.0,421.0,310.0,351.0,475.43,477.36,470.86,173.07,290.0,763.0,435.91,398.5,83.1484616013229,1.1805745553874065,0,1.0256410256118051,-0.6405500664100914,0
2025-05-21,Donuts,221.0,Regular Day,14.5,5.4,14.533333333333333,-3.549999999999999,2.3000000000000007,12.6,23.8,0.0,-2.6000000000000014,1.3222222222222222,98.0,0.0,0.0,5.2,210.73333333333332,4,21,141,0,0,21,5,2025,0,3,-0.433883739117558,-0.9009688679024191,-0.587785252292473,-0.8090169943749476,223.0,228.0,209.0,190.0,221.0,298.43,296.14,285.86,114.11,164.0,472.0,277.61,212.5,17.01959654829299,1.130325814508012,0,1.0090497737099977,-0.5508719655989072,0
2025-05-22,Munchkins,307.0,Regular Day,12.6,5.4,14.566666666666666,-2.825000000000001,3.0,12.6,19.2,0.0,-1.5,0.2411111111111111,100.0,0.0,0.0,21.3,183.54,5,22,142,0,0,21,5,2025,0,4,-0.9749279121818236,-0.2225209339563146,-0.9510565162951536,0.30901699437494723,405.0,444.0,570.0,390.0,348.0,448.0,467.07,468.76,129.67,290.0,660.0,469.68,452.25,81.73279635495166,0.8843749999907877,0,1.1637931034148334,-0.4917097246478206,0
2025-05-22,Donuts,249.0,Regular Day,12.6,5.4,14.566666666666666,-2.825000000000001,3.0,12.6,19.2,0.0,-1.5,0.2411111111111111,100.0,0.0,0.0,21.3,183.54,5,22,142,0,0,21,5,2025,0,4,-0.9749279121818236,-0.2225209339563146,-0.9510565162951536,0.30901699437494723,164.0,345.0,202.0,282.0,339.0,294.29,299.43,288.9,109.57,164.0,472.0,304.96,248.25,81.11052130683582,1.051652892540255,0,0.4837758111951688,-1.139910559355671,0
2025-05-23,Munchkins,542.0,Regular Day,12.6,4.6,14.6,-2.7333333333333325,7.700000000000001,13.4,20.2,0.0,-2.200000000000001,7.9255555555555555,87.0,0.0,0.0,2.3,183.95999999999998,6,23,143,0,0,21,5,2025,0,4,-0.7818314824680299,0.6234898018587334,-0.9510565162951536,0.30901699437494723,476.0,314.0,525.0,527.0,399.0,446.29,458.29,472.24,126.44,290.0,648.0,514.26,460.5,100.47387720198718,0.7509505703350671,0,1.1929824561104516,0.029737424863196908,0
2025-05-23,Donuts,384.0,Regular Day,12.6,4.6,14.6,-2.7333333333333325,7.700000000000001,13.4,20.2,0.0,-2.200000000000001,7.9255555555555555,87.0,0.0,0.0,2.3,183.95999999999998,6,23,143,0,0,21,5,2025,0,4,-0.7818314824680299,0.6234898018587334,-0.9510565162951536,0.30901699437494723,342.0,343.0,328.0,323.0,317.0,270.57,298.29,285.43,78.15,164.0,387.0,305.22,334.0,10.03327796219494,1.05222734253376,0,1.0788643532782691,0.7238643633110857,0
2025-05-24,Munchkins,600.0,Regular Day,13.4,3.9000000000000004,14.616666666666667,-3.0999999999999996,8.700000000000001,14.1,24.0,0.0,-3.900000000000002,13.0,29.0,0.0,0.0,0.0,195.86333333333334,7,24,144,0,0,21,5,2025,1,4,-2.4492935982947064e-16,1.0,-0.9510565162951536,0.30901699437494723,571.0,763.0,715.0,615.0,442.0,418.71,448.14,468.19,161.12,181.0,648.0,430.94,666.0,88.38551917593742,1.0030075187894512,0,1.291855203590682,0.6380958291560268,0
2025-05-24,Donuts,391.0,Regular Day,13.4,3.9000000000000004,14.616666666666667,-3.0999999999999996,8.700000000000001,14.1,24.0,0.0,-3.900000000000002,13.0,29.0,0.0,0.0,0.0,195.86333333333334,7,24,144,0,0,21,5,2025,1,4,-2.4492935982947064e-16,1.0,-0.9510565162951536,0.30901699437494723,387.0,416.0,341.0,323.0,320.0,270.71,295.64,284.14,78.04,164.0,387.0,283.41,366.75,42.47646407129482,1.2093373493793775,0,1.209374999962207,1.3180420295594515,0
2025-05-25,Donuts,450.0,Regular Day,14.1,3.1999999999999993,14.633333333333333,-2.8333333333333357,9.7,14.8,17.4,0.0,-2.6000000000000014,12.230833333333333,50.0,0.0,0.0,0.0,206.32999999999998,1,25,145,0,0,21,5,2025,1,4,0.7818314824680298,0.6234898018587336,-0.9510565162951536,0.30901699437494723,306.0,472.0,322.0,379.0,154.0,272.0,298.57,288.57,77.81,164.0,387.0,278.56,369.75,75.02166353794082,1.1098430812965785,0,1.98701298688396,0.2240071969895892,0
2025-05-25,Munchkins,646.0,Regular Day,14.1,3.1999999999999993,14.633333333333333,-2.8333333333333357,9.7,14.8,17.4,0.0,-2.6000000000000014,12.230833333333333,50.0,0.0,0.0,0.0,206.32999999999998,1,25,145,0,0,21,5,2025,1,4,0.7818314824680298,0.6234898018587336,-0.9510565162951536,0.30901699437494723,648.0,660.0,771.0,575.0,291.0,415.29,446.79,469.76,164.53,181.0,648.0,389.71,663.5,80.9135340965898,0.9717682020730182,0,2.2268041236348175,1.0833282683350558,0
2025-05-26,Munchkins,343.0,Memorial Day,14.8,2.4000000000000004,14.666666666666666,-1.8000000000000025,12.600000000000001,15.6,15.6,0.0,0.0,12.69111111111111,42.0,0.0,0.0,0.0,217.06666666666666,2,26,146,0,0,22,5,2025,0,4,0.9749279121818236,-0.22252093395631434,-0.9510565162951536,0.30901699437494723,181.0,374.0,323.0,266.0,441.0,413.29,435.57,466.19,165.4,181.0,648.0,378.78,286.0,82.74055837375042,0.9422750424288239,1,0.41043083899296073,-1.7242442562439997,0
2025-05-26,Donuts,315.0,Memorial Day,14.8,2.4000000000000004,14.666666666666666,-1.8000000000000025,12.600000000000001,15.6,15.6,0.0,0.0,12.69111111111111,42.0,0.0,0.0,0.0,217.06666666666666,2,26,146,0,0,22,5,2025,0,4,0.9749279121818236,-0.22252093395631434,-0.9510565162951536,0.30901699437494723,218.0,217.0,255.0,245.0,269.0,271.71,298.07,289.14,78.02,164.0,387.0,264.17,233.75,19.207203509794617,0.8699999999826,1,0.8104089219029588,-0.9118174825798746,0
2025-05-27,Munchkins,264.0,Regular Day,15.6,2.0999999999999996,14.683333333333334,-1.8666666666666654,10.700000000000001,15.9,11.7,0.0,-0.5,8.596388888888889,87.0,0.0,0.0,0.0,229.06,3,27,147,0,0,22,5,2025,0,4,0.43388373911755823,-0.900968867902419,-0.9510565162951536,0.30901699437494723,266.0,290.0,285.0,233.0,414.0,399.29,425.79,453.67,170.29,181.0,648.0,360.84,268.5,25.826343140289914,1.0733590733383522,0,0.6425120772791664,-1.102061189670441,0
2025-05-27,Donuts,219.0,Regular Day,15.6,2.0999999999999996,14.683333333333334,-1.8666666666666654,10.700000000000001,15.9,11.7,0.0,-0.5,8.596388888888889,87.0,0.0,0.0,0.0,229.06,3,27,147,0,0,22,5,2025,0,4,0.43388373911755823,-0.900968867902419,-0.9510565162951536,0.30901699437494723,264.0,255.0,223.0,171.0,198.0,283.86,291.21,291.38,63.78,218.0,387.0,260.38,228.25,42.0267771783657,1.317258883215298,0,1.3333333332659931,-0.4292881780449532,0
2025-05-28,Munchkins,333.0,Regular Day,15.9,4.6,14.716666666666667,-3.1333333333333346,4.199999999999999,13.4,15.8,0.0,-0.9000000000000004,0.0,100.0,0.0,0.0,24.5,233.995,4,28,148,0,0,22,5,2025,0,4,-0.433883739117558,-0.9009688679024191,-0.9510565162951536,0.30901699437494723,346.0,360.0,503.0,421.0,280.0,408.71,442.07,454.48,176.95,181.0,648.0,406.13,407.5,71.50990607368092,0.764069264060995,0,1.235714285670153,-0.6130545351447837,0
2025-05-28,Donuts,222.0,Regular Day,15.9,4.6,14.716666666666667,-3.1333333333333346,4.199999999999999,13.4,15.8,0.0,-0.9000000000000004,0.0,100.0,0.0,0.0,24.5,233.995,4,28,148,0,0,22,5,2025,0,4,-0.433883739117558,-0.9009688679024191,-0.9510565162951536,0.30901699437494723,221.0,223.0,228.0,209.0,255.0,289.86,294.14,294.05,71.65,218.0,387.0,291.28,220.25,8.05708797684788,1.0160183066129058,0,0.8666666666326797,-1.0195394276316068,0
2025-05-29,Munchkins,364.0,Regular Day,13.4,0.8000000000000007,14.716666666666667,-1.8666666666666671,8.799999999999999,17.2,18.0,0.0,0.10000000000000142,4.855277777777777,100.0,0.0,0.0,11.7,197.20333333333335,5,29,149,0,0,22,5,2025,0,5,-0.9749279121818236,-0.2225209339563146,-2.4492935982947064e-16,1.0,307.0,405.0,444.0,570.0,355.0,412.86,430.43,449.0,181.66,181.0,648.0,454.6,431.5,108.84392495679306,0.7021696252396236,0,0.864788732370006,-0.7816800616106088,0
2025-05-29,Donuts,302.0,Regular Day,13.4,0.8000000000000007,14.716666666666667,-1.8666666666666671,8.799999999999999,17.2,18.0,0.0,0.10000000000000142,4.855277777777777,100.0,0.0,0.0,11.7,197.20333333333335,5,29,149,0,0,22,5,2025,0,5,-0.9749279121818236,-0.2225209339563146,-2.4492935982947064e-16,1.0,249.0,164.0,345.0,202.0,339.0,290.43,292.36,296.43,72.56,218.0,391.0,316.21,240.0,78.15795971407306,0.7550274222896705,0,0.7345132743146161,-0.6536659315526923,0
2025-05-30,Donuts,357.0,Regular Day,17.2,0.0,14.75,0.3000000000000007,8.4,19.0,11.9,0.0,2.8000000000000007,5.418333333333333,93.0,1.0,0.0,3.5,253.7,6,30,150,0,0,22,5,2025,0,5,-0.7818314824680299,0.6234898018587334,-2.4492935982947064e-16,1.0,384.0,342.0,343.0,328.0,373.0,311.0,290.79,302.52,94.74,218.0,450.0,349.66,349.25,24.157469514279292,1.0819672130986293,0,1.0294906165943836,0.8600379986425971,0
2025-05-30,Munchkins,427.0,Regular Day,17.2,0.0,14.75,0.3000000000000007,8.4,19.0,11.9,0.0,2.8000000000000007,5.418333333333333,93.0,1.0,0.0,3.5,253.7,6,30,150,0,0,22,5,2025,0,5,-0.7818314824680299,0.6234898018587334,-2.4492935982947064e-16,1.0,542.0,476.0,314.0,525.0,484.0,412.57,429.43,443.05,181.23,181.0,646.0,502.45,464.25,104.00120191613172,1.2133492252537146,0,1.1198347107206645,0.545991281766485,0
2025-05-31,Donuts,434.0,Regular Day,19.0,0.6000000000000014,14.766666666666667,0.23333333333333073,7.699999999999999,17.4,28.6,0.0,0.1999999999999993,9.67,66.0,0.0,0.0,10.1,280.56666666666666,7,31,151,0,1,22,5,2025,1,5,-2.4492935982947064e-16,1.0,-2.4492935982947064e-16,1.0,391.0,387.0,416.0,341.0,351.0,324.86,297.79,305.38,85.51,221.0,450.0,340.99,383.75,31.255666152982034,1.0277410832096732,0,1.1139601139283772,1.0012863991344538,0
2025-05-31,Munchkins,653.0,Regular Day,19.0,0.6000000000000014,14.766666666666667,0.23333333333333073,7.699999999999999,17.4,28.6,0.0,0.1999999999999993,9.67,66.0,0.0,0.0,10.1,280.56666666666666,7,31,151,0,1,22,5,2025,1,5,-2.4492935982947064e-16,1.0,-2.4492935982947064e-16,1.0,600.0,571.0,763.0,715.0,468.0,435.71,427.21,444.0,155.2,266.0,646.0,462.58,662.25,91.53278101314305,0.7922868741489021,0,1.2820512820238879,1.0051546391104926,0
2025-06-01,Donuts,388.0,Regular Day,17.4,3.8000000000000007,14.783333333333333,-3.1666666666666643,10.499999999999998,14.2,23.4,0.0,-2.8999999999999986,12.745833333333334,40.0,0.0,0.0,0.1,257.22999999999996,1,1,152,1,0,22,6,2025,1,1,0.7818314824680298,0.6234898018587336,0.9510565162951535,0.30901699437494745,450.0,306.0,472.0,322.0,258.0,318.43,295.21,305.19,92.27,219.0,450.0,310.5,387.5,85.594002905188,0.9521410579225171,0,1.7441860464440238,1.5694158446332054,0
2025-06-01,Munchkins,459.0,Regular Day,17.4,3.8000000000000007,14.783333333333333,-3.1666666666666643,10.499999999999998,14.2,23.4,0.0,-2.8999999999999986,12.745833333333334,40.0,0.0,0.0,0.1,257.22999999999996,1,1,152,1,0,22,6,2025,1,1,0.7818314824680298,0.6234898018587336,0.9510565162951535,0.30901699437494745,646.0,648.0,660.0,771.0,368.0,435.43,425.36,443.0,155.57,264.0,646.0,412.94,681.25,60.15189107584233,0.9042627533130381,0,1.7554347825609935,1.3048788325959453,0
2025-06-02,Donuts,183.0,Regular Day,14.2,1.6999999999999993,14.8,-2.6000000000000014,12.400000000000002,16.3,14.3,0.0,0.09999999999999787,13.0025,17.0,0.0,0.0,0.0,210.16,2,2,153,0,0,23,6,2025,0,1,0.9749279121818236,-0.22252093395631434,0.9510565162951535,0.30901699437494745,315.0,218.0,217.0,255.0,165.0,318.57,295.14,304.9,92.1,219.0,450.0,288.37,251.25,46.03169198135852,1.1292372881116688,0,1.9090909089752066,0.1096634093257697,0
2025-06-02,Munchkins,217.0,Regular Day,14.2,1.6999999999999993,14.8,-2.6000000000000014,12.400000000000002,16.3,14.3,0.0,0.09999999999999787,13.0025,17.0,0.0,0.0,0.0,210.16,2,2,153,0,0,23,6,2025,0,1,0.9749279121818236,-0.22252093395631434,0.9510565162951535,0.30901699437494745,343.0,181.0,374.0,323.0,248.0,433.57,423.43,434.9,156.88,264.0,646.0,392.95,305.25,85.44930270829208,0.7517934002761579,0,1.3830645160732635,-0.5857980621758159,0
2025-06-03,Donuts,235.0,Regular Day,16.3,0.0,14.816666666666666,-0.8000000000000007,14.4,18.7,13.7,0.0,1.1000000000000014,14.0,7.0,0.6999999999999993,0.0,0.0,241.51166666666668,3,3,154,0,0,23,6,2025,0,1,0.43388373911755823,-0.900968867902419,0.9510565162951535,0.30901699437494745,219.0,264.0,255.0,223.0,284.0,326.14,305.0,302.86,87.49,219.0,450.0,291.78,240.25,22.588713996153036,1.0104602510248857,0,0.7711267605362279,-0.9585095438383235,0
2025-06-03,Munchkins,383.0,Regular Day,16.3,0.0,14.816666666666666,-0.8000000000000007,14.4,18.7,13.7,0.0,1.1000000000000014,14.0,7.0,0.6999999999999993,0.0,0.0,241.51166666666668,3,3,154,0,0,23,6,2025,0,1,0.43388373911755823,-0.900968867902419,0.9510565162951535,0.30901699437494745,264.0,266.0,290.0,285.0,256.0,441.71,420.5,431.1,150.57,264.0,646.0,385.72,276.25,13.175102782647782,0.9217391304187523,0,1.0312499999597167,-1.1097828251902915,0
2025-06-04,Donuts,202.0,Regular Day,18.7,0.0,14.833333333333334,1.1333333333333364,13.8,21.0,13.5,0.0,2.3000000000000007,14.0,21.0,3.0,0.0,0.0,277.3833333333333,4,4,155,0,0,23,6,2025,0,1,-0.433883739117558,-0.9009688679024191,0.9510565162951535,0.30901699437494745,222.0,221.0,223.0,228.0,228.0,322.29,306.07,303.52,85.08,219.0,450.0,308.08,223.5,3.1091263510296048,0.9822616407764465,0,0.9736842104836103,-0.9581570285662719,0
2025-06-04,Munchkins,208.0,Regular Day,18.7,0.0,14.833333333333334,1.1333333333333364,13.8,21.0,13.5,0.0,2.3000000000000007,14.0,21.0,3.0,0.0,0.0,277.3833333333333,4,4,155,0,0,23,6,2025,0,1,-0.433883739117558,-0.9009688679024191,0.9510565162951535,0.30901699437494745,333.0,346.0,360.0,503.0,294.0,425.29,417.0,436.48,143.93,264.0,646.0,396.04,385.5,79.10541490104623,0.78679026650305,0,1.1326530611859642,-0.718960605800114,0
2025-06-05,Donuts,249.0,Regular Day,21.0,0.0,14.85,2.2333333333333307,11.8,22.7,14.1,0.0,2.5,12.76388888888889,79.0,4.699999999999999,0.0,0.0,311.84999999999997,5,5,156,0,0,23,6,2025,0,1,-0.9749279121818236,-0.2225209339563146,0.9510565162951535,0.30901699437494745,302.0,249.0,164.0,345.0,379.0,328.43,309.43,304.38,92.12,219.0,450.0,339.56,265.0,77.94442464559818,1.0825147347527992,0,0.7968337730660466,-0.025835866258593538,0
2025-06-05,Munchkins,302.0,Regular Day,21.0,0.0,14.85,2.2333333333333307,11.8,22.7,14.1,0.0,2.5,12.76388888888889,79.0,4.699999999999999,0.0,0.0,311.84999999999997,5,5,156,0,0,23,6,2025,0,1,-0.9749279121818236,-0.2225209339563146,0.9510565162951535,0.30901699437494745,364.0,307.0,405.0,444.0,439.0,432.86,422.86,431.24,155.58,264.0,653.0,460.28,380.0,58.61171668986785,0.790341578318135,0,0.8291571753797459,-0.4321892273793425,0
2025-06-06,Donuts,767.0,National Donut Day,22.7,0.0,14.866666666666667,1.3000000000000007,10.399999999999999,22.6,14.4,0.0,3.6000000000000014,12.268333333333333,74.0,4.600000000000001,0.0,0.2,337.47333333333336,6,6,157,0,0,23,6,2025,0,1,-0.7818314824680299,0.6234898018587334,0.9510565162951535,0.30901699437494745,357.0,384.0,342.0,343.0,339.0,319.57,315.29,300.38,80.77,219.0,434.0,351.67,356.5,19.570385790780925,1.0817518248017262,1,1.0530973451016785,0.7010028475051379,0
2025-06-06,Munchkins,334.0,National Donut Day,22.7,0.0,14.866666666666667,1.3000000000000007,10.399999999999999,22.6,14.4,0.0,3.6000000000000014,12.268333333333333,74.0,4.600000000000001,0.0,0.2,337.47333333333336,6,6,157,0,0,23,6,2025,0,1,-0.7818314824680299,0.6234898018587334,0.9510565162951535,0.30901699437494745,427.0,542.0,476.0,314.0,428.0,406.14,409.36,421.67,126.15,264.0,653.0,459.96,439.75,96.16782206122794,1.2265822784654863,1,0.9976635513785592,0.042251288145679515,0
2025-06-07,Munchkins,411.0,Regular Day,22.6,0.0,14.866666666666667,-0.23333333333333073,5.699999999999999,21.6,10.8,0.0,3.5,5.9425,90.0,3.6000000000000014,1.0,16.2,335.9866666666667,7,7,158,0,0,23,6,2025,1,1,-2.4492935982947064e-16,1.0,0.9510565162951535,0.30901699437494745,653.0,600.0,571.0,763.0,457.0,388.14,411.93,414.19,144.34,217.0,653.0,399.22,646.75,84.61038155372346,0.9392803598130489,0,1.428884026226939,1.6544963279995497,0
2025-06-07,Donuts,379.0,Regular Day,22.6,0.0,14.866666666666667,-0.23333333333333073,5.699999999999999,21.6,10.8,0.0,3.5,5.9425,90.0,3.6000000000000014,1.0,16.2,335.9866666666667,7,7,158,0,0,23,6,2025,1,1,-2.4492935982947064e-16,1.0,0.9510565162951535,0.30901699437494745,434.0,391.0,387.0,416.0,361.0,300.71,312.79,298.76,95.99,183.0,434.0,309.5,407.0,22.105806175452337,1.027397260261178,0,1.202216066448692,1.4088967599323998,0
2025-06-08,Donuts,372.0,Regular Day,21.6,0.0,14.883333333333333,-0.8333333333333321,5.399999999999999,19.9,15.4,0.0,3.3000000000000007,1.375,96.0,1.8999999999999986,0.0,3.4,321.48,1,8,159,0,0,23,6,2025,1,2,0.7818314824680298,0.6234898018587336,0.5877852522924732,-0.8090169943749473,388.0,450.0,306.0,472.0,182.0,303.0,310.71,297.81,93.89,183.0,434.0,290.88,404.0,74.38637868140465,1.0771208226082631,0,2.131868131750996,0.960592182238727,0
2025-06-08,Munchkins,464.0,Regular Day,21.6,0.0,14.883333333333333,-0.8333333333333321,5.399999999999999,19.9,15.4,0.0,3.3000000000000007,1.375,96.0,1.8999999999999986,0.0,3.4,321.48,1,8,159,0,0,23,6,2025,1,2,0.7818314824680298,0.6234898018587336,0.5877852522924732,-0.8090169943749473,459.0,646.0,648.0,660.0,284.0,405.14,420.29,418.62,133.91,217.0,653.0,395.16,603.25,96.36519081079018,0.8448012232351315,0,1.6161971830416832,0.301545814330405,0
2025-06-09,Munchkins,293.0,Regular Day,19.9,0.0,14.9,-0.5666666666666629,7.300000000000001,19.3,14.4,0.0,3.3000000000000007,2.8419444444444446,96.0,1.3000000000000007,0.0,2.1,296.51,2,9,160,0,0,24,6,2025,0,2,0.9749279121818236,-0.22252093395631434,0.5877852522924732,-0.8090169943749473,217.0,343.0,181.0,374.0,263.0,387.29,410.43,411.38,152.22,208.0,653.0,348.37,278.75,94.10765112359356,1.0090090089908286,0,0.825095057002848,-1.276967546887599,0
2025-06-09,Donuts,238.0,Regular Day,19.9,0.0,14.9,-0.5666666666666629,7.300000000000001,19.3,14.4,0.0,3.3000000000000007,2.8419444444444446,96.0,1.3000000000000007,0.0,2.1,296.51,2,9,160,0,0,24,6,2025,0,2,0.9749279121818236,-0.22252093395631434,0.5877852522924732,-0.8090169943749473,183.0,315.0,218.0,217.0,243.0,300.14,309.36,296.81,97.01,183.0,434.0,268.66,233.25,56.87632782332793,1.1448275861805786,0,0.7530864197220952,-1.173178022763305,0
2025-06-10,Munchkins,325.0,Regular Day,19.3,0.0,14.916666666666666,-0.2666666666666657,10.0,21.0,16.2,0.0,2.599999999999998,7.6338888888888885,95.0,3.0,0.0,2.4,287.89166666666665,3,10,161,0,0,24,6,2025,0,2,0.43388373911755823,-0.900968867902419,0.5877852522924732,-0.8090169943749473,383.0,264.0,266.0,290.0,247.0,378.43,410.07,406.48,155.57,208.0,653.0,336.78,300.75,56.09144319769282,1.163669064727272,0,1.550607287386615,-0.15092884231208287,0
2025-06-10,Donuts,253.0,Regular Day,19.3,0.0,14.916666666666666,-0.2666666666666657,10.0,21.0,16.2,0.0,2.599999999999998,7.6338888888888885,95.0,3.0,0.0,2.4,287.89166666666665,3,10,161,0,0,24,6,2025,0,2,0.43388373911755823,-0.900968867902419,0.5877852522924732,-0.8090169943749473,235.0,219.0,264.0,255.0,311.0,292.57,309.36,300.86,98.9,183.0,434.0,263.74,243.25,20.20519735117675,0.8747591521989448,0,0.7556270096220056,-0.6659251768790775,0
2025-06-11,Munchkins,288.0,Regular Day,21.0,0.0,14.933333333333334,0.40000000000000213,9.099999999999998,23.0,13.9,0.0,1.4000000000000021,13.376111111111111,29.0,5.0,0.0,0.0,313.6,4,11,162,0,0,24,6,2025,0,2,-0.433883739117558,-0.9009688679024191,0.5877852522924732,-0.8090169943749473,208.0,333.0,346.0,360.0,343.0,365.14,395.21,399.71,154.7,208.0,653.0,336.08,311.75,70.03986959820337,0.7662889518305058,0,0.6064139941514165,-1.2392372332747745,0
2025-06-11,Donuts,269.0,Regular Day,21.0,0.0,14.933333333333334,0.40000000000000213,9.099999999999998,23.0,13.9,0.0,1.4000000000000021,13.376111111111111,29.0,5.0,0.0,0.0,313.6,4,11,162,0,0,24,6,2025,0,2,-0.433883739117558,-0.9009688679024191,0.5877852522924732,-0.8090169943749473,202.0,222.0,221.0,223.0,273.0,351.14,336.71,321.1,206.4,183.0,767.0,389.56,217.0,10.03327796219494,0.954954954933447,0,0.7399267398996363,-0.5770348836929732,0
2025-06-12,Munchkins,270.0,Regular Day,23.0,0.0,14.933333333333334,2.333333333333332,12.0,24.1,13.9,0.0,3.1000000000000014,14.0,37.0,6.100000000000001,0.0,0.0,343.4666666666667,5,12,163,0,0,24,6,2025,0,2,-0.9749279121818236,-0.2225209339563146,0.5877852522924732,-0.8090169943749473,302.0,364.0,307.0,405.0,730.0,330.57,381.71,392.1,95.27,208.0,459.0,354.81,344.5,49.16977391311319,0.9353932584138287,0,0.4136986301313192,-0.9457331792856377,0
2025-06-12,Donuts,272.0,Regular Day,23.0,0.0,14.933333333333334,2.333333333333332,12.0,24.1,13.9,0.0,3.1000000000000014,14.0,37.0,6.100000000000001,0.0,0.0,343.4666666666667,5,12,163,0,0,24,6,2025,0,2,-0.9749279121818236,-0.2225209339563146,0.5877852522924732,-0.8090169943749473,249.0,302.0,249.0,164.0,330.0,343.29,335.86,320.71,203.75,183.0,767.0,386.92,241.0,57.09057131727912,1.3341404358030475,0,0.7545454545225895,-0.351950920228125,0
2025-06-13,Munchkins,410.0,Regular Day,24.1,0.0,14.95,1.9333333333333336,6.799999999999997,23.1,15.2,0.0,2.5,12.628055555555555,95.0,5.100000000000001,0.0,0.0,360.295,6,13,164,0,0,24,6,2025,0,2,-0.7818314824680299,0.6234898018587334,0.5877852522924732,-0.8090169943749473,334.0,427.0,542.0,476.0,427.0,331.29,368.71,383.33,96.41,208.0,464.0,382.11,444.75,87.58757522236435,0.7475442043148571,0,0.7822014051339062,-0.5116689139599969,0
2025-06-13,Donuts,347.0,Regular Day,24.1,0.0,14.95,1.9333333333333336,6.799999999999997,23.1,15.2,0.0,2.5,12.628055555555555,95.0,5.100000000000001,0.0,0.0,360.295,6,13,164,0,0,24,6,2025,0,2,-0.7818314824680299,0.6234898018587334,0.5877852522924732,-0.8090169943749473,767.0,357.0,384.0,342.0,443.0,341.0,330.29,323.86,203.25,183.0,767.0,383.19,462.5,203.7424845239696,1.5482093663698593,0,1.7313769751302173,2.1802706025987564,0
2025-06-14,Munchkins,501.0,Regular Day,23.1,0.0,14.95,-0.9000000000000021,3.8999999999999986,20.1,12.5,0.0,2.1000000000000014,0.0875,100.0,2.1000000000000014,0.0,2.4,345.345,7,14,165,0,0,24,6,2025,1,2,-2.4492935982947064e-16,1.0,0.5877852522924732,-0.8090169943749473,411.0,653.0,600.0,571.0,538.0,342.14,365.14,388.67,85.0,208.0,464.0,359.83,558.75,104.18693136217549,0.9086251067386113,0,0.763940520431897,0.26270588232203446,0
2025-06-14,Donuts,501.0,Regular Day,23.1,0.0,14.95,-0.9000000000000021,3.8999999999999986,20.1,12.5,0.0,2.1000000000000014,0.0875,100.0,2.1000000000000014,0.0,2.4,345.345,7,14,165,0,0,24,6,2025,1,2,-2.4492935982947064e-16,1.0,0.5877852522924732,-0.8090169943749473,379.0,434.0,391.0,387.0,382.0,348.86,324.79,324.81,197.1,202.0,767.0,346.89,397.75,24.67623688220444,1.0449871465161313,0,0.9921465968326663,0.27493658040208335,0
2025-06-15,Donuts,400.0,Regular Day,20.1,0.5,14.95,-3.5,4.100000000000001,17.5,13.0,0.0,0.29999999999999716,0.09527777777777778,100.0,0.0,0.0,0.3,300.495,1,15,166,0,0,24,6,2025,1,3,0.7818314824680298,0.6234898018587336,-0.587785252292473,-0.8090169943749476,372.0,388.0,450.0,306.0,213.0,351.43,327.21,324.29,195.47,202.0,767.0,323.42,379.0,59.16079783099616,1.0052910052777078,0,1.7464788731574423,0.2440783751857533,0
2025-06-15,Munchkins,543.0,Regular Day,20.1,0.5,14.95,-3.5,4.100000000000001,17.5,13.0,0.0,0.29999999999999716,0.09527777777777778,100.0,0.0,0.0,0.3,300.495,1,15,166,0,0,24,6,2025,1,3,0.7818314824680298,0.6234898018587336,-0.587785252292473,-0.8090169943749476,464.0,459.0,646.0,648.0,149.0,333.86,369.5,391.48,83.16,208.0,464.0,351.12,554.25,107.12103746074655,0.7132921174597119,0,3.1140939595225436,0.8720538719490074,0
2025-06-16,Donuts,231.0,Regular Day,17.5,0.10000000000000142,14.966666666666667,-2.4333333333333336,4.700000000000001,17.9,13.5,0.0,0.7999999999999972,0.1075,100.0,0.0,0.0,0.6,261.9166666666667,2,16,167,0,0,25,6,2025,0,3,0.9749279121818236,-0.22252093395631434,-0.587785252292473,-0.8090169943749476,238.0,183.0,315.0,218.0,247.0,361.0,330.57,326.57,188.45,238.0,767.0,309.81,238.5,55.83606958469289,0.7898686679026291,0,0.9635627529974266,-0.46999204030405983,0
2025-06-16,Munchkins,368.0,Regular Day,17.5,0.10000000000000142,14.966666666666667,-2.4333333333333336,4.700000000000001,17.9,13.5,0.0,0.7999999999999972,0.1075,100.0,0.0,0.0,0.6,261.9166666666667,2,16,167,0,0,25,6,2025,0,3,0.9749279121818236,-0.22252093395631434,-0.587785252292473,-0.8090169943749476,293.0,217.0,343.0,181.0,229.0,345.29,366.29,388.71,66.88,288.0,464.0,335.34,258.5,73.16419889536138,0.9732824427295175,0,1.2794759824768787,-1.4310705739487035,0
2025-06-17,Donuts,418.0,Regular Day,17.9,0.0,14.966666666666667,-0.10000000000000142,7.300000000000001,20.3,9.2,0.0,2.5,4.391666666666667,99.0,2.3000000000000007,0.0,0.1,267.9033333333333,3,17,168,0,0,25,6,2025,0,3,0.43388373911755823,-0.900968867902419,-0.587785252292473,-0.8090169943749476,253.0,235.0,219.0,264.0,256.0,364.29,328.43,327.67,186.36,238.0,767.0,300.36,242.75,19.83893478323202,1.0103519668527878,0,0.9882812499613952,-0.4006761107318805,0
2025-06-17,Munchkins,321.0,Regular Day,17.9,0.0,14.966666666666667,-0.10000000000000142,7.300000000000001,20.3,9.2,0.0,2.5,4.391666666666667,99.0,2.3000000000000007,0.0,0.1,267.9033333333333,3,17,168,0,0,25,6,2025,0,3,0.43388373911755823,-0.900968867902419,-0.587785252292473,-0.8090169943749476,325.0,383.0,264.0,266.0,193.0,340.71,359.57,386.95,71.28,270.0,464.0,319.01,309.5,56.58327196854797,1.3358490565785688,0,1.6839378237469462,-0.8691077439858154,0
2025-06-18,Donuts,282.0,Regular Day,20.3,0.0,14.95,0.6333333333333293,9.899999999999999,22.9,16.6,0.0,5.399999999999999,8.591944444444444,97.0,4.899999999999999,0.0,6.6,303.485,4,18,169,0,0,25,6,2025,0,3,-0.433883739117558,-0.9009688679024191,-0.587785252292473,-0.8090169943749476,269.0,202.0,222.0,221.0,286.0,304.29,327.71,325.9,59.59,238.0,379.0,312.02,228.5,28.52484297356721,1.0632054175832233,0,0.9405594405265538,-0.9548581975239367,0
2025-06-18,Munchkins,705.0,Regular Day,20.3,0.0,14.95,0.6333333333333293,9.899999999999999,22.9,16.6,0.0,5.399999999999999,8.591944444444444,97.0,4.899999999999999,0.0,6.6,303.485,4,18,169,0,0,25,6,2025,0,3,-0.433883739117558,-0.9009688679024191,-0.587785252292473,-0.8090169943749476,288.0,208.0,333.0,346.0,274.0,351.57,358.36,380.67,75.74,270.0,464.0,341.76,293.75,62.33444740537397,0.730486008825766,0,1.0510948904725876,-1.2235278583016207,0
2025-06-19,Donuts,251.0,Juneteenth Day,22.9,0.0,14.95,1.8333333333333357,8.8,25.9,22.5,0.0,5.5000000000000036,12.295555555555556,30.0,7.899999999999999,0.0,3.5,342.35499999999996,5,19,170,0,0,25,6,2025,0,3,-0.9749279121818236,-0.2225209339563146,-0.587785252292473,-0.8090169943749476,272.0,249.0,302.0,249.0,323.0,321.71,332.5,331.14,93.36,238.0,501.0,359.27,268.0,25.126347393390336,0.945553539002803,1,0.8421052631318233,-0.6334618679698519,0
2025-06-19,Munchkins,428.0,Juneteenth Day,22.9,0.0,14.95,1.8333333333333357,8.8,25.9,22.5,0.0,5.5000000000000036,12.295555555555556,30.0,7.899999999999999,0.0,3.5,342.35499999999996,5,19,170,0,0,25,6,2025,0,3,-0.9749279121818236,-0.2225209339563146,-0.587785252292473,-0.8090169943749476,270.0,302.0,364.0,307.0,565.0,364.43,347.5,375.95,93.15,270.0,501.0,381.57,310.75,39.10136400007891,0.8524590163807383,1,0.4778761061862323,-1.1374127749718288,0
2025-06-20,Donuts,315.0,Regular Day,25.9,0.0,14.966666666666667,0.93333333333333,8.600000000000001,23.4,20.6,0.0,1.1999999999999993,13.2225,23.0,5.399999999999999,0.0,0.1,387.63666666666666,6,20,171,0,0,25,6,2025,0,3,-0.7818314824680299,0.6234898018587334,-0.587785252292473,-0.8090169943749476,347.0,767.0,357.0,384.0,351.0,325.71,333.36,328.76,96.42,238.0,501.0,369.45,463.75,202.7697791420934,1.5033738191430044,0,0.9886039885758232,0.18917237085779182,0
2025-06-20,Munchkins,440.0,Regular Day,25.9,0.0,14.966666666666667,0.93333333333333,8.600000000000001,23.4,20.6,0.0,1.1999999999999993,13.2225,23.0,5.399999999999999,0.0,0.1,387.63666666666666,6,20,171,0,0,25,6,2025,0,3,-0.7818314824680299,0.6234898018587334,-0.587785252292473,-0.8090169943749476,410.0,334.0,427.0,542.0,403.0,375.71,353.5,371.05,110.41,270.0,543.0,421.93,428.25,85.9394166452934,0.7678018575772156,0,1.0173697270219015,0.3527760166332056,0
2025-06-21,Munchkins,511.0,Regular Day,23.4,0.0,14.966666666666667,2.7333333333333307,10.600000000000001,25.2,13.5,0.0,2.6000000000000014,14.0,45.0,7.199999999999999,0.0,0.0,350.21999999999997,7,21,172,0,0,25,6,2025,1,3,-2.4492935982947064e-16,1.0,-0.587785252292473,-0.8090169943749476,501.0,411.0,653.0,600.0,456.0,386.43,364.29,372.24,104.53,270.0,543.0,408.44,541.25,107.27651187468764,0.7278531524283492,0,1.0986842105022219,1.2317994832840524,0
2025-06-21,Donuts,375.0,Regular Day,23.4,0.0,14.966666666666667,2.7333333333333307,10.600000000000001,25.2,13.5,0.0,2.6000000000000014,14.0,45.0,7.199999999999999,0.0,0.0,350.21999999999997,7,21,172,0,0,25,6,2025,1,3,-2.4492935982947064e-16,1.0,-0.587785252292473,-0.8090169943749476,501.0,379.0,434.0,391.0,379.0,324.71,336.79,324.76,97.51,231.0,501.0,334.84,426.25,55.144507130508174,1.0666666666537374,0,1.3218997361128786,1.8074043685973333,0
2025-06-22,Munchkins,0.0,Regular Day,25.2,0.0,14.966666666666667,3.3000000000000007,8.899999999999999,26.6,17.9,0.0,3.3000000000000007,12.128055555555555,74.0,8.600000000000001,0.0,0.0,377.15999999999997,1,22,173,0,0,25,6,2025,1,4,0.7818314824680298,0.6234898018587336,-0.9510565162951536,0.30901699437494723,543.0,464.0,459.0,646.0,411.0,385.86,359.86,374.95,104.93,270.0,543.0,386.58,528.0,87.57092363716777,0.911312217186323,0,1.3211678831795337,1.6015438862478277,0
2025-06-22,Donuts,0.0,Regular Day,25.2,0.0,14.966666666666667,3.3000000000000007,8.899999999999999,26.6,17.9,0.0,3.3000000000000007,12.128055555555555,74.0,8.600000000000001,0.0,0.0,377.15999999999997,1,22,173,0,0,25,6,2025,1,4,0.7818314824680298,0.6234898018587336,-0.9510565162951536,0.30901699437494723,400.0,372.0,388.0,450.0,223.0,348.29,349.86,334.24,97.23,231.0,501.0,355.63,402.5,33.679865399572684,0.9212410501083385,0,1.7937219730137344,0.6763344646018373,0
2025-06-23,Donuts,183.0,Regular Day,26.6,0.0,14.95,3.7333333333333307,11.299999999999997,30.2,13.9,0.0,5.0,13.418055555555556,57.0,12.2,0.0,0.0,397.67,2,23,174,0,0,26,6,2025,0,4,0.9749279121818236,-0.22252093395631434,-0.9510565162951536,0.30901699437494723,231.0,238.0,183.0,315.0,222.0,350.14,355.57,337.1,95.57,231.0,501.0,337.22,241.75,54.609980772748855,0.9417670682541813,0,1.0405405404936694,-1.1101810190321044,0
2025-06-23,Munchkins,221.0,Regular Day,26.6,0.0,14.95,3.7333333333333307,11.299999999999997,30.2,13.9,0.0,5.0,13.418055555555556,57.0,12.2,0.0,0.0,397.67,2,23,174,0,0,26,6,2025,0,4,0.9749279121818236,-0.22252093395631434,-0.9510565162951536,0.30901699437494723,368.0,293.0,217.0,343.0,203.0,445.43,395.36,392.67,149.16,270.0,705.0,466.19,305.25,66.585158506482,1.180357142836065,0,1.812807881684098,-0.16539286670921216,0
2025-06-24,Donuts,250.0,Regular Day,30.2,0.0,14.95,3.3999999999999986,10.600000000000001,31.2,10.8,0.0,5.0,14.0,24.0,13.2,0.0,0.0,451.48999999999995,3,24,175,0,0,26,6,2025,0,4,0.43388373911755823,-0.900968867902419,-0.9510565162951536,0.30901699437494723,418.0,253.0,235.0,219.0,261.0,347.14,355.71,334.67,98.71,231.0,501.0,315.67,281.25,92.21849055368452,1.4779735682493838,0,1.601532566988447,0.8441900515809755,0
2025-06-24,Munchkins,242.0,Regular Day,30.2,0.0,14.95,3.3999999999999986,10.600000000000001,31.2,10.8,0.0,5.0,14.0,24.0,13.2,0.0,0.0,451.48999999999995,3,24,175,0,0,26,6,2025,0,4,0.43388373911755823,-0.900968867902419,-0.9510565162951536,0.30901699437494723,321.0,325.0,383.0,264.0,199.0,468.0,404.36,395.71,128.75,321.0,705.0,456.64,323.25,48.609841253255155,0.9984544049304721,0,1.613065326552107,-0.5802718446151244,0
2025-06-25,Donuts,273.0,Regular Day,31.2,0.0,14.966666666666667,3.766666666666662,11.200000000000003,30.4,13.0,0.0,4.599999999999994,14.0,30.0,12.399999999999999,0.0,0.1,466.96,4,25,176,0,0,26,6,2025,0,4,-0.433883739117558,-0.9009688679024191,-0.9510565162951536,0.30901699437494723,282.0,269.0,202.0,222.0,332.0,342.57,323.43,332.67,99.46,231.0,501.0,315.5,243.75,37.93305506634901,1.2995283018561432,0,0.8493975903358615,-0.5094510355409764,0
2025-06-25,Munchkins,459.0,Regular Day,31.2,0.0,14.966666666666667,3.766666666666662,11.200000000000003,30.4,13.0,0.0,4.599999999999994,14.0,30.0,12.399999999999999,0.0,0.1,466.96,4,25,176,0,0,26,6,2025,0,4,-0.433883739117558,-0.9009688679024191,-0.9510565162951536,0.30901699437494723,705.0,288.0,208.0,333.0,471.0,472.29,411.93,396.33,126.98,321.0,705.0,452.48,383.5,220.4790239455899,1.835489833607477,0,1.4968152865924242,2.43085525260428,0
2025-06-26,Munchkins,573.0,Regular Day,30.4,0.0,14.95,1.4999999999999964,8.0,26.7,13.4,0.0,7.299999999999997,13.437777777777777,54.0,8.7,0.0,3.2,454.47999999999996,5,26,177,0,0,26,6,2025,0,4,-0.9749279121818236,-0.2225209339563146,-0.9510565162951536,0.30901699437494723,428.0,270.0,302.0,364.0,252.0,473.71,419.07,389.57,127.41,321.0,705.0,467.11,341.0,69.90469702864513,1.0480480480323116,0,1.698412698345301,0.30162467621837974,0
2025-06-26,Donuts,211.0,Regular Day,30.4,0.0,14.95,1.4999999999999964,8.0,26.7,13.4,0.0,7.299999999999997,13.437777777777777,54.0,8.7,0.0,3.2,454.47999999999996,5,26,177,0,0,26,6,2025,0,4,-0.9749279121818236,-0.2225209339563146,-0.9510565162951536,0.30901699437494723,251.0,272.0,249.0,302.0,255.0,324.57,323.14,329.86,74.2,231.0,418.0,330.37,268.5,24.63736998950984,0.9491833030680729,0,0.9843137254515955,-1.062803234358113,0
2025-06-27,Donuts,319.0,Regular Day,26.7,0.0,14.95,-3.166666666666668,3.8999999999999986,20.6,20.2,0.0,0.8000000000000007,1.8866666666666667,100.0,2.6000000000000014,0.0,8.9,399.16499999999996,6,27,178,0,0,26,6,2025,0,4,-0.7818314824680299,0.6234898018587334,-0.9510565162951536,0.30901699437494723,315.0,347.0,767.0,357.0,408.0,267.43,296.57,311.38,135.3,0.0,418.0,247.78,446.5,214.41626182109727,0.5889679715250092,0,0.7720588235104887,0.02675535846069808,0
2025-06-27,Munchkins,669.0,Regular Day,26.7,0.0,14.95,-3.166666666666668,3.8999999999999986,20.6,20.2,0.0,0.8000000000000007,1.8866666666666667,100.0,2.6000000000000014,0.0,8.9,399.16499999999996,6,27,178,0,0,26,6,2025,0,4,-0.7818314824680299,0.6234898018587334,-0.9510565162951536,0.30901699437494723,440.0,410.0,334.0,427.0,354.0,396.14,385.93,367.71,214.04,0.0,705.0,350.33,402.75,47.450851766152034,1.1169513797487918,0,1.2429378530722333,0.33774060921614,0
2025-06-28,Munchkins,799.0,Regular Day,20.6,0.0,14.933333333333334,-0.03333333333333144,10.2,24.3,12.1,0.0,4.0,8.474166666666667,89.0,6.300000000000001,0.0,0.3,307.62666666666667,7,28,179,0,0,26,6,2025,1,4,-2.4492935982947064e-16,1.0,-0.9510565162951536,0.30901699437494723,511.0,501.0,411.0,653.0,536.0,375.14,380.79,367.9,224.23,0.0,705.0,318.0,519.0,100.01333244456293,0.9511278195399331,0,0.9533582089374373,0.638184007463846,0
2025-06-28,Donuts,334.0,Regular Day,20.6,0.0,14.933333333333334,-0.03333333333333144,10.2,24.3,12.1,0.0,4.0,8.474166666666667,89.0,6.300000000000001,0.0,0.3,307.62666666666667,7,28,179,0,0,26,6,2025,1,4,-2.4492935982947064e-16,1.0,-0.9510565162951536,0.30901699437494723,375.0,501.0,379.0,434.0,359.0,260.57,292.64,311.38,138.63,0.0,418.0,231.59,422.25,58.99929378108408,1.0774907748944957,0,1.0445682450962515,0.45891942577660544,0
2025-06-29,Donuts,388.0,Regular Day,24.3,0.0,14.933333333333334,2.3000000000000007,8.8,26.1,10.4,0.0,6.599999999999998,10.0,61.0,8.100000000000001,1.0,10.7,362.88,1,29,180,0,0,26,6,2025,1,5,0.7818314824680298,0.6234898018587336,-2.4492935982947064e-16,1.0,0.0,400.0,372.0,388.0,161.0,236.57,292.43,312.1,120.14,0.0,375.0,236.19,290.0,193.67326437413433,0.5263157894667589,0,0.0,-2.5978025634594806,1
2025-06-29,Munchkins,558.0,Regular Day,24.3,0.0,14.933333333333334,2.3000000000000007,8.8,26.1,10.4,0.0,6.599999999999998,10.0,61.0,8.100000000000001,1.0,10.7,362.88,1,29,180,0,0,26,6,2025,1,5,0.7818314824680298,0.6234898018587336,-2.4492935982947064e-16,1.0,0.0,543.0,464.0,459.0,249.0,363.86,374.86,361.19,229.34,0.0,705.0,299.0,366.5,247.34389016104683,0.5882990249123694,0,0.0,-1.5749106129949022,0
2025-06-30,Donuts,242.0,Regular Day,26.1,0.0,14.933333333333334,2.06666666666667,7.199999999999999,26.1,12.0,0.0,5.900000000000002,9.164444444444445,90.0,8.100000000000001,0.0,3.3,389.76000000000005,2,30,181,0,1,27,6,2025,0,5,0.9749279121818236,-0.22252093395631434,-2.4492935982947064e-16,1.0,183.0,231.0,238.0,183.0,244.0,235.29,292.71,315.48,119.62,0.0,375.0,245.39,208.75,29.87055406248769,0.9833729215918439,0,0.7499999999692623,-1.1075071057425594,0
2025-06-30,Munchkins,452.0,Regular Day,26.1,0.0,14.933333333333334,2.06666666666667,7.199999999999999,26.1,12.0,0.0,5.900000000000002,9.164444444444445,90.0,8.100000000000001,0.0,3.3,389.76000000000005,2,30,181,0,1,27,6,2025,0,5,0.9749279121818236,-0.22252093395631434,-2.4492935982947064e-16,1.0,221.0,368.0,293.0,217.0,219.0,328.71,387.07,373.14,182.4,0.0,511.0,339.0,274.75,71.30392696058192,1.1549019607616686,0,1.009132420045245,-0.8341008771472531,0
2025-07-01,Munchkins,483.0,Regular Day,26.1,0.0,14.9,1.4333333333333336,5.0,26.5,16.2,0.0,4.700000000000003,9.514722222222222,91.0,8.5,0.0,20.8,388.89000000000004,3,1,182,1,0,27,7,2025,0,1,0.43388373911755823,-0.900968867902419,0.9510565162951535,0.30901699437494745,242.0,321.0,325.0,383.0,253.0,349.43,408.71,386.05,202.66,0.0,573.0,397.5,317.75,57.904375194510706,0.7951977401017627,0,0.9565217390926276,-0.7107964077414983,0
2025-07-01,Donuts,239.0,Regular Day,26.1,0.0,14.9,1.4333333333333336,5.0,26.5,16.2,0.0,4.700000000000003,9.514722222222222,91.0,8.5,0.0,20.8,388.89000000000004,3,1,182,1,0,27,7,2025,0,1,0.43388373911755823,-0.900968867902419,0.9510565162951535,0.30901699437494745,250.0,418.0,253.0,235.0,303.0,229.57,288.36,313.67,119.7,0.0,375.0,236.79,289.0,86.35971282953643,1.368852458988343,0,0.8250825082235946,-0.5319131160792054,0
2025-07-02,Munchkins,383.0,Regular Day,26.5,0.0,14.9,-0.26666666666666217,5.899999999999999,23.6,11.4,0.0,3.6000000000000014,5.268611111111111,100.0,5.600000000000001,0.0,32.1,394.85,4,2,183,0,0,27,7,2025,0,1,-0.433883739117558,-0.9009688679024191,0.9510565162951535,0.30901699437494745,459.0,705.0,288.0,208.0,374.0,382.14,427.21,402.0,235.54,0.0,669.0,465.37,415.0,219.8590457543196,2.346774193501073,0,1.2272727272399124,0.2419971130066232,0
2025-07-02,Donuts,321.0,Regular Day,26.5,0.0,14.9,-0.26666666666666217,5.899999999999999,23.6,11.4,0.0,3.6000000000000014,5.268611111111111,100.0,5.600000000000001,0.0,32.1,394.85,4,2,183,0,0,27,7,2025,0,1,-0.433883739117558,-0.9009688679024191,0.9510565162951535,0.30901699437494745,273.0,282.0,269.0,202.0,275.0,230.14,286.36,292.33,120.18,0.0,375.0,257.35,256.5,36.737809769591145,1.178343949019568,0,0.9927272726911736,-0.16084207021460778,0
2025-07-03,Donuts,322.0,Regular Day,23.6,0.0,14.883333333333333,0.7000000000000028,9.3,25.3,15.4,0.0,2.5000000000000036,13.915833333333333,33.0,7.300000000000001,0.0,0.0,351.24666666666667,5,3,184,0,0,27,7,2025,0,1,-0.9749279121818236,-0.2225209339563146,0.9510565162951535,0.30901699437494745,211.0,251.0,272.0,249.0,252.0,224.29,274.43,290.19,112.71,0.0,334.0,276.51,245.75,25.395209522007622,0.8867562379868185,0,0.837301587268361,-0.7025995918106114,0
2025-07-03,Munchkins,461.0,Regular Day,23.6,0.0,14.883333333333333,0.7000000000000028,9.3,25.3,15.4,0.0,2.5000000000000036,13.915833333333333,33.0,7.300000000000001,0.0,0.0,351.24666666666667,5,3,184,0,0,27,7,2025,0,1,-0.9749279121818236,-0.2225209339563146,0.9510565162951535,0.30901699437494745,573.0,428.0,270.0,302.0,491.0,423.29,448.5,420.48,282.31,0.0,799.0,548.78,393.25,137.88249828507364,1.7499999999694056,0,1.1670061099558655,0.540257164091238,0
2025-07-04,Munchkins,923.0,Independence Day,25.3,0.0,14.883333333333333,-0.7333333333333343,9.600000000000001,23.0,10.6,0.0,2.5,14.0,3.0,5.0,0.0,0.7,376.54833333333335,6,4,185,0,0,27,7,2025,0,1,-0.7818314824680299,0.6234898018587334,0.9510565162951535,0.30901699437494745,669.0,440.0,410.0,334.0,769.0,503.0,449.57,424.95,213.18,221.0,799.0,551.09,463.25,144.23909548616376,1.4905913978294276,1,0.8699609882851761,1.1448072051250207,0
2025-07-04,Donuts,432.0,Independence Day,25.3,0.0,14.883333333333333,-0.7333333333333343,9.600000000000001,23.0,10.6,0.0,2.5,14.0,3.0,5.0,0.0,0.7,376.54833333333335,6,4,185,0,0,27,7,2025,0,1,-0.7818314824680299,0.6234898018587334,0.9510565162951535,0.30901699437494745,319.0,315.0,347.0,767.0,389.0,279.71,273.57,290.95,72.13,183.0,388.0,304.38,437.0,220.46012489034533,0.5691202872480331,1,0.820051413860667,0.3888811866922391,0
2025-07-05,Donuts,401.0,Regular Day,23.0,0.0,14.866666666666667,-1.4666666666666686,14.0,23.2,11.8,0.0,3.200000000000003,14.0,26.0,5.199999999999999,0.0,0.0,341.93333333333334,7,5,186,0,0,27,7,2025,1,1,-2.4492935982947064e-16,1.0,0.9510565162951535,0.30901699437494745,334.0,375.0,501.0,379.0,383.0,288.14,274.36,291.14,61.63,211.0,388.0,288.79,397.25,72.09426699352268,0.8056818181726627,0,0.8720626631626093,0.695440532095499,0
2025-07-05,Munchkins,531.0,Regular Day,23.0,0.0,14.866666666666667,-1.4666666666666686,14.0,23.2,11.8,0.0,3.200000000000003,14.0,26.0,5.199999999999999,0.0,0.0,341.93333333333334,7,5,186,0,0,27,7,2025,1,1,-2.4492935982947064e-16,1.0,0.9510565162951535,0.30901699437494745,799.0,511.0,501.0,411.0,664.0,536.0,455.57,432.52,177.07,242.0,799.0,526.31,555.5,168.44682642701622,1.4364035087561797,0,1.2033132529939259,2.069689953008997,0
2025-07-06,Munchkins,574.0,Regular Day,23.2,0.0,14.833333333333334,-1.7333333333333307,11.0,24.3,15.4,0.0,3.1000000000000014,14.0,52.0,6.300000000000001,0.0,0.0,344.1333333333333,1,6,187,0,0,27,7,2025,1,1,0.7818314824680298,0.6234898018587336,0.9510565162951535,0.30901699437494745,558.0,0.0,543.0,464.0,392.0,570.43,467.14,440.05,126.63,452.0,799.0,515.49,391.25,264.07243324512314,0.5541211519309421,0,1.423469387718789,0.9314538418280459,0
2025-07-06,Donuts,320.0,Regular Day,23.2,0.0,14.833333333333334,-1.7333333333333307,11.0,24.3,15.4,0.0,3.1000000000000014,14.0,52.0,6.300000000000001,0.0,0.0,344.1333333333333,1,6,187,0,0,27,7,2025,1,1,0.7818314824680298,0.6234898018587336,0.9510565162951535,0.30901699437494745,388.0,0.0,400.0,372.0,204.0,286.57,261.57,290.48,62.89,211.0,388.0,276.34,290.0,193.67326437413433,0.5025906735686193,0,1.901960784220492,1.5506439813085313,0
2025-07-07,Donuts,208.0,Regular Day,24.3,0.0,14.833333333333334,-0.9333333333333371,7.0,25.7,18.3,0.0,5.100000000000001,9.140277777777778,47.0,7.699999999999999,0.0,1.6,360.45000000000005,2,7,188,0,0,28,7,2025,0,1,0.9749279121818236,-0.22252093395631434,0.9510565162951535,0.30901699437494745,242.0,183.0,231.0,238.0,294.0,293.43,264.36,292.95,63.78,211.0,388.0,287.5,223.5,27.380041392712805,0.9061833688506145,0,0.8231292516726827,-0.7988397615555282,0
2025-07-07,Munchkins,311.0,Regular Day,24.3,0.0,14.833333333333334,-0.9333333333333371,7.0,25.7,18.3,0.0,5.100000000000001,9.140277777777778,47.0,7.699999999999999,0.0,1.6,360.45000000000005,2,7,188,0,0,28,7,2025,0,1,0.9749279121818236,-0.22252093395631434,0.9510565162951535,0.30901699437494745,452.0,221.0,368.0,293.0,459.0,559.57,444.14,444.57,140.29,383.0,799.0,482.36,333.5,99.21189444819608,1.0181543116336134,0,0.9847494553162364,0.052961722143206144,0
2025-07-08,Munchkins,409.0,Regular Day,25.7,0.0,14.816666666666666,-0.10000000000000142,9.299999999999997,26.9,15.2,0.0,5.700000000000003,12.47888888888889,47.0,8.899999999999999,0.0,7.4,380.7883333333333,3,8,189,0,0,28,7,2025,0,2,0.43388373911755823,-0.900968867902419,0.5877852522924732,-0.8090169943749473,483.0,242.0,321.0,325.0,513.0,543.57,446.5,453.67,144.82,383.0,799.0,477.02,342.75,101.0094880031904,1.1222910216544537,0,0.9415204678179041,0.20252727522424188,0
2025-07-08,Donuts,136.0,Regular Day,25.7,0.0,14.816666666666666,-0.10000000000000142,9.299999999999997,26.9,15.2,0.0,5.700000000000003,12.47888888888889,47.0,8.899999999999999,0.0,7.4,380.7883333333333,3,8,189,0,0,28,7,2025,0,2,0.43388373911755823,-0.900968867902419,0.5877852522924732,-0.8090169943749473,239.0,250.0,418.0,253.0,292.0,309.29,269.43,295.33,52.71,239.0,388.0,296.13,290.0,85.54530963179688,0.7287630402275892,0,0.8184931506569009,-1.0686776700685487,0
2025-07-09,Munchkins,373.0,Regular Day,26.9,0.0,14.8,0.1999999999999993,8.8,26.1,13.8,0.0,5.299999999999997,13.0,59.0,8.100000000000001,0.0,3.6,398.12,4,9,190,0,0,28,7,2025,0,2,-0.433883739117558,-0.9009688679024191,0.5877852522924732,-0.8090169943749473,383.0,459.0,705.0,288.0,407.0,579.86,481.0,478.1,202.01,383.0,923.0,588.52,458.75,178.44957270893084,0.8479355488333541,0,0.9410319410088198,-0.47076877379977394,0
2025-07-09,Donuts,244.0,Regular Day,26.9,0.0,14.8,0.1999999999999993,8.8,26.1,13.8,0.0,5.299999999999997,13.0,59.0,8.100000000000001,0.0,3.6,398.12,4,9,190,0,0,28,7,2025,0,2,-0.433883739117558,-0.9009688679024191,0.5877852522924732,-0.8090169943749473,321.0,273.0,282.0,269.0,253.0,325.43,277.79,299.38,70.48,239.0,432.0,330.1,286.25,23.79600806858159,1.0780399273851535,0,1.268774703507163,0.3067536889462609,0
2025-07-10,Munchkins,268.0,Regular Day,26.1,0.0,14.783333333333333,-1.8666666666666671,3.5,23.1,13.2,0.0,5.099999999999998,2.4816666666666665,98.0,5.100000000000001,0.0,29.9,385.845,5,10,191,0,0,28,7,2025,0,2,-0.9749279121818236,-0.2225209339563146,0.5877852522924732,-0.8090169943749473,461.0,573.0,428.0,270.0,493.0,541.57,482.43,479.52,177.46,383.0,923.0,574.14,433.0,125.13725797432727,1.481375358144966,0,0.9350912778714991,-0.10436154625806585,0
2025-07-10,Donuts,257.0,Regular Day,26.1,0.0,14.783333333333333,-1.8666666666666671,3.5,23.1,13.2,0.0,5.099999999999998,2.4816666666666665,98.0,5.100000000000001,0.0,29.9,385.845,5,10,191,0,0,28,7,2025,0,2,-0.9749279121818236,-0.2225209339563146,0.5877852522924732,-0.8090169943749473,322.0,211.0,251.0,272.0,399.0,335.0,279.64,294.62,76.16,239.0,432.0,347.82,264.0,46.20966709827429,1.0191204588715272,0,0.8070175438394231,0.35950630247380433,0
2025-07-11,Munchkins,365.0,Regular Day,23.1,0.0,14.766666666666667,-1.7333333333333307,7.5,24.1,9.7,0.0,4.899999999999999,9.564722222222223,84.0,6.100000000000001,0.0,3.2,341.11,6,11,192,0,0,28,7,2025,0,2,-0.7818314824680299,0.6234898018587334,0.5877852522924732,-0.8090169943749473,923.0,669.0,440.0,410.0,553.0,543.86,523.43,481.0,177.81,383.0,923.0,574.1,610.5,238.29183787952118,1.8729411764485535,0,1.6690777576551703,2.485799448710095,0
2025-07-11,Donuts,281.0,Regular Day,23.1,0.0,14.766666666666667,-1.7333333333333307,7.5,24.1,9.7,0.0,4.899999999999999,9.564722222222223,84.0,6.100000000000001,0.0,3.2,341.11,6,11,192,0,0,28,7,2025,0,2,-0.7818314824680299,0.6234898018587334,0.5877852522924732,-0.8090169943749473,432.0,319.0,315.0,347.0,406.0,325.29,302.5,290.81,72.53,239.0,432.0,340.87,353.25,54.395925092479736,1.1344410875961564,0,1.0640394088407872,1.9466427682411909,0
2025-07-12,Munchkins,443.0,Regular Day,24.1,0.0,14.733333333333333,-1.8999999999999986,6.399999999999999,24.6,13.4,0.0,4.200000000000003,10.889166666666666,68.0,6.600000000000001,0.0,1.2,355.0733333333333,7,12,193,0,0,28,7,2025,1,2,-2.4492935982947064e-16,1.0,0.5877852522924732,-0.8090169943749473,531.0,799.0,511.0,501.0,770.0,523.71,529.86,478.29,196.91,311.0,923.0,508.33,585.5,142.8787364632447,1.3142292489988712,0,0.6896103896014336,0.2676857447428933,0
2025-07-12,Donuts,338.0,Regular Day,24.1,0.0,14.733333333333333,-1.8999999999999986,6.399999999999999,24.6,13.4,0.0,4.200000000000003,10.889166666666666,68.0,6.600000000000001,0.0,1.2,355.0733333333333,7,12,193,0,0,28,7,2025,1,2,-2.4492935982947064e-16,1.0,0.5877852522924732,-0.8090169943749473,401.0,334.0,375.0,501.0,417.0,320.43,304.29,289.71,79.81,208.0,432.0,307.65,402.75,71.0698013692642,0.8390410958808329,0,0.9616306954205843,1.3944367871952845,0
2025-07-13,Donuts,256.0,Regular Day,24.6,0.0,14.733333333333333,-1.3000000000000007,6.899999999999999,24.7,13.1,0.0,4.700000000000003,13.4025,49.0,6.699999999999999,0.0,1.5,362.44,1,13,194,0,0,28,7,2025,1,2,0.7818314824680298,0.6234898018587336,0.5877852522924732,-0.8090169943749473,320.0,388.0,0.0,400.0,299.0,305.71,296.14,276.29,103.35,136.0,432.0,264.74,277.0,187.9964538672649,1.7699999999557499,0,1.0702341136765807,0.42293178515501373,0
2025-07-13,Munchkins,470.0,Regular Day,24.6,0.0,14.733333333333333,-1.3000000000000007,6.899999999999999,24.7,13.1,0.0,4.700000000000003,13.4025,49.0,6.699999999999999,0.0,1.5,362.44,1,13,194,0,0,28,7,2025,1,2,0.7818314824680298,0.6234898018587336,0.5877852522924732,-0.8090169943749473,574.0,558.0,0.0,543.0,343.0,513.14,541.79,482.48,201.4,311.0,923.0,483.5,418.75,279.45348450144616,2.084714548764554,0,1.6734693877063127,0.45441906651169706,0
2025-07-14,Munchkins,481.0,Regular Day,24.7,0.0,14.7,-0.6333333333333329,8.2,25.3,10.3,0.0,4.599999999999998,10.060277777777777,74.0,7.300000000000001,0.0,1.8,363.09,2,14,195,0,0,29,7,2025,0,2,0.9749279121818236,-0.22252093395631434,0.5877852522924732,-0.8090169943749473,311.0,452.0,221.0,368.0,260.0,511.71,535.64,466.67,202.51,311.0,923.0,455.87,338.0,97.14936952960632,1.2954159592309777,0,1.1961538461078403,-0.7687027800716656,0
2025-07-14,Donuts,183.0,Regular Day,24.7,0.0,14.7,-0.6333333333333329,8.2,25.3,10.3,0.0,4.599999999999998,10.060277777777777,74.0,7.300000000000001,0.0,1.8,363.09,2,14,195,0,0,29,7,2025,0,2,0.9749279121818236,-0.22252093395631434,0.5877852522924732,-0.8090169943749473,208.0,242.0,183.0,231.0,191.0,294.71,294.07,274.48,105.52,136.0,432.0,259.55,216.0,26.166135875720485,1.0869565217128754,0,1.089005235545078,-0.6300227444437054,0
2025-07-15,Munchkins,498.0,Regular Day,25.3,0.0,14.683333333333334,-0.7333333333333307,6.899999999999999,25.1,8.0,0.0,6.0000000000000036,8.160277777777777,87.0,7.100000000000001,0.0,22.5,371.48833333333334,3,15,196,0,0,29,7,2025,0,3,0.43388373911755823,-0.900968867902419,-0.587785252292473,-0.8090169943749476,409.0,483.0,242.0,321.0,445.0,484.14,513.86,459.05,222.7,268.0,923.0,408.9,363.75,104.7516905193738,1.5843694493501888,0,0.9191011235748516,-0.22474180510890254,0
2025-07-15,Donuts,223.0,Regular Day,25.3,0.0,14.683333333333334,-0.7333333333333307,6.899999999999999,25.1,8.0,0.0,6.0000000000000036,8.160277777777777,87.0,7.100000000000001,0.0,22.5,371.48833333333334,3,15,196,0,0,29,7,2025,0,3,0.43388373911755823,-0.900968867902419,-0.587785252292473,-0.8090169943749476,136.0,239.0,250.0,418.0,292.0,285.43,297.36,274.76,105.58,136.0,432.0,258.91,260.75,116.73152958819652,0.5613772455005782,0,0.46575342464158376,-1.3142640650393764,0
2025-07-16,Munchkins,368.0,Regular Day,25.1,0.0,14.65,-0.49999999999999645,7.5,25.8,13.3,0.0,6.099999999999998,11.752777777777778,68.0,7.800000000000001,0.0,1.3,367.71500000000003,4,16,197,0,0,29,7,2025,0,3,-0.433883739117558,-0.9009688679024191,-0.587785252292473,-0.8090169943749476,373.0,383.0,459.0,705.0,488.0,404.43,492.14,455.48,111.56,268.0,574.0,397.93,480.0,154.83754927880597,0.6494845360768945,0,0.7643442622794192,-0.7393330942327598,0
2025-07-16,Donuts,241.0,Regular Day,25.1,0.0,14.65,-0.49999999999999645,7.5,25.8,13.3,0.0,6.099999999999998,11.752777777777778,68.0,7.800000000000001,0.0,1.3,367.71500000000003,4,16,197,0,0,29,7,2025,0,3,-0.433883739117558,-0.9009688679024191,-0.587785252292473,-0.8090169943749476,244.0,321.0,273.0,282.0,335.0,263.86,294.64,273.14,83.83,136.0,401.0,264.44,280.0,31.78049716414141,1.0180180179996754,0,0.7283582089334818,-0.34760825475991775,0
2025-07-17,Donuts,212.0,Regular Day,25.8,0.0,14.633333333333333,-0.33333333333333215,7.800000000000001,27.2,21.7,0.0,5.0,12.266111111111112,72.0,9.2,0.0,2.3,377.54,5,17,198,0,0,29,7,2025,0,3,-0.9749279121818236,-0.2225209339563146,-0.587785252292473,-0.8090169943749476,257.0,322.0,211.0,251.0,408.0,254.86,294.93,271.38,68.66,136.0,338.0,282.83,260.25,45.95196767640461,1.2532467532196268,0,0.629901960768875,-0.20943780946556392,0
2025-07-17,Munchkins,451.0,Regular Day,25.8,0.0,14.633333333333333,-0.33333333333333215,7.800000000000001,27.2,21.7,0.0,5.0,12.266111111111112,72.0,9.2,0.0,2.3,377.54,5,17,198,0,0,29,7,2025,0,3,-0.9749279121818236,-0.2225209339563146,-0.587785252292473,-0.8090169943749476,268.0,461.0,573.0,428.0,615.0,391.86,466.71,452.24,99.2,268.0,574.0,409.2,432.5,126.00661358304438,0.7282717282644529,0,0.4357723577164915,-1.8572580643289056,0
2025-07-18,Donuts,269.0,Regular Day,27.2,0.0,14.616666666666667,-0.5,8.0,27.0,19.8,0.0,2.8000000000000043,12.306944444444444,86.0,9.0,0.0,0.0,397.5733333333333,6,18,199,0,0,29,7,2025,0,3,-0.7818314824680299,0.6234898018587334,-0.587785252292473,-0.8090169943749476,281.0,432.0,319.0,315.0,314.0,245.71,285.5,283.57,62.53,136.0,338.0,276.12,336.75,65.74889099191459,1.1246056782157001,0,0.8949044585702259,-0.04110027186292964,0
2025-07-18,Munchkins,544.0,Regular Day,27.2,0.0,14.616666666666667,-0.5,8.0,27.0,19.8,0.0,2.8000000000000043,12.306944444444444,86.0,9.0,0.0,0.0,397.5733333333333,6,18,199,0,0,29,7,2025,0,3,-0.7818314824680299,0.6234898018587334,-0.587785252292473,-0.8090169943749476,365.0,923.0,669.0,440.0,614.0,377.0,460.43,474.62,71.21,268.0,470.0,424.4,599.25,251.60335848314904,1.161406672667616,0,0.5944625407069306,-1.539390534821038,0
2025-07-19,Munchkins,683.0,Regular Day,27.0,0.0,14.583333333333334,-0.9999999999999964,3.1999999999999993,23.9,14.3,0.0,4.0,3.6102777777777777,86.0,5.899999999999999,0.0,12.1,393.75,7,19,200,0,0,29,7,2025,1,3,-2.4492935982947064e-16,1.0,-0.587785252292473,-0.8090169943749476,443.0,531.0,799.0,511.0,556.0,401.29,462.5,487.0,73.89,268.0,481.0,438.55,571.0,156.59714769645925,0.7435114503760037,0,0.7967625899137273,-0.5954797671409555,0
2025-07-19,Donuts,395.0,Regular Day,27.0,0.0,14.583333333333334,-0.9999999999999964,3.1999999999999993,23.9,14.3,0.0,4.0,3.6102777777777777,86.0,5.899999999999999,0.0,12.1,393.75,7,19,200,0,0,29,7,2025,1,3,-2.4492935982947064e-16,1.0,-0.587785252292473,-0.8090169943749476,338.0,401.0,334.0,375.0,486.0,242.14,281.29,283.57,65.67,136.0,338.0,252.84,362.0,31.88521078284832,1.0423131170515894,0,0.6954732510144964,0.828841175448631,0
2025-07-20,Donuts,323.0,Regular Day,23.9,0.0,14.55,0.7666666666666657,8.7,25.5,13.7,0.0,5.199999999999999,10.04111111111111,85.0,7.5,1.0,11.3,347.745,1,20,201,0,0,29,7,2025,1,3,0.7818314824680298,0.6234898018587336,-0.587785252292473,-0.8090169943749476,256.0,320.0,388.0,0.0,189.0,254.57,280.14,282.29,48.13,183.0,338.0,245.38,241.0,169.46582743038982,1.4845360824359655,0,1.354497354425688,-0.5462289631111101,0
2025-07-20,Munchkins,654.0,Regular Day,23.9,0.0,14.55,0.7666666666666657,8.7,25.5,13.7,0.0,5.199999999999999,10.04111111111111,85.0,7.5,1.0,11.3,347.745,1,20,201,0,0,29,7,2025,1,3,0.7818314824680298,0.6234898018587336,-0.587785252292473,-0.8090169943749476,470.0,574.0,558.0,0.0,344.0,414.0,463.57,499.19,82.58,268.0,498.0,453.41,400.5,270.88681523224176,1.870967741901954,0,1.3662790697277245,-0.3534754177338974,0
2025-07-21,Munchkins,403.0,Regular Day,25.5,0.0,14.533333333333333,1.3000000000000007,8.899999999999999,26.0,12.1,0.0,1.6000000000000014,14.0,34.0,8.0,0.0,0.0,370.6,2,21,202,0,0,30,7,2025,0,3,0.9749279121818236,-0.22252093395631434,-0.587785252292473,-0.8090169943749476,481.0,311.0,452.0,221.0,395.0,413.29,462.5,494.86,83.02,268.0,498.0,432.06,366.25,122.02561206566432,1.176820208006288,0,1.2177215189565134,-0.16694772342002576,0
2025-07-21,Donuts,242.0,Regular Day,25.5,0.0,14.533333333333333,1.3000000000000007,8.899999999999999,26.0,12.1,0.0,1.6000000000000014,14.0,34.0,8.0,0.0,0.0,370.6,2,21,202,0,0,30,7,2025,0,3,0.9749279121818236,-0.22252093395631434,-0.587785252292473,-0.8090169943749476,183.0,208.0,242.0,183.0,205.0,254.14,274.43,280.76,48.25,183.0,338.0,244.29,204.0,27.94041278626117,0.9199999999783529,0,0.8926829267857227,-2.0261139892173854,1
2025-07-22,Munchkins,373.0,Regular Day,26.0,0.0,14.516666666666667,-0.7000000000000028,7.800000000000001,23.2,13.5,0.0,2.3999999999999986,14.0,17.0,5.199999999999999,0.0,0.8,377.43333333333334,3,22,203,0,0,30,7,2025,0,4,0.43388373911755823,-0.900968867902419,-0.9510565162951536,0.30901699437494723,498.0,409.0,483.0,242.0,310.0,439.43,461.79,489.05,53.04,365.0,498.0,436.79,408.0,117.30586799758427,1.251034482741365,0,1.6064516128514048,0.16874057312052382,0
2025-07-22,Donuts,268.0,Regular Day,26.0,0.0,14.516666666666667,-0.7000000000000028,7.800000000000001,23.2,13.5,0.0,2.3999999999999986,14.0,17.0,5.199999999999999,0.0,0.8,377.43333333333334,3,22,203,0,0,30,7,2025,0,4,0.43388373911755823,-0.900968867902419,-0.9510565162951536,0.30901699437494723,223.0,136.0,239.0,250.0,190.0,247.71,266.57,280.81,50.74,183.0,338.0,236.21,212.0,51.86520991955976,0.7341513292283405,0,1.1736842104645429,-1.1393378003272885,0
2025-07-23,Munchkins,325.0,Regular Day,23.2,0.0,14.483333333333333,-0.9000000000000021,8.0,23.0,12.0,0.0,1.6000000000000014,14.0,26.0,5.0,0.0,0.0,336.0133333333333,4,23,204,0,0,30,7,2025,0,4,-0.433883739117558,-0.9009688679024191,-0.9510565162951536,0.30901699437494723,368.0,373.0,383.0,459.0,390.0,465.0,434.71,483.1,54.31,368.0,544.0,463.6,395.75,42.625305473001205,0.8800475059277904,0,0.9435897435655489,-2.1193150428798906,1
2025-07-23,Donuts,176.0,Regular Day,23.2,0.0,14.483333333333333,-0.9000000000000021,8.0,23.0,12.0,0.0,1.6000000000000014,14.0,26.0,5.0,0.0,0.0,336.0133333333333,4,23,204,0,0,30,7,2025,0,4,-0.433883739117558,-0.9009688679024191,-0.9510565162951536,0.30901699437494723,241.0,244.0,321.0,273.0,282.0,246.0,254.93,278.43,49.62,183.0,338.0,244.41,269.75,37.08885726648009,0.8164983164845707,0,0.8546099290477088,-0.7543329301180306,0
2025-07-24,Munchkins,394.0,Regular Day,23.0,0.0,14.45,-1.0000000000000036,11.5,23.6,12.2,0.0,3.1000000000000014,12.922222222222222,66.0,5.600000000000001,0.0,0.0,332.34999999999997,5,24,205,0,0,30,7,2025,0,4,-0.9749279121818236,-0.2225209339563146,-0.9510565162951536,0.30901699437494723,451.0,268.0,461.0,573.0,527.0,499.29,445.57,477.57,97.05,368.0,683.0,518.45,438.25,126.25734302077906,0.6953578336489812,0,0.8557874762645961,-0.27377640388729757,0
2025-07-24,Donuts,183.0,Regular Day,23.0,0.0,14.45,-1.0000000000000036,11.5,23.6,12.2,0.0,3.1000000000000014,12.922222222222222,66.0,5.600000000000001,0.0,0.0,332.34999999999997,5,24,205,0,0,30,7,2025,0,4,-0.9749279121818236,-0.2225209339563146,-0.9510565162951536,0.30901699437494723,212.0,257.0,322.0,211.0,323.0,254.14,254.5,281.33,68.37,183.0,395.0,282.06,250.5,52.271725945613596,0.8799249530791758,0,0.6563467492056858,-1.0140412460122799,0
2025-07-25,Munchkins,596.0,Regular Day,23.6,0.0,14.416666666666666,0.7999999999999972,11.000000000000004,26.2,16.8,0.0,5.799999999999997,13.0,28.0,8.2,0.0,6.0,340.23333333333335,6,25,206,0,0,30,7,2025,0,4,-0.7818314824680299,0.6234898018587334,-0.9510565162951536,0.30901699437494723,544.0,365.0,923.0,669.0,615.0,525.57,451.29,482.14,111.62,368.0,683.0,552.33,625.25,234.45024347751627,0.5709798994939009,0,0.8845528455140723,0.5542017559080631,0
2025-07-25,Donuts,286.0,Regular Day,23.6,0.0,14.416666666666666,0.7999999999999972,11.000000000000004,26.2,16.8,0.0,5.799999999999997,13.0,28.0,8.2,0.0,6.0,340.23333333333335,6,25,206,0,0,30,7,2025,0,4,-0.7818314824680299,0.6234898018587334,-0.9510565162951536,0.30901699437494723,269.0,281.0,432.0,319.0,323.0,263.71,254.71,278.24,73.19,183.0,395.0,292.29,325.25,74.2894115380292,0.7323568575135505,0,0.8328173374355164,-0.1262467550039287,0
2025-07-26,Munchkins,598.0,Regular Day,26.2,0.0,14.4,0.7333333333333343,5.5,25.8,15.7,0.0,3.1999999999999993,13.19361111111111,85.0,7.800000000000001,0.0,0.0,377.28,7,26,207,0,0,30,7,2025,1,4,-2.4492935982947064e-16,1.0,-0.9510565162951536,0.30901699437494723,683.0,443.0,531.0,799.0,575.0,514.43,457.86,479.81,120.36,368.0,683.0,515.0,614.0,158.23611050157504,0.846616541347018,0,1.187826086935864,1.6881854435287318,0
2025-07-26,Donuts,387.0,Regular Day,26.2,0.0,14.4,0.7333333333333343,5.5,25.8,15.7,0.0,3.1999999999999993,13.19361111111111,85.0,7.800000000000001,0.0,0.0,377.28,7,26,207,0,0,30,7,2025,1,4,-2.4492935982947064e-16,1.0,-0.9510565162951536,0.30901699437494723,395.0,338.0,401.0,334.0,379.0,272.14,257.14,278.24,65.32,212.0,395.0,279.72,367.0,35.91656999213594,0.9972789115510574,0,1.042216358811551,1.7875076543497388,0
2025-07-27,Donuts,204.0,Regular Day,25.8,0.0,14.366666666666667,-0.8333333333333321,7.600000000000001,24.5,15.3,0.0,5.0,9.277777777777779,78.0,6.5,0.0,10.3,370.66,1,27,208,0,0,30,7,2025,1,4,0.7818314824680298,0.6234898018587336,-0.9510565162951536,0.30901699437494723,323.0,256.0,320.0,388.0,245.0,278.57,266.57,279.62,61.8,212.0,395.0,276.79,321.75,53.903463092210814,0.8177966101579407,0,1.3183673468849646,0.7019417474592327,0
2025-07-27,Munchkins,446.0,Regular Day,25.8,0.0,14.366666666666667,-0.8333333333333321,7.600000000000001,24.5,15.3,0.0,5.0,9.277777777777779,78.0,6.5,0.0,10.3,370.66,1,27,208,0,0,30,7,2025,1,4,0.7818314824680298,0.6234898018587336,-0.9510565162951536,0.30901699437494723,654.0,470.0,574.0,558.0,266.0,496.57,455.29,474.57,131.92,368.0,683.0,479.5,564.0,75.43650751901673,0.9929328621820414,0,2.458646616448923,1.360142510509389,0
2025-07-28,Munchkins,255.0,Regular Day,24.5,0.0,14.333333333333334,0.6333333333333293,9.600000000000001,27.4,12.8,0.0,4.099999999999994,13.0,16.0,9.399999999999999,0.0,2.0,351.1666666666667,2,28,209,0,0,31,7,2025,0,4,0.9749279121818236,-0.22252093395631434,-0.9510565162951536,0.30901699437494723,403.0,481.0,311.0,452.0,233.0,490.43,451.86,471.81,139.68,325.0,683.0,440.88,411.75,74.48210075805684,1.1585845347161392,0,1.729613733831347,-0.49262600225568254,0
2025-07-28,Donuts,173.0,Regular Day,24.5,0.0,14.333333333333334,0.6333333333333293,9.600000000000001,27.4,12.8,0.0,4.099999999999994,13.0,16.0,9.399999999999999,0.0,2.0,351.1666666666667,2,28,209,0,0,31,7,2025,0,4,0.9749279121818236,-0.22252093395631434,-0.9510565162951536,0.30901699437494723,242.0,183.0,208.0,242.0,171.0,269.29,261.71,272.71,72.36,176.0,395.0,251.59,218.75,28.721362548922826,0.9444444444234568,0,1.4152046782798124,-0.4244057489739625,0
2025-07-29,Donuts,184.0,Regular Day,27.4,0.0,14.316666666666666,1.6333333333333293,11.700000000000003,28.4,9.2,0.0,5.199999999999996,13.991666666666667,28.0,10.399999999999999,0.0,0.0,392.27666666666664,3,29,210,0,0,31,7,2025,0,5,0.43388373911755823,-0.900968867902419,-2.4492935982947064e-16,1.0,268.0,223.0,136.0,239.0,209.0,265.14,256.43,266.1,76.88,176.0,395.0,234.44,216.5,56.806689746895124,1.3093333332984178,0,1.2822966506563493,0.024713839747045253,0
2025-07-29,Munchkins,287.0,Regular Day,27.4,0.0,14.316666666666666,1.6333333333333293,11.700000000000003,28.4,9.2,0.0,5.199999999999996,13.991666666666667,28.0,10.399999999999999,0.0,0.0,392.27666666666664,3,29,210,0,0,31,7,2025,0,5,0.43388373911755823,-0.900968867902419,-2.4492935982947064e-16,1.0,373.0,498.0,409.0,483.0,421.0,482.29,460.86,468.62,143.96,325.0,683.0,429.16,440.75,59.61193951997648,0.9764573990921922,0,0.8859857481974825,-0.6642122811430805,0
2025-07-30,Donuts,126.0,Regular Day,28.4,0.0,14.283333333333333,2.8333333333333357,9.100000000000001,28.8,11.5,0.0,5.200000000000003,13.977222222222222,34.0,10.8,0.0,0.0,405.64666666666665,4,30,211,0,0,31,7,2025,0,5,-0.433883739117558,-0.9009688679024191,-2.4492935982947064e-16,1.0,176.0,241.0,244.0,321.0,202.0,267.57,256.79,259.14,77.29,176.0,395.0,247.33,245.5,59.30992047429053,0.7380530973320698,0,0.8712871286697382,-1.075688963504245,0
2025-07-30,Munchkins,356.0,Regular Day,28.4,0.0,14.283333333333333,2.8333333333333357,9.100000000000001,28.8,11.5,0.0,5.200000000000003,13.977222222222222,34.0,10.8,0.0,0.0,405.64666666666665,4,30,211,0,0,31,7,2025,0,5,-0.433883739117558,-0.9009688679024191,-2.4492935982947064e-16,1.0,325.0,368.0,373.0,383.0,570.0,489.71,477.36,453.05,148.93,325.0,683.0,470.87,362.25,25.60436160761157,0.9166666666545414,0,0.5701754385864881,-0.8597999059383737,0
2025-07-31,Munchkins,441.0,Regular Day,28.8,0.0,14.25,1.6333333333333329,8.2,26.8,12.9,0.0,4.300000000000001,9.886111111111111,52.0,8.8,0.0,3.7,410.40000000000003,5,31,212,0,1,31,7,2025,0,5,-0.9749279121818236,-0.2225209339563146,-2.4492935982947064e-16,1.0,394.0,451.0,268.0,461.0,525.0,477.57,488.43,456.24,133.18,325.0,654.0,502.65,393.5,88.71865643707642,1.159122085032111,0,0.7504761904618957,-0.46733743801867117,0
2025-07-31,Donuts,245.0,Regular Day,28.8,0.0,14.25,1.6333333333333329,8.2,26.8,12.9,0.0,4.300000000000001,9.886111111111111,52.0,8.8,0.0,3.7,410.40000000000003,5,31,212,0,1,31,7,2025,0,5,-0.9749279121818236,-0.2225209339563146,-2.4492935982947064e-16,1.0,183.0,212.0,257.0,322.0,328.0,266.43,260.29,258.48,75.12,176.0,387.0,282.25,243.5,60.54474929064177,0.6822107081056613,0,0.5579268292512827,-1.0047923321346126,0
2025-08-01,Donuts,296.0,Regular Day,26.8,0.0,14.216666666666667,-1.7666666666666693,5.5,21.9,22.3,0.0,5.800000000000001,0.5530555555555555,98.0,3.8999999999999986,0.0,3.6,381.00666666666666,6,1,213,1,0,31,8,2025,0,1,-0.7818314824680299,0.6234898018587334,0.9510565162951535,0.30901699437494745,286.0,269.0,281.0,432.0,341.0,249.43,256.57,252.95,73.63,176.0,387.0,262.69,317.0,76.99783546741212,0.778401122008718,0,0.8387096773947592,0.448865951317552,0
2025-08-01,Munchkins,484.0,Regular Day,26.8,0.0,14.216666666666667,-1.7666666666666693,5.5,21.9,22.3,0.0,5.800000000000001,0.5530555555555555,98.0,3.8999999999999986,0.0,3.6,381.00666666666666,6,1,213,1,0,31,8,2025,0,1,-0.7818314824680299,0.6234898018587334,0.9510565162951535,0.30901699437494745,596.0,544.0,365.0,923.0,715.0,447.86,486.71,450.14,108.09,325.0,598.0,488.49,607.0,232.74449510138794,0.8850931676949916,0,0.8335664335547753,1.3494310295726313,0
2025-08-02,Donuts,423.0,Regular Day,21.9,0.0,14.183333333333334,-2.6666666666666643,8.5,20.9,10.4,0.0,0.5,9.770277777777778,49.0,2.8999999999999986,0.0,0.0,310.615,7,2,214,0,0,31,8,2025,1,1,-2.4492935982947064e-16,1.0,0.9510565162951535,0.30901699437494745,387.0,395.0,338.0,401.0,322.0,239.57,255.86,251.29,79.2,173.0,387.0,240.27,380.25,28.74456470360962,1.0581867388219461,0,1.2018633539999422,1.713510100793749,0
2025-08-02,Munchkins,659.0,Regular Day,21.9,0.0,14.183333333333334,-2.6666666666666643,8.5,20.9,10.4,0.0,0.5,9.770277777777778,49.0,2.8999999999999986,0.0,0.0,310.615,7,2,214,0,0,31,8,2025,1,1,-2.4492935982947064e-16,1.0,0.9510565162951535,0.30901699437494745,598.0,683.0,443.0,531.0,771.0,426.71,470.57,447.48,130.48,255.0,598.0,430.12,563.75,101.7296253146873,1.3151950718550802,0,0.7756160829990192,1.1535867565026374,0
2025-08-03,Munchkins,512.0,Regular Day,20.9,0.0,14.15,-2.8999999999999986,11.600000000000001,20.8,11.5,0.0,1.1999999999999993,13.917222222222222,26.0,2.8000000000000007,0.0,0.0,295.735,1,3,215,0,0,31,8,2025,1,1,0.7818314824680298,0.6234898018587336,0.9510565162951535,0.30901699437494745,446.0,654.0,470.0,574.0,323.0,414.43,455.5,441.67,140.08,255.0,598.0,394.34,536.0,96.3050708253032,1.0536398467332029,0,1.3808049535176221,0.030910908050334626,0
2025-08-03,Donuts,356.0,Regular Day,20.9,0.0,14.15,-2.8999999999999986,11.600000000000001,20.8,11.5,0.0,1.1999999999999993,13.917222222222222,26.0,2.8000000000000007,0.0,0.0,295.735,1,3,215,0,0,31,8,2025,1,1,0.7818314824680298,0.6234898018587336,0.9510565162951535,0.30901699437494745,204.0,323.0,256.0,320.0,255.0,227.57,253.07,253.57,80.53,173.0,387.0,226.2,275.75,56.94661242485515,0.9149305555396713,0,0.7999999999686275,-0.6155470010411589,0
2025-08-04,Donuts,179.0,Regular Day,20.8,0.0,14.1,-2.2666666666666657,15.200000000000001,21.3,13.5,0.0,3.6999999999999957,13.251944444444444,36.0,3.3000000000000007,0.0,0.0,293.28000000000003,2,4,216,0,0,32,8,2025,0,1,0.9749279121818236,-0.22252093395631434,0.9510565162951535,0.30901699437494745,173.0,242.0,183.0,208.0,223.0,220.43,244.86,247.95,87.76,126.0,387.0,201.15,201.5,30.75169372029233,1.0613810741416527,0,0.7757847533284401,-0.8540337282527307,0
2025-08-04,Munchkins,320.0,Regular Day,20.8,0.0,14.1,-2.2666666666666657,15.200000000000001,21.3,13.5,0.0,3.6999999999999957,13.251944444444444,36.0,3.3000000000000007,0.0,0.0,293.28000000000003,2,4,216,0,0,32,8,2025,0,1,0.9749279121818236,-0.22252093395631434,0.9510565162951535,0.30901699437494745,255.0,403.0,481.0,311.0,285.0,418.86,454.64,440.86,137.24,255.0,598.0,384.75,362.5,99.81816801898674,0.8308080807975908,0,0.8947368420738688,-1.3542698920610412,0
2025-08-05,Munchkins,329.0,Regular Day,21.3,0.0,14.066666666666666,-1.3999999999999986,8.8,22.2,9.3,0.0,1.3999999999999986,8.400833333333333,89.0,4.199999999999999,0.0,0.0,299.62,3,5,217,0,0,32,8,2025,0,1,0.43388373911755823,-0.900968867902419,0.9510565162951535,0.30901699437494745,287.0,373.0,498.0,409.0,503.0,425.57,453.93,449.1,136.97,255.0,598.0,398.81,391.75,87.38945397853603,0.7276736493855824,0,0.5705765407441237,-1.1834708329427268,0
2025-08-05,Donuts,195.0,Regular Day,21.3,0.0,14.066666666666666,-1.3999999999999986,8.8,22.2,9.3,0.0,1.3999999999999986,8.400833333333333,89.0,4.199999999999999,0.0,0.0,299.62,3,5,217,0,0,32,8,2025,0,1,0.43388373911755823,-0.900968867902419,0.9510565162951535,0.30901699437494745,184.0,268.0,223.0,136.0,228.0,229.29,247.21,247.38,86.47,126.0,387.0,212.11,202.75,56.198309583118245,1.2590529247560152,0,0.8070175438242536,-0.7329709725068844,0
2025-08-06,Donuts,275.0,Regular Day,22.2,0.0,14.033333333333333,-1.6999999999999993,6.399999999999999,22.6,15.0,0.0,2.0,5.407777777777778,99.0,4.600000000000001,0.0,1.1,311.53999999999996,4,6,218,0,0,32,8,2025,0,1,-0.433883739117558,-0.9009688679024191,0.9510565162951535,0.30901699437494745,126.0,176.0,241.0,244.0,345.0,230.71,249.14,248.1,87.64,126.0,387.0,233.08,196.75,56.64730061235634,0.6226804123582952,0,0.3652173912937618,-1.3931994521459152,0
2025-08-06,Munchkins,383.0,Regular Day,22.2,0.0,14.033333333333333,-1.6999999999999993,6.399999999999999,22.6,15.0,0.0,2.0,5.407777777777778,99.0,4.600000000000001,0.0,1.1,311.53999999999996,4,6,218,0,0,32,8,2025,0,1,-0.433883739117558,-0.9009688679024191,0.9510565162951535,0.30901699437494745,356.0,325.0,368.0,373.0,444.0,409.57,449.64,454.76,119.13,255.0,598.0,420.11,355.5,21.548395145191982,0.9190283400685691,0,0.8018018017837432,-0.8290103247856115,0
2025-08-07,Munchkins,371.0,Regular Day,22.6,0.0,14.0,-2.9333333333333336,7.300000000000001,21.8,16.6,0.0,1.3000000000000007,12.856111111111112,33.0,3.8000000000000007,0.0,0.3,316.40000000000003,5,7,219,0,0,32,8,2025,0,1,-0.9749279121818236,-0.2225209339563146,0.9510565162951535,0.30901699437494745,441.0,394.0,451.0,268.0,314.0,418.29,447.93,465.05,136.21,255.0,659.0,479.83,388.5,84.08923831264022,1.1613351877446267,0,1.4044585986813867,-0.17656559722659387,0
2025-08-07,Donuts,276.0,Regular Day,22.6,0.0,14.0,-2.9333333333333336,7.300000000000001,21.8,16.6,0.0,1.3000000000000007,12.856111111111112,33.0,3.8000000000000007,0.0,0.3,316.40000000000003,5,7,219,0,0,32,8,2025,0,1,-0.9749279121818236,-0.2225209339563146,0.9510565162951535,0.30901699437494745,245.0,183.0,212.0,257.0,343.0,235.86,251.14,252.14,98.7,126.0,423.0,280.56,224.25,33.44024521441193,0.9125799573366188,0,0.7142857142648896,-0.07234042552458543,0
2025-08-08,Donuts,322.0,Regular Day,21.8,0.0,13.966666666666667,-2.466666666666665,9.399999999999999,20.8,13.2,0.0,1.4000000000000021,13.792222222222222,21.0,2.8000000000000007,0.0,0.0,304.47333333333336,6,8,220,0,0,32,8,2025,0,2,-0.7818314824680299,0.6234898018587334,0.5877852522924732,-0.8090169943749473,296.0,286.0,269.0,281.0,416.0,257.57,253.5,256.9,106.9,126.0,423.0,299.42,283.0,11.224972160321824,1.0581818181625784,0,0.7115384615213572,0.36576239472724414,0
2025-08-08,Munchkins,471.0,Regular Day,21.8,0.0,13.966666666666667,-2.466666666666665,9.399999999999999,20.8,13.2,0.0,1.4000000000000021,13.792222222222222,21.0,2.8000000000000007,0.0,0.0,304.47333333333336,6,8,220,0,0,32,8,2025,0,2,-0.7818314824680299,0.6234898018587334,0.5877852522924732,-0.8090169943749473,484.0,596.0,544.0,365.0,763.0,427.71,437.79,467.05,140.66,255.0,659.0,487.87,497.25,99.3357102623892,1.1881188118681174,0,0.6343381389169811,0.12050334138202015,0
2025-08-09,Donuts,312.0,Regular Day,20.8,0.0,13.933333333333334,-2.633333333333333,12.099999999999998,20.4,9.8,0.0,1.2000000000000028,13.7975,24.0,2.3999999999999986,0.0,0.0,289.81333333333333,7,9,221,0,0,32,8,2025,1,2,-2.4492935982947064e-16,1.0,0.5877852522924732,-0.8090169943749473,423.0,387.0,395.0,338.0,472.0,258.43,249.0,256.71,106.13,126.0,423.0,269.32,385.75,35.37772368784251,1.1050477489617319,0,0.8961864406589791,1.5668519738465232,0
2025-08-09,Munchkins,538.0,Regular Day,20.8,0.0,13.933333333333334,-2.633333333333333,12.099999999999998,20.4,9.8,0.0,1.2000000000000028,13.7975,24.0,2.3999999999999986,0.0,0.0,289.81333333333333,7,9,221,0,0,32,8,2025,1,2,-2.4492935982947064e-16,1.0,0.5877852522924732,-0.8090169943749473,659.0,598.0,683.0,443.0,660.0,437.0,431.86,459.38,129.02,287.0,659.0,445.91,595.75,107.93632382103812,1.1163410301854677,0,0.99848484846972,1.5472019840685782,0
2025-08-10,Donuts,362.0,Regular Day,20.4,0.0,13.883333333333333,-3.0333333333333314,15.3,20.3,10.1,0.0,2.599999999999998,13.415277777777778,12.0,2.3000000000000007,0.0,0.0,283.21999999999997,1,10,222,0,0,32,8,2025,1,2,0.7818314824680298,0.6234898018587336,0.5877852522924732,-0.8090169943749473,356.0,204.0,323.0,256.0,217.0,260.0,243.79,255.38,104.92,126.0,423.0,250.74,284.75,68.03614235585867,0.9671848013649882,0,1.6405529953161035,0.9590163933512185,0
2025-08-10,Munchkins,610.0,Regular Day,20.4,0.0,13.883333333333333,-3.0333333333333314,15.3,20.3,10.1,0.0,2.599999999999998,13.415277777777778,12.0,2.3000000000000007,0.0,0.0,283.21999999999997,1,10,222,0,0,32,8,2025,1,2,0.7818314824680298,0.6234898018587336,0.5877852522924732,-0.8090169943749473,512.0,446.0,654.0,470.0,374.0,443.0,428.71,451.33,121.65,320.0,659.0,416.68,520.5,93.08598175880189,0.8523131672522037,0,1.3689839571826474,0.49872585281555903,0
2025-08-11,Donuts,207.0,Regular Day,20.3,0.0,13.866666666666667,-2.400000000000002,12.9,21.4,12.3,0.0,3.400000000000002,11.110555555555555,38.0,3.3999999999999986,0.0,0.0,281.49333333333334,2,11,223,0,0,33,8,2025,0,2,0.9749279121818236,-0.22252093395631434,0.5877852522924732,-0.8090169943749473,179.0,173.0,242.0,183.0,255.0,281.29,250.86,257.0,86.74,179.0,423.0,256.8,194.25,32.09750769140807,0.8282352940981591,0,0.7019607842861976,-0.8992391052687067,0
2025-08-11,Munchkins,350.0,Regular Day,20.3,0.0,13.866666666666667,-2.400000000000002,12.9,21.4,12.3,0.0,3.400000000000002,11.110555555555555,38.0,3.3999999999999986,0.0,0.0,281.49333333333334,2,11,223,0,0,33,8,2025,0,2,0.9749279121818236,-0.22252093395631434,0.5877852522924732,-0.8090169943749473,320.0,255.0,403.0,481.0,290.0,446.86,432.86,452.05,118.83,320.0,659.0,408.26,364.75,98.36115425647803,0.6504524886804247,0,1.103448275824019,-1.1112513674062736,0
2025-08-12,Donuts,234.0,Regular Day,21.4,0.0,13.833333333333334,-0.6666666666666643,10.599999999999998,23.9,12.7,0.0,4.800000000000004,13.386111111111111,18.0,5.899999999999999,0.0,0.1,296.0333333333333,3,12,224,0,0,33,8,2025,0,2,0.43388373911755823,-0.900968867902419,0.5877852522924732,-0.8090169943749473,195.0,184.0,268.0,223.0,223.0,285.71,257.5,260.05,85.36,179.0,423.0,261.6,217.5,37.456641600656084,0.7718940936706336,0,0.8744394618441955,-0.7620665416164404,0
2025-08-12,Munchkins,363.0,Regular Day,21.4,0.0,13.833333333333334,-0.6666666666666643,10.599999999999998,23.9,12.7,0.0,4.800000000000004,13.386111111111111,18.0,5.899999999999999,0.0,0.1,296.0333333333333,3,12,224,0,0,33,8,2025,0,2,0.43388373911755823,-0.900968867902419,0.5877852522924732,-0.8090169943749473,329.0,287.0,373.0,498.0,360.0,436.86,431.21,448.24,122.3,320.0,659.0,398.94,371.75,91.19713080282003,0.7072330654339009,0,0.9138888888635031,-0.9749795583830763,0
2025-08-13,Munchkins,296.0,Regular Day,23.9,0.0,13.8,0.10000000000000142,9.100000000000001,25.1,13.0,0.0,5.100000000000001,11.489444444444445,47.0,7.100000000000001,0.0,2.0,329.82,4,13,225,0,0,33,8,2025,0,2,-0.433883739117558,-0.9009688679024191,0.5877852522924732,-0.8090169943749473,383.0,356.0,325.0,368.0,405.0,435.0,422.29,444.76,121.56,320.0,659.0,416.96,358.0,24.61706725018234,1.0663780663626785,0,0.9456790123223289,-0.5080618624129597,0
2025-08-13,Donuts,215.0,Regular Day,23.9,0.0,13.8,0.10000000000000142,9.100000000000001,25.1,13.0,0.0,5.100000000000001,11.489444444444445,47.0,7.100000000000001,0.0,2.0,329.82,4,13,225,0,0,33,8,2025,0,2,-0.433883739117558,-0.9009688679024191,0.5877852522924732,-0.8090169943749473,275.0,126.0,176.0,241.0,164.0,289.43,260.07,262.57,86.44,179.0,423.0,276.7,204.5,66.52568426304735,0.9616306954205843,0,1.676829268190437,0.14379916703565498,0
2025-08-14,Donuts,253.0,Regular Day,25.1,0.0,13.75,0.13333333333333286,6.5,24.2,11.6,0.0,5.299999999999997,6.751111111111111,96.0,6.199999999999999,0.0,15.7,345.125,5,14,226,0,0,33,8,2025,0,2,-0.9749279121818236,-0.2225209339563146,0.5877852522924732,-0.8090169943749473,276.0,245.0,183.0,212.0,342.0,273.57,254.71,258.62,65.5,179.0,356.0,285.53,229.0,40.29061098237818,1.3189873417387599,0,0.8070175438360521,0.26534351140987117,0
2025-08-14,Munchkins,340.0,Regular Day,25.1,0.0,13.75,0.13333333333333286,6.5,24.2,11.6,0.0,5.299999999999997,6.751111111111111,96.0,6.199999999999999,0.0,15.7,345.125,5,14,226,0,0,33,8,2025,0,2,-0.9749279121818236,-0.2225209339563146,0.5877852522924732,-0.8090169943749473,371.0,441.0,394.0,451.0,476.0,417.71,418.0,437.86,88.51,320.0,538.0,447.22,414.25,38.06463800782383,0.960946745550758,0,0.7794117646895081,-0.7553948705507407,0
2025-08-15,Munchkins,386.0,Regular Day,24.2,0.0,13.716666666666667,0.06666666666666288,7.100000000000001,25.2,12.4,0.0,4.099999999999998,12.929166666666667,28.0,7.199999999999999,0.0,3.4,331.9433333333333,6,15,227,0,0,33,8,2025,0,3,-0.7818314824680299,0.6234898018587334,-0.587785252292473,-0.8090169943749476,471.0,484.0,596.0,544.0,571.0,431.71,429.71,435.76,110.84,320.0,610.0,487.91,523.75,57.71409417695704,0.8377192982382657,0,0.8248686514741704,0.31793576323367606,0
2025-08-15,Donuts,191.0,Regular Day,24.2,0.0,13.716666666666667,0.06666666666666288,7.100000000000001,25.2,12.4,0.0,4.099999999999998,12.929166666666667,28.0,7.199999999999999,0.0,3.4,331.9433333333333,6,15,227,0,0,33,8,2025,0,3,-0.7818314824680299,0.6234898018587334,-0.587785252292473,-0.8090169943749476,322.0,296.0,286.0,269.0,387.0,274.43,266.0,260.48,66.79,179.0,362.0,304.64,293.25,22.171678631383177,1.1135135134934502,0,0.8320413436477508,0.9210959723130562,0
2025-08-16,Munchkins,684.0,Regular Day,25.2,0.0,13.683333333333334,0.26666666666666927,8.700000000000003,24.3,10.4,0.0,5.199999999999996,10.374444444444444,46.0,6.300000000000001,0.0,0.1,344.82,7,16,228,0,0,33,8,2025,1,3,-2.4492935982947064e-16,1.0,-0.587785252292473,-0.8090169943749476,538.0,659.0,598.0,683.0,648.0,436.0,436.5,433.24,106.29,329.0,610.0,453.44,619.5,65.05638579980702,0.9344262295009023,0,0.8302469135674344,0.9856054190435971,0
2025-08-16,Donuts,357.0,Regular Day,25.2,0.0,13.683333333333334,0.26666666666666927,8.700000000000003,24.3,10.4,0.0,5.199999999999996,10.374444444444444,46.0,6.300000000000001,0.0,0.1,344.82,7,16,228,0,0,33,8,2025,1,3,-2.4492935982947064e-16,1.0,-0.587785252292473,-0.8090169943749476,312.0,423.0,387.0,395.0,306.0,278.43,268.43,258.81,60.68,195.0,362.0,280.23,379.25,47.415714694603096,0.9398976981976995,0,1.0196078431039344,0.876565589835767,0
2025-08-17,Munchkins,612.0,Regular Day,24.3,0.0,13.633333333333333,0.5,9.8,25.0,12.1,0.0,4.599999999999998,12.960277777777778,42.0,7.0,0.0,0.3,331.29,1,17,229,0,0,33,8,2025,1,3,0.7818314824680298,0.6234898018587336,-0.587785252292473,-0.8090169943749476,610.0,512.0,446.0,654.0,181.0,440.86,441.93,432.76,101.24,350.0,610.0,430.83,555.5,94.08329642750974,1.0199999999907274,0,3.3701657456701564,1.7506914261407853,0
2025-08-17,Donuts,279.0,Regular Day,24.3,0.0,13.633333333333333,0.5,9.8,25.0,12.1,0.0,4.599999999999998,12.960277777777778,42.0,7.0,0.0,0.3,331.29,1,17,229,0,0,33,8,2025,1,3,0.7818314824680298,0.6234898018587336,-0.587785252292473,-0.8090169943749476,362.0,356.0,204.0,323.0,218.0,284.0,272.0,257.19,53.05,207.0,362.0,268.68,311.25,73.52720584926371,1.3624288424788913,0,1.6605504586394242,1.9756833172524633,0
2025-08-18,Donuts,200.0,Regular Day,25.0,0.0,13.6,-1.6333333333333364,6.5,22.0,20.5,0.0,3.6999999999999993,0.8686111111111111,77.0,4.0,0.0,7.0,340.0,2,18,230,0,0,34,8,2025,0,3,0.9749279121818236,-0.22252093395631434,-0.587785252292473,-0.8090169943749476,207.0,179.0,173.0,242.0,264.0,275.43,278.36,259.05,59.23,207.0,362.0,255.26,200.25,31.531730050855124,0.9301204819052983,0,0.7840909090612087,-0.8787776463145743,0
2025-08-18,Munchkins,378.0,Regular Day,25.0,0.0,13.6,-1.6333333333333364,6.5,22.0,20.5,0.0,3.6999999999999993,0.8686111111111111,77.0,4.0,0.0,7.0,340.0,2,18,230,0,0,34,8,2025,0,3,0.9749279121818236,-0.22252093395631434,-0.587785252292473,-0.8090169943749476,350.0,320.0,255.0,403.0,266.0,428.43,437.64,431.38,114.06,296.0,610.0,397.12,332.0,61.746794788609606,1.0182370820513946,0,1.3157894736347446,-0.7134841310964857,0
2025-08-19,Donuts,214.0,Regular Day,22.0,0.0,13.566666666666666,-1.4666666666666686,2.900000000000002,20.5,14.9,0.0,-0.3000000000000007,0.0,98.0,2.5,0.0,0.1,298.46666666666664,3,19,231,0,0,34,8,2025,0,3,0.43388373911755823,-0.900968867902419,-0.587785252292473,-0.8090169943749476,234.0,195.0,184.0,268.0,221.0,272.14,278.93,262.38,59.83,207.0,362.0,254.69,220.25,38.38728087965249,0.9491150442267895,0,1.0588235293638542,-0.4743439745154029,0
2025-08-19,Munchkins,308.0,Regular Day,22.0,0.0,13.566666666666666,-1.4666666666666686,2.900000000000002,20.5,14.9,0.0,-0.3000000000000007,0.0,98.0,2.5,0.0,0.1,298.46666666666664,3,19,231,0,0,34,8,2025,0,3,0.43388373911755823,-0.900968867902419,-0.587785252292473,-0.8090169943749476,363.0,329.0,287.0,373.0,346.0,424.0,430.43,428.81,117.22,296.0,610.0,382.84,338.0,38.867295592395756,1.0484848484689624,0,1.0491329479465568,-0.5614229653163776,0
2025-08-20,Donuts,280.0,Regular Day,20.5,0.0,13.516666666666667,-0.8666666666666707,6.299999999999997,22.4,13.4,0.0,3.5,5.065555555555555,91.0,4.399999999999999,0.0,4.6,277.0916666666667,4,20,232,0,0,34,8,2025,0,3,-0.433883739117558,-0.9009688679024191,-0.587785252292473,-0.8090169943749476,215.0,275.0,126.0,176.0,249.0,253.43,271.43,257.86,62.08,191.0,362.0,238.77,198.0,62.94441992742486,1.6225165562376649,0,0.8634538152263673,-0.6903994844248714,0
2025-08-20,Munchkins,427.0,Regular Day,20.5,0.0,13.516666666666667,-0.8666666666666707,6.299999999999997,22.4,13.4,0.0,3.5,5.065555555555555,91.0,4.399999999999999,0.0,4.6,277.0916666666667,4,20,232,0,0,34,8,2025,0,3,-0.433883739117558,-0.9009688679024191,-0.587785252292473,-0.8090169943749476,296.0,383.0,356.0,325.0,307.0,411.86,423.43,418.81,115.93,296.0,610.0,383.63,340.0,37.70941526992961,0.9970631424229506,0,0.9641693810760856,-1.0593461570724276,0
2025-08-21,Munchkins,404.0,Regular Day,22.4,0.0,13.483333333333333,-1.8333333333333357,3.799999999999997,20.2,25.7,0.0,2.900000000000002,0.20666666666666667,97.0,2.1999999999999993,0.0,1.6,302.02666666666664,5,21,233,0,0,34,8,2025,0,3,-0.9749279121818236,-0.2225209339563146,-0.587785252292473,-0.8090169943749476,340.0,371.0,441.0,394.0,542.0,432.71,425.21,422.9,150.41,296.0,684.0,458.72,386.5,42.54017708786209,0.8514970059778264,0,0.6273062730511567,-0.5511601621866125,0
2025-08-21,Donuts,229.0,Regular Day,22.4,0.0,13.483333333333333,-1.8333333333333357,3.799999999999997,20.2,25.7,0.0,2.900000000000002,0.20666666666666667,97.0,2.1999999999999993,0.0,1.6,302.02666666666664,5,21,233,0,0,34,8,2025,0,3,-0.9749279121818236,-0.2225209339563146,-0.587785252292473,-0.8090169943749476,253.0,276.0,245.0,183.0,384.0,259.86,266.71,256.43,70.87,191.0,362.0,268.33,239.25,39.73558438813586,1.2359813083823368,0,0.658854166649509,-0.04839847607613972,0
2025-08-22,Donuts,320.0,Regular Day,20.2,0.0,13.433333333333334,-0.6333333333333364,12.1,20.4,16.8,0.0,1.1000000000000014,12.45111111111111,9.0,2.3999999999999986,0.0,0.0,271.35333333333335,6,22,234,0,0,34,8,2025,0,4,-0.7818314824680299,0.6234898018587334,-0.9510565162951536,0.30901699437494723,191.0,322.0,296.0,286.0,391.0,248.0,261.21,260.0,56.39,191.0,357.0,271.0,273.75,57.21523689834145,0.881443298953927,0,0.488491048580857,-1.2236212092173042,0
2025-08-22,Munchkins,639.0,Regular Day,20.2,0.0,13.433333333333334,-0.6333333333333364,12.1,20.4,16.8,0.0,1.1000000000000014,12.45111111111111,9.0,2.3999999999999986,0.0,0.0,271.35333333333335,6,22,234,0,0,34,8,2025,0,4,-0.7818314824680299,0.6234898018587334,-0.9510565162951536,0.30901699437494723,386.0,471.0,484.0,596.0,600.0,433.0,432.36,430.81,150.81,296.0,684.0,497.04,484.25,86.24915458522864,0.7935185185111712,0,0.6433333333226111,-0.2971288375905358,0
2025-08-23,Donuts,312.0,Regular Day,20.4,0.0,13.4,0.4333333333333371,9.799999999999997,20.8,15.9,0.0,0.8000000000000007,12.889166666666666,5.0,2.8000000000000007,0.0,0.0,273.36,7,23,235,0,0,34,8,2025,1,4,-2.4492935982947064e-16,1.0,-0.9510565162951536,0.30901699437494723,357.0,312.0,423.0,387.0,450.0,247.0,262.71,261.29,57.3,191.0,357.0,253.25,369.75,47.01329599166602,0.8259259259157293,0,0.7933333333157037,1.6703315878411287,0
2025-08-23,Munchkins,757.0,Regular Day,20.4,0.0,13.4,0.4333333333333371,9.799999999999997,20.8,15.9,0.0,0.8000000000000007,12.889166666666666,5.0,2.8000000000000007,0.0,0.0,273.36,7,23,235,0,0,34,8,2025,1,4,-2.4492935982947064e-16,1.0,-0.9510565162951536,0.30901699437494723,684.0,538.0,659.0,598.0,646.0,437.0,436.5,436.67,148.59,296.0,684.0,467.28,619.75,65.38284688407707,0.9721559268021309,0,1.0588235293953743,1.6645130895979194,0
2025-08-24,Munchkins,622.0,Regular Day,20.8,0.0,13.35,0.33333333333333215,7.899999999999999,21.8,16.4,0.0,1.4000000000000021,11.971111111111112,68.0,3.8000000000000007,0.0,0.0,277.68,1,24,236,0,0,34,8,2025,1,4,0.7818314824680298,0.6234898018587336,-0.9510565162951536,0.30901699437494723,612.0,610.0,512.0,446.0,343.0,429.14,435.0,437.67,154.5,296.0,684.0,427.46,545.0,80.83728512676973,1.2755741127215494,0,1.7842565597147446,1.1283495144900744,0
2025-08-24,Donuts,297.0,Regular Day,20.8,0.0,13.35,0.33333333333333215,7.899999999999999,21.8,16.4,0.0,1.4000000000000021,11.971111111111112,68.0,3.8000000000000007,0.0,0.0,277.68,1,24,236,0,0,34,8,2025,1,4,0.7818314824680298,0.6234898018587336,-0.9510565162951536,0.30901699437494723,279.0,362.0,356.0,204.0,315.0,244.14,264.07,262.71,58.54,191.0,357.0,243.43,300.25,74.46867350324789,1.144642857122417,0,0.8857142856861677,0.27827126746186037,0
2025-08-25,Donuts,241.0,Regular Day,21.8,0.0,13.333333333333334,-0.49999999999999645,10.100000000000001,22.4,17.1,0.0,2.5,12.369166666666667,35.0,4.399999999999999,0.0,0.0,290.6666666666667,2,25,237,0,0,35,8,2025,0,4,0.9749279121818236,-0.22252093395631434,-0.9510565162951536,0.30901699437494723,200.0,207.0,179.0,173.0,219.0,253.43,264.43,270.05,58.3,191.0,357.0,252.58,189.75,16.31716887208072,1.156249999967152,0,0.9132420090907195,-1.2015437390734918,0
2025-08-25,Munchkins,408.0,Regular Day,21.8,0.0,13.333333333333334,-0.49999999999999645,10.100000000000001,22.4,17.1,0.0,2.5,12.369166666666667,35.0,4.399999999999999,0.0,0.0,290.6666666666667,2,25,237,0,0,35,8,2025,0,4,0.9749279121818236,-0.22252093395631434,-0.9510565162951536,0.30901699437494723,378.0,350.0,320.0,255.0,264.0,447.86,438.14,441.05,143.2,308.0,684.0,427.35,325.75,52.77862572418245,1.2660869564997201,0,1.4318181817639462,-0.4402932960586388,0
2025-08-26,Donuts,254.0,Regular Day,22.4,0.0,13.283333333333333,-2.1333333333333364,9.399999999999999,21.0,13.3,0.0,0.1999999999999993,12.604444444444445,9.0,3.0,0.0,0.0,297.5466666666666,3,26,238,0,0,35,8,2025,0,4,0.43388373911755823,-0.900968867902419,-0.9510565162951536,0.30901699437494723,214.0,234.0,195.0,184.0,222.0,250.0,261.07,269.29,59.03,191.0,357.0,246.68,206.75,21.990528264080726,1.1820580474622149,0,0.9639639639205422,-0.9366423850691783,0
2025-08-26,Munchkins,268.0,Regular Day,22.4,0.0,13.283333333333333,-2.1333333333333364,9.399999999999999,21.0,13.3,0.0,0.1999999999999993,12.604444444444445,9.0,3.0,0.0,0.0,297.5466666666666,3,26,238,0,0,35,8,2025,0,4,0.43388373911755823,-0.900968867902419,-0.9510565162951536,0.30901699437494723,308.0,363.0,329.0,287.0,333.0,457.0,440.5,439.29,137.08,308.0,684.0,421.51,321.75,32.407560846197605,1.089285714268031,0,0.9249249248971494,-0.9577618907967784,0
2025-08-27,Donuts,248.0,Regular Day,21.0,0.0,13.25,-2.7666666666666693,9.100000000000001,19.4,16.3,0.0,-1.6000000000000014,12.296666666666667,38.0,1.3999999999999986,0.0,0.0,278.25,4,27,239,0,0,35,8,2025,0,4,-0.433883739117558,-0.9009688679024191,-0.9510565162951536,0.30901699437494723,280.0,215.0,275.0,126.0,302.0,268.43,260.93,270.43,57.66,200.0,357.0,265.01,224.0,71.69844256792938,1.2344139650564985,0,0.9271523178500942,0.16597294482033062,0
2025-08-27,Munchkins,475.0,Regular Day,21.0,0.0,13.25,-2.7666666666666693,9.100000000000001,19.4,16.3,0.0,-1.6000000000000014,12.296666666666667,38.0,1.3999999999999986,0.0,0.0,278.25,4,27,239,0,0,35,8,2025,0,4,-0.433883739117558,-0.9009688679024191,-0.9510565162951536,0.30901699437494723,427.0,296.0,383.0,356.0,364.0,493.14,452.5,446.67,148.15,308.0,684.0,475.88,365.5,54.79963503528103,0.9783491204197787,0,1.1730769230446956,-0.13277084035553363,0
2025-08-28,Donuts,262.0,Regular Day,19.4,0.0,13.2,-2.466666666666665,11.4,18.9,15.9,0.0,-0.6000000000000014,10.926944444444445,57.0,0.8999999999999986,0.0,0.0,256.08,5,28,240,0,0,35,8,2025,0,4,-0.9749279121818236,-0.2225209339563146,-0.9510565162951536,0.30901699437494723,229.0,253.0,276.0,245.0,357.0,262.0,260.93,265.14,47.81,200.0,320.0,276.76,250.75,19.56825660774783,0.9251439539169838,0,0.6414565826150852,-0.7559088055310792,0
2025-08-28,Munchkins,429.0,Regular Day,19.4,0.0,13.2,-2.466666666666665,11.4,18.9,15.9,0.0,-0.6000000000000014,10.926944444444445,57.0,0.8999999999999986,0.0,0.0,256.08,5,28,240,0,0,35,8,2025,0,4,-0.9749279121818236,-0.2225209339563146,-0.9510565162951536,0.30901699437494723,404.0,340.0,371.0,441.0,427.0,503.57,468.14,451.33,165.39,308.0,757.0,546.16,389.0,43.41274774379833,0.916256157624184,0,0.9461358313595752,-0.2861720781010839,0
2025-08-29,Munchkins,470.0,Regular Day,18.9,0.0,13.166666666666666,-2.7666666666666657,7.699999999999999,20.8,14.9,0.0,0.5,11.076666666666666,49.0,2.8000000000000007,0.0,0.3,248.84999999999997,6,29,241,0,0,35,8,2025,0,5,-0.7818314824680299,0.6234898018587334,-2.4492935982947064e-16,1.0,639.0,386.0,471.0,484.0,653.0,505.0,469.0,456.57,166.52,308.0,757.0,565.12,495.0,105.37868222115262,1.073298429308133,0,0.9785604900309561,1.095544078723544,0
2025-08-29,Donuts,320.0,Regular Day,18.9,0.0,13.166666666666666,-2.7666666666666657,7.699999999999999,20.8,14.9,0.0,0.5,11.076666666666666,49.0,2.8000000000000007,0.0,0.3,248.84999999999997,6,29,241,0,0,35,8,2025,0,5,-0.7818314824680299,0.6234898018587334,-2.4492935982947064e-16,1.0,320.0,191.0,322.0,296.0,434.0,264.57,256.29,262.33,49.34,200.0,320.0,281.82,282.25,61.9697506853142,0.8268608414105686,0,0.737327188923103,1.1688285364473394,0
2025-08-30,Munchkins,831.0,Regular Day,20.8,0.0,13.116666666666667,-4.133333333333336,10.399999999999999,18.5,15.0,0.0,0.0,12.091666666666667,26.0,0.5,0.0,0.0,272.8266666666667,7,30,242,0,0,35,8,2025,1,5,-2.4492935982947064e-16,1.0,-2.4492935982947064e-16,1.0,757.0,684.0,538.0,659.0,459.0,509.29,473.14,460.76,163.06,308.0,757.0,525.84,659.5,91.04760659493837,1.2038429406749889,0,1.6492374727309533,1.8167545687589381,0
2025-08-30,Donuts,369.0,Regular Day,20.8,0.0,13.116666666666667,-4.133333333333336,10.399999999999999,18.5,15.0,0.0,0.0,12.091666666666667,26.0,0.5,0.0,0.0,272.8266666666667,7,30,242,0,0,35,8,2025,1,5,-2.4492935982947064e-16,1.0,-2.4492935982947064e-16,1.0,312.0,357.0,312.0,423.0,388.0,270.43,258.71,265.29,42.33,214.0,320.0,271.61,351.0,52.478567053607705,0.9102040816202693,0,0.8041237113194813,1.1034727141262757,0
2025-08-31,Munchkins,642.0,Regular Day,18.5,0.0,13.083333333333334,-2.6333333333333364,12.500000000000002,18.0,11.0,0.0,0.0,11.671666666666667,40.0,0.0,0.0,0.0,242.04166666666669,1,31,243,0,1,35,8,2025,1,5,0.7818314824680298,0.6234898018587336,-2.4492935982947064e-16,1.0,622.0,612.0,610.0,512.0,217.0,503.57,466.36,457.86,171.75,268.0,757.0,461.38,589.0,51.60103358137961,1.0998217468707683,0,2.8663594468725178,0.9556914118803089,0
2025-08-31,Donuts,418.0,Regular Day,18.5,0.0,13.083333333333334,-2.6333333333333364,12.500000000000002,18.0,11.0,0.0,0.0,11.671666666666667,40.0,0.0,0.0,0.0,242.04166666666669,1,31,243,0,1,35,8,2025,1,5,0.7818314824680298,0.6234898018587336,-2.4492935982947064e-16,1.0,297.0,279.0,362.0,356.0,183.0,276.14,260.14,268.1,35.61,229.0,320.0,267.21,323.5,41.71730256540244,0.8022284122450943,0,1.6229508195834452,0.8115697835406986,0
2025-09-01,Donuts,253.0,Labor Day,18.0,0.0,13.033333333333333,-1.466666666666665,9.0,18.6,19.1,0.0,-0.5,12.014722222222222,47.0,0.6000000000000014,0.0,0.0,234.6,2,1,244,1,0,36,9,2025,0,1,0.9749279121818236,-0.22252093395631434,0.9510565162951535,0.30901699437494745,241.0,200.0,207.0,179.0,235.0,271.57,262.5,266.81,37.05,229.0,320.0,262.41,206.75,25.747168129071333,1.1424870466025263,1,1.0255319148499773,-0.696626180648684,0
2025-09-01,Munchkins,569.0,Labor Day,18.0,0.0,13.033333333333333,-1.466666666666665,9.0,18.6,19.1,0.0,-0.5,12.014722222222222,47.0,0.6000000000000014,0.0,0.0,234.6,2,1,244,1,0,36,9,2025,0,1,0.9749279121818236,-0.22252093395631434,0.9510565162951535,0.30901699437494745,408.0,378.0,350.0,320.0,383.0,510.43,479.14,462.24,169.13,268.0,757.0,464.79,364.0,37.700574708263176,1.1731343283406994,1,1.0652741514082174,-0.3207000531945427,0
2025-09-02,Donuts,260.0,Regular Day,18.6,0.0,12.983333333333333,-2.166666666666668,9.4,18.5,11.6,0.0,0.5,12.067222222222222,33.0,0.5,0.0,0.5,241.49,3,2,245,0,0,36,9,2025,0,1,0.43388373911755823,-0.900968867902419,0.9510565162951535,0.30901699437494745,254.0,214.0,234.0,195.0,202.0,276.29,263.14,266.14,32.56,241.0,320.0,262.31,224.25,25.434556545508446,1.0909090908836618,0,1.2574257425120086,-0.3728501227356107,0
2025-09-02,Munchkins,393.0,Regular Day,18.6,0.0,12.983333333333333,-2.166666666666668,9.4,18.5,11.6,0.0,0.5,12.067222222222222,33.0,0.5,0.0,0.5,241.49,3,2,245,0,0,36,9,2025,0,1,0.43388373911755823,-0.900968867902419,0.9510565162951535,0.30901699437494745,268.0,308.0,363.0,329.0,208.0,514.0,485.5,465.0,166.75,268.0,757.0,455.84,317.0,39.75759885439093,0.8323699421845033,0,1.2884615383995932,-1.1814092952814748,0
2025-09-03,Donuts,265.0,Regular Day,18.5,0.0,12.95,-3.533333333333335,11.9,18.4,13.4,0.0,1.8000000000000007,12.029444444444444,20.0,0.3999999999999986,0.0,0.0,239.575,4,3,246,0,0,36,9,2025,0,1,-0.433883739117558,-0.9009688679024191,0.9510565162951535,0.30901699437494745,248.0,280.0,215.0,275.0,249.0,276.29,272.36,266.05,32.56,241.0,320.0,276.73,254.5,29.8496231131986,1.0775510203861725,0,0.9959839357029725,-0.5543611791909213,0
2025-09-03,Munchkins,286.0,Regular Day,18.5,0.0,12.95,-3.533333333333335,11.9,18.4,13.4,0.0,1.8000000000000007,12.029444444444444,20.0,0.3999999999999986,0.0,0.0,239.575,4,3,246,0,0,36,9,2025,0,1,-0.433883739117558,-0.9009688679024191,0.9510565162951535,0.30901699437494745,475.0,427.0,296.0,383.0,302.0,489.86,491.5,464.95,157.62,268.0,757.0,459.38,395.25,76.08931155775647,1.3284241531468568,0,1.5728476820671242,0.06376094403858902,0
2025-09-04,Donuts,210.0,Regular Day,18.4,0.0,12.9,-1.9999999999999964,9.7,20.3,20.7,0.0,1.0999999999999979,12.036666666666667,16.0,2.3000000000000007,0.0,1.0,237.35999999999999,5,4,247,0,0,36,9,2025,0,1,-0.9749279121818236,-0.2225209339563146,0.9510565162951535,0.30901699437494745,262.0,229.0,253.0,276.0,767.0,284.43,273.21,268.76,46.94,241.0,369.0,299.8,255.0,19.748417658131498,0.9281663515892596,0,0.34159061277259983,-0.14401363439624743,0
2025-09-04,Munchkins,376.0,Regular Day,18.4,0.0,12.9,-1.9999999999999964,9.7,20.3,20.7,0.0,1.0999999999999979,12.036666666666667,16.0,2.3000000000000007,0.0,1.0,237.35999999999999,5,4,247,0,0,36,9,2025,0,1,-0.9749279121818236,-0.2225209339563146,0.9510565162951535,0.30901699437494745,429.0,404.0,340.0,371.0,334.0,500.43,502.0,478.9,179.49,268.0,831.0,552.28,386.0,38.79003308411411,1.171589310813339,0,1.2844311376860948,-0.27800991697152977,0
2025-09-05,Munchkins,439.0,Regular Day,20.3,0.0,12.866666666666667,0.36666666666666714,10.400000000000002,22.9,18.6,0.0,2.0,12.0,32.0,4.899999999999999,0.0,5.6,261.1933333333333,6,5,248,0,0,36,9,2025,0,1,-0.7818314824680299,0.6234898018587334,0.9510565162951535,0.30901699437494745,470.0,639.0,386.0,471.0,411.0,503.29,504.14,480.43,181.89,268.0,831.0,574.71,491.5,106.09586859691255,1.2940490081529283,0,1.1435523114076995,-0.05734234976868758,0
2025-09-05,Donuts,219.0,Regular Day,20.3,0.0,12.866666666666667,0.36666666666666714,10.400000000000002,22.9,18.6,0.0,2.0,12.0,32.0,4.899999999999999,0.0,5.6,261.1933333333333,6,5,248,0,0,36,9,2025,0,1,-0.7818314824680299,0.6234898018587334,0.9510565162951535,0.30901699437494745,320.0,320.0,191.0,322.0,379.0,301.71,283.14,271.43,69.29,241.0,418.0,329.35,288.25,64.8401881551866,1.2475633528021917,0,0.8443271767587248,0.7009669503967431,0
2025-09-06,Munchkins,691.0,Regular Day,22.9,0.0,12.816666666666666,0.6666666666666679,7.0,24.5,16.5,0.0,4.0,10.0,39.0,6.5,1.0,22.6,293.50166666666667,7,6,249,0,0,36,9,2025,1,1,-2.4492935982947064e-16,1.0,0.9510565162951535,0.30901699437494745,831.0,757.0,684.0,538.0,464.0,526.29,517.79,490.86,177.97,268.0,831.0,573.29,702.5,125.01333262229807,1.2995090016260271,0,1.790948275823471,1.9112209921946832,0
2025-09-06,Donuts,355.0,Regular Day,22.9,0.0,12.816666666666666,0.6666666666666679,7.0,24.5,16.5,0.0,4.0,10.0,39.0,6.5,1.0,22.6,293.50166666666667,7,6,249,0,0,36,9,2025,1,1,-2.4492935982947064e-16,1.0,0.9510565162951535,0.30901699437494745,369.0,312.0,357.0,312.0,372.0,303.43,286.93,273.62,67.67,248.0,418.0,310.26,337.5,29.8496231131986,1.017937219715726,0,0.9919354838443027,1.409487217170166,0
2025-09-07,Donuts,391.0,Regular Day,24.5,0.0,12.8,-2.8999999999999986,4.899999999999999,19.2,12.2,0.0,3.900000000000002,1.19,100.0,1.1999999999999993,0.0,13.6,313.6,1,7,250,0,0,36,9,2025,1,1,0.7818314824680298,0.6234898018587336,0.9510565162951535,0.30901699437494745,418.0,297.0,279.0,362.0,238.0,304.29,290.21,274.86,66.97,248.0,418.0,297.7,339.0,63.59769387852571,1.1154446177673096,0,1.756302520934609,2.137374943685624,0
2025-09-07,Munchkins,341.0,Regular Day,24.5,0.0,12.8,-2.8999999999999986,4.899999999999999,19.2,12.2,0.0,3.900000000000002,1.19,100.0,1.1999999999999993,0.0,13.6,313.6,1,7,250,0,0,36,9,2025,1,1,0.7818314824680298,0.6234898018587336,0.9510565162951535,0.30901699437494745,642.0,622.0,612.0,610.0,293.0,544.14,523.86,492.29,152.13,393.0,831.0,528.21,621.5,14.6401275039985,1.0343698854252508,0,2.1911262797886986,0.9840925523575826,0
2025-09-08,Donuts,182.0,Regular Day,19.2,0.6000000000000014,12.75,-4.233333333333338,10.4,17.4,13.7,0.0,-0.6000000000000014,12.0,38.0,0.0,0.0,0.0,244.79999999999998,2,8,251,0,0,37,9,2025,0,2,0.9749279121818236,-0.22252093395631434,0.5877852522924732,-0.8090169943749473,253.0,241.0,200.0,207.0,253.0,306.71,289.14,277.24,64.87,253.0,418.0,289.52,225.25,25.747168129071333,1.2137592137293916,0,0.9999999999604743,-0.3736704177009913,0
2025-09-08,Munchkins,132.0,Regular Day,19.2,0.6000000000000014,12.75,-4.233333333333338,10.4,17.4,13.7,0.0,-0.6000000000000014,12.0,38.0,0.0,0.0,0.0,244.79999999999998,2,8,251,0,0,37,9,2025,0,2,0.9749279121818236,-0.22252093395631434,0.5877852522924732,-0.8090169943749473,569.0,408.0,378.0,350.0,325.0,517.14,513.79,491.81,180.56,286.0,831.0,467.66,426.25,98.06927823397771,1.3420329670145326,0,1.7507692307153608,0.4275033229714497,0
2025-09-09,Donuts,269.0,Regular Day,17.4,0.8999999999999986,12.7,-2.4333333333333336,9.799999999999999,17.1,20.0,0.0,-1.2999999999999972,11.032222222222222,42.0,0.0,0.0,0.0,220.97999999999996,3,9,252,0,0,37,9,2025,0,2,0.43388373911755823,-0.900968867902419,0.5877852522924732,-0.8090169943749473,260.0,254.0,214.0,234.0,269.0,299.29,287.79,275.19,73.28,210.0,418.0,269.64,240.5,20.872629605937693,1.1473214285458186,0,0.966542750893437,-0.2072871178756431,0
2025-09-09,Munchkins,307.0,Regular Day,17.4,0.8999999999999986,12.7,-2.4333333333333336,9.799999999999999,17.1,20.0,0.0,-1.2999999999999972,11.032222222222222,42.0,0.0,0.0,0.0,220.97999999999996,3,9,252,0,0,37,9,2025,0,2,0.43388373911755823,-0.900968867902419,0.5877852522924732,-0.8090169943749473,393.0,268.0,308.0,363.0,288.0,509.57,511.79,493.52,185.91,286.0,831.0,444.75,333.0,55.82711408148075,0.9850968703280909,0,1.3645833332859518,-0.5406917325296814,0
2025-09-10,Donuts,254.0,Regular Day,17.1,0.0,12.666666666666666,-0.26666666666666927,3.3999999999999986,19.7,21.2,0.0,-0.10000000000000142,1.7747222222222223,94.0,1.6999999999999993,0.0,0.2,216.6,4,10,253,0,0,37,9,2025,0,2,-0.433883739117558,-0.9009688679024191,0.5877852522924732,-0.8090169943749473,265.0,248.0,280.0,215.0,272.0,284.86,280.57,276.52,78.29,210.0,418.0,256.98,252.0,27.91654228828014,1.0363636363426998,0,0.9742647058465344,-0.14714522925697446,0
2025-09-10,Munchkins,263.0,Regular Day,17.1,0.0,12.666666666666666,-0.26666666666666927,3.3999999999999986,19.7,21.2,0.0,-0.10000000000000142,1.7747222222222223,94.0,1.6999999999999993,0.0,0.2,216.6,4,10,253,0,0,37,9,2025,0,2,-0.433883739117558,-0.9009688679024191,0.5877852522924732,-0.8090169943749473,286.0,475.0,427.0,296.0,270.0,505.14,497.5,496.05,187.37,286.0,831.0,443.31,371.0,94.51983918733676,1.052558782834681,0,1.0592592592200274,-1.1210439237273286,0
2025-09-11,Munchkins,289.0,Regular Day,19.7,0.0,12.616666666666667,-1.0666666666666629,10.8,19.8,12.5,0.0,0.0,10.888055555555555,33.0,1.8000000000000007,0.0,0.0,248.54833333333335,5,11,254,0,0,37,9,2025,0,2,-0.9749279121818236,-0.2225209339563146,0.5877852522924732,-0.8090169943749473,376.0,429.0,404.0,340.0,410.0,485.14,492.79,496.38,150.67,286.0,691.0,505.23,387.25,38.22193959843831,1.0819892472972852,0,0.9170731707093397,-0.7989646246234178,0
2025-09-11,Donuts,247.0,Regular Day,19.7,0.0,12.616666666666667,-1.0666666666666629,10.8,19.8,12.5,0.0,0.0,10.888055555555555,33.0,1.8000000000000007,0.0,0.0,248.54833333333335,5,11,254,0,0,37,9,2025,0,2,-0.9749279121818236,-0.2225209339563146,0.5877852522924732,-0.8090169943749473,210.0,262.0,229.0,253.0,347.0,282.86,283.64,276.43,75.92,210.0,418.0,281.49,238.5,23.558437978779494,0.9792531120128786,0,0.6051873198672857,-0.8749999998847472,0
2025-09-12,Donuts,226.0,Regular Day,19.8,0.0,12.583333333333334,-1.5333333333333314,12.799999999999999,19.3,10.2,0.0,0.8000000000000007,12.0,30.0,1.3000000000000007,0.0,0.3,249.15000000000003,6,12,255,0,0,37,9,2025,0,2,-0.7818314824680299,0.6234898018587334,0.5877852522924732,-0.8090169943749473,219.0,320.0,320.0,191.0,501.0,279.0,290.36,281.76,68.21,210.0,391.0,308.86,262.5,67.3721010508059,1.0547945205273035,0,0.43712574849426894,-0.9200996919923619,0
2025-09-12,Munchkins,350.0,Regular Day,19.8,0.0,12.583333333333334,-1.5333333333333314,12.799999999999999,19.3,10.2,0.0,0.8000000000000007,12.0,30.0,1.3000000000000007,0.0,0.3,249.15000000000003,6,12,255,0,0,37,9,2025,0,2,-0.7818314824680299,0.6234898018587334,0.5877852522924732,-0.8090169943749473,439.0,470.0,639.0,386.0,501.0,442.14,472.71,483.48,141.09,286.0,691.0,464.17,483.5,109.31453090356591,0.8868292682840311,0,0.87624750497253,-0.3152597632493261,0
2025-09-13,Donuts,416.0,Regular Day,19.3,0.0,12.533333333333333,-1.8333333333333321,11.599999999999998,19.1,11.9,0.0,3.0,12.0,15.0,1.1000000000000014,0.0,0.8,241.89333333333335,7,13,256,0,0,37,9,2025,1,2,-2.4492935982947064e-16,1.0,0.5877852522924732,-0.8090169943749473,355.0,369.0,312.0,357.0,400.0,268.86,286.14,280.9,77.38,182.0,391.0,277.15,348.25,24.944939366532843,1.082212257083973,0,0.8874999999778125,0.9576117858674582,0
2025-09-13,Munchkins,801.0,Regular Day,19.3,0.0,12.533333333333333,-1.8333333333333321,11.599999999999998,19.1,11.9,0.0,3.0,12.0,15.0,1.1000000000000014,0.0,0.8,241.89333333333335,7,13,256,0,0,37,9,2025,1,2,-2.4492935982947064e-16,1.0,0.5877852522924732,-0.8090169943749473,691.0,831.0,757.0,684.0,543.0,379.71,453.0,471.76,169.43,132.0,691.0,381.13,740.75,68.56809267679343,1.0562109646005815,0,1.2725598526469142,1.293985716738831,0
2025-09-14,Donuts,406.0,Regular Day,19.1,0.0,12.483333333333333,-0.6333333333333329,11.500000000000002,20.5,10.9,0.0,3.0,11.599166666666667,49.0,2.5,0.0,0.5,238.43166666666667,1,14,257,0,0,37,9,2025,1,2,0.7818314824680298,0.6234898018587336,0.5877852522924732,-0.8090169943749473,391.0,418.0,297.0,279.0,231.0,270.14,287.21,283.52,77.28,182.0,391.0,275.11,346.25,68.55350708266742,1.404513888864505,0,1.692640692567418,1.3907867493024348,0
2025-09-14,Munchkins,710.0,Regular Day,19.1,0.0,12.483333333333333,-0.6333333333333329,11.500000000000002,20.5,10.9,0.0,3.0,11.599166666666667,49.0,2.5,0.0,0.5,238.43166666666667,1,14,257,0,0,37,9,2025,1,2,0.7818314824680298,0.6234898018587336,0.5877852522924732,-0.8090169943749473,341.0,642.0,622.0,612.0,368.0,367.43,455.79,471.71,171.42,132.0,691.0,362.6,554.25,142.71270674563868,0.7965964343533501,0,0.9266304347574285,-0.7625131256118005,0
2025-09-15,Munchkins,210.0,Regular Day,20.5,0.0,12.45,0.13333333333333286,9.399999999999999,20.0,18.1,0.0,-0.09999999999999787,11.886111111111111,91.0,2.0,0.0,0.1,255.225,2,15,258,0,0,38,9,2025,0,3,0.9749279121818236,-0.22252093395631434,-0.587785252292473,-0.8090169943749476,132.0,569.0,408.0,378.0,321.0,364.14,440.64,463.9,173.45,132.0,691.0,337.7,371.75,180.5,0.8918575063499764,0,0.4112149532582176,-1.913519746214268,0
2025-09-15,Donuts,193.0,Regular Day,20.5,0.0,12.45,0.13333333333333286,9.399999999999999,20.0,18.1,0.0,-0.09999999999999787,11.886111111111111,91.0,2.0,0.0,0.1,255.225,2,15,258,0,0,38,9,2025,0,3,0.9749279121818236,-0.22252093395631434,-0.587785252292473,-0.8090169943749476,182.0,253.0,241.0,200.0,418.0,268.57,287.64,282.29,77.52,182.0,391.0,269.83,219.0,33.51616525399845,0.986394557800762,0,0.43540669855417685,-1.2937306499879093,0
2025-09-16,Munchkins,384.0,Regular Day,20.0,0.0,12.4,-0.5999999999999979,4.400000000000002,19.1,25.5,0.0,-2.1999999999999993,3.226111111111111,100.0,1.1000000000000014,0.0,3.8,248.0,3,16,259,0,0,38,9,2025,0,3,0.43388373911755823,-0.900968867902419,-0.587785252292473,-0.8090169943749476,307.0,393.0,268.0,308.0,705.0,351.71,430.64,458.43,175.56,132.0,691.0,325.52,319.0,52.73202695389839,1.2152777777566792,0,0.43546099290162466,-0.8625541125049809,0
2025-09-16,Donuts,257.0,Regular Day,20.0,0.0,12.4,-0.5999999999999979,4.400000000000002,19.1,25.5,0.0,-2.1999999999999993,3.226111111111111,100.0,1.1000000000000014,0.0,3.8,248.0,3,16,259,0,0,38,9,2025,0,3,0.43388373911755823,-0.900968867902419,-0.587785252292473,-0.8090169943749476,269.0,260.0,254.0,214.0,282.0,273.86,286.57,283.14,74.04,182.0,391.0,264.13,249.25,24.295061226512683,1.1303418803177276,0,0.9539007091860319,-0.19097784978511895,0
2025-09-17,Munchkins,290.0,Regular Day,19.1,0.0,12.35,-0.13333333333333286,2.8000000000000007,19.3,22.6,0.0,0.6999999999999993,0.0,100.0,1.3000000000000007,0.0,7.1,235.88500000000002,4,17,260,0,0,38,9,2025,0,3,-0.433883739117558,-0.9009688679024191,-0.587785252292473,-0.8090169943749476,263.0,286.0,475.0,427.0,428.0,339.0,422.07,444.67,171.36,132.0,691.0,331.64,362.75,104.19332992087354,0.608647450104117,0,0.6144859812940541,-1.0601657328979828,0
2025-09-17,Donuts,195.0,Regular Day,19.1,0.0,12.35,-0.13333333333333286,2.8000000000000007,19.3,22.6,0.0,0.6999999999999993,0.0,100.0,1.3000000000000007,0.0,7.1,235.88500000000002,4,17,260,0,0,38,9,2025,0,3,-0.433883739117558,-0.9009688679024191,-0.587785252292473,-0.8090169943749476,254.0,265.0,248.0,280.0,251.0,274.86,279.86,278.67,73.22,182.0,391.0,254.59,261.75,14.056433876817168,0.9829545454359289,0,1.011952191194743,-0.3369298005549129,0
2025-09-18,Donuts,285.0,Regular Day,19.3,0.0,12.316666666666666,0.23333333333333428,8.0,21.0,12.8,0.0,1.1000000000000014,8.996944444444445,77.0,3.0,0.0,1.1,237.71166666666667,5,18,261,0,0,38,9,2025,0,3,-0.9749279121818236,-0.2225209339563146,-0.587785252292473,-0.8090169943749476,247.0,210.0,262.0,229.0,315.0,283.57,283.21,283.62,86.73,182.0,416.0,294.95,237.0,22.494443758403985,0.9307535641358299,0,0.7841269841020911,-0.42222990886403444,0
2025-09-18,Munchkins,323.0,Regular Day,19.3,0.0,12.316666666666666,0.23333333333333428,8.0,21.0,12.8,0.0,1.1000000000000014,8.996944444444445,77.0,3.0,0.0,1.1,237.71166666666667,5,18,261,0,0,38,9,2025,0,3,-0.9749279121818236,-0.2225209339563146,-0.587785252292473,-0.8090169943749476,289.0,376.0,429.0,404.0,440.0,354.71,419.93,446.76,209.76,132.0,801.0,448.98,374.5,60.97267147392073,0.7983193277215087,0,0.6568181818032541,-0.7520976353569747,0
2025-09-19,Munchkins,776.0,Regular Day,21.0,0.0,12.266666666666667,1.2666666666666657,12.100000000000001,22.5,11.5,0.0,2.0,11.928611111111111,4.0,4.5,0.0,0.0,257.6,6,19,262,0,0,38,9,2025,0,3,-0.7818314824680299,0.6234898018587334,-0.587785252292473,-0.8090169943749476,350.0,439.0,470.0,639.0,511.0,407.43,424.79,450.95,248.52,132.0,801.0,514.24,474.5,120.88699957673971,0.7114517583344324,0,0.6849315068359113,-0.406204731997175,0
2025-09-19,Donuts,268.0,Regular Day,21.0,0.0,12.266666666666667,1.2666666666666657,12.100000000000001,22.5,11.5,0.0,2.0,11.928611111111111,4.0,4.5,0.0,0.0,257.6,6,19,262,0,0,38,9,2025,0,3,-0.7818314824680299,0.6234898018587334,-0.587785252292473,-0.8090169943749476,226.0,219.0,320.0,320.0,375.0,285.71,282.36,288.81,89.95,182.0,416.0,322.71,271.25,56.36414344835435,0.6953124999891357,0,0.6026666666505955,-0.6982768203781794,0
2025-09-20,Donuts,453.0,Regular Day,22.5,0.0,12.233333333333333,0.1999999999999993,7.399999999999999,20.5,17.0,0.0,1.1000000000000014,11.901388888888889,10.0,2.5,0.0,0.0,275.25,7,20,263,0,0,38,9,2025,1,3,-2.4492935982947064e-16,1.0,-0.587785252292473,-0.8090169943749476,416.0,355.0,369.0,312.0,0.0,287.29,278.07,286.52,87.91,193.0,416.0,290.28,363.0,42.856349199000455,1.132158590291745,0,41600000000.0,1.4728699804944982,0
2025-09-20,Munchkins,741.0,Regular Day,22.5,0.0,12.233333333333333,0.1999999999999993,7.399999999999999,20.5,17.0,0.0,1.1000000000000014,11.901388888888889,10.0,2.5,0.0,0.0,275.25,7,20,263,0,0,38,9,2025,1,3,-2.4492935982947064e-16,1.0,-0.587785252292473,-0.8090169943749476,801.0,691.0,831.0,757.0,0.0,418.57,399.14,441.52,235.52,210.0,801.0,438.18,770.0,60.80570148705904,0.9395465994903052,0,80100000000.0,1.526324728196063,0
2025-09-21,Munchkins,607.0,Regular Day,20.5,0.10000000000000142,12.2,-1.4666666666666686,5.999999999999998,17.9,12.9,0.0,-0.3999999999999986,10.681111111111111,73.0,0.0,0.0,0.0,250.1,1,21,264,0,0,38,9,2025,1,3,0.7818314824680298,0.6234898018587336,-0.587785252292473,-0.8090169943749476,710.0,341.0,642.0,622.0,221.0,429.57,398.5,447.05,231.2,210.0,801.0,424.63,578.75,162.9138320299006,0.8314873417655737,0,3.2126696831125487,1.1373269895701847,0
2025-09-21,Donuts,440.0,Regular Day,20.5,0.10000000000000142,12.2,-1.4666666666666686,5.999999999999998,17.9,12.9,0.0,-0.3999999999999986,10.681111111111111,73.0,0.0,0.0,0.0,250.1,1,21,264,0,0,38,9,2025,1,3,0.7818314824680298,0.6234898018587336,-0.587785252292473,-0.8090169943749476,406.0,391.0,418.0,297.0,183.0,285.57,277.86,286.67,88.44,193.0,416.0,281.96,378.0,55.11805511808268,1.1146853146697246,0,2.2185792348514437,1.3492763453924381,0
2025-09-22,Munchkins,322.0,Regular Day,17.9,1.0,12.15,-1.2666666666666657,12.8,17.0,11.9,0.0,1.8000000000000007,11.6125,34.0,0.0,0.0,0.0,217.48499999999999,2,22,265,0,0,39,9,2025,0,4,0.9749279121818236,-0.22252093395631434,-0.9510565162951536,0.30901699437494723,210.0,132.0,569.0,408.0,242.0,433.43,398.79,438.24,228.17,210.0,801.0,390.97,329.75,197.32270523181057,0.3500511770690885,0,0.8677685950054641,-1.0003067887539858,0
2025-09-22,Donuts,223.0,Regular Day,17.9,1.0,12.15,-1.2666666666666657,12.8,17.0,11.9,0.0,1.8000000000000007,11.6125,34.0,0.0,0.0,0.0,217.48499999999999,2,22,265,0,0,39,9,2025,0,4,0.9749279121818236,-0.22252093395631434,-0.9510565162951536,0.30901699437494723,193.0,182.0,253.0,241.0,250.0,277.14,272.86,284.14,94.55,193.0,416.0,260.22,217.25,34.98928407384181,0.7591093117255241,0,0.7719999999691199,-0.9639344261275584,0
2025-09-23,Donuts,230.0,Regular Day,17.0,0.0,12.1,2.0000000000000036,10.700000000000003,21.3,13.4,0.0,1.8999999999999986,11.172777777777778,71.0,3.3000000000000007,0.0,0.0,205.7,3,23,266,0,0,39,9,2025,0,4,0.43388373911755823,-0.900968867902419,-0.9510565162951536,0.30901699437494723,257.0,269.0,260.0,254.0,273.0,282.57,278.21,285.24,93.62,193.0,416.0,266.42,260.0,6.48074069840786,1.023346303482036,0,0.9413919413574582,-0.3016449476285362,0
2025-09-23,Munchkins,210.0,Regular Day,17.0,0.0,12.1,2.0000000000000036,10.700000000000003,21.3,13.4,0.0,1.8999999999999986,11.172777777777778,71.0,3.3000000000000007,0.0,0.0,205.7,3,23,266,0,0,39,9,2025,0,4,0.43388373911755823,-0.900968867902419,-0.9510565162951536,0.30901699437494723,384.0,307.0,393.0,268.0,459.0,438.29,395.0,433.19,224.92,210.0,801.0,373.98,338.0,60.55851165057917,1.0453857791067265,0,0.8366013071713159,-0.21869998220617554,0
2025-09-24,Munchkins,258.0,Regular Day,21.3,0.0,12.066666666666666,2.1333333333333364,8.400000000000002,22.0,13.0,0.0,3.6999999999999993,4.469166666666666,76.0,4.0,0.0,4.6,257.02,4,24,267,0,0,39,9,2025,0,4,-0.433883739117558,-0.9009688679024191,-0.9510565162951536,0.30901699437494723,290.0,263.0,286.0,475.0,573.0,499.14,419.07,447.76,252.94,210.0,801.0,474.49,328.5,98.3886849862998,0.7266754270600962,0,0.5061082024344483,-0.6237052265112791,0
2025-09-24,Donuts,239.0,Regular Day,21.3,0.0,12.066666666666666,2.1333333333333364,8.400000000000002,22.0,13.0,0.0,3.6999999999999993,4.469166666666666,76.0,4.0,0.0,4.6,257.02,4,24,267,0,0,39,9,2025,0,4,-0.433883739117558,-0.9009688679024191,-0.9510565162951536,0.30901699437494723,195.0,254.0,265.0,248.0,211.0,288.57,281.71,282.76,90.69,193.0,416.0,266.81,240.5,31.139471200819493,0.8752436647002876,0,0.9241706160699444,-0.9676921379460037,0
2025-09-25,Munchkins,237.0,Regular Day,22.0,0.0,12.016666666666667,3.166666666666668,5.400000000000002,23.1,18.5,0.0,3.299999999999997,5.779166666666667,98.0,5.100000000000001,0.0,23.7,264.3666666666667,5,25,268,0,0,39,9,2025,0,4,-0.9749279121818236,-0.2225209339563146,-0.9510565162951536,0.30901699437494723,323.0,289.0,376.0,429.0,669.0,490.57,422.64,443.48,241.77,210.0,776.0,541.11,354.25,61.358916765753506,0.7602484471955249,0,0.4828101644172973,-0.4983248541796615,0
2025-09-25,Donuts,226.0,Regular Day,22.0,0.0,12.016666666666667,3.166666666666668,5.400000000000002,23.1,18.5,0.0,3.299999999999997,5.779166666666667,98.0,5.100000000000001,0.0,23.7,264.3666666666667,5,25,268,0,0,39,9,2025,0,4,-0.9749279121818236,-0.2225209339563146,-0.9510565162951536,0.30901699437494723,285.0,247.0,210.0,262.0,319.0,293.86,288.71,286.76,99.96,193.0,453.0,313.36,251.0,31.485446373417247,1.127118644043917,0,0.8934169278716797,-0.01760704281536535,0
2025-09-26,Munchkins,501.0,Regular Day,23.1,0.0,11.983333333333333,3.1666666666666643,8.0,22.8,15.9,0.0,2.3000000000000007,9.740555555555556,62.0,4.800000000000001,0.0,11.2,276.815,6,26,269,0,0,39,9,2025,0,4,-0.7818314824680299,0.6234898018587334,-0.9510565162951536,0.30901699437494723,776.0,350.0,439.0,470.0,799.0,475.86,441.64,441.81,228.99,210.0,776.0,557.59,508.75,185.2842410999921,1.2387238723736114,0,0.971214017509747,1.4594087077401017,0
2025-09-26,Donuts,309.0,Regular Day,23.1,0.0,11.983333333333333,3.1666666666666643,8.0,22.8,15.9,0.0,2.3000000000000007,9.740555555555556,62.0,4.800000000000001,0.0,11.2,276.815,6,26,269,0,0,39,9,2025,0,4,-0.7818314824680299,0.6234898018587334,-0.9510565162951536,0.30901699437494723,268.0,226.0,219.0,320.0,334.0,298.71,292.21,287.81,106.9,193.0,453.0,345.02,258.25,46.50716790632028,0.9165120593521983,0,0.8023952095568145,-0.18531337697050393,0
2025-09-27,Munchkins,446.0,Regular Day,22.8,0.0,11.933333333333334,1.5,8.7,21.4,10.1,0.0,1.1999999999999993,6.089166666666666,97.0,3.3999999999999986,0.0,0.7,272.08000000000004,7,27,270,0,0,39,9,2025,1,4,-2.4492935982947064e-16,1.0,-0.9510565162951536,0.30901699437494723,741.0,801.0,691.0,831.0,558.0,491.86,455.21,430.05,210.48,290.0,776.0,498.69,766.0,62.44997998398398,1.0131406044611488,0,1.3279569892235132,1.4773375141829468,0
2025-09-27,Donuts,402.0,Regular Day,22.8,0.0,11.933333333333334,1.5,8.7,21.4,10.1,0.0,1.1999999999999993,6.089166666666666,97.0,3.3999999999999986,0.0,0.7,272.08000000000004,7,27,270,0,0,39,9,2025,1,4,-2.4492935982947064e-16,1.0,-0.9510565162951536,0.30901699437494723,453.0,416.0,355.0,369.0,388.0,303.0,295.14,286.38,102.47,195.0,453.0,314.51,398.25,44.86553985707368,1.2002762430773442,0,1.1675257731657853,1.6260368886868317,0
2025-09-28,Munchkins,616.0,Regular Day,21.4,0.0,11.883333333333333,1.7333333333333343,8.8,21.6,11.4,0.0,1.8000000000000007,11.321388888888889,78.0,3.6000000000000014,1.0,41.4,254.3033333333333,1,28,271,0,0,39,9,2025,1,4,0.7818314824680298,0.6234898018587336,-0.9510565162951536,0.30901699437494723,607.0,710.0,341.0,642.0,452.0,467.0,448.29,421.33,234.27,210.0,776.0,426.52,575.0,161.75495870812327,1.3397761953068181,0,1.3429203539525902,0.7925470610495349,0
2025-09-28,Donuts,354.0,Regular Day,21.4,0.0,11.883333333333333,1.7333333333333343,8.8,21.6,11.4,0.0,1.8000000000000007,11.321388888888889,78.0,3.6000000000000014,1.0,41.4,254.3033333333333,1,28,271,0,0,39,9,2025,1,4,0.7818314824680298,0.6234898018587336,-0.9510565162951536,0.30901699437494723,440.0,406.0,391.0,418.0,242.0,299.14,292.36,284.95,104.97,195.0,453.0,293.39,413.75,20.694202086574876,1.0457354758832418,0,1.8181818181066867,1.4770886918665251,0
2025-09-29,Donuts,294.0,Regular Day,21.6,0.0,11.85,0.7666666666666693,8.0,21.3,10.5,0.0,1.9000000000000021,7.866944444444444,96.0,3.3000000000000007,0.0,0.0,255.96,2,29,272,0,0,40,9,2025,0,5,0.9749279121818236,-0.22252093395631434,-2.4492935982947064e-16,1.0,223.0,193.0,182.0,253.0,239.0,305.43,291.29,283.71,98.83,223.0,453.0,279.79,212.75,31.941352507368876,0.9563218390584753,0,0.9330543932663994,-0.6142871597071448,0
2025-09-29,Munchkins,305.0,Regular Day,21.6,0.0,11.85,0.7666666666666693,8.0,21.3,10.5,0.0,1.9000000000000021,7.866944444444444,96.0,3.3000000000000007,0.0,0.0,255.96,2,29,272,0,0,40,9,2025,0,5,0.9749279121818236,-0.22252093395631434,-2.4492935982947064e-16,1.0,322.0,210.0,132.0,569.0,483.0,462.43,447.93,420.0,238.57,210.0,776.0,384.39,308.25,190.52274579867534,0.7589158345112851,0,0.666666666652864,-0.4107809028624395,0
2025-09-30,Donuts,226.0,Regular Day,21.3,0.0,11.8,0.8999999999999986,8.099999999999998,20.2,13.6,0.0,-0.7999999999999972,3.6061111111111113,100.0,2.1999999999999993,0.0,0.0,251.34000000000003,3,30,273,0,1,40,9,2025,0,5,0.43388373911755823,-0.900968867902419,-2.4492935982947064e-16,1.0,230.0,257.0,269.0,260.0,321.0,297.0,289.79,284.48,103.28,223.0,453.0,266.34,254.0,16.792855623746664,0.9206049149164347,0,0.7165109034044701,-0.5274980634655794,0
2025-09-30,Munchkins,283.0,Regular Day,21.3,0.0,11.8,0.8999999999999986,8.099999999999998,20.2,13.6,0.0,-0.7999999999999972,3.6061111111111113,100.0,2.1999999999999993,0.0,0.0,251.34000000000003,3,30,273,0,1,40,9,2025,0,5,0.43388373911755823,-0.900968867902419,-2.4492935982947064e-16,1.0,210.0,384.0,307.0,393.0,383.0,450.14,444.21,413.38,248.94,210.0,776.0,347.54,323.5,84.94115610232768,0.8485714285593061,0,0.5483028720483472,-0.8169840121789594,0
2025-10-01,Munchkins,324.0,Regular Day,20.2,0.0,11.766666666666667,-0.5999999999999979,6.300000000000001,18.1,17.1,0.0,-1.8999999999999986,11.605277777777777,30.0,0.10000000000000142,0.0,0.0,237.68666666666667,4,1,274,1,0,40,10,2025,0,1,-0.433883739117558,-0.9009688679024191,0.9510565162951535,0.30901699437494745,258.0,290.0,263.0,286.0,461.0,410.86,455.0,416.33,207.13,210.0,741.0,385.91,274.25,16.09088769044973,0.998178506357046,0,0.5596529284043459,-0.7643991695667262,0
2025-10-01,Donuts,318.0,Regular Day,20.2,0.0,11.766666666666667,-0.5999999999999979,6.300000000000001,18.1,17.1,0.0,-1.8999999999999986,11.605277777777777,30.0,0.10000000000000142,0.0,0.0,237.68666666666667,4,1,274,1,0,40,10,2025,0,1,-0.433883739117558,-0.9009688679024191,0.9510565162951535,0.30901699437494745,239.0,195.0,254.0,265.0,322.0,302.86,295.71,288.76,102.52,223.0,453.0,277.01,238.25,30.73949685122817,0.8362235067276257,0,0.7422360248216696,-0.4853687084973304,0
2025-10-02,Donuts,271.0,Regular Day,18.1,3.5,11.716666666666667,-3.2666666666666657,9.6,14.5,13.7,0.0,-1.8000000000000007,11.202777777777778,34.0,0.0,0.0,0.0,212.0716666666667,5,2,275,0,0,40,10,2025,0,1,-0.9749279121818236,-0.2225209339563146,0.9510565162951535,0.30901699437494745,226.0,285.0,247.0,210.0,432.0,295.57,294.71,291.0,91.26,223.0,440.0,308.25,242.0,32.424270744819125,1.118161925577283,0,0.5231481481360383,-0.7122507121726659,0
2025-10-02,Munchkins,402.0,Regular Day,18.1,3.5,11.716666666666667,-3.2666666666666657,9.6,14.5,13.7,0.0,-1.8000000000000007,11.202777777777778,34.0,0.0,0.0,0.0,212.0716666666667,5,2,275,0,0,40,10,2025,0,1,-0.9749279121818236,-0.2225209339563146,0.9510565162951535,0.30901699437494745,237.0,323.0,289.0,376.0,923.0,368.71,429.64,404.67,151.23,210.0,607.0,400.93,306.25,58.42017345632129,0.8421052631452315,0,0.2567713976136861,-1.1087085894922497,0
2025-10-03,Donuts,245.0,Regular Day,14.5,4.199999999999999,11.666666666666666,-3.2666666666666657,14.0,13.8,9.9,0.0,-0.8000000000000007,11.367222222222223,70.0,0.0,0.0,0.0,169.16666666666666,6,3,276,0,0,40,10,2025,0,1,-0.7818314824680299,0.6234898018587334,0.9510565162951535,0.30901699437494745,309.0,268.0,226.0,219.0,401.0,283.29,291.0,289.24,72.42,223.0,402.0,319.69,255.5,41.71730256540244,1.2966292134540083,0,0.7705735660655717,0.27285280305539167,0
2025-10-03,Munchkins,502.0,Regular Day,14.5,4.199999999999999,11.666666666666666,-3.2666666666666657,14.0,13.8,9.9,0.0,-0.8000000000000007,11.367222222222223,70.0,0.0,0.0,0.0,169.16666666666666,6,3,276,0,0,40,10,2025,0,1,-0.7818314824680299,0.6234898018587334,0.9510565162951535,0.30901699437494745,501.0,776.0,350.0,439.0,531.0,370.0,422.93,417.76,153.62,210.0,616.0,454.7,516.5,183.765248800383,1.618504435974417,0,0.9435028248409887,0.5418565290625013,0
2025-10-04,Donuts,408.0,Regular Day,13.8,1.1000000000000014,11.633333333333333,-1.0999999999999979,14.100000000000001,16.9,11.2,0.0,0.5,11.28138888888889,5.0,0.0,0.0,0.0,160.54,7,4,277,0,0,40,10,2025,1,1,-2.4492935982947064e-16,1.0,0.9510565162951535,0.30901699437494745,402.0,453.0,416.0,355.0,320.0,293.43,298.21,294.57,67.37,226.0,402.0,313.27,406.5,40.51748593714406,1.1089494163280291,0,1.2562499999607422,1.594626688200293,0
2025-10-04,Munchkins,691.0,Regular Day,13.8,1.1000000000000014,11.633333333333333,-1.0999999999999979,14.100000000000001,16.9,11.2,0.0,0.5,11.28138888888889,5.0,0.0,0.0,0.0,160.54,7,4,277,0,0,40,10,2025,1,1,-2.4492935982947064e-16,1.0,0.9510565162951535,0.30901699437494745,446.0,741.0,801.0,691.0,574.0,367.57,429.71,426.0,154.63,210.0,616.0,417.27,669.75,155.79767863054528,0.7955764075013702,0,0.7770034843070208,0.1293410075580844,0
2025-10-05,Donuts,323.0,Regular Day,16.9,0.0,11.583333333333334,0.7333333333333343,14.2,19.1,10.8,0.0,1.1999999999999993,11.195555555555556,0.0,1.1000000000000014,0.0,0.0,195.75833333333333,1,5,278,0,0,40,10,2025,1,1,0.7818314824680298,0.6234898018587336,0.9510565162951535,0.30901699437494745,354.0,440.0,406.0,391.0,208.0,292.86,296.0,292.52,68.01,226.0,402.0,291.45,397.75,35.64991818597438,0.9962358845546269,0,1.7019230768412537,0.903984707998238,0
2025-10-05,Munchkins,616.0,Regular Day,16.9,0.0,11.583333333333334,0.7333333333333343,14.2,19.1,10.8,0.0,1.1999999999999993,11.195555555555556,0.0,1.1000000000000014,0.0,0.0,195.75833333333333,1,5,278,0,0,40,10,2025,1,1,0.7818314824680298,0.6234898018587336,0.9510565162951535,0.30901699437494745,616.0,607.0,710.0,341.0,311.0,378.0,422.5,424.86,144.36,237.0,616.0,383.7,568.5,158.65791292379126,1.163653663166854,0,1.9807073954347039,1.324050983560262,0
2025-10-06,Munchkins,344.0,Regular Day,19.1,0.0,11.55,-1.0000000000000036,12.400000000000002,18.7,13.3,0.0,1.7999999999999972,10.980277777777777,12.0,0.6999999999999993,0.0,0.0,220.60500000000002,2,6,279,0,0,41,10,2025,0,1,0.9749279121818236,-0.22252093395631434,0.9510565162951535,0.30901699437494745,305.0,322.0,210.0,132.0,409.0,387.43,424.93,427.76,137.19,237.0,616.0,368.78,242.25,88.49246672269153,1.833333333279727,0,0.7457212713754102,-0.8948174064512852,0
2025-10-06,Donuts,183.0,Regular Day,19.1,0.0,11.55,-1.0000000000000036,12.400000000000002,18.7,13.3,0.0,1.7999999999999972,10.980277777777777,12.0,0.6999999999999993,0.0,0.0,220.60500000000002,2,6,279,0,0,41,10,2025,0,1,0.9749279121818236,-0.22252093395631434,0.9510565162951535,0.30901699437494745,294.0,223.0,193.0,182.0,136.0,304.14,304.79,295.57,64.02,226.0,402.0,298.09,223.0,50.40502620440412,1.3786666666299021,0,2.1617647057233995,-0.024523586375425767,0
2025-10-07,Munchkins,265.0,Regular Day,18.7,0.0,11.5,1.0999999999999979,10.1,19.9,17.8,0.0,-0.10000000000000142,10.939166666666667,32.0,1.8999999999999986,0.0,0.0,215.04999999999998,3,7,280,0,0,41,10,2025,0,1,0.43388373911755823,-0.900968867902419,0.9510565162951535,0.30901699437494745,283.0,210.0,384.0,307.0,373.0,411.0,430.57,433.14,120.15,283.0,616.0,377.08,296.0,71.71703656268386,0.7134587554165925,0,0.7587131367088816,-1.249604660736612,0
2025-10-07,Donuts,244.0,Regular Day,18.7,0.0,11.5,1.0999999999999979,10.1,19.9,17.8,0.0,-0.10000000000000142,10.939166666666667,32.0,1.8999999999999986,0.0,0.0,215.04999999999998,3,7,280,0,0,41,10,2025,0,1,0.43388373911755823,-0.900968867902419,0.9510565162951535,0.30901699437494745,226.0,230.0,257.0,269.0,244.0,310.57,303.79,296.71,56.71,226.0,402.0,291.32,245.5,20.85665361461421,0.8669201520747734,0,0.926229508158761,-1.2468700403373527,0
2025-10-08,Munchkins,334.0,Regular Day,19.9,0.0,11.45,2.5333333333333314,3.1000000000000014,20.2,19.9,0.0,1.2999999999999972,4.790277777777778,80.0,2.1999999999999993,0.0,9.3,227.85499999999996,4,8,281,0,0,41,10,2025,0,2,-0.433883739117558,-0.9009688679024191,0.5877852522924732,-0.8090169943749473,324.0,258.0,290.0,263.0,268.0,411.14,411.0,440.38,120.28,283.0,616.0,408.31,283.75,30.291638010073562,1.052441229637388,0,1.2089552238354868,-0.9675756567203545,0
2025-10-08,Donuts,255.0,Regular Day,19.9,0.0,11.45,2.5333333333333314,3.1000000000000014,20.2,19.9,0.0,1.2999999999999972,4.790277777777778,80.0,2.1999999999999993,0.0,9.3,227.85499999999996,4,8,281,0,0,41,10,2025,0,2,-0.433883739117558,-0.9009688679024191,0.5877852522924732,-0.8090169943749473,318.0,239.0,195.0,254.0,257.0,301.43,302.14,297.62,61.92,226.0,402.0,279.74,251.5,50.9149617826954,1.2405345211305003,0,1.2373540855549667,0.3291343668719097,0
